exploitation,exploration
0.7285187840461731,0.1952078491449356
0.7285187840461731,0.1952078491449356
0.7199311852455139,0.2158801108598709
0.7199311852455139,0.2158801108598709
0.6966855525970459,0.21989434957504272
0.679823100566864,0.22497335076332092
0.6688930988311768,0.24629829823970795
0.6125171780586243,0.2994057238101959
0.11597386747598648,0.30186375975608826
0.11597386747598648,0.30186375975608826
0.11597386747598648,0.30186375975608826
