-0.012972545287403109
-0.04448353458554065
-0.07599450044298253
-0.10750543911038207
-0.13901634683828704
-0.17052719420538578
-0.20203797262344345
-0.23354868894745826
-0.26505932341757305
-0.29656983196605946
-0.3280802472649446
-0.3595905655637985
-0.3911007032721984
-0.4226107079215279
-0.4541205844130072
-0.4856302726678493
-0.517139757038893
-0.5486490820921172
-0.5801582262684792
-0.6116670807271474
-0.643175744705408
-0.6746842144494715
-0.7061923650822368
-0.7377002583419046
-0.7692079262002628
-0.800715296183559
-0.8322223090729566
-0.863729065390184
-0.8952355600913884
-0.9267415829497447
-0.9582473180608518
-0.9897527616653147
-1.0212577660007192
-1.0527623702300408
-1.084266651770859
-1.1157705442291757
-1.147273907889258
-1.1787769176736254
-1.210279569817569
-1.2417816170012301
-1.2732832453230183
-1.3047844848088181
-1.3362851834973761
-1.3677853206360453
-1.399285037736664
-1.4307842932753918
-1.462282829494879
-1.4937809144672916
-1.5252785444184773
-1.5567754577442652
-1.5882718008283758
-1.6197676576716329
-1.6512628911890972
-1.6827573826066495
-1.7142513565556172
-1.7457448092537904
-1.777237345545366
-1.8087293267939448
-1.8402207555518044
-1.8717113753417922
-1.9032012540630903
-1.9346905490445108
-1.966179157644773
-1.997666823989968
-2.029153875336421
-2.060640307888637
-2.0921257221493716
-2.1236104199788417
-2.155094467740758
-2.1865776340615577
-2.2180598684674995
-2.2495414215217253
-2.281022245189731
-2.312501906239896
-2.3439808546428935
-2.375459086587689
-2.406936218672896
-2.4384124524538864
-2.4698879384644954
-2.501362491080177
-2.532835900240078
-2.5643085303049733
-2.5957803774514985
-2.6272508832200394
-2.658720547297818
-2.6901893971142417
-2.721657086543085
-2.7531236745613406
-2.78458941696173
-2.816054195286767
-2.8475175971410356
-2.878980122006881
-2.9104417660415516
-2.9419020000069795
-2.9733611971861245
-3.0048194821429037
-3.0362765680513526
-3.067732327356887
-3.0991871430337383
-3.1306409860859756
-3.16209319729519
-3.1935444334537513
-3.224994690697264
-3.2564434916930125
-3.287891038057507
-3.3193375740620783
-3.3507828951558283
-3.3822266414119833
-3.4136693458466025
-3.445111004578674
-3.476550927994088
-3.5079896904876273
-3.539427375792469
-3.570863582188095
-3.602298292328284
-3.6337318937757366
-3.6651642882831603
-3.696594835615458
-3.7280242427326398
-3.7594525057281905
-3.7908790044973557
-3.822304106767502
-3.853728033366813
-3.88515048302091
-3.9165711698823316
-3.947990649504226
-3.9794089179607637
-4.010825115974292
-4.042240037991105
-4.073653717245458
-4.105065628833223
-4.136475882569664
-4.167884861925895
-4.199292392139076
-4.230697866871146
-4.262102035584162
-4.293504894322925
-4.32490567441332
-4.356304921687749
-4.387702827318389
-4.419098988597967
-4.450493203587062
-4.481886045240575
-4.513277492708382
-4.5446665645129025
-4.5760542312673484
-4.607440488984877
-4.63882468757397
-4.670207068453365
-4.701588008548369
-4.732967255754306
-4.764344239727499
-4.795719751144958
-4.827093785996149
-4.858465427890394
-4.889835399518577
-4.921203862774607
-4.952570315611912
-4.983934636281281
-5.015297416747585
-5.046658585428697
-5.078017143910751
-5.109374130333326
-5.140729540650373
-5.172082604747695
-5.203433685812101
-5.234783158877728
-5.266130700993434
-5.2974757653235836
-5.328819189735072
-5.360160970155365
-5.391500050864435
-5.422837315155874
-5.4541729034978
-5.485506224285728
-5.5168372169269615
-5.548166501632554
-5.579493967290426
-5.610818576685882
-5.642141446131312
-5.673462571514761
-5.704781075918468
-5.736097418412912
-5.767411984790271
-5.798724395956323
-5.830034099740923
-5.861341995323892
-5.8926480785640765
-5.923951171220934
-5.95525228415159
-5.98655155261253
-6.017848313798142
-6.049142532147759
-6.080434873870223
-6.111725208254835
-6.1430124200228375
-6.174297722975188
-6.205581112927404
-6.236861628320595
-6.268139780397778
-6.2994159872416375
-6.330689837415715
-6.361960726438101
-6.393229637961831
-6.424496567770479
-6.4557602412235715
-6.4870217451391925
-6.51828123502804
-6.549538004706246
-6.580791988648537
-6.61204392621905
-6.643293696660395
-6.674540048185745
-6.705784320960542
-6.737026510721109
-6.76826560326529
-6.7995020986870145
-6.83073647866706
-6.861968333217591
-6.893196938647799
-6.9244233961739425
-6.955647701497663
-6.986868519904623
-7.018086942220822
-7.049303179821925
-7.080516521328998
-7.111726795595429
-7.1429348525979846
-7.174140621599746
-7.20534263489168
-7.236542398334389
-7.267739907578318
-7.2989341385070965
-7.3301254953421795
-7.361314565340538
-7.392500984640304
-7.42368382173237
-7.454864339312003
-7.486042532992142
-7.517217055413348
-7.548388907311952
-7.579558402581158
-7.610724874088429
-7.641887946953377
-7.673048630420109
-7.7042069200628465
-7.735361135640485
-7.766512893821269
-7.7976622253534105
-7.828808150566123
-7.859950869884506
-7.891091129689492
-7.92222866870923
-7.953362235494609
-7.984493309861287
-8.015621887326697
-8.046746667318889
-8.077868442440327
-8.108987687697034
-8.140103841804502
-8.17121620377696
-8.202326002879477
-8.233433234587997
-8.264536269997683
-8.29563650890206
-8.326734147347395
-8.357828317002685
-8.388918881565372
-8.420006812561116
-8.451092020463259
-8.482172796440047
-8.513250905698591
-8.544326343654076
-8.575397928864096
-8.606466101995533
-8.637531570610431
-8.668593953940409
-8.699652076451372
-8.73070746118781
-8.761760103520627
-8.792808503826773
-8.823853690041815
-8.854896100531375
-8.885935058640985
-8.916969931585543
-8.948001995437068
-8.97903124552104
-9.010055859987029
-9.041077462297956
-9.072096217408266
-9.1031111491667
-9.134122174925535
-9.165130320003804
-9.196135472794724
-9.227135806879955
-9.25813322675733
-9.2891277276859
-9.320118031467487
-9.351104610863466
-9.382088237715475
-9.413068521737973
-9.444044145259259
-9.475016782592867
-9.505986428949555
-9.536951502621568
-9.567913034880576
-9.598871542449452
-9.629826355364504
-9.660776666877169
-9.691723919936763
-9.722668109704523
-9.753607350614825
-9.784543233326533
-9.81547601891232
-9.846404757856694
-9.877329154263661
-9.908250419659689
-9.939168549155337
-9.970081354120252
-10.000990983198857
-10.031897442419204
-10.062799503993128
-10.0936973805056
-10.124592053149874
-10.155483274701204
-10.186369282276708
-10.217252051921477
-10.248131578672261
-10.279006358927296
-10.309877109025358
-10.34074458209166
-10.371608280588328
-10.402466894467523
-10.433322197123452
-10.464174183539344
-10.495021077966078
-10.525864093359163
-10.55670375824375
-10.58753932894856
-10.61836994009867
-10.649197166416887
-10.680021002831758
-10.710839406347612
-10.74165407693506
-10.772465323217144
-10.803272160814794
-10.83407415837658
-10.864872697174853
-10.895667772082238
-10.926457079019233
-10.957242792850582
-10.988025008252604
-11.018802506837535
-11.049575278085653
-11.080344516308658
-11.111110109500371
-11.141869820414488
-11.172625963649892
-11.203378533997933
-11.234126087062013
-11.264869017365259
-11.295608340044847
-11.326343744941012
-11.357073344230363
-11.387799301100731
-11.418521610284603
-11.449238610704937
-11.479951083486508
-11.510659873701911
-11.541364482930279
-11.572063353203538
-11.60275850597071
-11.633449935904263
-11.664135775930928
-11.694817172628516
-11.725494811466454
-11.756168017022906
-11.7868355388868
-11.817499267803624
-11.848159198384618
-11.878813269628493
-11.90946296965428
-11.940108836168983
-11.97075002940528
-12.001385581424561
-12.032017264694888
-12.062645073765095
-12.093266767185622
-12.123884147886283
-12.154497619059427
-12.185106190671013
-12.215709149328367
-12.246308163066958
-12.276903226371973
-12.307491932264941
-12.33807636888152
-12.368656819582057
-12.3992321595958
-12.429801899251723
-12.460367617444101
-12.490929308593195
-12.521484416578467
-12.552035282206162
-12.582582085150142
-12.613123582912186
-12.643659475764727
-12.674191270226844
-12.70471896065268
-12.735239859662045
-12.76575652520992
-12.796269050920133
-12.82677609508357
-12.857277511128013
-12.887774751465962
-12.918267810384254
-12.948753888649168
-12.979235722799732
-13.009713339565367
-13.04018531807814
-13.070651625066567
-13.101113678636112
-13.131571459353745
-13.16202211804452
-13.19246848721329
-13.222910561049387
-13.253346861141987
-13.283777424542787
-13.314203656408903
-13.344625513394996
-13.375040149497021
-13.405450417791949
-13.435856312398844
-13.466256320572212
-13.49665050352947
-13.527040276425659
-13.557425595885826
-13.587803571572408
-13.618177100753273
-13.648546177475902
-13.678909279489146
-13.709266442781932
-13.739619117069516
-13.769967284462775
-13.80030795952544
-13.830644108963037
-13.860975726750246
-13.891301307608446
-13.921620809610138
-13.951935743237494
-13.982246102422216
-14.012548875071579
-14.042847001706917
-14.073140517070549
-14.10342796101256
-14.133709157649855
-14.163985706111545
-14.194257600254563
-14.22452186615825
-14.254781324461625
-14.285036091435577
-14.315284781921914
-14.345527026633906
-14.375764542929643
-14.405997324589997
-14.436222466735595
-14.466442608665574
-14.49665797876475
-14.526867298465309
-14.557069942162428
-14.587267776756
-14.617460795949604
-14.647646196526818
-14.677826371489102
-14.708001693668287
-14.738171024450212
-14.768333415473082
-14.798490916251188
-14.828643520409587
-14.858788560798024
-14.888928115604223
-14.919062736216853
-14.94919145913233
-14.979312943210482
-15.009429455441442
-15.039540989370478
-15.069645050127551
-15.099743328953881
-15.12983659171071
-15.15992408698481
-15.19000400719534
-15.220078873487731
-15.250148679326193
-15.28021114017489
-15.310267484520747
-15.340318730448345
-15.370364377466876
-15.400402074192973
-15.430434634454173
-15.460462051632305
-15.490482291449
-15.520496040095463
-15.550504607494759
-15.580507784792097
-15.610502595681497
-15.640492187076049
-15.67047655227394
-15.70045394907628
-15.73042443804449
-15.760389662449079
-15.790349615538897
-15.820301007619308
-15.850246964527289
-15.880187611633188
-15.910121542567921
-15.940048105077336
-15.969969319211803
-15.999885178134514
-16.02979273021231
-16.05969438418752
-16.08959064425597
-16.119480485586838
-16.14936245201342
-16.179238985751432
-16.20911007987708
-16.23897316768033
-16.26882984740844
-16.29868104861846
-16.328526175714014
-16.358362873548323
-16.388194053870695
-16.418019709669085
-16.447837708023407
-16.47764873927996
-16.507454206892945
-16.53725399421439
-16.567044748019526
-16.596829898972192
-16.62660943997079
-16.65638172278716
-16.68614642839545
-16.715905484713158
-16.745658884585886
-16.775403437171793
-16.80514187982361
-16.834874626565327
-16.864600566828074
-16.894318266616942
-16.924030230939188
-16.953736452548764
-16.98343428592176
-17.013125338322286
-17.042810608323208
-17.072489578077803
-17.10215958883936
-17.131823777421705
-17.161482136485855
-17.1911326221223
-17.220775599259397
-17.2504127069664
-17.28004393784954
-17.309665712754587
-17.33928143876589
-17.36889124790808
-17.398493756326122
-17.428087970083446
-17.4576762268317
-17.487258519082108
-17.516831938614708
-17.54639851209461
-17.57595908080153
-17.605512981549037
-17.635057740663516
-17.664596454633866
-17.69412911587495
-17.723653548994964
-17.75317027681122
-17.78268091139009
-17.812185445089604
-17.841680183051604
-17.871168659227806
-17.900650993878372
-17.930125808556063
-17.959591994361787
-17.989051997897555
-18.01850581142299
-18.04795055124478
-18.077388091370732
-18.106819400602078
-18.13624396380597
-18.165658907996693
-18.19506758030917
-18.22446997290326
-18.253864080946578
-18.28324998348332
-18.312629565176238
-18.342002818126282
-18.371366242531906
-18.400722880132744
-18.430073147722364
-18.45941598932795
-18.488749549410663
-18.518076698112417
-18.54739742743227
-18.576709204109505
-18.60601310015903
-18.635310535312108
-18.66460147478765
-18.693881984182458
-18.723155991063564
-18.75242348732683
-18.781682979957772
-18.81093342422179
-18.840177316104057
-18.869414647439495
-18.898642463772827
-18.927862616583777
-18.957076166936282
-18.98628273815074
-19.015479016957176
-19.04466865128871
-19.073851632874852
-19.103026144859466
-19.1321917278873
-19.161350616003677
-19.190502800876008
-19.21964502356258
-19.24877968257439
-19.277907596025347
-19.30702816458234
-19.336138458607078
-19.36524196464722
-19.394338674262638
-19.42342656955498
-19.452505531945402
-19.481577655334764
-19.510642931219476
-19.539697922552808
-19.56874532311821
-19.597785833448892
-19.62681876052871
-19.655841301419702
-19.684856909236913
-19.713865575367034
-19.74286521346834
-19.771855781558266
-19.800839364966397
-19.829815955014755
-19.858782072805997
-19.88774043591242
-19.91669176250763
-19.94563540478861
-19.974568409756234
-20.003494334950055
-20.032413171580156
-20.061322907460365
-20.09022329304539
-20.119116546645493
-20.14800265940477
-20.176878256904363
-20.205745788894138
-20.234606136462087
-20.263458846042234
-20.29230051757915
-20.32113496099998
-20.34996216733476
-20.378780351354013
-20.4075887514079
-20.436389870519783
-20.46518369965239
-20.493967125471695
-20.522742017760926
-20.551509576052148
-20.580269700370817
-20.609018225970566
-20.637759373438143
-20.666493133619955
-20.695218111450494
-20.72393270784327
-20.7526398726514
-20.781339596652735
-20.810029194685843
-20.8387096234822
-20.86738256700699
-20.896048015968983
-20.924702000641247
-20.95334802266184
-20.98198650548788
-21.01061661803589
-21.03923557725085
-21.067846952521155
-21.096450734436186
-21.125044843781957
-21.153628969801066
-21.18220545754586
-21.210774297535387
-21.23933216943017
-21.267881220912674
-21.296422579550768
-21.324956162878483
-21.353477635727902
-21.38199137052325
-21.410497357661992
-21.43899431254611
-21.467480280726882
-21.495958455869367
-21.524428828299282
-21.552888919794853
-21.58133913976551
-21.609781511468732
-21.638216025158123
-21.66663901805632
-21.69505324545096
-21.723459569102538
-21.751857698799917
-21.780243638018547
-21.808621627641436
-21.836991657797473
-21.865352296292215
-21.89370180760818
-21.922043313428325
-21.950376803807988
-21.97869971518008
-22.007012551972625
-22.035317327118246
-22.063614030598337
-22.09189897865826
-22.120174893462025
-22.14844269021521
-22.1767021980502
-22.20494910711192
-22.233187851611547
-22.261418421402656
-22.28963957167332
-22.317849118098614
-22.346050443123307
-22.37424353652557
-22.40242609231628
-22.430598026330447
-22.458761681848348
-22.48691704857236
-22.515060772692415
-22.543194843655908
-22.571320578768745
-22.59943796765694
-22.627542622639083
-22.655638579042044
-22.683726141979545
-22.711804618806173
-22.73987064909954
-22.767928238556316
-22.795977376670695
-22.82401638796178
-22.85204385610493
-22.880062825348485
-22.908073285108973
-22.936072592652188
-22.964061244756174
-22.99204133963262
-23.020012866619844
-23.04797223192076
-23.075921813205866
-23.10386277866889
-23.131795117569432
-23.159714301849878
-23.187624556640163
-23.21552613674547
-23.24341840088365
-23.271297795542885
-23.299168467260518
-23.327030405160322
-23.354882089679993
-23.382721703105833
-23.410552534265616
-23.438374572202992
-23.466185437562217
-23.493985011629334
-23.521775743833057
-23.54955762313646
-23.57732742950404
-23.60508670517027
-23.632837079101158
-23.660578540178744
-23.688307047432833
-23.716025764733498
-23.743735520150693
-23.771436302484776
-23.799123270211297
-23.826801168253734
-23.854470043986527
-23.88212918498631
-23.909775073619148
-23.937411890576985
-23.965039624519385
-23.992656824648083
-24.02026143033487
-24.047856903442447
-24.075443232547425
-24.103018250604453
-24.130581309917204
-24.158135175464018
-24.185679835737943
-24.213212430225017
-24.240733678786963
-24.268245672111902
-24.295748398608907
-24.323238327728568
-24.35071750020844
-24.378187355694266
-24.40564788251055
-24.433094904164687
-24.460531734271104
-24.48795918533872
-24.515377245606974
-24.542781117395286
-24.57017533787113
-24.59756011697393
-24.624935087368353
-24.652295922076178
-24.67964726469284
-24.70698910331109
-24.734320519163738
-24.76163826963851
-24.788946465190303
-24.816245093825366
-24.843532711923018
-24.87080710827032
-24.89807188656872
-24.925327034737485
-24.95257061155925
-24.979801382897943
-25.007022472765936
-25.034233868995017
-25.061433160710997
-25.088620035167445
-25.115797164433854
-25.142964536253906
-25.170119298723648
-25.197262003426076
-25.224394898919744
-25.25151797285983
-25.278627961630853
-25.305726222703573
-25.33281461024778
-25.359893111829518
-25.386958082135923
-25.414011624693625
-25.44105522910025
-25.468088882832195
-25.495108589593077
-25.52211713773513
-25.549115682798938
-25.576104212170762
-25.60307840998888
-25.63004168679352
-25.656994895286456
-25.683938022763236
-25.710866465923445
-25.737784193442106
-25.764691787107484
-25.79158923412395
-25.818471676591773
-25.845343575843255
-25.872205275390066
-25.899056762344784
-25.925892957765004
-25.952718748729723
-25.97953427382678
-26.006339500858854
-26.03312922177162
-26.059908623385876
-26.086677692656078
-26.113436261331707
-26.14017937747866
-26.166912107628775
-26.193634438643343
-26.220346101744784
-26.24704233027291
-26.273728105789516
-26.30040341506212
-26.32706792504558
-26.353716982042105
-26.380355518694273
-26.40698352167533
-26.433600630669442
-26.46020223115603
-26.48679324364548
-26.513373654716247
-26.539943114520714
-26.566496972447638
-26.59304017440297
-26.61957270686975
-26.64609426895385
-26.672600097194216
-26.69909520116499
-26.725579567253355
-26.752052982754535
-26.778510493098366
-26.804957210549375
-26.831393121398257
-26.857818141120717
-26.884227044269178
-26.91062508557451
-26.937012251230428
-26.963388527402344
-26.9897486312032
-27.016097705640437
-27.042435835051556
-27.068763005504273
-27.095074130765468
-27.121373946509856
-27.147662747520183
-27.173940519765967
-27.200202416170523
-27.22645268028904
-27.252691859632602
-27.278919940071873
-27.30513235696339
-27.33133277540894
-27.35752203870378
-27.383700132619296
-27.409862819000555
-27.436013096606032
-27.462152148348483
-27.48827995989936
-27.5143926644309
-27.540492504903334
-27.566581048461998
-27.59265828067789
-27.618720751676598
-27.644769857591275
-27.670807595201182
-27.69683394997635
-27.722845935414096
-27.748844008208597
-27.774830640965344
-27.800805819052762
-27.826767066554936
-27.852713806523322
-27.87864903437705
-27.904572735382498
-27.930482992226665
-27.956378098513476
-27.982261620263092
-28.008133542639182
-28.033992555753724
-28.059835726348084
-28.085667239635207
-28.111487080675563
-28.137294596638206
-28.163085528367937
-28.188864729671046
-28.214632185504257
-28.240387880793914
-28.266126339066382
-28.291852923694876
-28.317567689278608
-28.343270620639444
-28.368956989070202
-28.394630651158423
-28.420292420273512
-28.44594228113223
-28.471576305120365
-28.49719673762167
-28.522805202866078
-28.54840168546476
-28.573983110052776
-28.59955000473356
-28.625104857516504
-28.65064765290657
-28.67617622277907
-28.701689270212835
-28.727190200748765
-28.752678998785086
-28.778154458267363
-28.803613347828737
-28.82906004513139
-28.85449453446626
-28.87991662752297
-28.905321047381708
-28.93071319925814
-28.956093067335285
-28.981460635764602
-29.006811174684152
-29.032148467728717
-29.057473400777404
-29.082785957873014
-29.10808253154109
-29.133364651129533
-29.158634334158467
-29.183891564561588
-29.209133915730934
-29.234360546014265
-29.259574662805694
-29.284776249929102
-29.309964120986027
-29.335134944884672
-29.360293177988293
-29.385438804010484
-29.410571806632458
-29.435686636171155
-29.46078866689817
-29.485878012757222
-29.51095465731848
-29.536014404213446
-29.561059912630547
-29.58609265801816
-29.611112623834856
-29.636117029241245
-29.661105694164576
-29.686081517520098
-29.71104448265414
-29.735993287354866
-29.76092478634402
-29.785843364848333
-29.8107490061014
-29.835641693303675
-29.860515959857835
-29.885376969427423
-29.910224962334812
-29.93505992166697
-29.959877981220796
-29.984681096501625
-30.009471115326352
-30.034248020667818
-30.059009612754117
-30.083754507115646
-30.10848622484232
-30.133204748792295
-30.157909612565998
-30.182595958095188
-30.207269046423992
-30.23192886029534
-30.25657538241832
-30.281204202027443
-30.30581833136814
-30.330419105181427
-30.3550065060604
-30.37957798724184
-30.404132826707638
-30.428674229185045
-30.45320217715055
-30.477716057790463
-30.502211275192064
-30.526692973751327
-30.55116113582761
-30.575615743745786
-30.600052415268205
-30.62447407601659
-30.6488821179155
-30.673276523171918
-30.6976549810607
-30.722016268788902
-30.746363854903887
-30.770697721494116
-30.79501770235257
-30.81931828052868
-30.843605073928675
-30.86787806452194
-30.892137234242835
-30.916378835329162
-30.940604497752556
-30.96481627368563
-30.989014144942896
-31.013196652897072
-31.03736084474564
-31.061511066016767
-31.08564729840457
-31.109769523567717
-31.133872828865893
-31.157961154128788
-31.18203540589483
-31.206095565701524
-31.230139159639812
-31.254165246197477
-31.278177174236955
-31.302174925173933
-31.326158480388298
-31.350122045941653
-31.37407130579111
-31.398006302984605
-31.42192701877945
-31.44583025260357
-31.469716498434884
-31.49358839564453
-31.517445925366708
-31.541288560929612
-31.565111445543877
-31.58891989515666
-31.612713890778426
-31.636493413383242
-31.660254835972218
-31.683999488996378
-31.707729601109396
-31.731445153160838
-31.755145354033214
-31.77882586009215
-31.80249173790133
-31.826142968185234
-31.849779531631487
-31.873397686806022
-31.896998978123488
-31.920585534031005
-31.94415733509036
-31.967713642914223
-31.99124999415324
-32.01477152167474
-32.0382782059141
-32.061770027269375
-32.085243453756625
-32.108699597475635
-32.13214080905314
-32.155567068760035
-32.17897802006898
-32.20236842315607
-32.22574380481506
-32.249104145189015
-32.272449424383346
-32.29577665578225
-32.31908584884511
-32.34237991077881
-32.36565882156014
-32.38892256112799
-32.4121655921069
-32.43539301506408
-32.45860519646394
-32.48180211611601
-32.50498168086296
-32.528142102872415
-32.55128719248544
-32.57441692938165
-32.597531293202266
-32.62062581430492
-32.64370344828279
-32.66676563813816
-32.689812363381584
-32.71284278471682
-32.735852597762204
-32.758846874840884
-32.78182559533208
-32.804788738576256
-32.827733270058644
-32.85065926716774
-32.87356961527282
-32.896464293582234
-32.91934328126534
-32.942201438000104
-32.96504304462016
-32.987868888452425
-33.01067894853336
-33.033472005403354
-33.05624449996846
-33.07900113830821
-33.101741899325624
-33.12446676188425
-33.14717259307082
-33.169859653423686
-33.19253074243528
-33.21518583883491
-33.23782492131222
-33.260443039206315
-33.28304408178283
-33.30562903714381
-33.32819788384388
-33.35074989617773
-33.373280516396925
-33.39579495434466
-33.41829318843997
-33.44077519706175
-33.46323864039505
-33.48568218305399
-33.50810942621417
-33.53052034811811
-33.552914926967965
-33.575289310952016
-33.5976451833378
-33.6199846382273
-33.64230765368555
-33.664614207736875
-33.68689904102058
-33.70916664708224
-33.731417716875626
-33.75365222828719
-33.775869575491654
-33.79806494938911
-33.820243689719646
-33.8424057742311
-33.86455118063036
-33.886678114848394
-33.90878414038721
-33.93087341220558
-33.952945907870976
-33.97500160490966
-33.997037632017104
-34.019053703810606
-34.04105290094375
-34.063035200802645
-34.08500058073192
-34.106945205590335
-34.128870714846165
-34.15077922771109
-34.17267072138879
-34.194545173041234
-34.21639789949481
-34.238232233997
-34.26004944958277
-34.28184952327237
-34.30363243204406
-34.32539276291662
-34.34713530700766
-34.36886060885751
-34.390568645301954
-34.41225935260136
-34.43392683022652
-34.4555769647894
-34.4772097329828
-34.498825111457
-34.520422550652754
-34.54199712090526
-34.56355422334563
-34.5850938344804
-34.606615930773316
-34.62811960186781
-34.64960063946917
-34.67106408369747
-34.692509910871905
-34.7139380972687
-34.73534749923291
-34.75673437539581
-34.77810353180934
-34.799454944604385
-34.82078858986857
-34.8421032206392
-34.863395303049714
-34.884669538514906
-34.90592590297628
-34.927164372331895
-34.94838372880863
-34.96958038160836
-34.9907590594429
-35.01191973806336
-35.03306239317719
-35.054185971219894
-35.075286554988274
-35.096369034943386
-35.117433386644926
-35.13847958560873
-35.159506880034755
-35.1805107517712
-35.20149639001387
-35.22246377013002
-35.24341286744281
-35.26434337202433
-35.285249885130646
-35.306138034225945
-35.32700779448403
-35.34785914103436
-35.36869204896185
-35.3895008527584
-35.41029086165179
-35.43106235015528
-35.451815293203616
-35.472549665686756
-35.49326053679137
-35.51395175079107
-35.53462431200196
-35.555278195163034
-35.57591337496826
-35.596525803738544
-35.61711756449795
-35.63769053921918
-35.658244702444414
-35.67878002867064
-35.69929350440826
-35.71978514990841
-35.74025787526626
-35.76071165482625
-35.78114646288731
-35.80156047383558
-35.821951338367576
-35.84232314779424
-35.862675876261214
-35.88300949786839
-35.90332353120994
-35.923612945357554
-35.943883168573656
-35.96413417480408
-35.984365937948645
-36.0045784318612
-36.02476677042531
-36.04493473342248
-36.06508334253962
-36.08521257147549
-36.10532239388258
-36.12540959711089
-36.14547462213444
-36.16552015551103
-36.18554617073735
-36.20555264126355
-36.22553819287587
-36.24549959840743
-36.26544137364839
-36.285363491892326
-36.30526592638607
-36.32514865032962
-36.345006409772374
-36.36484374069759
-36.384661274897084
-36.40445898541336
-36.424236845241836
-36.4439917875223
-36.463723984149375
-36.48343624343599
-36.503128538219265
-36.52280084128901
-36.54245244664164
-36.562078815168874
-36.58168510485066
-36.601271288317754
-36.62083733815336
-36.640383226893086
-36.659904928525265
-36.67940455006975
-36.69888392279283
-36.7183430190701
-36.737781811229304
-36.75719900252181
-36.77659125353905
-36.79596311222869
-36.8153145507577
-36.83464554124498
-36.85395605576136
-36.87324187315204
-36.892505510640284
-36.91174858334852
-36.93097106318579
-36.95017292201283
-36.969353050180615
-36.988507755404214
-37.007641750319756
-37.02675500662544
-37.045847495970925
-37.06491918995708
-37.08396646718999
-37.10299066842482
-37.1219939843972
-37.14097638654466
-37.15993784625579
-37.178878249891675
-37.19779193762504
-37.21668459252554
-37.23555618581768
-37.25440668867674
-37.2732360722288
-37.29204214102166
-37.31082341015845
-37.329583468980616
-37.348322288449175
-37.36703983947569
-37.38573609292221
-37.40440699949997
-37.42305479426373
-37.441681199825574
-37.46028618688156
-37.47886972607801
-37.497431788011376
-37.51596670287001
-37.53447996001481
-37.5529716476572
-37.57144173622678
-37.58989019610307
-37.60831571890877
-37.626715089115855
-37.645092737887275
-37.663448635434946
-37.68178275192048
-37.70009505745518
-37.71838309005187
-37.73664595646454
-37.7548869185609
-37.77310594628367
-37.79130300952506
-37.80947807812655
-37.82762778502444
-37.84575306318976
-37.86385625272358
-37.881937323298004
-37.8999962445342
-37.91803298600243
-37.936043529568735
-37.95403012741727
-37.97199445087706
-37.98993646934803
-38.007856152178924
-38.02575346866727
-38.04362400912386
-38.06147082693169
-38.07929518314392
-38.09709704688686
-38.11487638723538
-38.13263317321278
-38.15036286863416
-38.16806879898501
-38.185752079076444
-38.2034126777597
-38.22105056383424
-38.238665706047755
-38.256253712358934
-38.273817640106905
-38.291358727467276
-38.30887694301471
-38.3263722552719
-38.34384463270938
-38.36129010368428
-38.37871090591667
-38.39610867616157
-38.41348338271569
-38.4308349938234
-38.4481634776767
-38.46546556493672
-38.482742110937224
-38.49999543187143
-38.517225495756584
-38.53443227055736
-38.55161572418575
-38.568773577198485
-38.585904728410846
-38.603012459991895
-38.62009673967803
-38.637157535152824
-38.65419481404682
-38.67120758012515
-38.68819219011695
-38.70515318441914
-38.72209053048587
-38.73900419571812
-38.755894147463664
-38.77276035301697
-38.789597886192006
-38.80641098737076
-38.8232002424717
-38.83996561861189
-38.856707082854854
-38.873424602210534
-38.890115164951474
-38.90677920920808
-38.92341920803578
-38.94003512826624
-38.95662693667739
-38.9731945999933
-38.9897373327141
-39.00625114826085
-39.02274071751187
-39.03920600701211
-39.0556469832525
-39.07206361266984
-39.08845586164679
-39.104820060654156
-39.121158018994755
-39.13747149490712
-39.15376045459382
-39.17002486420306
-39.186264689828576
-39.202479160137614
-39.21866431816986
-39.23482478956573
-39.250960540238104
-39.2670715360452
-39.283157742790515
-39.29921912622279
-39.315252778145535
-39.33125904599188
-39.3472403870782
-39.3631967669714
-39.37912815118342
-39.395034505171154
-39.41091579433645
-39.426767376414304
-39.4425930991989
-39.458393652915966
-39.47416900278453
-39.489919113968384
-39.50564395157592
-39.52134285012439
-39.5370117377153
-39.55265524681118
-39.56827334233692
-39.583865989161836
-39.5994331520996
-39.61497479590828
-39.63048932061396
-39.64597455842911
-39.6614341713917
-39.67686812407531
-39.692276380997676
-39.707658906620594
-39.723015665349905
-39.73834455422598
-39.75364444815301
-39.76891846865464
-39.78416657995136
-39.799388746207505
-39.81458493153115
-39.8297550999741
-39.84489708732614
-39.86000992931623
-39.87509664708208
-39.89015720448929
-39.905191565346925
-39.920199693407575
-39.93518155236723
-39.950135368798826
-39.965059436803685
-39.979957127548865
-39.99482840454327
-40.00967323123901
-40.024491571031426
-40.03928338725892
-40.0540477596779
-40.06878131758795
-40.08348824295593
-40.09816849893234
-40.112822048610575
-40.12744885502696
-40.14204888116063
-40.15662208993351
-40.17116383037026
-40.1856782378727
-40.20016571808397
-40.21462623373707
-40.2290597475076
-40.24346622201372
-40.2578456198161
-40.27219514523063
-40.286515268188616
-40.30080820368712
-40.31507391409711
-40.32931236173181
-40.34352350884672
-40.35770731763959
-40.37186334328745
-40.38598740077416
-40.400084008354796
-40.41415312803656
-40.42819472176868
-40.4422087514424
-40.45619517889092
-40.470153965889324
-40.48408261315205
-40.4979810952966
-40.511851824442545
-40.525694762173565
-40.539509870015024
-40.553297109434
-40.56705644183916
-40.5807878285808
-40.5944873380016
-40.608157862428094
-40.62180032767428
-40.635414694898124
-40.64900092519901
-40.66255897961773
-40.67608881913635
-40.68959040467826
-40.70305901102716
-40.71649917286781
-40.72991096624295
-40.74329435188277
-40.75664929045859
-40.76997574258284
-40.78327366880892
-40.796542948901056
-40.809778961928615
-40.82298633372845
-40.83616502466018
-40.84931499502424
-40.862436205061904
-40.87552861495523
-40.88859218482698
-40.90162687474066
-40.914628356282506
-40.92760048790754
-40.94054362313117
-40.95345772182216
-40.96634274378976
-40.97919864878373
-40.9920253964943
-41.00482294655208
-41.017588194937765
-41.03032261348707
-41.043027716958164
-41.055703464786234
-41.06834981634662
-41.080966730954984
-41.09355416786708
-41.106112086278856
-41.118639313440475
-41.131133523162205
-41.143598095973104
-41.156032990872895
-41.16843816680131
-41.18081358263804
-41.19315919720267
-41.20547496925467
-41.217760857493346
-41.23001386370031
-41.24223538400073
-41.25442690095268
-41.26658837305849
-41.27871975876021
-41.290821016439516
-41.302892104417744
-41.31493298095577
-41.32694360425407
-41.338920038353564
-41.350865629309325
-41.362780846362156
-41.37466564751478
-41.386519990709374
-41.39834383382749
-41.410137134690025
-41.4218998510572
-41.433631940628466
-41.44532944317206
-41.456995830832355
-41.4686314699023
-41.48023631788307
-41.49181033221488
-41.50335347027711
-41.5148656893882
-41.52634694680568
-41.537797199726036
-41.54921340303639
-41.560597279306556
-41.571950028151164
-41.58327160656773
-41.594561971492695
-41.6058210798013
-41.6170488883077
-41.628245353764775
-41.639410432864224
-41.650542961106176
-41.661640983640595
-41.67270749575243
-41.68374245393378
-41.69474581461545
-41.705717534166844
-41.71665756889596
-41.727565875049415
-41.7384424088123
-41.74928712630822
-41.760097670173025
-41.770874564683034
-41.78161951758388
-41.79233248479906
-41.80301342219046
-41.81366228555838
-41.824279030641456
-41.83486361311664
-41.8454159885992
-41.85593611264264
-41.86642164360289
-41.876873171718024
-41.88729232177228
-41.89767904911854
-41.908033309047866
-41.91835505678951
-41.92864424751079
-41.9389008363172
-41.94912477825227
-41.95931602829757
-41.96947350657932
-41.97959538123291
-41.98968443609364
-41.99974062594201
-42.009763905496506
-42.01975422941361
-42.02971155228768
-42.03963582865101
-42.049527012973776
-42.05938505966399
-42.06920992306755
-42.07899931971157
-42.08875393821093
-42.098475244098644
-42.108163191519125
-42.117817734554556
-42.127438827224864
-42.137026423487704
-42.14658047723846
-42.15610094231017
-42.1655877724736
-42.1750409214371
-42.18445845493921
-42.19384048148199
-42.20318869607717
-42.21250305223142
-42.22178350338895
-42.23103000293159
-42.24024250417872
-42.24942096038725
-42.258565324751636
-42.26767555040385
-42.27675159041334
-42.28579339778702
-42.29479749660838
-42.30376721087689
-42.31270256019981
-42.32160349738211
-42.33046997516624
-42.33930194623206
-42.34809936319685
-42.356862178615266
-42.36559034497936
-42.37428381471857
-42.38294254019963
-42.391566473726684
-42.400152525173226
-42.40870338529853
-42.41721931959881
-42.425700280176194
-42.43414621907014
-42.44255708825743
-42.45093283965211
-42.459273425105536
-42.46757879640633
-42.475848905280394
-42.48408370339088
-42.4922831423382
-42.50044651490095
-42.5085718905698
-42.51666177164539
-42.52471610952622
-42.532734855548064
-42.540717960983926
-42.54866537704403
-42.55657705487583
-42.564452945564014
-42.57229300013044
-42.5800971695342
-42.58786540467158
-42.59559765637604
-42.60329387541826
-42.61095172211412
-42.618572702746654
-42.62615751345347
-42.63370610480368
-42.641218427303535
-42.64869443139654
-42.65613406746337
-42.663537285821896
-42.67090403672722
-42.678234270371604
-42.685527936884526
-42.69278498633261
-42.70000536871972
-42.707189033986886
-42.714334830966116
-42.721442069511504
-42.72851245184665
-42.735545927711485
-42.742542446783254
-42.74950195867639
-42.75642441294256
-42.76330975907069
-42.77015794648693
-42.77696892455471
-42.783742642574644
-42.790479049784665
-42.79717809535992
-42.803839728412825
-42.8104638979931
-42.81705055308769
-42.823597379853325
-42.83010622683805
-42.83657741815353
-42.84301090258654
-42.849406628861246
-42.85576454563909
-42.86208460151892
-42.86836674503695
-42.87461092466676
-42.88081708881931
-42.886985185842974
-42.893115164023506
-42.89920697158409
-42.905260556685356
-42.91127586742534
-42.917252851839564
-42.923191457900984
-42.92908972090915
-42.93494902905008
-42.940769815439836
-42.946552027852526
-42.952295613999816
-42.958000521530934
-42.963666698032746
-42.96929409102968
-42.974882647983826
-42.98043231629489
-42.985943043300246
-42.99141477627497
-42.996847462431795
-43.00224104892119
-43.007595482831356
-43.01291071118825
-43.01818668095559
-43.023423339034885
-43.028620632265486
-43.03377728057075
-43.038893581732616
-43.04397037218419
-43.049007598567876
-43.05400520746402
-43.058963145390976
-43.06388135880505
-43.06875979410062
-43.07359839761007
-43.07839711560388
-43.083155894290606
-43.08787467981696
-43.09255341826779
-43.09719205566611
-43.10179053797317
-43.1063488110884
-43.11086682084956
-43.11534451303265
-43.11978183335205
-43.12417872746041
-43.12853514094883
-43.13285101934679
-43.13712630812225
-43.14135922197281
-43.14555142440546
-43.14970288839405
-43.1538135592127
-43.15788338207418
-43.16191230212987
-43.16590026446991
-43.16984721412317
-43.17375309605727
-43.17761785517864
-43.18144143633259
-43.18522378430329
-43.188964843813835
-43.192664559526285
-43.19632287604172
-43.199939737900245
-43.203515089581046
-43.20704887550244
-43.210541040021894
-43.213991527436114
-43.21740028198103
-43.220767247831866
-43.2240923691032
-43.227375589848975
-43.23061685406255
-43.233816105676794
-43.236973288564066
-43.240088346536304
-43.24316122334501
-43.24619076959203
-43.24917785540862
-43.25212260757041
-43.25502496964037
-43.25788488512126
-43.2607022974558
-43.26347715002671
-43.266209386156675
-43.26889894910846
-43.271545782084985
-43.274149828229326
-43.276711030624824
-43.27922933229504
-43.28170467620395
-43.28413700525587
-43.28652626229563
-43.28887239010851
-43.29117533142041
-43.293435028897825
-43.29565142514793
-43.29782446271869
-43.29995408409881
-43.30204023171792
-43.30408284794654
-43.306081875096204
-43.30803725541947
-43.30994893111006
-43.3118168443028
-43.31364093707381
-43.31542115144052
-43.31715742936172
-43.31884971273763
-43.320497943410004
-43.322102063162134
-43.323662013719016
-43.325177736747285
-43.326649173855415
-43.32807626659368
-43.32945895645436
-43.330797184871635
-43.33209089322181
-43.333340022823315
-43.334544514936795
-43.33570431076517
-43.33681935145378
-43.33788957809032
-43.33891493170505
-43.33989535327082
-43.34083078370315
-43.341721163860306
-43.34256643454337
-43.343366536496355
-43.344121410406245
-43.34483099690311
-43.34549523656015
-43.346114069893815
-43.346687437363855
-43.347215279373465
-43.347697536269294
-43.34813414834156
-43.34852505582414
-43.34887019889469
-43.34916951767465
-43.349422952229446
-43.34963044256844
-43.34979192864515
-43.34990735035726
-43.34997664754677
-43.349999759999996
-43.34997662744779
-43.34990718956553
-43.34979138597324
-43.34962915623572
-43.34942043986261
-43.349165176308496
-43.34886330497299
-43.34851476520088
-43.34811949628216
-43.347677437452155
-43.34718852789168
-43.346652706727035
-43.346069913030206
-43.34544008581887
-43.344763164056616
-43.34403908665295
-43.34326779246345
-43.34244922028986
-43.34158330888015
-43.34066999692876
-43.33970922307653
-43.33870092591095
-43.33764504396619
-43.336541515723255
-43.335390279610074
-43.33419127400161
-43.332944437219986
-43.331649707534595
-43.33030702316222
-43.32891632226713
-43.32747754296122
-43.325990623304115
-43.32445550130332
-43.32287211491424
-43.321240402040445
-43.31956030053369
-43.317831748194045
-43.31605468277007
-43.31422904195887
-43.31235476340629
-43.310431784706964
-43.3084600434045
-43.306439476991606
-43.30437002291016
-43.302251618551416
-43.30008420125605
-43.29786770831437
-43.295602076966425
-43.293287244402066
-43.29092314776117
-43.288509724133775
-43.286046910560124
-43.28353464403088
-43.28097286148726
-43.278361499821095
-43.275700495875085
-43.27298978644284
-43.27022930826909
-43.26741899804975
-43.26455879243214
-43.261648628015095
-43.258688441349086
-43.2556781689364
-43.25261774723126
-43.24950711264002
-43.2463462015212
-43.24313474406812
-43.23987163104594
-43.236558026637425
-43.233193866961216
-43.22977908808902
-43.22631362604574
-43.22279741680963
-43.21923039631245
-43.21561250043961
-43.21194366503036
-43.208223825877916
-43.20445291872963
-43.20063087928717
-43.19675764320663
-43.19283314609878
-43.188857323529106
-43.18483011101809
-43.18075144404133
-43.17662125802969
-43.172439488369506
-43.1682060704027
-43.16392093942698
-43.159584030696045
-43.15519527941971
-43.150754620764054
-43.146261989851695
-43.141717321761845
-43.13712051887928
-43.13246948277176
-43.12776618942083
-43.12301057368521
-43.11820257038125
-43.11334211428303
-43.10842914012265
-43.10346358259033
-43.098445376334624
-43.09337445596263
-43.0882507560401
-43.08307421109174
-43.077844755601305
-43.07256232401182
-43.067226850725774
-43.06183827010531
-43.05639651647243
-43.05090152410918
-43.0453532272578
-43.03975156012101
-43.03409645686212
-43.02838675969536
-43.02262196550944
-43.01680351134435
-43.01093133116059
-43.005005358880325
-42.99902552838766
-42.9929917735288
-42.9869040281123
-42.980762225909245
-42.97456630065347
-42.96831618604176
-42.962011815734066
-42.95565312335371
-42.94924004248765
-42.942772506686595
-42.936250449465305
-42.92967380430279
-42.923041890268834
-42.916352811002106
-42.90960891705515
-42.90281014172019
-42.89595641825489
-42.88904767988256
-42.88208385979241
-42.87506489113974
-42.86799070704624
-42.86086124060012
-42.8536764248564
-42.84643619283715
-42.8391404775317
-42.83178921189686
-42.824382328857226
-42.81691927291594
-42.809397497836095
-42.80181987623388
-42.79418634086271
-42.786496824445045
-42.77875125967258
-42.770949579206565
-42.76309171567801
-42.755177601687926
-42.74720716980764
-42.73918035257889
-42.731097082514275
-42.72295729209737
-42.71476091378302
-42.70650553958431
-42.69819194603193
-42.68982153340596
-42.681394234005914
-42.672909980104016
-42.66436870394539
-42.65577033774838
-42.64711481370477
-42.63840206398007
-42.62963202071379
-42.62080461601972
-42.61191978198609
-42.602976432516996
-42.593972366230574
-42.584910637782606
-42.57579117912072
-42.56661392216855
-42.55737879882604
-42.54808574096974
-42.538734680453025
-42.52932554910642
-42.51985827873785
-42.51033280113298
-42.500749048055475
-42.49110338885186
-42.48139836977496
-42.47163484090223
-42.46181273387228
-42.45193198030327
-42.44199251179327
-42.43199425992053
-42.42193715624371
-42.41182113230228
-42.401646119616764
-42.391411603773676
-42.38111360996013
-42.37075639191668
-42.36033988105267
-42.34986400876021
-42.33932870641441
-42.328733905373824
-42.31807953698058
-42.3073655325608
-42.29659182342498
-42.28575824408291
-42.27485982825961
-42.26390147118626
-42.25288310407675
-42.241804658131024
-42.23066606453534
-42.21946725446274
-42.20820815907323
-42.19688870951418
-42.18550883692069
-42.17406589907865
-42.16255958466617
-42.15099260975781
-42.1393649054074
-42.127676402658324
-42.11592703254384
-42.104116726087376
-42.09224541430292
-42.080313028195384
-42.06831722704684
-42.056256824523636
-42.044135109473395
-42.0319520128343
-42.01970746553738
-42.007401398506815
-41.99503374266034
-41.982604428909575
-41.97011338816029
-41.95755622595036
-41.94493558759724
-41.932252983407714
-41.91950834423609
-41.90670160093295
-41.893832684345476
-41.88090152531785
-41.8679080546916
-41.85484961158822
-41.841725126477776
-41.82853809044535
-41.815288434295134
-41.80197608883069
-41.78860098485545
-41.77516305317296
-41.76166222458743
-41.74809566841443
-41.73446240412019
-41.72076600320848
-41.70700639646077
-41.6931835146613
-41.679297288597404
-41.66534764905998
-41.651334526843854
-41.63725298886729
-41.62310600594479
-41.60889530033602
-41.59462080282834
-41.58028244421525
-41.56588015529681
-41.55141386688006
-41.5368814938155
-41.52228008752848
-41.50761444154522
-41.49288448667919
-41.47809015375319
-41.463231373599655
-41.4483080770612
-41.43331952283364
-41.418259848996094
-41.40313541846698
-41.387946162109685
-41.372692010800066
-41.35737289542693
-41.341988746892426
-41.32653864406969
-41.31101685697828
-41.29542979639458
-41.27977739325637
-41.26405957851717
-41.24827628314681
-41.232427438131815
-41.21651039981762
-41.20052265360974
-41.18446911748912
-41.168349722493154
-41.152164399678426
-41.13591308012116
-41.11959569491781
-41.10320631671654
-41.086748766772295
-41.07022491106665
-41.05363468076257
-41.036978007045775
-41.020254821125086
-41.00346235976787
-40.98659791628733
-40.96966672067629
-40.95266870422424
-40.93560379824643
-40.91847193408463
-40.90127235318792
-40.883998138425426
-40.866656725812334
-40.84924804678519
-40.83177203280971
-40.81422861538112
-40.796617726024714
-40.77893100823993
-40.761176504491786
-40.743354289562205
-40.72546429508846
-40.70750645274067
-40.68948048741658
-40.671378109050536
-40.65320764388579
-40.63496902371726
-40.61666218037556
-40.5982870457275
-40.57984180055667
-40.561321038201385
-40.542731746100905
-40.524073856262284
-40.50534730073178
-40.486552011595286
-40.46768342035311
-40.44874141297458
-40.4297304341161
-40.41065041601973
-40.3915012909701
-40.37228299129514
-40.35298698359093
-40.333620876660746
-40.31418535787732
-40.29468035974083
-40.275105814797804
-40.25545742839548
-40.23573415831453
-40.215941104788726
-40.19607820055089
-40.1761453783833
-40.15614173176229
-40.13605926793678
-40.115906650193494
-40.09568381151533
-40.075390684937815
-40.05502720354965
-40.03458521163515
-40.0140710053047
-39.99348620904985
-39.97283075617725
-39.95210458004994
-39.93130101563438
-39.910423201988614
-39.88947443076145
-39.86845463554879
-39.84736375000626
-39.826195729206965
-39.8049522957064
-39.78363753840101
-39.762251391194525
-39.74079378805369
-39.71925842766593
-39.697647368517934
-39.67596462087837
-39.65421011897759
-39.632383797112446
-39.61047821542065
-39.58849753214878
-39.566444797340246
-39.54431994557128
-39.522122911488076
-39.499844229095544
-39.4774919311201
-39.455067220311534
-39.43257003161154
-39.40999882796053
-39.38734564071257
-39.36461974594228
-39.34182107890011
-39.31894957491308
-39.2960000601077
-39.2729716609373
-39.2498701963725
-39.2266956020657
-39.20344781374952
-39.18011711883703
-39.1567115423895
-39.133232544736565
-39.10968006195313
-39.08605028947022
-39.06233929188014
-39.03855458301803
-39.01469609931522
-38.990763777290006
-38.966747637588036
-38.9426559151022
-38.91849012954059
-38.89425021779533
-38.869930791338156
-38.845530758551945
-38.82105637599522
-38.79650758094845
-38.771882985323856
-38.74717335159239
-38.72238908300212
-38.697530117236575
-38.67259639207652
-38.64757795442263
-38.62248251715744
-38.597312099720135
-38.57206664031274
-38.54673885054821
-38.52133096866726
-38.495847825374
-38.47028935930686
-38.44465034813387
-38.41892875270481
-38.393131616449054
-38.367258878456695
-38.341306781376964
-38.31527021078831
-38.28915782185439
-38.262969554132575
-38.236702511901385
-38.21034971217928
-38.18392081856015
-38.157415771084395
-38.13083193017222
-38.10416165530154
-38.07741501302089
-38.0505919438696
-38.02368945693093
-37.9967004691809
-37.969634842619556
-37.94249251830138
-37.91526954465127
-37.88796061490529
-37.8605747771322
-37.83311197291787
-37.80556667901559
-37.777936587105735
-37.75022932021314
-37.72244482047171
-37.69457538041209
-37.66662291545774
-37.638593010900934
-37.61048560944028
-37.582290205452296
-37.554014166203295
-37.525660425144636
-37.4972286480588
-37.46870574850937
-37.44010494369356
-37.41142617735084
-37.382665231574634
-37.353816643276936
-37.32488989195177
-37.295884921951014
-37.2667930142808
-37.23761756434795
-37.208363696256974
-37.17903135498945
-37.14960670230311
-37.12010322881458
-37.09052108474766
-37.060854826809404
-37.031101045522384
-37.00126839788787
-36.9713568300461
-36.941354686100496
-36.91127083921046
-36.88110787853799
-36.850861704554596
-36.82052596793813
-36.79011092568601
-36.75961652515443
-36.72903135818603
-36.69836355099999
-36.66761619599072
-36.63678459943693
-36.60586334949686
-36.5748623640028
-36.54378159158516
-36.51260793218178
-36.481352645911436
-36.45001738741396
-36.418594926533785
-36.38708467505366
-36.35549426794865
-36.323821976996534
-36.292056101874756
-36.2602098896775
-36.22828329096873
-36.196264594424704
-36.164161926838744
-36.13197869389104
-36.09970783885911
-36.067348071922815
-36.034907562816905
-36.002383539945185
-35.969766036179436
-35.93706761552094
-35.90428823059316
-35.87141355012919
-35.838456589197946
-35.80541849205234
-35.772288364079444
-35.73907224098009
-35.70577481190366
-35.672388248645134
-35.638912348458796
-35.605354974758384
-35.57171099527376
-35.53797471021109
-35.504156786366636
-35.47025441677507
-35.43625714633015
-35.402178074149184
-35.36801634785484
-35.333757498960665
-35.299416687733675
-35.26499387109528
-35.23047363283809
-35.19587049949547
-35.16118520327494
-35.12640343583251
-35.091537405102244
-35.05658905648729
-35.02154481949675
-34.98641532406342
-34.95120335824349
-34.91589571961844
-34.88050220028331
-34.84502606061007
-34.809454096776655
-34.77379600261868
-34.73805514076739
-34.702217936902194
-34.666294725440444
-34.63028860157243
-34.59418525184222
-34.557996389198976
-34.52172447212526
-34.48535407992892
-34.448899040993986
-34.41236080833963
-34.37572248655169
-34.33900075514781
-34.30219406700355
-34.26528856473383
-34.22829963378274
-34.19122350368292
-34.154050435712314
-34.11679380740233
-34.07944737448157
-34.04200624952187
-34.00448143547587
-33.96686384926338
-33.929154185582455
-33.89136070702717
-33.85347112769871
-33.815492453290275
-33.77742984122634
-33.73926743985819
-33.70101929261251
-33.662684975076
-33.62425104680964
-33.58573297468524
-33.547124421760806
-33.50842024121891
-33.469631802414796
-33.43074821534544
-33.3917733479534
-33.35271411108265
-33.3135547029672
-33.274308724689284
-33.23497521195
-33.195542265007504
-33.15602476252165
-33.1164140869444
-33.07670931570439
-33.036919886577515
-32.99703129404462
-32.95705430376802
-32.91699007021241
-32.87682530585865
-32.836575712998574
-32.796232276539776
-32.755794630528555
-32.715272062907644
-32.674648704158486
-32.633937812353075
-32.59313733638573
-32.55223792247395
-32.5112534324136
-32.470171807402856
-32.42899853812294
-32.38773888911047
-32.346376652466795
-32.30492919560381
-32.263387209443394
-32.22175054240501
-32.18002857790831
-32.138203595862535
-32.09629218699261
-32.054287810515035
-32.012186785251146
-31.97000033558788
-31.927711839878246
-31.885335554532503
-31.842866826632804
-31.800300544073266
-31.757648721309177
-31.714894793024303
-31.67205276905381
-31.629117799049126
-31.586085423108493
-31.54296740255438
-31.499746194594007
-31.456437633761333
-31.413034603767052
-31.369535362938954
-31.32595018013972
-31.282260124205543
-31.238484293782314
-31.19461146110337
-31.15064465006049
-31.106588926719027
-31.062431011390508
-31.018187245760455
-30.973842945296113
-30.92940792649507
-30.884880029135445
-30.840253645223694
-30.79554134748948
-30.750723994150313
-30.70582019944023
-30.660818575604722
-30.615723183987303
-30.57053700216367
-30.525249918716224
-30.47987685094983
-30.434400031630677
-30.388835164863863
-30.34317316127405
-30.297416412993012
-30.25156895685163
-30.20562024971902
-30.159585513650786
-30.113446340256615
-30.06721956365162
-30.020894360776293
-29.97447547910698
-29.92796399852617
-29.88135295260895
-29.834654951954597
-29.787851687999357
-29.740962375502605
-29.693971400492003
-29.64688982236446
-29.599711816795093
-29.552437932575224
-29.50507267523409
-29.457606450020993
-29.41005372587372
-29.362395130376587
-29.314650512899124
-29.266803741228298
-29.218866741288032
-29.17083206219592
-29.122702664347372
-29.074479885055567
-29.026158079629884
-28.97774701386176
-28.9292327970155
-28.88063263253457
-28.831926638834016
-28.7831340874823
-28.73423943998679
-28.685254512279737
-28.636171048068697
-28.586993760512787
-28.537721323490093
-28.48835169863134
-28.438890139598232
-28.389328206070513
-28.339677382798797
-28.289923175372383
-28.24008295267717
-28.19013651230667
-28.140104357826633
-28.089968135991903
-28.039743837688757
-27.98941797901592
-27.93900159305637
-27.88848598755609
-27.83787757645354
-27.787172121499655
-27.736371754161663
-27.68547635456304
-27.6344841063386
-27.583398674411637
-27.5322146271385
-27.480939082778654
-27.429563324830085
-27.378097595583746
-27.326530221915487
-27.274874243051453
-27.223115355248193
-27.171269069828764
-27.11931877615049
-27.06728213510274
-27.015140550530987
-26.962913512717552
-26.910580759000947
-26.858163012018142
-26.80563949699084
-26.753030786122473
-26.70031687486581
-26.647517338452772
-26.594613018040818
-26.541622801344804
-26.48852806709541
-26.435347322343652
-26.38206217788747
-26.32869106431702
-26.275215521666823
-26.221654205568957
-26.16798828518794
-26.11423693995176
-26.060380670821978
-26.00643947697817
-25.952392896668293
-25.898261424538422
-25.844025196664976
-25.78970341897465
-25.735277820699206
-25.68076579695516
-25.626151034716194
-25.57144883325321
-25.516645120827647
-25.461752818874814
-25.406760377419715
-25.35167806116584
-25.296497119259502
-25.24122488391821
-25.185855677601378
-25.130393627475755
-25.074836400291876
-25.019184648838564
-24.963439651873955
-24.90759832176689
-24.851665813690577
-24.795635036884015
-24.73951528398663
-24.68329520177763
-24.626988478010734
-24.5705792411013
-24.5140848844634
-24.457487596673655
-24.400804264717372
-24.3440207275778
-24.28714859504987
-24.23017911025861
-24.173118361529802
-24.115963238619344
-24.05871406774406
-24.00137362411759
-23.943936234892114
-23.886410795859067
-23.828785401879756
-23.77107504563136
-23.71326212541205
-23.655364040536153
-23.597366980083937
-23.53928140523592
-23.48110055847118
-23.422827742310574
-23.3644634712186
-23.306003672463774
-23.24745634712782
-23.18880983461032
-23.130078656527
-23.07124688596128
-23.012329355287005
-22.953315502108197
-22.894211913534743
-22.835016377105983
-22.77572703562754
-22.71635022355415
-22.656875444517727
-22.597316353981903
-22.537657881832025
-22.47791378656674
-22.418075107948788
-22.358146349773854
-22.298127902074523
-22.238014833338774
-22.17781706231847
-22.117520045945806
-22.057139185294925
-21.996662815300756
-21.93609851318988
-21.875443988201393
-21.81469663459378
-21.753864430606047
-21.692934426202093
-21.63192100787482
-21.570812783980436
-21.509617279270042
-21.448332623229607
-21.3869554602855
-21.325494878648595
-21.263936496506087
-21.20229520231693
-21.140561353014604
-21.0787394631675
-21.016831014450442
-20.95482899580734
-20.892744451191447
-20.830564815510932
-20.76830080852775
-20.705947957256015
-20.64350498284681
-20.580979475774804
-20.518358039993444
-20.455654705546618
-20.39286106564963
-20.329979996751963
-20.267015165381196
-20.203956896483305
-20.14081720580635
-20.077586541460313
-20.01427042150183
-19.950870088402755
-19.887378102217774
-19.823805209635132
-19.760141436011168
-19.69639349204932
-19.632561631041646
-19.56863922754771
-19.50463647187498
-19.440543655789135
-19.376367299859346
-19.312108036623936
-19.24775870124324
-19.183329607052602
-19.11881196751576
-19.054210797843382
-18.989528410432168
-18.924755815188774
-18.85990409393561
-18.79496600259964
-18.729943804671013
-18.664842723913132
-18.59965072844782
-18.534380279454222
-18.469026260952095
-18.403587008441058
-18.338069701801835
-18.27246447068049
-18.20677938197073
-18.14101411414808
-18.075161969692985
-18.009232507605557
-17.94321894489452
-17.877123493879278
-17.810951163304356
-17.744691123742435
-17.678353898614734
-17.611936929513927
-17.545435583518856
-17.478858158912736
-17.41219778232339
-17.345457376745138
-17.278641369540104
-17.211739496382833
-17.14476167572786
-17.07770613452105
-17.010567321533763
-16.94335377261112
-16.876059955610323
-16.808686627446573
-16.741239079390127
-16.673708990182185
-16.606102903609102
-16.538422561743413
-16.470658805170736
-16.40282175927546
-16.334908516857777
-16.266915087200857
-16.198848923373934
-16.13070487624683
-16.06248364247136
-15.994190244375174
-15.92581752328985
-15.857370396596153
-15.78885169011865
-15.720252460638346
-15.65158139440512
-15.582838284618049
-15.51401580998943
-15.44512279970247
-15.376156816499194
-15.307113811818546
-15.238000894983795
-15.168814294981148
-15.099552825069189
-15.030222081110509
-14.960817155287826
-14.89133932680001
-14.821792876941252
-14.752171950491007
-14.68247991178999
-14.612719918921018
-14.542885351087612
-14.47298129209921
-14.40300996062653
-14.3329641445341
-14.262850296587416
-14.192669872268075
-14.122415234736232
-14.052093870387942
-13.981706640148646
-13.911245641496489
-13.840719074338876
-13.770127301639803
-13.699462499916416
-13.628733084369538
-13.55793906317999
-13.487073059755618
-13.416143190842806
-13.345149468589218
-13.274084684746496
-13.202956797853933
-13.131765954650689
-13.060504851863966
-12.989181422483897
-12.917795892715107
-12.846341150552055
-12.774824694009338
-12.703246932223452
-12.631601281904599
-12.559894353067552
-12.48812692792885
-12.416293057802566
-12.344398250776905
-12.272443770081253
-12.200424400006655
-12.12834434781309
-12.05620545815939
-11.984003339204719
-11.911740713440626
-11.839420099886777
-11.767038014016109
-11.694595524500189
-11.622095910201825
-11.54953666995032
-11.476917064351806
-11.40424121018516
-11.331507658322483
-11.258713721773326
-11.185864425941833
-11.112959435124452
-11.039993989815628
-10.966974087440233
-10.893899997202592
-10.820766464613522
-10.747578827307137
-10.67433792151344
-10.60103984415305
-10.52768737957863
-10.454282578468614
-10.380822926995895
-10.307308578409012
-10.233742837653413
-10.160124610959924
-10.086451356735093
-10.012727666956959
-9.938953829419846
-9.865124744899349
-9.791246131178724
-9.717318342524445
-9.643337869230018
-9.569307390593439
-9.495228721684192
-9.421099950578942
-9.346920699473905
-9.272694254406739
-9.1984203028187
-9.124095404572193
-9.049724320132151
-8.975307354768267
-8.900840943560501
-8.826328388659123
-8.75177097571587
-8.677166843430877
-8.602516018529556
-8.527821369456392
-8.453082718855477
-8.378296855374318
-8.303468212369587
-8.22859710769401
-8.153680630219467
-8.078721265619679
-8.003720498170967
-7.92867715775338
-7.853590373408312
-7.778463255302346
-7.703296129611572
-7.628085461190398
-7.55283533319014
-7.477546280160754
-7.4022165338524255
-7.326846764710484
-7.2514391628207635
-7.175993673854135
-7.100507659641897
-7.024984914450365
-6.949425775584196
-6.8738282027583395
-6.798193746214776
-6.722524010160181
-6.646818651887735
-6.57107594163179
-6.495299074937074
-6.419488396343991
-6.343641854582995
-6.267761348518524
-6.1918481652284685
-6.115901907292823
-6.039921277120372
-5.963909112700595
-5.8878657653238315
-5.811789372506296
-5.735681773508906
-5.659544145305358
-5.583376209890959
-5.507176745096103
-5.4309484125241445
-5.354691569709713
-5.278404685461642
-5.202089246165037
-5.125746467968681
-5.0493763109962595
-4.972977383021422
-4.896552294518815
-4.820101408742514
-4.743623615291431
-4.667119860885428
-4.5905914966036
-4.514038788347013
-4.437460030961863
-4.360857857458581
-4.284232636268157
-4.207583718744668
-4.130911422718986
-4.054217280875845
-3.977501664360713
-3.900763170783257
-3.8240038172464477
-3.7472241984835457
-3.67042412471535
-3.5936032838986036
-3.516763392571028
-3.439904826170893
-3.363026760827882
-3.2861303409252427
-3.209216467290879
-3.1322853671369333
-3.055336176098859
-2.9783707572265166
-2.901389489670864
-2.8243920664992745
-2.7473788766646514
-2.6703510696992727
-2.593309026614914
-2.516252038861104
-2.43918148199978
-2.3620979256625625
-2.2850014872050486
-2.2078919801793138
-2.1307707137284413
-2.0536380716420717
-1.9764938446432552
-1.8993386802355907
-1.822173384338088
-1.7449983420592348
-1.667813138045714
-1.5906190112854495
-1.5134163858068934
-1.4362054209730843
-1.3589862932116985
-1.281759916628685
-1.2045266781543817
-1.1272865884020917
-1.0500402985023254
-0.9727883991119903
-0.8955312701923674
-0.8182689095519777
-0.7410021933005426
-0.6637315095741236
-0.5864571395299826
-0.5091794540318196
-0.43189905642092735
-0.35461633524519026
-0.27733158281353626
-0.20004532230241656
-0.1227579944829821
-0.04546998682083075
0.03181828419077656
0.10910655649264951
0.18639482879445596
0.26368310109632886
0.3409713733982019
0.41825964570007473
0.4955479180019477
0.5728361903037542
0.6501244626056271
0.7274127349074999
0.804701007209373
0.8819892795112458
0.9592775518130524
1.0365658241149251
1.1138540964167982
1.1911423687186713
1.2684306410205441
1.3457189133223506
1.4230071856242235
1.5002954579260965
1.5775837302279692
1.6548720025298422
1.7321602748316487
1.8094485471335215
1.8867368194353946
1.9640250917372677
2.0413133640391403
2.118601636340947
2.1958899086428203
2.2731781809446927
2.350466453246566
2.4277547255484384
2.505042997850245
2.582331270152118
2.6596195424539912
2.7369078147558645
2.814196087057737
2.8914843593595436
2.9687726316614165
3.046060903963289
3.123349176265162
3.200637448567035
3.2779257208688413
3.355213993170715
3.4325022654725874
3.5097905377744603
3.587078810076334
3.66436708237814
3.7416553546800126
3.8189436269818855
3.896231899283759
3.9735201715856316
4.050808443887439
4.128096716189311
4.205384988491184
4.282673260793057
4.35996153309493
4.437249805396736
4.51453807769861
4.591826350000482
4.669114622302355
4.746402894604228
4.823691166906034
4.900979439207907
4.978267711509781
5.0555559838116535
5.132844256113527
5.210132528415333
5.287420800717205
5.364709073019079
5.441997345320951
5.519285617622824
5.59657388992463
5.673862162226504
5.751150434528377
5.82843870683025
5.9057269791321225
5.98301525143393
6.060303523735802
6.137591796037675
6.214880068339548
6.292168340641421
6.369456612943227
6.446744885245101
6.524033157546973
6.601321429848847
6.678609702150719
6.755897974452526
6.833186246754399
6.910474519056271
6.987762791358144
7.065051063660018
7.1423393359618235
7.219627608263698
7.296915880565571
7.374204152867445
7.451492425169316
7.528780697471123
7.606068969772995
7.683357242074869
7.760645514376742
7.837933786678614
7.915222058980421
7.992510331282293
8.069798603584168
8.147086875886039
8.224375148187914
8.30166342048972
8.378951692791592
8.456239965093465
8.533528237395338
8.61081650969721
8.688104781999018
8.76539305430089
8.842681326602763
8.919969598904636
8.997257871206509
9.074546143508314
9.151834415810189
9.229122688112064
9.306410960413935
9.383699232715808
9.460987505017613
9.538275777319488
9.615564049621359
9.692852321923233
9.770140594225106
9.847428866526911
9.924717138828786
10.002005411130657
10.07929368343253
10.156581955734403
10.233870228036212
10.311158500338083
10.388446772639956
10.46573504494183
10.543023317243701
10.620311589545508
10.697599861847383
10.774888134149254
10.852176406451127
10.929464678753
11.006752951054807
11.084041223356678
11.161329495658553
11.238617767960426
11.315906040262298
11.393194312564106
11.470482584865978
11.54777085716785
11.625059129469722
11.702347401771597
11.779635674073404
11.856923946375277
11.93421221867715
12.01150049097902
12.088788763280895
12.166077035582703
12.243365307884574
12.320653580186448
12.397941852488321
12.475230124790192
12.552518397092
12.629806669393872
12.707094941695747
12.78438321399762
12.86167148629949
12.938959758601296
13.01624803090317
13.093536303205044
13.170824575506916
13.248112847808791
13.325401120110595
13.40268939241247
13.479977664714342
13.557265937016215
13.634554209318088
13.711842481619893
13.789130753921768
13.866419026223639
13.943707298525513
14.020995570827386
14.098283843129193
14.175572115431065
14.252860387732937
14.33014866003481
14.407436932336685
14.484725204638492
14.562013476940361
14.63930174924224
14.71659002154411
14.793878293845982
14.871166566147789
14.948454838449663
15.025743110751534
15.103031383053407
15.180319655355282
15.257607927657087
15.33489619995896
15.412184472260831
15.489472744562706
15.566761016864579
15.644049289166384
15.72133756146826
15.798625833770132
15.875914106072003
15.953202378373875
16.030490650675684
16.107778922977555
16.18506719527943
16.262355467581305
16.339643739883176
16.416932012184983
16.494220284486854
16.57150855678873
16.6487968290906
16.726085101392474
16.80337337369428
16.880661645996152
16.957949918298024
17.035238190599898
17.112526462901773
17.18981473520358
17.267103007505447
17.344391279807326
17.421679552109197
17.498967824411068
17.57625609671288
17.65354436901475
17.730832641316624
17.808120913618495
17.88540918592037
17.962697458222173
18.039985730524048
18.117274002825923
18.194562275127794
18.271850547429665
18.349138819731472
18.426427092033347
18.503715364335218
18.581003636637092
18.658291908938967
18.73558018124077
18.812868453542645
18.890156725844516
18.96744499814639
19.044733270448262
19.12202154275007
19.199309815051944
19.276598087353815
19.35388635965569
19.43117463195756
19.508462904259368
19.58575117656124
19.663039448863113
19.740327721164988
19.81761599346686
19.894904265768663
19.97219253807054
20.049480810372412
20.126769082674283
20.204057354976158
20.281345627277965
20.35863389957984
20.435922171881707
20.51321044418358
20.590498716485456
20.66778698878726
20.745075261089134
20.82236353339101
20.89965180569288
20.976940077994755
21.05422835029656
21.131516622598436
21.208804894900304
21.28609316720218
21.363381439504057
21.440669711805857
21.51795798410773
21.595246256409606
21.672534528711477
21.74982280101335
21.827111073315155
21.90439934561703
21.981687617918904
22.058975890220772
22.136264162522647
22.213552434824454
22.29084070712633
22.3681289794282
22.445417251730074
22.522705524031945
22.599993796333752
22.677282068635627
22.7545703409375
22.831858613239373
22.909146885541247
22.986435157843054
23.063723430144922
23.141011702446797
23.21829997474867
23.295588247050542
23.37287651935235
23.450164791654224
23.527453063956095
23.60474133625797
23.682029608559837
23.75931788086165
23.83660615316352
23.913894425465394
23.991182697767268
24.06847097006914
24.145759242370946
24.223047514672817
24.300335786974692
24.377624059276567
24.454912331578438
24.532200603880245
24.60948887618212
24.686777148483987
24.76406542078586
24.841353693087736
24.918641965389543
24.995930237691415
25.07321850999329
25.15050678229516
25.227795054597035
25.305083326898842
25.382371599200717
25.459659871502588
25.536948143804462
25.614236416106337
25.691524688408137
25.76881296071001
25.846101233011883
25.923389505313757
26.000677777615632
26.077966049917435
26.15525432221931
26.232542594521185
26.309830866823052
26.387119139124927
26.464407411426734
26.54169568372861
26.61898395603048
26.696272228332354
26.77356050063423
26.850848772936033
26.928137045237907
27.005425317539782
27.082713589841653
27.160001862143528
27.237290134445335
27.314578406747202
27.391866679049077
27.46915495135095
27.546443223652822
27.62373149595463
27.7010197682565
27.77830804055838
27.85559631286025
27.93288458516212
28.01017285746393
28.087461129765803
28.164749402067677
28.242037674369545
28.31932594667142
28.396614218973227
28.473902491275098
28.551190763576972
28.628479035878847
28.705767308180718
28.783055580482525
28.860343852784393
28.937632125086267
29.014920397388142
29.092208669690013
29.169496941991817
29.24678521429369
29.324073486595566
29.401361758897437
29.47865003119931
29.55593830350112
29.633226575802993
29.71051484810486
29.787803120406736
29.86509139270861
29.942379665010417
30.019667937312292
30.096956209614163
30.174244481916038
30.251532754217905
30.328821026519716
30.406109298821583
30.48339757112346
30.560685843425336
30.637974115727204
30.71526238802901
30.792550660330885
30.86983893263276
30.94712720493463
31.024415477236506
31.101703749538313
31.178992021840187
31.25628029414205
31.333568566443926
31.410856838745808
31.48814511104767
27.523167481422682
27.574362915623876
27.625471136215666
27.676474786105455
27.72739296357028
27.778204786942748
27.82893104499098
27.879552929511245
27.93008719522912
27.980519239139177
28.030861446037505
28.081103754988177
28.1312538429549
28.181306529933593
28.23126444518623
28.28112763044447
28.33089332548232
28.38056713646326
28.43014057001955
28.479625141285197
28.529006278279006
28.57830157712064
28.627490562925605
28.676593505900435
28.725593549686874
28.774504116540253
28.823315377231527
28.872033553730866
28.92065619704792
28.96918197493409
29.01761617332223
29.06594955026088
29.114195482816676
29.16233646234935
29.210391448608735
29.258342906242667
29.306205490434387
29.35396908926679
29.401639289015677
29.449215230908234
29.496693069549003
29.544081562691616
29.59136706921971
29.63856653400379
29.68566153707966
29.732668701112225
29.77957673392479
29.82639163976906
29.8731129321725
29.91973562788538
29.96627041573924
30.012700954821952
30.059045450606245
30.105287921266715
30.151440326486153
30.197496839112357
30.24345722031801
30.289328031333948
30.335096460353615
30.380778874845102
30.42635838575545
30.47184894008482
30.517243346474455
30.562542125118558
30.607751703127988
30.652858795672735
30.697879928789053
30.74279932796891
30.78762889217785
30.832364108601976
30.8770022057376
30.921553534418596
30.966000271256508
31.010361129344425
31.05462350060391
31.098793139963878
31.142872315609104
31.186850854864456
31.230743585906513
31.27453471048894
31.318236499793247
31.361845152949346
31.4053561307052
31.448781382926633
31.492102938960127
31.535337554405512
31.578477394255646
31.621521514399163
31.664479975549465
31.707333746404903
31.750101931058342
31.792774743011982
31.83535277562971
31.877845005782522
31.920233043266226
31.96253560546272
32.00474324875844
32.04685602853635
32.08888340105029
32.13080708045451
32.17264489220019
32.2143892975229
32.25603772215207
32.297600868148535
32.3390624398063
32.38043643518773
32.42171960230188
32.4629046308909
32.50400452031591
32.545006024595104
32.58591719819588
32.62674119359575
32.66746384509069
32.70810150746937
32.74864505010008
32.789094455425435
32.82945896215681
32.86972276161687
32.909899284483096
32.94998703423754
32.9899757821479
33.02987979776684
33.06968907453192
33.109405601867294
33.149037496774376
33.18856904541463
33.22801374649846
33.26737076583553
33.30662849651868
33.345801776693804
33.38488239483938
33.42386901196442
33.46277128741722
33.501576282546786
33.54029220974433
33.578923907329404
33.61745406966705
33.655899741110474
33.694257542180736
33.7325174297336
33.77069328996523
33.80877765795276
33.846768068496964
33.88467457225498
33.922486328066334
33.960207723320956
33.99784533536712
34.035385310997555
34.07283816258213
34.110207357530406
34.14747639580883
34.18466118507253
34.221760753557874
34.25876140155419
34.295678619406075
34.3325087342318
34.369242176688246
34.405892323428276
34.442453854856254
34.4789205984786
34.515304183629674
34.55159801182503
34.587798572422
34.62391611456289
34.65994312934715
34.69587803166416
34.7317300582635
34.767491158869596
34.803160936423424
34.83874798367463
34.87424407850381
34.909649273418246
34.94497188607553
34.98020389245597
35.01534505529864
35.05040378651396
35.085372630461514
35.120250320081574
35.15504573124276
35.1897523472234
35.22436713059047
35.25889979116028
35.293345121854664
35.327697573898696
35.361968061255084
35.396153057324995
35.43024376077734
35.46425266005478
35.49817827991154
35.532007825147105
35.56575572907902
35.59942203638703
35.63299192353448
35.66647943229686
35.69988551030845
35.73319823453228
35.76642595558833
35.79957241402475
35.83262895826437
35.86559750621049
35.89848496188257
35.931286315855026
35.9639963122678
35.996625388923306
36.029172548902466
36.06162462218696
36.093995950359165
36.12628658160031
36.158484704196255
36.19059892105369
36.22263261833447
36.254578845809384
36.28643659500686
36.318214004013505
36.3499093533139
36.38151128484464
36.41303305755996
36.4444747216519
36.475825321313266
36.507092115870364
36.538278985712886
36.56938105277807
36.60039353331537
36.63132627494212
36.662179329177114
36.692939681244475
36.72361896650986
36.75421875260123
36.784732947495435
36.81515945393252
36.845506651215906
36.87577459213193
36.90595014658807
36.93604543989685
36.9660616691548
36.995993469236176
37.02583754876219
37.055602758265664
37.085289151742295
37.11488542269873
37.14440030953256
37.173836576548794
37.20319152089297
37.2324567871869
37.261643631495126
37.290752108965634
37.3197746691604
37.34871279938448
37.3775727626707
37.40635461479327
37.43504657612895
37.46365874012816
37.492192994869065
37.52064747029758
37.549012554475354
37.57729993278731
37.60550966207302
37.63363673092903
37.66167795816548
37.689641741664225
37.71752813884306
37.745329612130675
37.77304818087059
37.80068957041474
37.828253838742214
37.85573153600228
37.883128654404075
37.91044886048924
37.9376922127815
37.96484796158696
37.991924847178616
38.018925089594305
38.04584874788586
38.07268438334461
38.099442262683944
38.126123770174736
38.15272896538064
38.17924632964577
38.205686437985115
38.23205044791628
38.258338419498656
38.2845393612862
38.31066294224145
38.33671070026896
38.36268269590792
38.38856907002191
38.41437737524603
38.440110134990945
38.465767410259936
38.491341077125014
38.51683536598586
38.542254388713104
38.56759820675865
38.59286103195997
38.61804257122258
38.6431491255242
38.66818075675001
38.693134610580636
38.71800467409387
38.74280003557658
38.767520757332164
38.79216690176063
38.81672738273539
38.841212833712646
38.86562392998617
38.88996073435602
38.9142164289233
38.938393258111624
38.962496019227316
38.986524775455784
39.010477566737265
39.03434706895713
39.058142791276964
39.08186479725311
39.10551315052827
39.12908004712495
39.15257003275482
39.17598659204658
39.19932978899648
39.22259799289144
39.24578354939158
39.26889597095721
39.29193532192406
39.314901666707435
39.33778916476204
39.360598762665866
39.38333558303503
39.405999690607466
39.428591150197114
39.45110081217094
39.473536422091954
39.49589961384846
39.51819045256043
39.5404079795662
39.562543703678195
39.58460730544241
39.60659885027157
39.62851840364783
39.65036330600015
39.67212864775504
39.69382222979575
39.715444117881155
39.736994377836076
39.75846953533232
39.7798664895143
39.80119204827821
39.822446277709844
39.84362924395754
39.86473753857539
39.88576810750487
39.90672764686948
39.927616223063076
39.94843390253868
39.969178217609624
39.98984441056981
40.010439941272004
40.0309648763996
40.051419282691874
40.071802502093014
40.09210633476769
40.11233987384349
40.13250318627515
40.15259633907007
40.17261939928764
40.19256484035688
40.212438410592256
40.232242124348815
40.2519760488843
40.27164025150528
40.291230908842266
40.31074653823493
40.33019268245178
40.3495694089834
40.36887678536617
40.38811487918165
40.40727526131616
40.42636586971787
40.44538743299545
40.46434001889801
40.48322369521677
40.50203559938968
40.5207727097756
40.53944114853063
40.55804098359988
40.57657228296765
40.59503511465693
40.613424238000945
40.63174159444477
40.649990721716655
40.66817168797764
40.68628456142449
40.70432941028922
40.72229981816332
40.74020028357349
40.75803296338295
40.77579792594636
40.7934952396507
40.811124972914946
40.82868072497013
40.846167167317525
40.86358626860416
40.88093809735651
40.89822272213019
40.91544021150942
40.93258536037674
40.94966065177641
40.966669047483954
40.98361061617648
41.000485426557
41.01729354735393
41.03403213737108
41.05069915318737
41.067299719372336
41.083833904733
41.100301778099144
41.11670340832284
41.13303886427799
41.149301092273454
41.16549670723683
41.181626388105514
41.19769020381592
41.21368822332372
41.2296205156034
41.24548488874412
41.26127843218585
41.277006488672235
41.29266912722671
41.308266416889005
41.32379842671469
41.33926522577473
41.3546633081425
41.36999262080651
41.3852569630298
41.40045640391712
41.41559101258616
41.430660858167144
41.44566600980241
41.460603185721176
41.47547211196895
41.490276584561265
41.50501667265948
41.51969244543466
41.5343039720672
41.548851321746376
41.563332955846
41.57774533926387
41.59209378589992
41.6063783649482
41.62059914560927
41.63475619708997
41.64884958860287
41.662879389365926
41.67684070599608
41.69073696806111
41.70456987933325
41.71833950901953
41.732045926330166
41.745689200478076
41.75926940067863
41.77278657547139
41.78623449077189
41.79961957179272
41.81294188772491
41.82620150775977
41.839398501088425
41.85253293690145
41.865604884388496
41.87861441273795
41.89155574642848
41.90443458067256
41.91725123500781
41.930005778582014
41.942698280539595
41.95532881002125
41.96789743616357
41.98040422809871
41.992845824752195
42.005223338456325
42.01753925667588
42.02979364848842
42.04198658296503
42.05411812916999
42.066188356160445
42.07819733298603
42.090145128688484
42.10202708610347
42.11384718352116
42.125606337882125
42.137304618158474
42.14894209331254
42.16051883229658
42.17203490405239
42.18349037751098
42.19488532159225
42.20621612601073
42.217484945017546
42.228693471949605
42.23984177564272
42.25092992491978
42.261957988590396
42.272926035450574
42.283834134282415
42.29468235385379
42.30547043107621
42.316194091351555
42.32685810880236
42.337462552098614
42.34800748989433
42.35849299082719
42.36891912351831
42.37928595657183
42.38959355857467
42.39984199809622
42.41003134368802
42.4201574755208
42.43022415322829
42.4402319722892
42.45018100114133
42.46007130820296
42.469902961872556
42.4796760305285
42.48939058252877
42.499046686210676
42.50864440989052
42.518183535442446
42.52766030438488
42.53707892742559
42.54643947275342
42.55574200853462
42.56498660291267
42.57417332400785
42.58330223991713
42.592373418713755
42.60138692844701
42.61034283714199
42.619241212799245
42.62808022135272
42.636859673511715
42.64558182520945
42.65424674430355
42.66285449862562
42.671405155981056
42.67989878414871
42.68833545088065
42.696715223901904
42.70503817091021
42.713304359575716
42.721513857540785
42.72966673241964
42.73775964700026
42.74579577599281
42.753775512679134
42.76169892451488
42.769566078926275
42.777377043309805
42.78513188503199
42.792830671429144
42.80047346980715
42.808060347441156
42.81559137157541
42.823066609422945
42.83048612816538
42.83784950258826
42.84515443202645
42.85240387118734
42.85959788707939
42.86673654667838
42.87381991692714
42.88084806473529
42.88782105697907
42.89473896050109
42.901601842110075
42.90840976858068
42.915162806653235
42.92186102303352
42.92850448439256
42.93509325736638
42.94162740855584
42.94810475557137
42.9545269314382
42.960894711793976
42.967208163049946
42.97346735158101
42.97967234372541
42.98582320578466
42.991920004023186
42.9979628046682
43.0039516739095
43.00988667789918
43.015767882751526
43.02159535454274
43.027369159310794
43.03308936305511
43.03875603173653
43.04436923127697
43.04992887092056
43.05543283156956
43.060883546433615
43.06628108122926
43.071625501633136
43.07691687328168
43.08215526177107
43.08734073265693
43.0924733514542
43.0975531836369
43.10258029463795
43.10755474984906
43.1124766146204
43.11734595426056
43.12216283403625
43.126927319172204
43.131639474850935
43.13629936621258
43.140907058354735
43.145462616332246
43.14996610515705
43.15441758979799
43.1588158609463
43.1631615753857
43.167455504987885
43.17169771449822
43.17588826861806
43.18002723200455
43.18411466927046
43.18815064498406
43.19213522366891
43.1960684698037
43.199950447822076
43.20378122211253
43.20756085701815
43.21128941683652
43.21496696581955
43.21859356817329
43.222169288057806
43.22569418958698
43.229168336828394
43.23259179380315
43.235964624485725
43.2392868928038
43.242558662638096
43.24577999782229
43.248950962142786
43.252071619338594
43.255142033101166
43.2581622670743
43.2611323848539
43.26405170992738
43.266920508456764
43.269739404485534
43.27250846136601
43.27522774240184
43.27789731084797
43.28051722991042
43.28308756274623
43.28560837246319
43.28807972211981
43.29050167472517
43.292874293238754
43.29519764057031
43.29747177957974
43.29969677307693
43.3018726838217
43.30399957452357
43.306077507841685
43.30810654638467
43.31008675271051
43.3120181893264
43.31390091868866
43.31573500320256
43.317520505222234
43.31925748705049
43.32094601093879
43.322586139087036
43.324177933643476
43.32572145670461
43.32721677031502
43.32866393646729
43.330063017101864
43.331414074106945
43.33271716931836
43.33397236451945
43.33517972144096
43.33633930176092
43.33745116710455
43.33851537904409
43.33953199909873
43.34050108873453
43.341422709364245
43.34229692234723
43.34312378898938
43.34390337054295
43.34463572820649
43.34532092312475
43.34595901638853
43.3465500690346
43.3470941420456
43.34759129634995
43.34804159282171
43.348445092280464
43.348801855491295
43.349111943164644
43.34937541595616
43.349592334466685
43.34976275924212
43.34988675077328
43.34996436949589
43.34999567579043
43.34998072998203
43.34991959234042
43.349812323079796
43.349658982358754
43.349459630280194
43.3492143268912
43.34892313218298
43.34858610609079
43.3482033084938
43.34777479921501
43.34730063802123
43.346780884622895
43.34621559867406
43.345604839772236
43.344948667458404
43.344247141216854
43.343500320475115
43.34270826460389
43.341871032916956
43.34098868467112
43.34006127906607
43.33908887524437
43.33807153229132
43.33700930923492
43.33590226504578
43.33475045863703
43.33355394886424
43.33231279452537
43.3310270543607
43.32969678705269
43.32832205122599
43.326902905447334
43.325439408225435
43.32393161801097
43.322379593196445
43.3207833921162
43.31914307304628
43.3174586942044
43.315730313749846
43.313957989783404
43.31214178034737
43.31028174342537
43.3083779369424
43.306430418764656
43.30443924669957
43.30240447849568
43.30032617184259
43.298204384370905
43.29603917365218
43.293830597198834
43.291578712464094
43.28928357684197
43.28694524766715
43.28456378221497
43.28213923770133
43.27967167128267
43.27716114005591
43.274607701058336
43.27201141126763
43.26937232760173
43.26669050691886
43.26396600601741
43.261198378243904
43.25838750119893
43.25553409719649
43.25263822284765
43.249699934703465
43.24671928925477
43.24369634293232
43.240631152106545
43.23752377308765
43.2343742621255
43.23118267540955
43.22794906906889
43.22467349917208
43.22135602172719
43.21799669268173
43.21459556792257
43.211152703276
43.207668154507516
43.20414197732195
43.20057422736332
43.196964960214835
43.193314231398816
43.189622096376695
43.185888610548936
43.18211382925505
43.17829780777348
43.174440601321656
43.170542265055836
43.16660285407119
43.16262242340169
43.15860102802009
43.15453812015104
43.150433254095454
43.146287572681025
43.142101130687344
43.13787398283261
43.13360618377354
43.12929778810537
43.124948850361875
43.120559425015244
43.1161295664761
43.111659329093435
43.107148767154655
43.10259793488545
43.09800688644984
43.093375675950085
43.088704357426735
43.083992984858504
43.07924161216235
43.07445029319334
43.0696190817447
43.064748031547744
43.0598371962719
43.05488662952463
43.049896384851415
43.04486457660956
43.039793054778684
43.03468200129114
43.02953146949588
43.024341512679726
43.01911218406741
43.01384353682147
43.008535624042274
43.003188498768004
42.99780221397461
42.9923768225758
42.98691237742303
42.981408931305474
42.97586653695003
42.970285247021266
42.964665114121395
42.95900619079033
42.953308529505584
42.94757218268229
42.94179663959011
42.93598071377805
42.930126246238615
42.92423328918836
42.91830189478136
42.91233211510919
42.90632400220091
42.90027760802306
42.89419298447961
42.88807018341201
42.88190925659913
42.87571025575726
42.86947323254013
42.86319823853882
42.85688532528188
42.85053454423517
42.844145946801966
42.83771958432289
42.831253281623454
42.82474892385875
42.81820694251082
42.811627388720304
42.805010313565084
42.798355768060354
42.79166380315856
42.784934469749444
42.77816781866003
42.77136390065456
42.764522766434595
42.757644466638894
42.75072905184353
42.74377657256176
42.736787079244124
42.729760377069674
42.722694183043295
42.71559111449045
42.70845122166077
42.70127455474106
42.69406116385536
42.686811099064855
42.67952441036798
42.672201147700335
42.66484136093472
42.65744509988116
42.65001241428685
42.64254335383619
42.63503796815082
42.627496306789524
42.61991681162054
42.61229972900778
42.604646508264686
42.59695719874858
42.589231849753936
42.581470510512425
42.57367323019293
42.565840057901504
42.55797104268143
42.550066233513185
42.542125679314466
42.53414942894019
42.5261375311825
42.51809003477077
42.51000401195647
42.50188227146182
42.49372506802625
42.4855324501773
42.47730446637972
42.469041165035534
42.46074259448401
42.452408803001674
42.44403983880234
42.435635750037086
42.42719658479428
42.418722391099614
42.410212845322604
42.40166539915871
42.39308305869749
42.38446587176263
42.37581388611518
42.3671271494535
42.35840570941331
42.349649613567664
42.340858909427006
42.33203364443917
42.323173865989375
42.31427962140028
42.305350957931964
42.296384672524354
42.28738382396059
42.27834868897181
42.26927931461619
42.26017574788933
42.251038035724314
42.241866224991725
42.23266036249965
42.22342049499374
42.214146669157174
42.20483893161068
42.19549622581948
42.186117190277294
42.17670437405677
42.16725782357683
42.15777758519406
42.148263705202694
42.138716229834564
42.12913520525922
42.119520677583886
42.10987269285352
42.10019129705079
42.090475970039265
42.0807241553533
42.070939059203745
42.06112072737176
42.051269205576276
42.04138453947407
42.031466774659755
42.0215159566658
42.01153213096258
42.00151534295834
41.9914656379993
41.981381474241125
41.97126222150949
41.96111018000973
41.95092539488688
41.94070791122402
41.93045777404222
41.920175028300605
41.90985971889642
41.899511890664996
41.88913158837978
41.878718694925084
41.86826962577318
41.8577882094725
41.847274490595765
41.83672851365389
41.826150323096066
41.815539963309746
41.80489747862069
41.794222913293
41.783516311529105
41.77277771746985
41.76200313638616
41.75119663132968
41.740358259464145
41.72948806473022
41.71858609100699
41.7076523821121
41.69668698180173
41.685689933770625
41.67466128165212
41.66360004435033
41.65250416761411
41.641376811137626
41.630218018354554
41.61902783263723
41.60780629729678
41.59655345558304
41.58526935068471
41.57395402572928
41.56260752378313
41.55122664976136
41.5398136845412
41.52836966540233
41.516894635212076
41.505388636776715
41.49385171284157
41.48228390609097
41.47068525914841
41.459055814576416
41.44739334478662
41.43569811233313
41.42397220418787
41.412215662714985
41.4004285302178
41.38861084893898
41.37676266106043
41.36488400870346
41.352974933928756
41.34103323707201
41.32905904463691
41.31705455059016
41.30501979679467
41.292954825052846
41.28085967710665
41.2687343946376
41.25657901926689
41.244393592555355
41.232175029112405
41.219925149796545
41.207645338817485
41.195335637539024
41.18299608726472
41.17062672923799
41.15822760464212
41.14579875460031
41.133339862712816
41.12084714233986
41.108324815209905
41.09577292224975
41.08319150432628
41.070580602246466
41.057940256757405
41.04527050854639
41.032571398240925
41.01984004328192
41.00707771802309
40.994286148236895
40.981465374355246
40.96861543675043
40.95573637573515
40.94282823156257
40.92989104442635
40.916923201219156
40.90392337291881
40.89089461823933
40.87783697717955
40.86475048967891
40.851635195617575
40.83849113481641
40.82531834703708
40.812115798793855
40.79888093968477
40.78561746920267
40.77232542691515
40.759004852330754
40.74565578489901
40.73227826401043
40.718872328996675
40.70543685323687
40.691969412781525
40.67847367283008
40.66494967252088
40.65139745093353
40.637817047088895
40.62420849994917
40.61057184841793
40.596905216940605
40.58320762191937
40.5694820361632
40.555728498383225
40.54194704723214
40.52813772130423
40.5143005591354
40.500435599203215
40.48653957806119
40.47261423266432
40.45866120219184
40.44468052492979
40.43067223910606
40.41663638289043
40.40257299439467
40.38848175480079
40.37435846114865
40.360207747071854
40.34602965049136
40.33182420927027
40.31759146121383
40.30333144406952
40.2890441955271
40.27472683075633
40.2603802278041
40.24600650434766
40.23160569788688
40.21717784586409
40.20272298566415
40.18824115461446
40.173731360952026
40.15919064954826
40.14462307736279
40.13002868153396
40.115407499142854
40.10075956721332
40.08608492271209
40.071383602548735
40.056650928163805
40.041891271156814
40.02710504760192
40.012292294220615
39.99745304767748
39.98258734458021
39.96769522147972
39.952772890541354
39.93782289843855
39.92284659462772
39.90784401547251
39.89281519727995
39.87776017630048
39.862678988728014
39.84756827494364
39.832429683347975
39.81726503263884
39.80207435882375
39.78685769785393
39.77161508562432
39.756346557973636
39.74104873135607
39.72572326180835
39.71037198350671
39.694994932104386
39.67959214319856
39.66416365233046
39.6487094949854
39.63322582184647
39.61771518188713
39.602178981309095
39.586617255413074
39.57103003944407
39.55541736859139
39.53977927798878
39.52411102093363
39.50841690416594
39.49269747270123
39.476952761489535
39.46118280542548
39.44538763934834
39.42956652417542
39.41371571596427
39.39783980211883
39.381938817295456
39.36601279609538
39.35006177306473
39.33408578269461
39.31808238873868
39.302051207498394
39.28599516249873
39.26991428804881
39.25380861840293
39.237678187760615
39.22152303026672
39.20533860960646
39.18912870970235
39.172894185731764
39.15663507165849
39.14035140139182
39.1240432087866
39.107708886303634
39.09134632863599
39.0749593507496
39.05854798631908
39.042112268964814
39.02565223225307
39.00916790969596
38.99265484631925
38.97611660203074
38.95955417322867
38.9429675932459
38.926356895361415
38.90972211280034
38.89306104722755
38.87637271599307
38.859660400754414
38.84292413455826
38.8261639503977
38.80937988121223
38.792571673460635
38.77573442671285
38.75887339495592
38.741988610951765
38.72508010740896
38.70814791698277
38.691192072275285
38.67420842609597
38.65719983975705
38.64016769837519
38.62311203437583
38.606032880131444
38.58893026796156
38.57180136405175
38.55464637712004
38.53746803085069
38.52026635738748
38.50304138882146
38.485793157191004
38.468519848668905
38.45121960722186
38.43389620065065
38.416549660818774
38.39918001953727
38.38178730856482
38.3643704463937
38.346926088632834
38.329458758476605
38.3119684875096
38.29445530726434
38.276919249221194
38.25935968221033
38.24177233849738
38.224162213640305
38.20652933894635
38.1888737456709
38.17119546501751
38.15349403982337
38.13576483271663
38.11801303424686
38.100238675445354
38.08244178729182
38.06462240071445
38.04677996184208
38.02891000613334
38.01101764737981
37.99310291633829
37.97516584371428
37.957206460162055
37.93922384996676
37.92121425271842
37.903182439288074
37.885128440159484
37.86705228576542
37.84895400648772
37.83083206517692
37.81268392575945
37.79451375557474
37.776321584835
37.758107443701746
37.73987136228585
37.72161092792118
37.703325338050895
37.6850179013876
37.66668864787348
37.64833760740024
37.62996480980931
37.611566718309
37.593144762086105
37.57470114161146
37.55623588655867
37.53774902655121
37.51924059116252
37.50070567630388
37.482148430250795
37.46356970106185
37.44496951814358
37.4263479108527
37.40770413619014
37.38903400191837
37.370342535018345
37.351629764680595
37.3328957200461
37.31414043020632
37.295361327598535
37.27655785541036
37.25773322914634
37.23888747773266
37.22002063004626
37.20113271491484
37.18221911216001
37.16328335748105
37.14432662587476
37.12534894600452
37.10635034648474
37.08732973819602
37.06828357864797
37.049216589474185
37.03012879912547
37.01102023600391
36.991890928462894
36.97273730470054
36.95356077663942
36.93436359357668
36.91514578370306
36.89590737516085
36.87664793084999
36.85736257865336
36.83805671671672
36.81873037302051
36.799383575496925
36.78001635203005
36.76062537004136
36.74121153916337
36.721777370670495
36.702322892285856
36.68284813168468
36.66335250863988
36.64383141486217
36.6242901267118
36.60472867170377
36.58514707730545
36.56554537093658
36.54591968115539
36.52627197461677
36.506604243357195
36.48691651463719
36.4672088156699
36.447479658851336
36.427726231340685
36.40795292035256
36.38815975294161
36.36834675611535
36.348513956834296
36.328656197391545
36.30877799936598
36.288880085067085
36.26896248129776
36.24902521481416
36.22906515690001
36.20908276071335
36.189080787518876
36.16905926391591
36.14901821645724
36.128956377689896
36.10887046842082
36.088765120529644
36.06864036041314
36.048496214421725
36.02833270885958
36.00814437029547
35.98793632813022
35.96770901104817
35.94746244519841
35.92719665668405
35.90690769799642
35.886597638220685
35.86626843996627
35.84592012918196
35.82555273177078
35.805163667106086
35.784752262641796
35.76432185527072
35.743872470742346
35.72340413476066
35.70291547720179
35.68240339724656
35.66187244909442
35.641322658296595
35.62075405035904
35.60016631192765
35.579554221972195
35.558923397671926
35.53827386438082
35.5176056474078
35.49691877201683
35.47620790091222
35.45547786141159
35.434729245722416
35.41396207895764
35.39317638618545
35.37236758238891
35.351538984968016
35.33069194331258
35.309826482340554
35.28894262692541
35.26803639902585
35.24710989731473
35.226165082478985
35.205201979242624
35.18422061228542
35.1632174678208
35.14219371181701
35.121151772958704
35.10009167577697
35.07901344475891
35.05791389021872
35.036793526305
35.015655108971316
34.994498662556865
34.97332421135708
34.95212875218504
34.930912423147
34.90967816929226
34.888426014769145
34.86715598368244
34.84586512427906
34.82455346932291
34.8032240173263
34.78187679224769
34.760511818002264
34.73912606172756
34.71771971649786
34.696295701181185
34.67485403954715
34.65339475532238
34.63191460449865
34.61041420109607
34.588896253741524
34.567360786016835
34.54580782146105
34.52423377737559
34.502639944374785
34.48102869274281
34.45940004587471
34.43775402712303
34.416086590031064
34.39439995249843
34.37269602084552
34.35097481828163
34.329236367973785
34.307476037101225
34.28569721661283
34.263901225709425
34.24208808741558
34.220257824713855
34.19840509826028
34.176534712919704
34.15464728006805
34.1327428225462
34.11082112573459
34.08887673829485
34.06691540275112
34.0449371418032
34.02294197810931
34.000928755105214
33.97889390717869
33.95684223264419
33.934773754019666
33.91268849378166
33.89058423997756
33.86845954014741
33.84631813441585
33.82416004511994
33.80198529455563
33.779790504328986
33.75757655777336
33.73534602523769
33.713098928879205
33.69083529081426
33.66855045753056
33.64624786604051
33.62392880771093
33.60159330452021
33.57924126210785
33.556866994422066
33.53447635641962
33.512069369941514
33.489646056788395
33.46720483228311
33.44474299538719
33.42226490594321
33.39977058561522
33.37726005602706
33.354730140027854
33.33218132642862
33.30961637728094
33.28703531407288
33.26443815825255
33.24182004035846
33.219184839243376
33.19653361881474
33.17386640038566
33.15118245177013
33.128477374043
33.105756371298135
33.08301946471422
33.060266675430434
33.03749537932216
33.014704967676494
32.991898745904635
32.969076735012095
32.946238955965136
32.92338079923039
32.90050563375648
32.87761477229507
32.854708235679546
32.83178525238678
32.80884151322186
32.78588217075843
32.76290724569764
32.73991675870177
32.71690776442453
32.69388030905903
32.670837363211284
32.64777894741205
32.624705082153504
32.60161056105086
32.57849996061544
32.55537398177301
32.53223264488503
32.50907429580427
32.485896405527605
32.46270322795116
32.43949478330624
32.416271091785994
32.39302806080709
32.36976804736086
32.34649285738849
32.323202510953806
32.29989628457434
32.276569796683724
32.25322822237647
32.2298715815876
32.2064998942144
32.18310982788799
32.15970222880752
32.136279652795785
32.11284211962211
32.08938948824779
32.065916222531
32.04242806900487
32.01892504731128
31.9954071770548
31.971871544727783
31.948318169978865
31.92475001563101
31.901167101162198
31.877569446013243
31.853951290838708
31.83031835829344
31.806670753645612
31.78300849621023
31.75932876208165
31.73563140439306
31.71191946219874
31.68819295468843
31.66445190101518
31.640690478426205
31.616914549923127
31.593124143156523
31.569319277154964
31.545496900310447
31.521657335347673
31.49780337875662
31.473935049441973
31.45005198540399
31.426149132447996
31.402231974083655
31.378300529092318
31.354354816219274
31.33039125066591
31.306411237204802
31.282417022800477
31.25840862607566
31.234384994928874
31.210342471678963
31.186285832758678
31.16221509666878
31.13813028187436
31.11402697657618
31.089908256676388
31.06577552434938
31.04162879793907
31.017466046497056
30.993285587799715
30.969091201010986
30.944882904354152
30.920660716017245
30.896419114930907
30.87216341410929
30.84789388723067
30.823610552363213
30.799310122447775
30.774993446681627
30.750663028267354
30.726318885153855
30.7019598903231
30.677582577366415
30.653191604770118
30.628786990364453
30.604368751944975
30.579932080422548
30.55548088967145
30.531016139602936
30.506537847894645
30.482043225748978
30.457532151549852
30.4330076001293
30.408469589047588
30.383917278904004
30.35934665464932
30.33476263487509
30.310165237024815
30.285554478507898
30.260925658898756
30.236282502462842
30.211626049144304
30.186956316236554
30.162270419931435
30.137568457225463
30.112853278440536
30.088124900754607
30.063382189104367
30.0386217492257
30.01384817368384
29.989061479541874
29.964261683829413
29.939443624275576
29.914611979399858
29.889767295839473
29.864909590509903
29.84003532395574
29.815145935888957
29.790243588669323
29.765328299098815
29.740398085634965
29.7154512792456
29.69049159285349
29.66551904314764
29.64053314248949
29.61552924137778
29.59051253903356
29.565483052033468
29.540440796921388
29.515381050026416
29.49030765369012
29.46522155097838
29.44012275832344
29.415007928784743
29.389878159162055
29.36473576106878
29.339580750826105
29.314411097117684
29.289225273665956
29.264026899274825
29.23881599015495
29.213591770381193
29.188350211315512
29.16309617846973
29.1378296879446
29.112550755808876
29.0872541821408
29.06194480744917
29.03662305175813
29.01128893102727
28.98593839210772
28.96057399095058
28.935197285106415
28.90980829042617
28.884404043137256
28.8589849296725
28.833553587467385
28.8081100322648
28.782652333124823
28.757178820293916
28.73169315430544
28.706195350794776
28.68068445595961
28.655156855493555
28.629617177090672
28.60406543627942
28.57850160154382
28.552920223969156
28.5273268433182
28.501721475013056
28.476104134444896
28.45047011045677
28.42482333652741
28.399164649340243
28.373494064180825
28.347807695750063
28.322107836321265
28.296396137675096
28.270672614992023
28.244934156719538
28.219181518385515
28.19341711452043
28.167640960200256
28.141850666331756
28.116045554507956
28.090228750487125
28.064400269241265
28.038558393668644
28.01270111259768
27.986832212313242
27.960951707683943
27.935058503946617
27.9091493567042
27.883228662883234
27.857296437249488
27.831352158535825
27.80539144703673
27.779419261247188
27.75343561583069
27.727440514979378
27.701428539983322
27.675405162639944
27.649370397511007
27.623324259128747
27.59726178813003
27.57118751850026
27.545101932583695
27.519005044811585
27.492892340280033
27.466767476489963
27.440631367571054
27.414484027854087
27.38832134147283
27.362146180513065
27.335959845243423
27.3097623498948
27.283549933003272
27.257324770734858
27.231088504638333
27.204841148845244
27.178579252440695
27.15230438360099
27.12601848107957
27.099721558909177
27.073410433647986
27.047086151856565
27.020750906196252
26.99440471060153
26.968044606800667
26.94167120456519
26.91528690794186
26.888891730767437
26.862482898405894
26.836060667127953
26.80962761061323
26.783183742601324
26.756726431321468
26.730255661302518
26.703774134869644
26.677281865665847
26.650776324774895
26.624257305222027
26.597727597751717
26.57118721591088
26.54463369438232
26.518066713414143
26.491489112700407
26.46490090569248
26.43829965216747
26.41168499681998
26.385059789575973
26.358424043791846
26.3317753065807
26.30511326281304
26.2784407346769
26.251757735434197
26.225061762517733
26.19835261521811
26.171633050758746
26.14490308230768
26.11816012133874
26.09140415433015
26.064637837053102
26.037861182582255
26.0110714808871
25.984268976933198
25.957456189286418
25.930633130928573
25.903796935508346
25.876948176319214
25.850089199698836
25.823220018536738
25.796337576068915
25.76944284230686
25.742537957063032
25.71562293313519
25.688694489974985
25.661754061260357
25.634803546703008
25.60784295900947
25.580868761191354
25.55388291610825
25.52688705051286
25.499881177020978
25.472861470260092
25.445830486362173
25.418789546975503
25.39173866462573
25.36467369431933
25.337597848135573
25.310512111181477
25.283416495893057
25.256306507122034
25.22918607416248
25.202055814847622
25.174915741524366
25.147760979054635
25.120596233816123
25.093421726335702
25.066237250559716
25.03903817715573
25.011829393127638
24.984610910671154
24.957382068443792
24.930139165134793
24.902886614804743
24.87562442956169
24.848351464816236
24.82106500339074
24.79376895825034
24.766463341415918
24.73914649777607
24.711816749030543
24.68447747958106
24.657128701361888
24.62976822214328
24.602395455887844
24.57501323164596
24.547621561265757
24.520217689477438
24.49280217454154
24.465377264044974
24.437942969750257
24.410495948096127
24.383037952334227
24.35557062314744
24.32809397221322
24.300604043093557
24.273103833390806
24.245594352110675
24.218075610846075
24.190543016359005
24.163000858636938
24.13544949089843
24.107888587183506
24.08031390659536
24.052730065817475
24.0251370762993
23.997533910046418
23.96991774933748
23.942292489514966
23.91465814194518
23.887012954453997
23.85935557697066
23.831689161168
23.804013718329674
23.77632675060317
23.74862841874907
23.720921109089673
23.693204832826517
23.665476325572445
23.637737300814035
23.609989358485855
23.582232509707826
23.55446270334025
23.52668324621244
23.49889493147359
23.47109772578269
23.4432869048033
23.41546727491507
23.38763884709944
23.35980074233655
23.33194994779492
23.304090403834888
23.276222121357666
23.248343357160994
23.220452847103203
23.19255364684524
23.164645767208587
23.136726582928148
23.10879661448941
23.08085801479821
23.0529107945968
23.0249514292959
22.99698225870614
22.969004515542768
22.94101821046934
22.913018902926115
22.8850107855155
22.856994153942978
22.828968350752582
22.800930007502807
22.772883197707337
22.744827931896165
22.71676258379738
22.688685743750327
22.660600495117347
22.63250684835109
22.60440219336895
22.576287109451474
22.54816367464522
22.520031899325964
22.491888175205904
22.46373509946561
22.435573730272715
22.407404077926664
22.37922152213596
22.351030705746727
22.322831653081774
22.29462334130026
22.26640322409407
22.238174917361526
22.209938431272548
22.181691682985278
22.15343426814037
22.125168720507418
22.096895050181345
22.068610102121404
22.040315638478226
22.012013098530534
21.983702492298725
21.95537958092664
21.927048316472256
21.898709031943724
21.870360942929924
21.842001098792707
21.813633280666224
21.785257498444484
21.75687183961788
21.728475632302963
21.700071506800995
21.671659472932824
21.64323648003461
21.614804155250283
21.586363967832455
21.557915927529272
21.529455836033694
21.500987638655054
21.47251163394938
21.444026940743452
21.41553087670856
21.387027050782873
21.35851547259127
21.329994072655982
21.301462568410304
21.272923357162515
21.244376448466152
21.215818576571376
21.18725187476554
21.1586775206037
21.13009546436783
21.10150141422273
21.072899756694248
21.04429050121484
21.015672363722597
20.9870435446488
20.95840717242739
20.929763256420827
20.901109271748567
20.87244592421169
20.843775077524768
20.815096740980707
20.7864071429476
20.757709506614656
20.72900442489269
20.700291214392177
20.671566929174947
20.642835242919812
20.614096164801644
20.585347730071398
20.556589579657032
20.52782408156566
20.499051244903963
20.470267819084643
20.441476041008908
20.41267696838486
20.38387034457115
20.355052426232174
20.32622725725208
20.29739484662181
20.268553619728532
20.239702493732793
20.210844169832004
20.181978656950125
20.153103059450533
20.1242189612415
20.095327717635605
20.06642933542797
20.037519601610164
20.008602765867014
19.979678837008933
19.950746471101134
19.92180418154646
19.892854842189344
19.863898461774575
19.83493234398333
19.805957732081783
19.776976122277205
19.747987523249158
19.71898788514784
19.689981183539487
19.660967535705527
19.63194567926324
19.602914023181015
19.57387546376124
19.544830009572927
19.5157750182396
19.486711684199722
19.457641498124488
19.428564468519053
19.39947657322671
19.370381791868684
19.341280209559883
19.312170506472995
19.283051266184994
19.253925267417923
19.224792518568563
19.19565029588199
19.16650001665223
19.137343029660073
19.108179255200188
19.079004831255027
19.04982374176096
19.020635995007726
18.99144008465445
18.962235028052863
18.933023356255642
18.903805077490723
18.8745772611574
18.84534179936026
18.816099772510064
18.78685081313891
18.757591696142455
18.7283260559033
18.69905390054457
18.66977341786987
18.64048429869636
18.611188706066642
18.5818866480432
18.55257487136596
18.52325597557639
18.493930655910603
18.464598143842387
18.435256078765434
18.40590763122756
18.376552809188553
18.34718938478293
18.317817942906274
18.288440167799752
18.259056067363876
18.22966195932057
18.20026136434327
18.17085448516495
18.141440048308567
18.11201676642329
18.082587241365186
18.053151480934172
18.02370674111238
17.99425470280501
17.964796470011876
17.93533165495417
17.905857235797114
17.876376662942604
17.84688994409129
17.817395206129294
17.78789242528495
17.75838353909292
17.728868555196602
17.69934412207659
17.669813200289934
17.64027622130992
17.610732117837003
17.58117929197559
17.55162044933502
17.522055597461563
17.492482177928977
17.46290160282652
17.433315058769097
17.40372222141772
17.37412004482881
17.344511939467356
17.314897912783813
17.285276137878757
17.255646601871774
17.226011184590696
17.196369893430667
17.166719407794222
17.13706273025965
17.107400218760738
17.077730718545798
17.048052910883236
17.018369309077542
16.98867992043018
16.958982087057183
16.92927752476002
16.899567215310803
16.869850618883056
16.840125225694184
16.810394124950747
16.780657323861842
16.750912771275935
16.721161008532068
16.69140358491051
16.661640507566997
16.631868224750622
16.602090307586703
16.57230677603996
16.5425161318187
16.512717849891853
16.482913992831207
16.453104567702162
16.42328656934785
16.393462515253443
16.363632932212823
16.333796822999755
16.3039527001438
16.27410308737498
16.244247991669713
16.214384903866453
16.184515389346593
16.154640430798572
16.12475948231538
16.094870193816597
16.064975500110403
16.035075408085493
16.00516785600769
15.975253554624604
15.945333893620333
15.91540873067898
15.8854749488982
15.855535846107433
15.82559142910893
15.795640037028535
15.765681619443788
15.735717926141122
15.705748963872933
15.675771567070592
15.645788724172053
15.615800650677421
15.585806041976003
15.555804175992428
15.525797117697905
15.495784873760467
15.465764633943786
15.435738717080183
15.405707652740215
15.375670449921198
15.345625800524745
15.315576041735447
15.285521180138238
15.255458719289543
15.22539039181128
15.195316999491848
15.16523782419264
15.135151053594129
15.105059256039382
15.074962438031475
15.044858377274396
15.01474829978133
14.984633239605063
14.95451271260918
14.924384480286012
14.894251302969051
14.864113187080784
14.833968146692348
14.803816977075307
14.773660906463169
14.743499647712435
14.713330610450111
14.683156709689579
14.652977951774034
14.62279255119683
14.592600944679218
14.562404518392025
14.532203146998675
14.501993958932273
14.471779988403707
14.441561241678167
14.41133609953257
14.381104708711614
14.350868578891376
14.320627713150264
14.29037902580577
14.26012563658291
14.229867551670107
14.199603285766427
14.169332760654587
14.139057576865795
14.108777740544236
14.078490296602217
14.048198137198254
14.017901362167636
13.987598589518276
13.957289577584431
13.926975986855197
13.896657823399979
13.86633224254178
13.836001958950495
13.80566713935935
13.775326476190997
13.744979622401523
13.71462826926472
13.684272422776486
13.653909320763242
13.62354155650003
13.593169335434506
13.56279139720032
13.532407344060083
13.502018870594299
13.471625982726593
13.44122597455321
13.410821370696041
13.38041238881207
13.349997790203897
13.319577177797214
13.289152223667672
13.258722933667842
13.228286633575241
13.197845828805542
13.167400724369644
13.136950079330202
13.106493545361579
13.076032747860914
13.04556769261092
13.01509571409816
12.984619344741535
12.954138753671595
12.923652675406679
12.893160855241636
12.862664849330574
12.832164663387633
12.801657619224207
12.771146319291162
12.740630875197102
12.710109976187745
12.67958350289336
12.649052921241362
12.618518236878579
12.587976739116536
12.557431140342958
12.526881474567261
12.496326366581988
12.46576587096751
12.435201343993329
12.404632723555615
12.374057451226394
12.343478183114126
12.312894924772317
12.282306218879349
12.251712329536572
12.221114485448615
12.190512511337129
12.159904120519721
12.12929181037695
12.098675586397956
12.068053892977417
12.037427236321118
12.006796701157882
11.97616198348093
11.94552109970352
11.914876372685079
11.88422780785156
11.853573736607679
11.822914936915863
11.792252334586095
11.761585482780989
11.730912729451553
11.700236208599131
11.669555925587678
11.638870085561027
11.608179765015134
11.57748571733807
11.546787340183338
11.516083338629894
11.485375644912198
11.454664264333463
11.423947263913142
11.393226042638146
11.362501169383599
11.331771875011183
11.301037244521744
11.270298996874532
11.239557137313264
11.20880958424917
11.1780580803536
11.147302999281985
11.116543395189511
11.085778753052164
11.055010568418279
11.024238846473244
10.993461347888292
10.962680177504147
10.931895504406352
10.901106197469359
10.870312159012093
10.839514652381292
10.808713634094605
10.777906845107543
10.747096622430254
10.716282971167534
10.685464567651668
10.654641746282255
10.623815530731086
10.592985658203766
10.562150355365645
10.531311692693754
10.500469675237447
10.469622780810713
10.438771788056496
10.407917474787968
10.37705935345237
10.346196147525994
10.315329655300932
10.28445988177225
10.253585101517238
10.222706547064751
10.191824745448029
10.16093898015601
10.130048480079795
10.09915476692545
10.068257845634994
10.037355784061061
10.006450275795654
9.975541593405675
9.944628788440772
9.913711601368213
9.882791274130524
9.8518678116179
9.820939072673527
9.790007216718879
9.759072259375829
9.72813301846553
9.697189749804746
9.666243413591193
9.635293767224214
9.604339201749328
9.573381602506892
9.542420974315638
9.511455900643623
9.480487154096775
9.449515412315781
9.418540174311037
9.387560396068169
9.356577656256597
9.325591959646063
9.294601655864463
9.26360803346707
9.232611487867322
9.201611260667718
9.170606871015993
9.13959959171041
9.10858942747287
9.077574495714435
9.046556597874751
9.015535848584488
8.984511234118486
8.953482832805879
8.922451613477145
8.891417412531652
8.860378622697901
8.829337048236045
8.798292693802221
8.767244293496066
8.73619247869865
8.705137917252502
8.674080170899472
8.643018230457368
8.611953576644513
8.580886214072013
8.549814628862016
8.518739997223014
8.487662690039194
8.456581999022402
8.425497503993874
8.39441036659129
8.363320591381942
8.332226421726643
8.301129568395506
8.270030110366832
8.238927074957157
8.20782061988646
8.176711593184573
8.145599787990044
8.114483845268694
8.083365363940093
8.052244348511419
8.021119568519225
7.9899917465119
7.958861423369237
7.9277281133901045
7.896591064554677
7.865451547507421
7.834309566714554
7.80316364150184
7.772015044263616
7.740864016145717
7.709709800568082
7.67855223675785
7.647392274893819
7.6162298647519115
7.585063447895086
7.55389466577075
7.522723522788992
7.491549000367787
7.460371511377056
7.429191694259944
7.398009216658434
7.366823134104376
7.335634756116568
7.304444087066915
7.273249856138123
7.242053030455047
7.210853946349188
7.179651999459927
7.148446839168905
7.11723945305685
7.0860298454586
7.0548165039515345
7.023600928796823
6.992383164705788
6.961162346298816
6.929938694979578
6.8987128872377586
6.867484687511646
6.836253072821731
6.8050193341873015
6.77378347589266
6.742544383348491
6.711302826496965
6.68005918241372
6.648812947396258
6.617563684921573
6.586312367609155
6.555058999708998
6.523802230030804
6.492543351968638
6.461282455664774
6.4300187822116905
6.398752455800357
6.367484143460019
6.336213661671182
6.304939999233472
6.273664383146583
6.242386817613913
6.2111063022207365
6.1798234946010355
6.1485387697697105
6.117251684540914
6.085961797527104
6.0546700255041195
6.023376372643869
5.99207961145825
5.9607809042770805
5.929480348417056
5.898177255760224
5.866871725381969
5.835564378452718
5.804255049633509
5.772942807948008
5.741628781809286
5.710312975346573
5.678994470942848
5.647673877384701
5.616351535558584
5.58502703317511
5.553699983919019
5.522371218422053
5.491040740784751
5.459707419996822
5.428372342454568
5.397035584758927
5.365696504049857
5.334355226021946
5.303012299799824
5.271667554359454
5.240320187340725
5.208971204059671
5.177620608578058
5.146267544480736
5.11491261554509
5.083556106302903
5.05219761536758
5.0208368521195705
4.9894745404328855
4.958110684343326
4.926744231505998
4.8953762286303295
4.8640067131834615
4.832635071289217
4.801261488420676
4.769886424787546
4.738509688918488
4.707130637194831
4.67575013648868
4.644368190800956
4.612983992211859
4.581598165489159
4.5502109255330545
4.518821870601361
4.487430828862941
4.456038405615847
4.424644589366049
4.393248443558171
4.361850947943438
4.330452106490174
4.299051326399766
4.267648869287759
4.236245098007413
4.204839794091861
4.1734324863010785
4.142023895990321
4.110614027106266
4.0792021155185
4.047788816923739
4.016374271374058
3.9849580733605166
3.953540177178948
3.9221210656401575
3.8907006761354723
3.8592782930161924
3.8278547261171885
3.79642997935641
3.7650034805872363
3.7335755689104024
3.7021465089215853
3.670716055937849
3.6392839100201226
3.6078506473211442
3.5764162717399257
3.544980065344323
3.5135427104091943
3.4821042740964163
3.450664350680993
3.4192230139409974
3.3877806273100504
3.356337081730896
3.3248918735756323
3.2934456469986464
3.2619984058740883
3.2305496048783624
3.199099648687392
3.167648709394237
3.136196523323187
3.1047429478113036
3.0732884206263176
3.0418329442954026
3.01037585971774
2.9789178548802133
2.9474589336343744
2.9159986996689593
2.8845373273818615
2.853075070078108
2.821611782844534
2.7901471532756257
2.75868167006701
2.727215337055657
2.695747647626813
2.6642790486326775
2.632809631192762
2.6013391254242357
2.5698675207313357
2.5383951289360622
2.506921901582631
2.4754474012462873
2.443972145137874
2.412496137075615
2.3810190049904074
2.3495409945811176
2.3180622635305563
2.2865826467086667
2.25510199198193
2.2236206479145473
2.192138618312914
2.160655451992105
2.129171604852128
2.0976871034623708
2.066201689201636
2.0347154489071193
2.0032285856364846
1.9717410181412187
1.9402524945851347
1.908763379316251
1.8772736761260647
1.8457830563360673
1.8142917989280498
1.7827999848481546
1.7513074485565787
1.7198141588461087
1.6883203437039815
1.6568259855926326
1.6253307733950686
1.5938350669973216
1.5623388701782455
1.5308419568524574
1.499344468985968
1.4678465219179917
1.4363480234511758
1.4048488638841075
1.3733492763277986
1.3418492645535485
1.3103485658649772
1.2788474475637825
1.2473459362468968
1.2158438890632262
1.1843413497445952
1.1528384486060075
1.121335147577537
1.0898312969539885
1.0583271157002048
1.0268226075786784
0.9953176032432697
0.9638122515674244
0.932306604205841
0.9008005826338332
0.8692941702168044
0.8377874932911085
0.8062805491195992
0.7747731856310675
0.7432655888065389
0.7117577624019495
0.6802496117691746
0.6487412047014698
0.6172325992209082
0.5857237625687166
0.5542146549049939
0.5227053799922879
0.49119594158324753
0.45968625332840957
0.42817641862044853
0.3966664515761994
0.3651563138677858
0.33364602899557194
0.30213564294493955
0.2706251504064439
0.2391145249962451
0.20760382956375956
0.1760930678589142
0.144582220491825
0.1130713252988205
0.08156039498802671
0.05004942934504622
0.018538444010724128
