0.005627404512424514
0.08000460822248451
0.1543817266151467
0.2287586917601703
0.30313543572727797
0.3775118905861317
0.45188798840630257
0.5262636612572256
0.6006388412081719
0.6750134603282197
0.7493874506862053
0.8237606401476062
0.8981330417607973
0.9725045895452993
1.0468752155695102
1.1212448519015081
1.1956134306090058
1.2699808837593163
1.3443471434193255
1.4187121416554447
1.4930756970390515
1.5674377602538907
1.6417983369776792
1.7161573592760428
1.7905147592140496
1.8648704688561684
1.9392244202662423
2.0135765455074464
2.087926776642254
2.1622749892117126
2.2366209390763365
2.310964769766605
2.385306413343859
2.4596458018686422
2.5339828674006704
2.6083175419987987
2.682649757720985
2.756979446624251
2.831306540764659
2.9056306695434677
2.9799519790801097
3.0542704687843654
3.1285860707107496
3.202898716912718
3.27720833944263
3.3515148703517164
3.4258182416900507
3.500118385506504
3.5744150422065055
3.64870805526984
3.7229976157403653
3.797283655665064
3.8715661070896275
3.9458449020584236
4.020119972614461
4.094391250799358
4.168658668653302
4.242922146613274
4.317181087632242
4.391435943247712
4.4656866454976445
4.539933126418473
4.614175318045078
4.6884131524107575
4.7626465615471885
4.836875477484381
4.9110998322506685
4.985319164174133
5.059533539001476
5.133743127582685
5.2079478619434525
5.282147674107696
5.356342496097519
5.430532259933172
5.504716897633023
5.578896341213529
5.653070371383682
5.727238489127632
5.801401187674929
5.875558399039058
5.949710055231497
6.023856088261693
6.097996430137008
6.172131012862697
6.246259768441874
6.320382628875472
6.394498877961238
6.46860890968868
6.54271282118992
6.616810544462547
6.690902011501885
6.764987154300964
6.839065904850471
6.913138195138731
6.987203957151671
7.0612627878321375
7.135314375484461
7.209359209778449
7.283397222696353
7.357428346217949
7.431452512320485
7.505469652978651
7.579479700164555
7.653482585847676
7.72747824199484
7.801465664664257
7.875445643881161
7.949418168475327
8.023383170409552
8.097340581643895
8.171290334135625
8.24523235983921
8.319166590706283
8.393092958685592
8.467010854376362
8.540920200074732
8.614821457796033
8.688714559484682
8.762599437082143
8.836476022526865
8.910344247754294
8.984204044696805
9.058055345283687
9.131898019130835
9.205730952252795
9.279555163927332
9.35337058607913
9.42717715062965
9.500974789497173
9.574763434596724
9.648543017840066
9.722313471135642
9.796074726388575
9.869825971454391
9.943567357240319
10.017299319887877
10.091021791297216
10.164734703365049
10.238437987984666
10.312131577045847
10.385815402434861
10.459489396034419
10.533153325705227
10.606806105051078
10.680448827509496
10.754081424957963
10.827703829270328
10.901315972316764
10.974917785963779
11.048509202074131
11.122090152506834
11.1956605691171
11.269219471477314
11.342767172304441
11.416304114207405
11.489830229035869
11.563345448635634
11.636849704848595
11.710342929512718
11.783825054462016
11.857296011526486
11.930755517309747
12.004202414268294
12.077637918238512
12.151061961044606
12.224474474506712
12.29787539044086
12.371264640658955
12.444642156968726
12.518007871173728
12.59136171507327
12.664702609920992
12.738030892732889
12.811347080132599
12.88465110391335
12.957942895864075
13.03122238776936
13.104489511409446
13.177744198560168
13.250986380992954
13.324215812212937
13.397431089768995
13.470633637499406
13.543823387169292
13.617000270539256
13.690164219365384
13.7633151653992
13.836453040387658
13.909577776073082
13.982689304193153
14.05578655774844
14.128869680636582
14.20193937084936
14.274995560117901
14.348038180168594
14.421067162723103
14.494082439498309
14.567083942206278
14.640071602554269
14.713045341341376
14.786003253275366
14.858947097739543
14.931876806434401
15.004792311055509
15.077693543293519
15.15058043483411
15.223452917357987
15.296310922540819
15.369154382053244
15.441982395354644
15.5147946068074
15.58759204747895
15.660374649032951
15.733142343127945
15.805895061417328
15.878632735549322
15.951355297166966
16.024062677908063
16.096754809405166
16.169429933193708
16.242089317391795
16.31473322723495
16.387361594348558
16.459974350352663
16.53257142686199
16.605152755485857
16.677718267828222
16.750267895487575
16.822801108226592
16.89531664648005
16.96781607494229
17.040299325204487
17.112766328852356
17.185217017466066
17.25765132262026
17.330069175884
17.402470508820777
17.474855252988412
17.547222061257965
17.619571217625605
17.691903560117826
17.764219020284997
17.836517529671795
17.908799019817206
17.981063422254465
18.053310668511063
18.125540690108696
18.19775341856324
18.26994667701311
18.342122319754285
18.41428044424926
18.486420982006308
18.558543864527813
18.63064902331029
18.70273638984432
18.774805895614534
18.846857472099614
18.91889047118394
18.99090362111971
19.062898616673536
19.134875389316367
19.206833870513154
19.278773991722794
19.35069568439811
19.422598879985834
19.494483509926567
19.566349505654767
19.638195477683297
19.71002154994234
19.78182876289811
19.853617047977274
19.925386336600305
19.997136560181445
20.06886765012871
20.140579537843834
20.21227215472227
20.283945432153132
20.355597253050757
20.427229110654817
20.498841403728374
20.570434063652684
20.64200702180269
20.713560209546902
20.785093558247446
20.856606999260002
20.928100463933806
20.99957373178774
21.071024437283747
21.142454941369152
21.21386517538531
21.285255070667084
21.356624558542816
21.42797357033432
21.499302037356816
21.570609890918952
21.641897062322776
21.713162744493026
21.784405661517354
21.855627671323145
21.92682870520455
21.998008694449076
22.069167570337548
22.14030526414411
22.21142170713619
22.28251683057449
22.353590565712924
22.424641562057566
22.495669548266438
22.566675921129118
22.63766061189167
22.708623551793362
22.779564672066662
22.85048390393721
22.92138117862377
22.99225642733824
23.063109581285627
23.133938800578544
23.2047447117307
23.275528303085753
23.346289505840883
23.41702825118635
23.48774447030545
23.558438094374555
23.629109054562992
23.699757282033133
23.77038270794031
23.840983068200533
23.9115597581651
23.982113421555624
24.052643989519687
24.12315139319783
24.193635563723497
24.26409643222306
24.33453392981577
24.40494798761378
24.47533853672207
24.54570296554622
24.616043286317833
24.686359873410467
24.756652657921464
24.826921570940986
24.897166543552025
24.9673875068304
25.037584391844653
25.10775712965611
25.17790565131884
25.248027086216645
25.31812388793814
25.388196248546517
25.45824409908833
25.52826737060288
25.598265994122155
25.66823990067085
25.738189021266326
25.80811328691862
25.87801262863038
25.947884017363425
26.017730148356243
26.087551130472274
26.15734689470684
26.227117372047907
26.296862493476038
26.366582189964415
26.436276392478764
26.505945031977408
26.575588039411194
26.645202340335082
26.714790647137722
26.78435309697089
26.853889620778336
26.923400149496327
26.992884614053672
27.06234294537167
27.13177507436414
27.201180931937362
27.27056044899008
27.339910631399857
27.40923395881456
27.478530720839537
27.54780084836667
27.617044272280285
27.68626092345718
27.75545073276656
27.824613631070065
27.89374954922175
27.962858418068063
28.03193746254731
28.10098865369528
28.170012570708003
28.239009144425346
28.307978305679534
28.376919985295178
28.445834114089273
28.51472062287118
28.583579442442588
28.652410503597523
28.721211402370923
28.789983298756276
28.858727211938884
28.927443072706513
28.996130811839222
29.064790360109452
29.133421648281914
29.202024607113632
29.270599167353943
29.339145259744466
29.40766101703416
29.476146458616853
29.54460320761156
29.61303119475399
29.681430350772118
29.74980060638617
29.818141892308716
29.886454139244556
29.95473727789073
30.022991238936545
30.09121487132213
30.159406696600183
30.22756911959251
30.295702070982873
30.363805481447326
30.43187928165412
30.49992340226379
30.56793777392909
30.635922327295
30.703876992998737
30.771801529781342
30.839692575882466
30.907553509693884
30.975384261847694
31.043184762968234
31.110954943672063
31.17869473456799
31.24640406625704
31.314082869332424
31.38173107437957
31.4493486119761
31.516932660732756
31.584484940923208
31.6520063291018
31.71949675584157
31.786956151707777
31.8543844472579
31.921781573041617
31.98914745960084
32.05648203746965
32.12378523717434
32.19105551784557
32.25829197882588
32.32549683715002
32.392670023340216
32.45981146791089
32.52692110136873
32.59399885421263
32.66104465693369
32.72805844001524
32.79504013393277
32.86198966915402
32.9289031929235
32.99578435449721
33.06263313296197
33.129449458782034
33.19623326241389
33.26298447430632
33.329703024900276
33.39638884462896
33.46304186391782
33.52966201318454
33.5962471582497
33.66279745529467
33.729314657986656
33.795798696740476
33.86224950196323
33.928667004054276
33.99505113340527
34.061401820400114
34.12771899541498
34.19400258881831
34.26025245698633
34.326464720987055
34.392643179133756
34.45878776179268
34.524898399322396
34.59097502207383
34.65701756039015
34.72302594460692
34.78900010505195
34.85493997204541
34.920845475899775
34.98671474206207
35.05254728632319
35.11834524330413
35.18410854331593
35.24983711666204
35.31553089363829
35.381189804532866
35.44681377962635
35.512402749191686
35.577956643494254
35.64347539279174
35.70895558054134
35.77439974187668
35.83980853417582
35.90518188769593
35.97051973268658
36.03582199938984
36.10108861804022
36.166319518864704
36.231514632082714
36.29667388790617
36.36179667581473
36.4268798713339
36.491926985538626
36.55693794864099
36.62191269084573
36.686851142350065
36.751753233343756
36.816618894009146
36.88144805452115
36.9462406450472
37.010996595747336
37.07571426081662
37.140392526552716
37.205033928670616
37.2696383973315
37.334205862689245
37.3987362548904
37.46322950407413
37.527685540372275
37.59210429390938
37.656485694802655
37.72082967316199
37.785133804098805
37.84939847489843
37.91362549950933
37.9778148080436
38.0419663306061
38.1060799972945
38.17015573819925
38.2341934834036
38.298193162983615
38.36215470700818
38.426078045539015
38.48996025472644
38.55380266525481
38.617606646782505
38.68137212937451
38.74509904308872
38.80878731797596
38.872436884080045
38.936047671437684
38.99961961007858
39.0631526300254
39.12664666129382
39.19009858543201
39.25351007049981
39.31688234354093
39.38021533457547
39.44350897361657
39.50676319067048
39.56997791573658
39.63315307880736
39.696288609868446
39.75938443889864
39.822440495869856
39.885453796625555
39.94842569153714
40.01135759121152
40.074249425626256
40.13710112475217
40.19991261855339
40.26268383698733
40.3254147100047
40.388105167549604
40.450755139559455
40.51336455596499
40.575930920629396
40.63845456155306
40.700937423876006
40.763379437535896
40.82578053246385
40.88814063858452
40.95045968581602
41.01273760407003
41.074974323251794
41.13716977326004
41.199323883987134
41.261435026142856
41.32350175050321
41.38552691278017
41.447510442874275
41.509452270679816
41.57135232608479
41.63321053897096
41.6950268392138
41.756801156682606
41.81853342124047
41.88022356274425
41.94187122294101
42.00347236983438
42.0650311710784
42.12654755653964
42.18802145607856
42.2494527995496
42.310841516801226
42.37218753767588
42.433490792010055
42.49475120963429
42.55596872037318
42.61714325404544
42.67827157744558
42.73935535881825
42.80039594076646
42.86139325312015
42.92234722570354
42.98325778833506
43.0441248708275
43.1049484029879
43.165728314617645
43.226464535512456
43.287156995462446
43.34780458289387
43.40840468816981
43.46896081037865
43.52947287932336
43.58994082480141
43.65036457660481
43.710744064520185
43.77107921832873
43.83136996780628
43.891616242723344
43.951817972845085
44.011975087931354
44.07208442890469
44.13214743829286
44.19216561079321
44.25213887618019
44.31206716422318
44.37195040468644
44.431788527329154
44.49158146190544
44.551329138164434
44.61103148585022
44.67068843470196
44.73029991412935
44.789861161276484
44.849376788003745
44.908846724066635
44.96827089921585
45.02764924319734
45.0869816857523
45.146268156617225
45.205508585523965
45.26470290219968
45.32385103636693
45.38295291774369
45.44200738596506
45.50101182184083
45.559969783645286
45.61888120111476
45.67774600398111
45.73656412197189
45.79533548481024
45.85406002221508
45.912737663901
45.971368339578326
46.02995197895323
46.088488511727654
46.14697619990949
46.20541354739168
46.26380356731708
46.322146189408045
46.380441343382934
46.43868895895616
46.49688896583826
46.55504129373585
46.6131458723517
46.67120263138478
46.7292115005303
46.78717240947968
46.84508359167521
46.90294357971439
46.96075538694581
47.01851894308351
47.07623417783788
47.13390102091595
47.191519402021214
47.249089250853764
47.30661049711028
47.36408307048411
47.421506900665285
47.47888191734054
47.536206911596686
47.59347927609037
47.650702606832255
47.70787683353391
47.76500188590382
47.82207769364751
47.87910418646747
47.9360812940633
47.99300894613166
48.049887072366374
48.106715602458436
48.16349446609604
48.22022359296464
48.27689812028655
48.33352271868366
48.39009736048336
48.44662197539849
48.50309649313941
48.55952084341398
48.61589495592764
48.67221876038346
48.72849218648216
48.78471516392216
48.84088762239962
48.897009491608486
48.95307773403813
49.00909335314032
49.06505816355764
49.12097209501391
49.17683507723097
49.23264703992875
49.288407912825264
49.34411762563673
49.39977610807756
49.4553832898604
49.510939100696234
49.56644347029434
49.62189588903363
49.677292291805195
49.73263703435849
49.78793004643528
49.843171257775914
49.898360598119375
49.953497997203414
50.00858338476443
50.06361669053768
50.11859784425724
50.173526775656065
50.22840341446604
50.28322769041804
50.33799747978513
50.39271192905023
50.447373796973075
50.50198301331995
50.5565395078563
50.61104321034694
50.66549405055602
50.71989195824711
50.7742368631832
50.828528695126806
50.88276738384
50.93695285908447
50.99108505062151
51.04516098146732
51.09918149271696
51.153148502301015
51.207061940019244
51.260921735671346
51.31472781905698
51.368480119975885
51.422178568227906
51.47582309361302
51.529413625931454
51.58295009498363
51.636432430570366
51.6898605624928
51.743231472219684
51.796546076780324
51.849806260275535
51.90301195254806
51.956163083441346
52.00925958279949
52.06230138046742
52.11528840629094
52.16822059011667
52.22109786179222
52.273920151166244
52.3266873880884
52.37939950240952
52.43205429671278
52.48465104339829
52.537192450670815
52.58967844842603
52.6421089665611
52.6944839349747
52.746803283567004
52.79906694223986
52.85127484089675
52.90342690944293
52.955523077785415
53.00756327583309
53.059547433496775
53.11147508813319
53.16334204497079
53.215152745234825
53.26690711888449
53.318605095881146
53.37024660618854
53.42183157977271
53.47335994660218
53.52483163664799
53.57624657988366
53.627604706285396
53.6789059458321
53.73015022850534
53.78133748428957
53.832465047120266
53.883533130745256
53.93454397199769
53.98549750091421
54.03639364753465
54.08723234190203
54.13801351406268
54.18873709406628
54.23940301196593
54.29001119781824
54.340561581683346
54.391054093625044
54.44148866371076
54.49186522201175
54.54217993300297
54.592435356752794
54.64263255398189
54.692771454817745
54.74285198939193
54.79287408784022
54.842837680302644
54.89274269692359
54.94258906785179
54.9923767232405
55.04210559324746
55.09177560803506
55.14138669777036
55.19093879262517
55.240427988072916
55.289856995315446
55.33922679373217
55.38853731355537
55.43778848502243
55.4869802383759
55.53611250386368
55.58518521173894
55.634198292260336
55.683151675691995
55.732045292303575
55.78087907237046
55.8296529461737
55.87836684400012
55.9270179591246
55.97560682600979
56.02413550380829
56.07260392287176
56.121012013558015
56.169359706231205
56.2176469312618
56.26587361902664
56.31403969990913
56.362145104299195
56.41018976259347
56.45817360519528
56.50609656251474
56.55395856496891
56.6017591365508
56.649494174880495
56.69716804611665
56.744780680745635
56.79233200926108
56.83982196216409
56.88725046996315
56.9346174631743
56.981922872321235
57.02916662793532
57.07634866055574
57.1234689007295
57.170527279011566
57.217523725965
57.26445817216089
57.31132895524108
57.35813437283096
57.404877578430515
57.45155850268529
57.49817707624933
57.54473322978533
57.5912268939647
57.63765799946766
57.68402647698331
57.7303322572097
57.77657527085394
57.82275544863231
57.86887272127029
57.91492701950267
57.96091827407368
58.00684506892456
58.05270524310865
58.09850216345121
58.144235760776056
58.18990596591692
58.23551270971743
58.28105592303129
58.32653553672227
58.37195148166436
58.417303688741846
58.46259208884943
58.50781661289224
58.552977191786034
58.5980737564572
58.64310623784282
58.6880745668909
58.73297434465858
58.77780941478352
58.82258012357684
58.867286402071976
58.91192818131371
58.95650539235824
59.0010179662732
59.045465834137865
59.089848927043164
59.13416717609185
59.17842051239849
59.22260886708965
59.26673217130396
59.31079035619222
59.35478335291747
59.398710170255434
59.44256788433387
59.48636020243252
59.530087055805645
59.57374837572016
59.61734409345585
59.66087414030547
59.70433844757477
59.74773694658266
59.79106956866129
59.83433624515608
59.87753690742597
59.92067148684337
59.96373991479432
60.00674212267865
60.049678041909935
60.09254713009458
60.13534561944016
60.178077613640035
60.220743044205335
60.26334184266146
60.305873940548274
60.34833926942022
60.39073776084634
60.43306934641046
60.47533395771122
60.51753152636226
60.55966198399226
60.601725262245054
60.64372129277977
60.685650007270894
60.72751133740842
60.769305214897884
60.81102884830012
60.85268302911654
60.89426955227985
60.935788349600024
60.977239352903155
61.01862249403162
61.059937704844046
61.10118491721555
61.1423640630378
61.18347507421907
61.22451788268444
61.265492420375864
61.30639861925224
61.347236411289614
61.388005728481176
61.428706502837485
61.46933866638648
61.509899304381385
61.55038952491288
61.590810931207706
61.63116345540552
61.67144702966393
61.711661586158655
61.751807057083546
61.791883374650865
61.831890471091214
61.8718282786538
61.911696729606476
61.951495756235815
61.991225290847325
62.03088526576547
62.07047561333387
62.109996265915356
62.1494471558921
62.1888274943339
62.22813421635418
62.267370974007456
62.30653769979511
62.34563432623844
62.3846607858788
62.423617011277685
62.46250293501684
62.50131848969846
62.540063607945214
62.578738222400375
62.617342265728
62.65587567061303
62.69433836976136
62.73273029590004
62.77105138177726
62.809301560162666
62.84748076384734
62.88558834629169
62.92362104668725
62.961582572487046
62.99947285660959
63.037291831995546
63.07503943160774
63.11271558843135
63.150320235473956
63.18785330576572
63.2253147323595
63.26270444833099
63.300022386778764
63.337268480824534
63.37444266361314
63.41154486831279
63.448575028115116
63.4855330762353
63.52241894591225
63.55923257040871
63.595971870907356
63.632636551980866
63.669228790068466
63.705748518569514
63.74219567090778
63.77857018053159
63.81487198091405
63.851101005553055
63.88725718797143
63.9233404617172
63.95935076036352
63.99528801750896
64.03115216677756
64.06694314181902
64.10266087630872
64.13830530394802
64.1738763584642
64.20937397361078
64.24479808316752
64.28014821537671
64.3154209723098
64.35062002806501
64.38574531656822
64.42079677177222
64.45577432765683
64.49067791822912
64.5255074775235
64.56026293960186
64.59494423855367
64.62955130849618
64.66408408357454
64.69854249796192
64.73292648585964
64.76723598149732
64.80147091913304
64.83563123305346
64.8697168575739
64.90372772703864
64.93766377582085
64.97152493832297
65.00530751687937
65.03901469490367
65.07264679366376
65.10620374771896
65.13968549165843
65.1730919601013
65.20642308769673
65.23967880912426
65.27285905909368
65.30596377234536
65.33899288365038
65.37194632781058
65.40482403965876
65.43762595405887
65.47035200590605
65.50300213012692
65.53557626167955
65.5680743355537
65.60049628677103
65.63284205038514
65.66511156148172
65.69730180978861
65.72941474651377
65.76145124051001
65.7934112270314
65.82529464136482
65.85710141883017
65.88883149478045
65.92048480460194
65.95206128371437
65.983560867571
66.0149834916589
66.04632909149893
66.07759760264605
66.1087889606894
66.13990310125234
66.17093995999284
66.20189947260347
66.23278157481158
66.26358620237944
66.29431329110447
66.32496277681928
66.35553459539189
66.38602684179567
66.41643941717
66.44677413828329
66.47703094118432
66.50720976195801
66.53731053672556
66.56733320164464
66.59727769290954
66.62714394675127
66.65693189943782
66.68664148727423
66.71627264660275
66.74582531380307
66.77529942529242
66.80469491752572
66.83401172699577
66.86324979023341
66.89240904380766
66.9214894243259
66.95049086843397
66.97941331281649
67.00825669419675
67.03702094933716
67.06570601503925
67.09430870049438
67.12283166435888
67.1512752552684
67.17963941021931
67.20792406624793
67.23612916043064
67.26425462988408
67.29230041176531
67.32026644327195
67.34815266164242
67.37595900415599
67.40368540813304
67.43133181093518
67.45889814996542
67.48638436266835
67.5137903865303
67.54111615907951
67.5683616178863
67.59552670056321
67.62261134476518
67.6496154881898
67.67653906857731
67.70338202371093
67.73014429141693
67.75682580956486
67.78342447163008
67.80994097653036
67.83637655237278
67.86273113723709
67.8890046692471
67.9151970865708
67.94130832742064
67.96733833005365
67.99328703277159
68.01915437392113
68.04494029189402
68.07064472512737
68.09626761210362
68.12180889135085
68.147268501443
68.1726463809999
68.19794246868753
68.22315670321822
68.24828902335078
68.27333936789066
68.29830767569015
68.32319388564862
68.34799793671256
68.37271976787588
68.39735931818004
68.42191652671418
68.44639133261543
68.47078296635507
68.49508969374209
68.51931384365133
68.54345535544745
68.56751416854374
68.59149022240248
68.61538345653508
68.6391938105022
68.66292122391401
68.68656563643032
68.71012698776075
68.73360521766499
68.75700026595293
68.78031207248476
68.80354057717135
68.82668571997422
68.8497474409059
68.87272568003004
68.8956203774615
68.91843147336674
68.94115890796381
68.96380262152265
68.98636255436523
69.0088386468658
69.03123083945094
69.0535390725999
69.07576328684466
69.09790342277024
69.11995942101478
69.14193122226978
69.16381869938964
69.18561911874309
69.20733517183815
69.228966799614
69.25051394306398
69.27197654323588
69.2933545412321
69.31464787820991
69.33585649538148
69.35698033401424
69.37801933543092
69.3989734410099
69.4198425921853
69.44062673044718
69.46132579734171
69.48193973447147
69.50246848349553
69.52291198612971
69.5432701841467
69.56354301937638
69.58373043370587
69.60383236907983
69.62384876750056
69.64377957102833
69.66362472178149
69.68338416193662
69.70305783372879
69.7226456794518
69.74214764145829
69.76156366215997
69.78089368402783
69.8001376495923
69.81929550144349
69.8383671822314
69.85735263466607
69.87624985693972
69.89506021978642
69.91378419208112
69.93242171680619
69.95097273700493
69.9694371957819
69.987815036303
70.00610620179583
70.02431063554961
70.04242828091573
70.06045908130768
70.07840298020142
70.09625992113547
70.11402984771115
70.13171270359284
70.14930843250809
70.16681697824794
70.18423828466699
70.20157229568366
70.21881895528045
70.2359782075041
70.25304999646578
70.27003426634126
70.28693096137128
70.30374002586153
70.32046140418304
70.33709504077228
70.35364088013145
70.3700988668286
70.38646894549787
70.40275106083975
70.41894515762124
70.43505118067603
70.4510690749048
70.46699878527531
70.48284025682271
70.49859343464975
70.51425826392686
70.52983468989258
70.54532265785352
70.5607219461078
70.57603080182821
70.5912510462074
70.60638262485405
70.621425483446
70.6363795677305
70.65124482352435
70.6660211967142
70.68070863325676
70.69530707917896
70.70981648057816
70.7242367836224
70.73856793455066
70.75280987967297
70.76696256537069
70.78102593809672
70.79499994437572
70.80888453080428
70.82267964405119
70.83638523085766
70.85000123803749
70.8635276124773
70.8769643011368
70.89031125104893
70.90356840932014
70.91673572313056
70.92981313973428
70.94280060645951
70.95569807070883
70.96850547995938
70.98122278176312
70.99384992374705
71.00638685361335
71.01883351913975
71.03118986817958
71.04345584866213
71.05563140859282
71.06771649605338
71.07971105920211
71.09161504627416
71.10342840558162
71.11515108551392
71.12678303453784
71.13832420119792
71.14977453411659
71.1611339819944
71.17240249361029
71.18358001782178
71.19466650356517
71.20566189985581
71.2165661557883
71.22737922053675
71.23810104335499
71.24873157357672
71.25927052819046
71.26971691103532
71.28007186131858
71.29033532871847
71.30050726299427
71.31058761398646
71.32057633161686
71.33047336588909
71.34027866688861
71.34999218478299
71.35961386982217
71.36914367233867
71.37858154274781
71.38792743154802
71.39718128932091
71.40634306673168
71.4154127145292
71.42439018354632
71.43327542470011
71.44206838899206
71.45076902750831
71.45937729141995
71.46789313198309
71.47631650053927
71.48464734851562
71.49288562742508
71.50103128886664
71.5090842845256
71.51704456617377
71.52491208566971
71.532686794959
71.54036864607447
71.54795759113632
71.55545358235256
71.56285657201904
71.57016651251986
71.57738335632746
71.58450705600298
71.5915375641964
71.5984748336468
71.60531881718265
71.61206946772202
71.61872673827276
71.62529058193282
71.6317609518904
71.63813780142432
71.64442108390413
71.65061075279041
71.656706761635
71.66270906408118
71.66861761386409
71.67443236481071
71.68015327084034
71.68578028596464
71.69131336428805
71.69675246000791
71.70209752741472
71.70734852089242
71.71250539491862
71.71756810406481
71.72253660299661
71.72741084647407
71.73219078935183
71.7368763865794
71.74146759320139
71.74596436435783
71.75036665528428
71.7546744213122
71.75888761786905
71.76300620047869
71.76703012476153
71.77095934643484
71.77479382131285
71.77853350530721
71.78217835442703
71.78572832477929
71.78918337256898
71.79254345409936
71.79580852577226
71.79897854408826
71.80205346564698
71.80503324714734
71.8079178453877
71.81070721726628
71.81340131978126
71.8160001100311
71.81850354521474
71.82091158263191
71.82322417968334
71.825441293871
71.82756288279836
71.82958890417065
71.83151931579509
71.83335407558116
71.83509314154082
71.8367364717888
71.83828402454279
71.83973575812375
71.84109163095613
71.84235160156814
71.84351562859199
71.84458367076407
71.84555568692538
71.84643163602155
71.84721147710331
71.84789516932659
71.84848267195284
71.84897394434924
71.84936894598901
71.84966763645161
71.84986997542303
71.84997592269599
71.84998543817026
71.84989848185288
71.84971501385837
71.84943499440911
71.8490583838354
71.8485851425759
71.84801523117781
71.84734861029708
71.84658524069873
71.84572508325711
71.84476809895601
71.84371424888919
71.84256349426035
71.84131579638354
71.83997111668346
71.83852941669554
71.83699065806633
71.83535480255374
71.83362181202725
71.83179164846821
71.82986427397009
71.8278396507387
71.82571774109248
71.82349850746276
71.82118191239402
71.8187679185441
71.8162564886845
71.81364758570064
71.8109411725921
71.80813721247289
71.80523566857168
71.80223650423211
71.79913968291301
71.79594516818864
71.79265292374899
71.78926291340002
71.78577510106396
71.78218945077947
71.77850592670201
71.77472449310402
71.77084511437519
71.76686775502282
71.76279237967185
71.75861895306545
71.75434744006498
71.74997780565035
71.74551001492038
71.74094403309293
71.73627982550522
71.73151735761407
71.72665659499616
71.72169750334834
71.71664004848779
71.71148419635243
71.70622991300101
71.70087716461349
71.69542591749125
71.6898761380574
71.68422779285699
71.67848084855729
71.67263527194804
71.66669102994177
71.660648089574
71.65450641800346
71.6482659825125
71.64192675050721
71.63548868951776
71.62895176719864
71.62231595132893
71.61558120981253
71.60874751067847
71.60181482208115
71.5947831123006
71.58765234974275
71.5804225029397
71.57309354054996
71.56566543135878
71.55813814427829
71.55051164834786
71.54278591273439
71.53496090673248
71.52703659976474
71.51901296138207
71.51088996126391
71.50266756921847
71.4943457551831
71.48592448922442
71.47740374153862
71.46878348245183
71.46006368242024
71.4512443120305
71.44232534199983
71.43330674317646
71.42418848653973
71.4149705432005
71.40565288440126
71.39623548151657
71.3867183060532
71.37710132965042
71.3673845240803
71.35756786124793
71.34765131319175
71.33763485208374
71.32751845022972
71.31730208006964
71.30698571417781
71.2965693252632
71.28605288616964
71.27543636987618
71.26471974949727
71.25390249095686
71.24298406310221
71.2319654374198
71.22084658757166
71.20962748735677
71.19830811071127
71.18688843170868
71.1753684245603
71.16374806361539
71.15202732336138
71.14020617842431
71.1282846035689
71.11626257369898
71.10414006385766
71.09191704922759
71.0795935051313
71.06716940703143
71.05464473053095
71.04201945137353
71.02929354544372
71.01646698876723
71.00353975751122
70.99051182798456
70.97738317663811
70.96415378006498
70.95082361500074
70.93739265832379
70.92386088705553
70.91022827836072
70.89649480954765
70.8826604580685
70.86872520151955
70.85468901764142
70.84055188431942
70.82631377958377
70.81197468160985
70.79753456871852
70.78299341937633
70.76835121219581
70.75360792593575
70.73876353950146
70.72381803194504
70.7087713824656
70.6936235704096
70.6783745752711
70.66302437669201
70.64757295446228
70.63202028852035
70.61636635895326
70.60061114599698
70.58475463003666
70.5687967916069
70.55273667783285
70.53657389366954
70.52030971585906
70.50394412554694
70.48747710402978
70.47090863275524
70.45423869332252
70.43746726748249
70.42059433713807
70.40361988434447
70.38654389130929
70.36936634039309
70.3520872141094
70.33470649512512
70.31722416626069
70.29964021049047
70.28195461094292
70.26416735090089
70.24627841380193
70.22828778323844
70.21019544295807
70.1920013768639
70.17370556901473
70.15530800362541
70.13680866506695
70.11820753786692
70.09950460670969
70.08069985643664
70.06179327204653
70.04278483869562
70.02367454169811
70.0044623665262
69.98514829881054
69.96573232434041
69.94621442906397
69.92659459908857
69.90687282068097
69.88704908026769
69.86712336443512
69.8470936863798
69.82696119911905
69.80672668386818
69.78639012787228
69.76595151853797
69.74541084343348
69.72476809028907
69.70402324699714
69.68317630161266
69.66222724235328
69.6411760575997
69.62002273589587
69.5987672659493
69.57740963663129
69.55594983697715
69.5343878561866
69.5127236836239
69.49095730881817
69.46908872146362
69.44711791141987
69.42504486871212
69.40286958353154
69.38059204623538
69.35821224734735
69.33573017755785
69.3131458277242
69.29045918887093
69.26767025219002
69.24477900904118
69.22178545095213
69.1986895696188
69.17549135690561
69.15218927917357
69.12878316447498
69.10527468217573
69.08166382483793
69.05795058519358
69.03413495614494
69.01021693076471
68.9861965022963
68.96207366415415
68.93784840992393
68.91352073336279
68.8890906283997
68.86455808913557
68.83992310984365
68.81518568496968
68.79034580913223
68.76540347712293
68.74035868390663
68.71521142462186
68.68996169458087
68.66460948927005
68.63915480435007
68.61359763565622
68.58793797919866
68.56217583116255
68.5363111879085
68.5103440459727
68.4842744020672
68.45810128269842
68.43182303769855
68.40544226961353
68.37895897588669
68.35237315413862
68.3256848021674
68.29889391794897
68.2720004996373
68.24500454556458
68.21790605424165
68.1907050243581
68.16340145478257
68.13599534456299
68.10848669292686
68.08087549928155
68.05316176321438
68.02534548449302
67.9974266630657
67.96940529906148
67.94128139279043
67.91305494474403
67.88472595559513
67.85629442619857
67.82776035759116
67.79912375099201
67.77038460780281
67.74153945955881
67.71259132337732
67.68354064417969
67.65438742412945
67.62513166557414
67.5957733710455
67.56631254325958
67.53674918511727
67.50708329970426
67.47731489029147
67.4474439603352
67.41747051347745
67.38739455354609
67.3572160845551
67.32693511070492
67.29655163638262
67.26606566616209
67.23547720480435
67.20478625725784
67.17399282865853
67.14309692433031
67.1120985497851
67.08099771072314
67.04979182098545
67.01848185542967
66.98706943244746
66.95555455852754
66.9239372403483
66.89221748477807
66.86039529887529
66.82847068988883
66.79644366525821
66.76431423261381
66.73208239977708
66.69974817476086
66.66731156576954
66.63477258119934
66.60213122963856
66.56938751986777
66.53654146086008
66.50359306178132
66.47054233199032
66.43738928103917
66.40413391867345
66.37077623167646
66.33731180291443
66.30374508259051
66.27007608126237
66.23630480968242
66.20243127879806
66.16845549975196
66.13437748388222
66.10019724272264
66.06591478800303
66.03153013164922
65.99704328578355
65.96245426272486
65.92776307498892
65.89296973528853
65.8580742565338
65.82307665183231
65.78797693448948
65.75277511800863
65.71747121609131
65.68206524263753
65.64655372145421
65.61093892591587
65.5752220918507
65.53940323399372
65.50348236727964
65.46745950684304
65.43133466801866
65.39510786634163
65.3587791175476
65.32234843757308
65.28581584255556
65.24918134883377
65.21244497294792
65.17560673163986
65.13866664185339
65.10162472073439
65.06448098563109
65.02723545409421
64.98988814387732
64.95243613262338
64.91488037990295
64.87722289374621
64.83946369276181
64.80160279576238
64.76364022176476
64.72557598999022
64.68741011986462
64.64914263101866
64.6107735432881
64.57230287671396
64.53373065154267
64.49505688822642
64.45628160742326
64.41740482999732
64.37842657701904
64.33934686976536
64.30016572971998
64.260881114743
64.22149203627896
64.1820015821387
64.14240977467941
64.10271663646618
64.06292219027218
64.02302645907885
63.98302946607619
63.94293123466286
63.9027317884464
63.86243115124355
63.822029347080274
63.7815264001921
63.7409223350242
63.700217176231696
63.65941094867988
63.61850367744419
63.57749524390616
63.53638064211457
63.495165065210955
63.453848539161115
63.412431090142185
63.37091274454296
63.329293528964044
63.287573470218
63.24575259532968
63.203830931536274
63.16180850628758
63.11968534724612
63.077461482287404
63.03513693950015
62.99271174718637
62.950185933861604
62.907559528255156
62.864830546356586
62.821997552108755
62.77906404583489
62.73603005717051
62.69289561596582
62.64966075228604
62.60632549641155
62.56288987883806
62.519353930276814
62.47571768165475
62.43198116411469
62.3881444090155
62.34420744793233
62.30017031265671
62.25603303519679
62.2117956477775
62.16745627832869
62.123013122096566
62.078469947358556
62.03382678726013
61.98908367516457
61.94424064465308
61.89929772952503
61.85425496379808
61.80911238170839
61.76387001771078
61.71852790647887
61.67308608290528
61.62754458210178
61.581903439399504
61.53616269034908
61.49032237072079
61.44437748248944
61.39833233738996
61.35218772454848
61.30594368066948
61.259600242677976
61.213157447719794
61.16661533316167
61.11997393659148
61.07323329581841
61.026393448872966
60.9794544340073
60.932416289695304
60.88527905463278
60.838042767737555
60.79070746814969
60.74326783138791
60.695728701085336
60.6480906717596
60.60035378349694
60.55251807660676
60.504583591621675
60.45655036929773
60.40841845061452
60.36018787677534
60.311858689207405
60.26343092956186
60.21490463971407
60.16627986176365
60.1175566380347
60.068732607663094
60.01980657878014
59.97078222803566
59.921659598710505
59.87243873431094
59.82311967856853
59.77370247544049
59.724187169109676
59.67457380398486
59.62486242470074
59.5750530761181
59.52514580332406
59.475140651632124
59.42503766658225
59.37483502648126
59.324530360849806
59.27412799614584
59.22362797887618
59.17303035577488
59.12233517380341
59.07154248015082
59.020652322233815
58.96966474769702
58.91857980441285
58.867397540481925
58.81611800423295
58.764741244222975
58.71326730923756
58.66169257582551
58.61001818512957
58.558246764225295
58.506378362874116
58.45441303106668
58.402350819022885
58.35019177719204
58.2979359562529
58.24558340711389
58.19313418091311
58.14058832901859
58.08794590302826
58.03520695477012
57.98237015075647
57.92943197062385
57.87639742282354
57.823266560167475
57.770039435698266
57.71671610268938
57.663296614645205
57.60978102530114
57.55616938862382
57.502461758811044
57.448658190291965
57.39475873772721
57.340763456008915
57.28667131235783
57.23247811100166
57.178189245009804
57.12380477026553
57.069324742884255
57.01474921921368
56.960078255833785
56.90531190955699
56.850450237428234
56.79549329672504
56.74044114495759
56.68529383986892
56.6300514394349
56.57471129655936
56.51927237797688
56.463738538562055
56.408109837288364
56.3523863333628
56.29656808622574
56.24065515555114
56.18464760124662
56.128545483453415
56.07234886254668
56.01605779913542
55.959672354062484
55.90319258840485
55.84661240387934
55.78993761160038
55.7331686833151
55.67630568110388
55.61934866728163
55.56229770439777
55.50515285523634
55.447914182816156
55.39058175039066
55.33315562144818
55.275635859711876
55.21802252913988
55.16031095433839
55.10250404968503
55.044603770129
54.98661018063667
54.92852334640967
54.87034333288507
54.81207020573539
54.75370403086861
54.695244874428326
54.63669280279371
54.578047882579575
54.51931018063653
54.46047487883892
54.40154513319008
54.342522809147795
54.28340797457478
54.22420069756998
54.164901046468266
54.105509089840744
54.04602489649463
53.98644853547338
53.92678007605667
53.86701958776052
53.80716714033729
53.74721627234308
53.687173389889274
53.62703876108751
53.566812456705776
53.5064945477486
53.446085105457136
53.385584201309186
53.32499190701922
53.26430829453847
53.203533436054876
53.142667403993144
53.081707427881575
53.02065249935669
52.9595066187299
52.89826985944404
52.83694229517891
52.77552399985125
52.71401504761482
52.65241551286036
52.590725470215695
52.528944994545675
52.4670741609522
52.405112592203935
52.34305446713664
52.28090621434372
52.21866790994714
52.15633963030598
52.09392145201655
52.03141345191236
51.96881570706405
51.906128294779606
51.843351292604154
51.78048477832006
51.71752882994685
51.65447738731137
51.59133598003259
51.52810537838736
51.46478566141657
51.40137690839842
51.33787919884834
51.27429261251899
51.210617229400405
51.14685312971971
51.08300039394134
51.01905910276697
50.955023127542454
50.89089812203834
50.82668480961577
50.76238327199832
50.697993591146734
50.63351584925889
50.56895012876999
50.504296512352234
50.439555082915
50.374725923604764
50.309808570903485
50.244797335780035
50.17969862723873
50.114512529447865
50.04923912681289
49.983878503976115
49.91843074581685
49.85289593745141
49.78727416423291
49.72156551175135
49.655770065833515
49.58988509366109
49.52390944454624
49.45784726721467
49.39169864851436
49.325463675530045
49.25914243558303
49.19273501623119
49.12624150526898
49.05966199072733
48.99299656087359
48.92624530421155
48.85940219281981
48.79247267274294
48.725457599837924
48.65835706362836
48.59117115387401
48.52389996057074
48.4565435739505
48.38910208448126
48.32157558286681
48.25396416004695
48.18626440429202
48.11847653424249
48.050604024936426
47.982646968331565
47.91460545662128
47.846479582234466
47.77826943783537
47.709975116323754
47.64159671083455
47.57313431473795
47.50458621059947
47.435949238997594
47.36722856669371
47.2984242880738
47.22953649775853
47.160565290603444
47.09151076169874
47.0223730063692
46.953152120174245
46.88384819890763
46.81446033973496
46.74498377017302
46.675424463384644
46.605782516176276
46.536058025588495
46.466251088895724
46.39636180360624
46.32639026746197
46.25633657843854
46.18620083474512
46.115982111477095
46.04567570209619
45.97528754380869
45.904817735832886
45.83426637762017
45.76363356885476
45.69291940945374
45.62212399956692
45.55124743957667
45.48028983009775
45.40924943127733
45.33812319399391
45.26691622087719
45.19562861354707
45.124260473855315
45.052811903885555
44.98128300595305
44.909673882604615
44.83798463661845
44.766215371004094
44.694362782584584
44.62242698216586
44.550411483635024
44.47831639100184
44.40614180850682
44.333887840620925
44.26155459204562
44.18914216771256
44.116650672783514
44.04408021265028
43.97142521759054
43.89869037057677
43.825876887699536
43.752984875345454
43.68001444013051
43.606965688899805
43.53383872872741
43.46063366691626
43.387350610997984
43.313987815162534
43.240542346378646
43.167019219850886
43.09341854410051
43.01974042787654
42.94598498015581
42.87215231014276
42.798242527269224
42.724255741194334
42.65019206180437
42.57604616506101
42.50182232446231
42.42752193465447
42.35314510650677
42.278691951114816
42.204162579800155
42.12955710411036
42.054875635818725
41.980118286924075
41.905282254474116
41.83036681136459
41.755375838699024
41.680309449452885
41.60516775682631
41.52995087424397
41.45465891535475
41.37929199403165
41.30385022437158
41.22833270722197
41.152734954041975
41.07706271046857
41.00131609156835
40.925495212630885
40.84960018916852
40.77363113691606
40.69758817183079
40.62147141009204
40.54528096810111
40.46901067956415
40.392666656576516
40.316249318868934
40.239758783804255
40.163195168966105
40.0865585921588
40.009849171407154
39.93306702495622
39.85621227127122
39.779279557616505
39.702273424949176
39.625195057370554
39.5480445742992
39.47082209537269
39.39352774044724
39.316161629597595
39.23872388311674
39.16121462151574
39.08362878862599
39.00597039285522
38.92824086102162
38.850440314581256
38.77256887520694
38.69462666478814
38.61661380543078
38.538530419456926
38.460376629404514
38.38214719097875
38.30384655402628
38.22547589872742
38.147035348555995
38.0685250272006
37.98994505856424
37.91129556676405
37.832576676131154
37.75378851121044
37.674925187327666
37.59599250486799
37.51699094046377
37.437920619586166
37.358781667918805
37.279574211357335
37.20029837600927
37.12095428819377
37.041541295932866
36.96205478998918
36.882500429759276
36.802878342479666
36.72318865559715
36.64343149676848
36.5636069938601
36.483715274947905
36.40375646831687
36.323728402358874
36.24362958542815
36.163464085440665
36.08323203158841
36.00293355327103
35.922568780095574
35.84213784187626
35.761640868634174
35.68107799059697
35.60044515744514
35.51974471783129
35.43897878449092
35.358147488547615
35.277250961330026
35.196289334371635
35.11526273941032
35.034171308388174
34.95301486714402
34.87178807913037
34.790496871771126
34.709141377894035
34.62772173052954
34.546238062910334
34.464690508471186
34.3830792008485
34.30140427388028
34.219662968786146
34.13785520956129
34.0559842539617
33.974050236698915
33.89205329268439
33.80999355702883
33.72787116504225
33.645686252233446
33.563438954309696
33.48112366199583
33.39874609603934
33.31630657410927
33.23380523277417
33.15124220879937
33.068617639146645
32.98593166097412
32.90318441163552
32.82037303008925
32.73749781887628
32.654561771066106
32.57156502486224
32.48850771866224
32.405389991057426
32.32221198083251
32.238973826965335
32.15567504015635
32.072311261048625
31.988887778221837
31.905404731491526
31.821862260864414
31.73826050653818
31.654599608901115
31.570879708531624
31.487100946198094
31.403259172871504
31.319357456433735
31.23539732386941
31.15137891677062
31.067302376917507
30.98316784627786
30.898975467006753
30.814725381446138
30.730415203859653
30.64604456417139
30.56161666922176
30.477131662163842
30.392589686335587
30.307990885259606
30.223335402642793
30.13862338237591
30.053853889740047
29.969023744475678
29.884137517698914
29.799195354098437
29.71419739854468
29.629143796089657
29.544034691966495
29.458870231589064
29.373650560551734
29.288370511474117
29.203035488838317
29.117645717310175
29.032201343266518
28.946702513262633
28.861149374031665
28.77554207248429
28.6898807557084
28.604161236455603
28.51838705758711
28.432559330186784
28.34667820211109
28.260743821391557
28.174756336234424
28.0887158950201
28.002622646302964
27.91647313350907
27.830269539889578
27.74401361030401
27.657705494060938
27.571345340640725
27.484933299694887
27.3984695210459
27.311954154686692
27.2253842447314
27.13876107784358
27.05208679953109
26.965361560526368
26.878585511730126
26.791758804210932
26.70488158920474
26.617954018114602
26.53097342500838
26.443940624431885
26.3568579487119
26.269725549975888
26.18254358051591
26.095312192788576
26.008031539414244
25.92070177317674
25.83332032637572
25.7458879278329
25.658406901926178
25.570877402148316
25.483299582153283
25.395673595755763
25.30799959693067
25.220277739812822
25.132505381964354
25.044683515317605
24.95681428033757
24.868897831852134
24.780934324846733
24.692923914463876
24.604866756002533
24.516763004917845
24.4286097895377
24.34040867673815
24.252161465634163
24.16386831235791
24.075529373195216
23.98714480458524
23.898714763119912
23.810239405543584
23.721715494625638
23.633145447615124
23.544530583068767
23.455871058391377
23.36716703113762
23.278418659011688
23.18962609986668
23.100789511704154
23.01190517326432
22.922976591830178
22.83400448410472
22.744989008733217
22.65593032450693
22.566828590362594
22.477683965382084
22.388496460210966
22.299262214346424
22.209985583931342
22.120666728676152
22.03130580843376
21.941902983199054
21.852458413108554
21.76297225843976
21.673443737780026
21.583870701592044
21.494256591058708
21.40460156706876
21.314905790649306
21.22516942296548
21.135392625319813
21.04557555915192
20.95571658133992
20.865815395145763
20.77587445449821
20.685893921430296
20.595873958109294
20.50581472683641
20.415716390046235
20.3255791103062
20.23540032958953
20.14518171281023
20.054924670872197
19.964629366918285
19.87429596422142
19.783924626184213
19.69351551633847
19.6030687983447
19.512580962121163
19.422055710923022
19.331493372974943
19.240894112494317
19.150258093824586
19.059585481434535
18.968876439917963
18.878130190440555
18.787345079991503
18.696524064887324
18.60566731026234
18.51477498137303
18.423847243597596
18.332884262435293
18.241886203506013
18.15085117263261
18.059779885953738
17.96867404936407
17.877533829005092
17.786359391136227
17.695150902134117
17.603908528492155
17.51263243682011
17.42131962367407
17.329973164360442
17.23859351813663
17.14718085211484
17.05573533352057
16.964257129692328
16.872746408080868
16.781202399111788
16.689623821877042
16.598013260746566
16.5063708836566
16.4146968586528
16.32299135388971
16.23125453763029
16.1394865782453
16.04768550980234
15.95585258855599
15.863989061103666
15.772095096281886
15.680170863032183
15.588216530400409
15.496232267536373
15.404218026345777
15.312171342067515
15.220095267037731
15.127989970854372
15.035855623216424
14.943692393923165
14.85150045287368
14.759279970066359
14.667029659469737
14.574749680166857
14.48244170138117
14.390105893539152
14.297742427163575
14.205351472873037
14.112933201381205
14.020487783496511
13.928012764082167
13.835510790176862
13.742982214819142
13.650427209225176
13.557845944702807
13.46523859265082
13.372605324558629
13.27994525588888
13.187258011474471
13.094545398195809
13.00180758793205
12.909044752649665
12.816257064402134
12.72344469532922
12.630607817656498
12.537744399920404
12.44485651360817
12.351944668291852
12.259009036565981
12.166049791107797
12.073067104676747
11.980061150113842
11.88703123895398
11.793976878159146
11.700899800845436
11.607800180204386
11.514678189506078
11.421534002098438
11.328367791406736
11.235179730933075
11.141968044370614
11.048734569907255
10.955479799444051
10.862203906812546
10.76890706591787
10.6755894507383
10.582251235324492
10.48889178833381
10.3955107817021
10.302109730413553
10.208688808829654
10.1152481913812
10.021788052567903
9.928308566957504
9.834809909185465
9.741290452402723
9.647752017515693
9.554194967958708
9.460619478656476
9.367025724598179
9.273413880836893
9.179784122488984
9.086135796074103
8.992468901359677
8.89878465111979
8.805083220741132
8.711364785670444
8.617629521414027
8.523877603537176
8.430109207663385
8.33632280660508
8.242520307584416
8.148701891283709
8.0548677335752
7.961018010386147
7.867152897698431
7.773272571547917
7.6793763297236595
7.585464556726538
7.491538132324272
7.397597232781977
7.303642034415624
7.209672713591315
7.115689446724626
7.021692226684245
6.927680175697739
6.833654741959285
6.7396161020945975
6.645564432775706
6.551499910720314
6.457422712691402
6.363333015496291
6.269230087030631
6.175114661936392
6.0809873022367515
5.986848184927148
5.8926974870442725
5.798535385665462
5.704362057908188
5.610177346177852
5.515980965184772
5.421773923374239
5.327556398032228
5.233328566481517
5.139090606081103
5.044842694225577
4.950585008344645
4.856316843286156
4.762039172578255
4.667752294410576
4.573456386358989
4.479151626031241
4.3848381910660965
4.290516259132847
4.196185593892434
4.101846361236291
4.007499198943453
3.9131442848098703
3.8187817966587585
3.724411912339967
3.6300348097294326
3.535650608095452
3.441258892416158
3.346860526431888
3.2524556881254907
3.158044555502549
3.063627306590841
2.9692041194396808
2.8747751721192927
2.7803402481881565
2.685899768913591
2.591454098067641
2.4970034138050776
2.40254789429833
2.3080877177367545
2.2136230623262145
2.1191539769118752
2.0246804829454303
1.9302030791467142
1.8357219437862524
1.7412372551477482
1.646749191527397
1.5522579312332243
1.457763652584706
1.36326627685683
1.2687662458713778
1.1742637658896486
1.0797590152732575
0.9852521723917524
0.8907434156221823
0.7962329233483191
0.7017207979793607
0.6072072499756751
0.5126925360070663
0.41817683447972204
0.3236603238032291
0.22914318239004475
0.1346255886548417
0.04010771985886458
-0.05441023237080051
-0.1489280673129224
-0.24344560655027517
-0.3379626716666753
-0.4324790842475946
-0.5269946658808567
-0.621509238157087
-0.716022513363427
-0.8105343556670003
-0.9050446190595735
-0.9995531251518546
-1.094059695560644
-1.1885641519096513
-1.2830663158300308
-1.3775659063689263
-1.4720626436032025
-1.5665565190226012
-1.6610473542979434
-1.7555349711109416
-1.8500191911545951
-1.9444998361338384
-2.0389767277662068
-2.1334492614258505
-2.227917639949557
-2.322381696066018
-2.4168412515550957
-2.5112961282125212
-2.605746147850327
-2.7001911322978436
-2.7946305679932
-2.889064345682888
-2.9834925195271933
-3.077914911437472
-3.1723313433453275
-3.266741637203479
-3.3611456149862424
-3.455542963502133
-3.549933043179783
-3.6443162386429564
-3.7386923719678617
-3.8330612652554796
-3.927422740632316
-4.021776620250951
-4.116122726290692
-4.210460195274803
-4.304789325024853
-4.399110113778533
-4.49342238383935
-4.587725957540841
-4.682020657247028
-4.776306305353229
-4.870582333417854
-4.964848320668376
-5.059104689653686
-5.153351262912848
-5.247587863019514
-5.341814312582386
-5.436030434245784
-5.530236050690343
-5.624429850654811
-5.718612737226572
-5.81278455290361
-5.906945120532659
-6.001094263000012
-6.095231803232069
-6.189357564195935
-6.283470635815345
-6.377570991638483
-6.4716590035043815
-6.565734494565889
-6.659797288019649
-6.753847207107037
-6.847884075114541
-6.94190750535214
-7.035916298153082
-7.129911476281128
-7.2238928632277135
-7.317860282532873
-7.411813557785553
-7.505752512624367
-7.599676970738061
-7.693585624721682
-7.787478957230755
-7.881357230800414
-7.975220269346466
-8.069067896838147
-8.162899937298613
-8.256716214805717
-8.350516074492386
-8.44429856928292
-8.538064740233391
-8.63181441166788
-8.725547407968186
-8.819263553574606
-8.912962672986417
-9.006644590762395
-9.100307584740031
-9.193952685574653
-9.287580025527552
-9.381189429425543
-9.474780722158194
-9.568353728678371
-9.661908274002927
-9.755443437649634
-9.84895852433371
-9.942454592132746
-10.035931466350531
-10.129388972357981
-10.222826935593579
-10.316245181564158
-10.409643535845357
-10.503019889771817
-10.596375770146963
-10.689711203042904
-10.783026014343745
-10.876320030005518
-10.96959307605679
-11.062844978599266
-11.156074603112643
-11.249281407889717
-11.342466515150615
-11.435629751324194
-11.528770942915576
-11.621889916506756
-11.714986498756968
-11.808060516403534
-11.90110955545186
-11.99413548177312
-12.08713829163806
-12.180117812132183
-12.27307387042215
-12.366006293756248
-12.458914909465003
-12.551798476720053
-12.644656397473529
-12.737489960753573
-12.830298994257413
-12.923083325767479
-13.015842783152085
-13.108577194365937
-13.201286387450617
-13.293967784194711
-13.386623313171526
-13.479253076576644
-13.571856902839187
-13.664434620478348
-13.756986058103685
-13.849511044416078
-13.942008403074333
-14.034477144225912
-14.126918888845179
-14.219333466038435
-14.311720705006213
-14.404080435043726
-14.496412485541402
-14.588716685985455
-14.680990501778055
-14.773235514967233
-14.865452135534984
-14.957640193393473
-15.049799518553627
-15.141929941125765
-15.234031291319935
-15.326102697798378
-15.418142304562767
-15.510152298818642
-15.602132511219825
-15.694082772522894
-15.786002913587899
-15.877892765378697
-15.969752158963686
-16.06157888441641
-16.153373622131813
-16.24513736440333
-16.336869942762927
-16.42857118884992
-16.520240934411536
-16.611879011303497
-16.703485169804388
-16.795056061779697
-16.886594750493796
-16.978101068283326
-17.06957484759626
-17.161015920992334
-17.25242412114378
-17.343799280835658
-17.435139875313
-17.526444969837776
-17.61771649243942
-17.708954276403404
-17.80015815513103
-17.891327962139894
-17.98246353106435
-18.073564695656184
-18.16462863661073
-18.255656873945927
-18.346650178735576
-18.43760838525102
-18.528531327883794
-18.619418841145908
-18.710270759670767
-18.8010866897124
-18.891863197753782
-18.982603585802273
-19.073307689027533
-19.163975342723045
-19.254606382306896
-19.345200643322077
-19.435757961437066
-19.52627678578406
-19.61675586727289
-19.70719748408266
-19.797601472436817
-19.887967668687033
-19.978295909313747
-20.068586030926557
-20.158837870264797
-20.249048741844664
-20.33921953853333
-20.42935153476295
-20.519444567846243
-20.60949847522831
-20.69951309448719
-20.78948826333439
-20.879423819615276
-20.969315981387425
-21.059167709773682
-21.14897931111916
-21.238750623860696
-21.328481486571665
-21.418171737962513
-21.507821216881226
-21.59742931278425
-21.686992550094786
-21.776514503813335
-21.865995013395004
-21.955433918435084
-22.044831058669338
-22.13418627397472
-22.22349940436983
-22.31276899096514
-22.40199313524659
-22.49117468741989
-22.580313488128272
-22.669409378159028
-22.758462198444125
-22.84747179006063
-22.936437994231095
-23.02535858862034
-23.114233084779404
-23.20306369032646
-23.29185024712597
-23.38059259719046
-23.469290582680948
-23.557944045907522
-23.646552829329757
-23.735114049255937
-23.823628425988865
-23.912097623891018
-24.00052148608067
-24.08889985582799
-24.17723257655561
-24.265519491838948
-24.353760445406795
-24.441952011846013
-24.53009588386552
-24.618193299388256
-24.70624410281821
-24.794248138715094
-24.882205251794776
-24.970115286929826
-25.057978089149795
-25.145789828839522
-25.233552899057184
-25.321268245927037
-25.40893571517002
-25.49655515266664
-25.58412640445723
-25.671649316742478
-25.759123735883843
-25.846545583786213
-25.933917645448844
-26.02124072798426
-26.108514678461162
-26.195739344111384
-26.282914572330117
-26.370040210676617
-26.45711610687447
-26.544138108573737
-26.63110904735313
-26.718029762548912
-26.804900102607416
-26.891719916141625
-26.978489051931597
-27.065207358924827
-27.151874686236678
-27.238487000269203
-27.325046796304587
-27.411555135868372
-27.498011868813915
-27.584416845164604
-27.67076991511436
-27.75707092902799
-27.8433197374417
-27.929512637557853
-28.01565136744992
-28.10173741979072
-28.187770645869033
-28.273750897147263
-28.359678025261697
-28.445551882022873
-28.5313723194161
-28.617136196772847
-28.70284403552881
-28.788497987695866
-28.874097906026346
-28.959643643449436
-29.045135053071498
-29.13057198817644
-29.215954302226244
-29.301279667509558
-29.38654689043843
-29.4717590300109
-29.556915940469963
-29.642017476238745
-29.727063491920756
-29.81205384230031
-29.896988382342926
-29.981865867819096
-30.066682852376516
-30.151443569302053
-30.23614787435599
-30.320795623481764
-30.405386672806408
-30.489920878640756
-30.574398097480024
-30.658818186004087
-30.743175686557088
-30.827475474939853
-30.911717681426506
-30.99590216350651
-31.080028778855976
-31.164097385337957
-31.248107841002767
-31.33206000408847
-31.415950017494595
-31.499779477331007
-31.58355019818955
-31.66726203913072
-31.750914859404592
-31.834508518451052
-31.918042875900326
-32.001517791573235
-32.084931342850595
-32.168281181713404
-32.25157113766204
-32.3348010713523
-32.417970843632325
-32.501080315543014
-32.584129348318406
-32.667117803385985
-32.75004554236697
-32.83290708150944
-32.91570710267019
-32.99844597259701
-33.08112355375961
-33.16373970882309
-33.24629430064855
-33.328787192293255
-33.41121824701098
-33.49358457123444
-33.57588559870454
-33.65812435952017
-33.74030071779508
-33.82241453784125
-33.904465684169274
-33.986454021488605
-34.068379414707785
-34.15024172893496
-34.232035046325706
-34.31376476535862
-34.395430981834245
-34.477033561733116
-34.55857237123707
-34.64004727672929
-34.721458144794745
-34.80280484222045
-34.88408479311782
-34.96529665183035
-35.04644392190465
-35.12752647101099
-35.208544167023284
-35.28949687801945
-35.37038447228148
-35.45120681829596
-35.53196378475432
-35.61265042057845
-35.693270055355846
-35.77382389889938
-35.85431182079534
-35.93473369083628
-36.015089379021404
-36.095378755556766
-36.17560169085564
-36.25575742415805
-36.335840851791275
-36.415857432212256
-36.49580703673899
-36.57568953689818
-36.65550480442524
-36.7352527112649
-36.81493312957132
-36.89454593170839
-36.97408874354058
-37.05355962177044
-37.132962484321204
-37.21229720447203
-37.291563655713254
-37.37076171174657
-37.44989124648531
-37.52895213405461
-37.607944248791874
-37.68686399235768
-37.76571180819069
-37.844490458219305
-37.92319981770625
-38.00183976212783
-38.08041016717404
-38.15891090874878
-38.23734186297026
-38.31570290617113
-38.39398963761651
-38.47220404857876
-38.55034816215305
-38.628421855606994
-38.706425006424
-38.78435749230333
-38.86221919116052
-38.940009981127545
-39.01772974055294
-39.09537372068644
-39.17294455659507
-39.250443982263754
-39.32787187698514
-39.40522812026978
-39.482512591846316
-39.55972517166167
-39.63686573988126
-39.71393417688931
-39.790925872766486
-39.86784313740404
-39.944687897860724
-40.021460035473346
-40.09815943179868
-40.17478596861351
-40.25133952791496
-40.32781999192061
-40.404227243068775
-40.48055732944151
-40.556811202133126
-40.63299149578338
-40.7090980937913
-40.78513087977769
-40.8610897375853
-40.936974551279086
-41.01278520514633
-41.08852158369697
-41.16418094432675
-41.23976178142089
-41.31526798385263
-41.39069943710002
-41.466056026864806
-41.54133763907242
-41.61654415987224
-41.691675475637744
-41.76673147296678
-41.8417112018034
-41.91660953805559
-41.99143220341248
-42.06617908544704
-42.140850071957665
-42.2154450509681
-42.28996391072762
-42.364406539711425
-42.43877282662043
-42.51306266038183
-42.587270778706646
-42.661400640965134
-42.73545370530486
-42.80942986163549
-42.88332900009356
-42.95715101104277
-43.03089578507414
-43.10456321300611
-43.17815318588475
-43.25166346475164
-43.325091438902035
-43.398441620205986
-43.471713900698006
-43.54490817264094
-43.618024328526204
-43.69106226107397
-43.76402186323323
-43.83690302818202
-43.90970564932748
-43.982424405334584
-44.05506282047798
-44.12762236180495
-44.200102923717175
-44.27250440084605
-44.344826688053075
-44.41706968042983
-44.48923327329821
-44.56131736221055
-44.63332102302963
-44.705238972083706
-44.7770770942214
-44.8488352859943
-44.920513444185154
-44.99211146580789
-45.06362924810769
-45.13506668856126
-45.20642368487683
-45.27770013499432
-45.34889342457217
-45.42000163167356
-45.4910289774709
-45.5619753609083
-45.63284068116217
-45.703624837641314
-45.77432772998699
-45.844949258073115
-45.91548932200636
-45.985947822126086
-46.05632119932263
-46.12660940835183
-46.19681574634802
-46.26694011465911
-46.33698241486629
-46.4069425487843
-46.47682041846139
-46.5466159261794
-46.61632897445402
-46.685959466034625
-46.75550368705292
-46.82496189471641
-46.894337246380026
-46.963629645805334
-47.032838996988225
-47.101965204158844
-47.17100817178193
-47.23996780455667
-47.30884400741694
-47.3776366855313
-47.44634280415008
-47.51496126089762
-47.58349590152939
-47.65194663222911
-47.72031335941563
-47.788595989742916
-47.856794430100166
-47.924908587611945
-47.99293836963814
-48.06088368377411
-48.128743051371316
-48.19651226216196
-48.26419672164628
-48.3317963384373
-48.39931102138375
-48.466740679570314
-48.5340852223174
-48.601344559181484
-48.668518599954965
-48.7356072546664
-48.80261043358035
-48.86952224495547
-48.936347308362535
-49.0030866213062
-49.06974009507082
-49.136307641177126
-49.20278917138227
-49.269184597679775
-49.335493832299775
-49.401716787708864
-49.46785337661026
-49.53390115140535
-49.5998578594456
-49.66572793428818
-49.731511289657334
-49.79720783951407
-49.86281749805619
-49.92834017971835
-49.993775799172006
-50.0591242713256
-50.1243855113245
-50.18955943455095
-50.25464117163396
-50.31963333010153
-50.38453791387081
-50.449354839345936
-50.5140840231681
-50.578725382215595
-50.64327883360382
-50.70774429468527
-50.772121683049654
-50.83641091652382
-50.90061191317181
-50.964718461925266
-51.0287358770374
-51.09266480616046
-51.156505168380406
-51.22025688302048
-51.28391986964117
-51.347494048040105
-51.410979338252254
-51.47437566054982
-51.537682935442284
-51.60090108367643
-51.664023688664265
-51.72705650560986
-51.789999955490146
-51.852853960073276
-51.91561844136468
-51.978293321606984
-52.04087852328004
-52.10337396910092
-52.165779582023944
-52.228095285240606
-52.290321002179695
-52.3524513015099
-52.41449000428985
-52.47643848912856
-52.53829668047503
-52.60006450301533
-52.661741881672654
-52.72332874160725
-52.78482500821637
-52.84623060713439
-52.90754546423268
-52.96876950561952
-53.029899529013996
-53.09093494006618
-53.15187931246852
-53.21273257334785
-53.27349465006773
-53.33416547022874
-53.394744961668
-53.45523305245959
-53.515629670914166
-53.57593474557904
-53.63614820523842
-53.696269978912774
-53.756293651430504
-53.81622510180133
-53.876064652729625
-53.93581223425204
-53.99546777664137
-54.05503121040697
-54.11450246629433
-54.17388147528524
-54.233168168597786
-54.292362477686105
-54.3514643342406
-54.41047223899565
-54.469382294728824
-54.52819969314064
-54.58692436693427
-54.64555624904871
-54.7040952726586
-54.762541371174535
-54.820894478242586
-54.87915452774446
-54.93732145379758
-54.995395190754664
-55.05337567320404
-55.11126107826793
-55.16904821748655
-55.22674190681925
-55.28434208186302
-55.341848678450184
-55.3992616326479
-55.4565808807583
-55.513806359318565
-55.57093800510044
-55.627975755110675
-55.684919546590464
-55.74176931701582
-55.79852448271411
-55.855179445410016
-55.91174020103563
-55.96820668807112
-56.024578845230785
-56.080856611463155
-56.13703992595064
-56.193128728109755
-56.2491229575907
-56.305022554277656
-56.360827458288405
-56.41653760997438
-56.472152949920684
-56.527669247141105
-56.583088274967906
-56.6384123151139
-56.69364130916255
-56.748775198930566
-56.80381392646743
-56.85875743405564
-56.91360566421035
-56.96835855967942
-57.02301606344349
-57.07757811871544
-57.13204466894078
-57.18641565779725
-57.2406850407567
-57.29485830324796
-57.34893583843492
-57.402917590987485
-57.45680350580727
-57.51059352802753
-57.56428760301313
-57.61788567636026
-57.67138769389664
-57.724793601681085
-57.77810334600356
-57.83131687338517
-57.88443413057787
-57.93744917171561
-57.990367377666466
-58.04318915742222
-58.09591445871981
-58.1485432295264
-58.201075418039544
-58.25351097268661
-58.30584984212516
-58.358091975242445
-58.41023732115544
-58.46228582921088
-58.51423744898485
-58.566092130282875
-58.61784601261939
-58.669500406325284
-58.7210577153946
-58.772517890609926
-58.82388088298277
-58.87514664375292
-58.92631512438873
-58.97738627658694
-59.02836005227231
-59.07923640359789
-59.13001528294444
-59.18069664292066
-59.23128043636291
-59.28176661633509
-59.33214930248294
-59.38243395666168
-59.43262086170581
-59.48270997164725
-59.53270124074475
-59.58259462348373
-59.632390074576016
-59.68208754896003
-59.73168700180025
-59.78118838848729
-59.8305916646379
-59.879896786094456
-59.92910370892523
-59.97821238942396
-60.02721726572457
-60.076123282692706
-60.12493093204813
-60.17364017104292
-60.22225095715362
-60.27076324808152
-60.31917700175237
-60.36749217631608
-60.41570873014686
-60.463826621842834
-60.51184581022601
-60.55976625434213
-60.607587913460385
-60.655310747073564
-60.70293193405179
-60.750451065584706
-60.79787125659592
-60.8451924675258
-60.89241465903727
-60.939537792015436
-60.98656182756781
-61.03348672702386
-61.08031245193488
-61.12703896407408
-61.173666225436115
-61.220194198237145
-61.26662284491444
-61.31295212812652
-61.35918201075289
-61.40530910829107
-61.4513342803636
-61.49725994768605
-61.543086074073514
-61.588812623561154
-61.63443956040375
-61.67996684907602
-61.725394454271935
-61.77072234090486
-61.815950474107424
-61.8610788192311
-61.9061073418463
-61.951036007741955
-61.99586478292555
-62.040593633622926
-62.08522145672415
-62.12974469904301
-62.17416792340991
-62.21849109697363
-62.26271418710027
-62.306837161372954
-62.35085998759194
-62.39478263377408
-62.43860506815295
-62.48232725917845
-62.52594917551674
-62.56947078605014
-62.612892059876636
-62.65621296631018
-62.699433474879974
-62.742553555330645
-62.78557180806833
-62.828485438468356
-62.87129855851474
-62.91401113886095
-62.95662315037458
-62.99913456413751
-63.04154535144537
-63.083855483807646
-63.126064932947166
-63.16817367080021
-63.210181669516246
-63.25208890145757
-63.29389533919938
-63.33560095552933
-63.37720572344759
-63.41870961616636
-63.46011260710992
-63.50141099186123
-63.54260676807846
-63.5837015720068
-63.62469537796353
-63.66558816047665
-63.706379894285035
-63.74707055433792
-63.78766011579492
-63.82814855402569
-63.86853584460976
-63.908821963336514
-63.94900688620462
-63.98909058942222
-64.02907304940646
-64.06895424278342
-64.10873414638786
-64.14841273726297
-64.18798778453636
-64.22745853054923
-64.2668279048141
-64.30609588525058
-64.3452624499856
-64.38432757735322
-64.42329124589439
-64.46215343435685
-64.50091412169473
-64.53957328706849
-64.57813090984473
-64.61658696959586
-64.65494144610004
-64.69319431934078
-64.73134556950693
-64.76939517699232
-64.80734312239562
-64.84518938652016
-64.88293213699258
-64.9205700291278
-64.95810619287981
-64.9955406099099
-65.03287326208287
-65.07010413146664
-65.10723320033209
-65.14426045115297
-65.18118586660546
-65.21800942956814
-65.25473112312156
-65.29135093054828
-65.3278688353325
-65.3642848211598
-65.4005988719171
-65.43681097169225
-65.47292110477389
-65.5089292556513
-65.54483540901398
-65.58063777207617
-65.61633515016976
-65.65193049592456
-65.68742379486821
-65.72281503272745
-65.75810419542792
-65.79329126909386
-65.82837624004794
-65.86335909481097
-65.8982398201018
-65.93301840283698
-65.96769483013054
-66.00226908929389
-66.0367411678354
-66.07111105346027
-66.10537873407038
-66.13954419776391
-66.17360743283523
-66.20756842777458
-66.24142717126786
-66.27518233380638
-66.3088320433981
-66.34237947930855
-66.37582463103998
-66.40916748828906
-66.44240804094663
-66.4755462790974
-66.5085821930198
-66.54151577318565
-66.57434701026007
-66.6070758951011
-66.63970241875954
-66.6722265724787
-66.70464834769417
-66.73696773603365
-66.76918472931654
-66.8012993195538
-66.83331149894784
-66.86522125989204
-66.89702859497076
-66.92873349695888
-66.96033595882167
-66.99183214582303
-67.0232254779698
-67.05451636119372
-67.08570478925175
-67.11679075608983
-67.14777425584293
-67.17865528283441
-67.20943383157596
-67.24010989676735
-67.2706834732962
-67.30115455623772
-67.33152314085446
-67.36178922259607
-67.39195279709908
-67.42201386018661
-67.45197240786817
-67.4818284363394
-67.51158194198186
-67.54123292136266
-67.5707813712345
-67.60022728853498
-67.62957067038678
-67.65881151409724
-67.6879462293228
-67.71697805083444
-67.7459073389844
-67.77473409184522
-67.80345830767276
-67.83207998490583
-67.86059912216612
-67.88901571825777
-67.91732977216722
-67.94554128306304
-67.97365025029548
-68.0016566733964
-68.02956055207893
-68.0573618862372
-68.08506067594621
-68.11265692146145
-68.14015062321874
-68.16754178183393
-68.1948303981026
-68.22201647299997
-68.24910000768045
-68.2760810034776
-68.30295946190365
-68.32973538464944
-68.35640877358406
-68.38297643593087
-68.40944114947824
-68.43580334819583
-68.46206303468861
-68.48822021173834
-68.51427488230343
-68.54022704951866
-68.56607671669482
-68.59182388731867
-68.6174685650525
-68.64301075373392
-68.66845045737568
-68.69378768016527
-68.71902242646486
-68.74415470081084
-68.76918450791369
-68.79411185265775
-68.81893674010078
-68.84365917547397
-68.86827916418144
-68.89279671180013
-68.9172118240795
-68.94152450694125
-68.96573476647912
-68.98984260895851
-69.01384804081643
-69.03775106866105
-69.06155116448548
-69.08524615003967
-69.10883876523798
-69.13232901739202
-69.15571691398333
-69.17900246266275
-69.2021856712506
-69.22526654773608
-69.24824510027722
-69.27112133720043
-69.29389526700047
-69.31656689833997
-69.3391362400493
-69.36160330112631
-69.38396809073598
-69.40623061821024
-69.42839089304772
-69.45044892491337
-69.47240472363836
-69.49425829921967
-69.51600966181991
-69.53765882176712
-69.55920578955437
-69.58065057583954
-69.60199319144512
-69.62323364735794
-69.64437195472878
-69.66540812487227
-69.68634216926652
-69.70717409955294
-69.72790392753592
-69.74853166518257
-69.76905548601405
-69.789476258597
-69.80979499100066
-69.83001169585678
-69.85012638595838
-69.87013907425944
-69.89004977387472
-69.90985849807942
-69.92956526030902
-69.94917007415884
-69.96867295338394
-69.9880739118988
-70.00737296377702
-70.0265701232511
-70.0456654047122
-70.06465882270979
-70.08355039195143
-70.10234012730253
-70.12102804378608
-70.1396141565823
-70.15809848102849
-70.17648103261874
-70.19476182700356
-70.21294087998982
-70.2310182075402
-70.24899382577323
-70.2668677509628
-70.284639999538
-70.3023105880828
-70.31987953333585
-70.33734685219014
-70.35471256169278
-70.37197667904474
-70.38913922160053
-70.406200206868
-70.42315965250805
-70.44001757633431
-70.45677358767684
-70.47342621132984
-70.48997738118342
-70.50642711567062
-70.52277543337578
-70.5390223530342
-70.55516789353204
-70.57121207390593
-70.58715491334273
-70.60299643117926
-70.61873664690204
-70.63437558014706
-70.64991325069944
-70.6653496784932
-70.68068488361102
-70.69591888628392
-70.71105170689104
-70.72608336595933
-70.74101388416332
-70.75584328232485
-70.77057158141278
-70.78519880254274
-70.7997249669768
-70.81415009612336
-70.82847421153673
-70.84269733491692
-70.85681948810937
-70.87084069310467
-70.88476097203834
-70.89858034719046
-70.9122988409856
-70.92591647599224
-70.93943327492288
-70.9528492606334
-70.96616445612312
-70.9793788845343
-70.99249256915198
-71.00550553340368
-71.01841780085917
-71.03122939523016
-71.04394034037007
-71.05655066027366
-71.06906037907699
-71.08146952105687
-71.09377811063081
-71.10598617235667
-71.11809373093234
-71.1301008111956
-71.14200743812376
-71.1538133725266
-71.16551753971102
-71.17712134322313
-71.18862480859978
-71.20002796151587
-71.21133082778411
-71.22253343335481
-71.2336358043155
-71.24463796689075
-71.25553994744189
-71.26634177246669
-71.2770434685992
-71.2876450626094
-71.29814658140292
-71.30854805202083
-71.31884950163933
-71.3290509575696
-71.33915244725729
-71.3491539982825
-71.35905563835942
-71.36885739533602
-71.37855929719385
-71.38816137204776
-71.3976636481456
-71.40706615386794
-71.41636891772797
-71.42557196837096
-71.43467533457425
-71.44367904524681
-71.4525831294291
-71.46138761629268
-71.47009253514011
-71.47869791540445
-71.48720378664925
-71.49561017856807
-71.50391712098441
-71.51212464385127
-71.520232777251
-71.52824155139498
-71.53615099662339
-71.5439611434049
-71.55167202233648
-71.55928366414302
-71.5667960996772
-71.57420935991915
-71.58152347597617
-71.58873847908252
-71.5958544005991
-71.60287127201325
-71.60978912493842
-71.61660799111398
-71.62332790240488
-71.62994889080146
-71.63647098841909
-71.64289422749802
-71.64921864040305
-71.65544425962324
-71.66157111777176
-71.66759924758549
-71.67352868192485
-71.67935945377353
-71.68509159623817
-71.69072514254816
-71.69626012605535
-71.70169658023373
-71.70703453867937
-71.71227403510989
-71.71741510336436
-71.72245777740305
-71.72740209130704
-71.73224807927812
-71.73699577563843
-71.74164521483016
-71.74619643141547
-71.75064946007599
-71.75500433561272
-71.75926109294578
-71.763419767114
-71.76748039327482
-71.77144300670398
-71.77530764279518
-71.77907433705995
-71.78274312512731
-71.78631404274351
-71.78978712577178
-71.79316241019215
-71.79643993210102
-71.79961972771112
-71.802701833351
-71.80568628546497
-71.8085731206128
-71.81136237546941
-71.81405408682463
-71.81664829158296
-71.8191450267633
-71.82154432949872
-71.82384623703614
-71.82605078673612
-71.82815801607259
-71.83016796263264
-71.83208066411615
-71.83389615833568
-71.83561448321605
-71.83723567679424
-71.838759777219
-71.84018682275072
-71.84151685176109
-71.84274990273282
-71.8438860142595
-71.84492522504522
-71.8458675739044
-71.84671309976149
-71.84746184165073
-71.8481138387159
-71.84866913021007
-71.84912775549527
-71.84948975404242
-71.84975516543082
-71.84992402934813
-71.84999638559
-71.84997227405984
-71.84985173476849
-71.84963480783415
-71.84932153348193
-71.84891195204372
-71.84840610395791
-71.84780402976912
-71.84710577012794
-71.84631136579071
-71.84542085761926
-71.84443428658061
-71.84335169374683
-71.84217312029465
-71.84089860750532
-71.83952819676429
-71.83806192956101
-71.83649984748862
-71.83484199224378
-71.83308840562634
-71.83123912953916
-71.82929420598778
-71.82725367708022
-71.82511758502677
-71.8228859721397
-71.82055888083293
-71.81813635362195
-71.81561843312343
-71.81300516205505
-71.81029658323519
-71.80749273958274
-71.80459367411686
-71.80159942995665
-71.798510050321
-71.79532557852826
-71.79204605799605
-71.78867153224101
-71.78520204487853
-71.78163763962249
-71.77797836028506
-71.77422425077643
-71.77037535510456
-71.76643171737494
-71.76239338179039
-71.75826039265068
-71.75403279435244
-71.74971063138882
-71.74529394834937
-71.74078278991959
-71.73617720088083
-71.73147722611003
-71.72668291057948
-71.72179429935655
-71.71681143760348
-71.71173437057703
-71.70656314362843
-71.70129780220296
-71.69593839183982
-71.69048495817184
-71.68493754692524
-71.67929620391939
-71.6735609750666
-71.66773190637181
-71.66180904393245
-71.65579243393809
-71.64968212267028
-71.64347815650234
-71.63718058189892
-71.63078944541606
-71.6243047937007
-71.61772667349061
-71.61105513161401
-71.60429021498942
-71.59743197062544
-71.59048044562043
-71.58343568716236
-71.5762977425285
-71.56906665908524
-71.56174248428779
-71.55432526568
-71.54681505089414
-71.53921188765058
-71.53151582375764
-71.52372690711127
-71.51584518569489
-71.50787070757914
-71.49980352092165
-71.49164367396672
-71.48339121504523
-71.47504619257428
-71.466608655057
-71.45807865108239
-71.44945622932494
-71.44074143854452
-71.4319343275861
-71.42303494537956
-71.41404334093932
-71.40495956336432
-71.39578366183757
-71.38651568562612
-71.37715568408072
-71.36770370663552
-71.35815980280805
-71.34852402219872
-71.33879641449087
-71.32897702945034
-71.31906591692527
-71.30906312684598
-71.2989687092246
-71.28878271415493
-71.27850519181222
-71.26813619245286
-71.25767576641424
-71.24712396411448
-71.23648083605218
-71.22574643280625
-71.21492080503563
-71.20400400347914
-71.19299607895515
-71.1818970823614
-71.17070706467482
-71.15942607695122
-71.14805365087157
-71.136589334438
-71.12503419031601
-71.11338826989855
-71.10165162465645
-71.0898243061383
-71.07790636596994
-71.06589785585464
-71.0537988275725
-71.04160933298054
-71.02932942401219
-71.0169591526773
-71.00449857106182
-70.99194773132751
-70.97930668571189
-70.96657548652789
-70.95375418616361
-70.94084283708223
-70.92784149182167
-70.9147502029944
-70.90156902328724
-70.88829800546114
-70.87493720235096
-70.86148666686525
-70.84794645198599
-70.83431661076844
-70.82059719634086
-70.80678826190436
-70.7928898607326
-70.77890204617167
-70.76482487163976
-70.75065839062707
-70.73640265669549
-70.72205772347839
-70.70762364468052
-70.69310047407767
-70.67848826551645
-70.6637870729142
-70.64899695025865
-70.63411795160779
-70.61915013108957
-70.6040935429018
-70.58894824131178
-70.5737142806563
-70.5583917153412
-70.54298059984133
-70.52748098870029
-70.51189293653009
-70.49621649801118
-70.48045172789207
-70.46459868098911
-70.44865672769552
-70.43262517104885
-70.41650549237339
-70.40029774678281
-70.38400198945779
-70.36761827564564
-70.35114666066022
-70.33458719988158
-70.317939948756
-70.30120496279554
-70.2843822975779
-70.26747200874628
-70.25047415200913
-70.23338878313994
-70.21621595797703
-70.19895573242336
-70.1816081624463
-70.16417330407742
-70.14665121341237
-70.12904194661054
-70.111345559895
-70.09356210955212
-70.07569165193158
-70.05773424344592
-70.03968994057063
-70.02155879984365
-70.00334087786533
-69.9850362312983
-69.96664491686705
-69.9481669913579
-69.92960251161874
-69.91095153455883
-69.89221411714861
-69.8733903164195
-69.85448018946369
-69.83548379343394
-69.81640118554338
-69.79723242306532
-69.77797756333304
-69.75863666373961
-69.73920762630667
-69.719692277433
-69.70009105218527
-69.68040400822434
-69.66063120327014
-69.64077269510096
-69.62082854155379
-69.60079880052382
-69.58068352996423
-69.56048278788619
-69.54019663235843
-69.5198251215073
-69.49936831351631
-69.47882626662611
-69.45819903913431
-69.4374866893951
-69.41668927581928
-69.39580685687397
-69.37483949108235
-69.3537872370236
-69.33265015333257
-69.31142829869972
-69.29012173187088
-69.268730511647
-69.247254696884
-69.22569434649265
-69.20404951943823
-69.1823202747405
-69.1605066714734
-69.13860876876493
-69.11662662579683
-69.09456030180463
-69.0724098560772
-69.05017438618003
-69.027853007758
-69.00544767766684
-68.98295845544031
-68.96038540066466
-68.93772857297863
-68.91498803207313
-68.89216383769106
-68.86925604962723
-68.846264727728
-68.82318993189129
-68.80003172206628
-68.7767901582532
-68.75346530050328
-68.73005720891838
-68.70656594365097
-68.68299156490394
-68.6593341329302
-68.63559370803281
-68.61177035056457
-68.58786412092796
-68.56387507957487
-68.53980328700649
-68.51564880377313
-68.49141169047394
-68.46709200775688
-68.4426898163184
-68.41820517690334
-68.3936381503048
-68.36898879736377
-68.34425523764239
-68.31943827173474
-68.29453915506713
-68.26955794870541
-68.24449471376262
-68.21934951139879
-68.19412240282075
-68.16881344928204
-68.14342271208264
-68.11795025256876
-68.09239613213286
-68.06676041221324
-68.04104315429403
-68.01524441990493
-67.98936427062104
-67.96340276806278
-67.93735997389552
-67.91123594982969
-67.88503075762037
-67.85874445906714
-67.8323771160141
-67.80592879034938
-67.77939954400539
-67.75278943895822
-67.72609853722768
-67.69932690087725
-67.67247459201359
-67.64553967881503
-67.61852283601888
-67.59142550089558
-67.56424773575945
-67.53698960296744
-67.50965116491882
-67.48223248405507
-67.45473362285982
-67.42715464385853
-67.39949560961833
-67.37175658274802
-67.34393762589767
-67.31603880175862
-67.28806017306334
-67.26000180258505
-67.23186375313782
-67.20364608757619
-67.17534886879518
-67.14697215973
-67.11851602335587
-67.08998052268807
-67.06136572078144
-67.03267168073054
-67.00389846566934
-66.97504613877095
-66.94611263025762
-66.91709869282532
-66.88800582771314
-66.85883409828665
-66.82958356794987
-66.80025430014518
-66.77084635835313
-66.74135980609232
-66.71179470691906
-66.68215112442752
-66.65242912224936
-66.62262876405352
-66.59275011354629
-66.5627932344709
-66.53275819060757
-66.50264504577326
-66.47245386382149
-66.44218470864219
-66.4118376441616
-66.38141273434212
-66.35091004318207
-66.32032963471553
-66.28967157301241
-66.25893514523435
-66.22811821902087
-66.19722382714474
-66.16625203385465
-66.13520290343429
-66.10407650020205
-66.072872888511
-66.04159213274869
-66.01023429733691
-65.97879944673166
-65.94728764542292
-65.91569895793458
-65.8840334488242
-65.85229118268289
-65.82047222413524
-65.78857663783903
-65.75660448848518
-65.72455584079755
-65.69243075953283
-65.66022930948041
-65.62795155546213
-65.5955975623323
-65.56316690669766
-65.53065672499854
-65.49807049482637
-65.46540828120193
-65.43267014917782
-65.39985616383802
-65.366966390298
-65.33400089370444
-65.30095973923504
-65.2678429920985
-65.23465071753428
-65.20138298081251
-65.1680398472339
-65.1346213821294
-65.10112765086028
-65.0675587188178
-65.03391465142332
-65.00019551412782
-64.96640137241205
-64.93253229178625
-64.89858833779
-64.86456903329194
-64.83047148705687
-64.79629926083685
-64.76205242032677
-64.72773103125026
-64.69333515935952
-64.65886487043514
-64.62432023028606
-64.58970130474931
-64.5550081596899
-64.52024086100083
-64.48539947460269
-64.45048406644374
-64.41549470249976
-64.38043144877369
-64.34529437129588
-64.31008353612349
-64.27479900934084
-64.23944085705888
-64.20400914541521
-64.1685036414719
-64.13292084586887
-64.09726468675034
-64.06153523039892
-64.02573254312317
-63.98985669125773
-63.953907741162745
-63.9178857592241
-63.881790811853094
-63.84562296548639
-63.8093822865859
-63.77306884163854
-63.736682697156255
-63.70022391967569
-63.66369257575835
-63.6270887319902
-63.5904124549816
-63.55366381136737
-63.51684286780628
-63.479949690981364
-63.44298088295413
-63.405939166295674
-63.36882541453383
-63.331639694486555
-63.294382072995305
-63.25705261692484
-63.21965139316302
-63.18217846862083
-63.144633910232145
-63.10701778495364
-63.06933015976468
-63.03157110166713
-62.99374067768538
-62.95583895486604
-62.917866000277876
-62.8798218810118
-62.84170666418058
-62.80352041691885
-62.76526210854768
-62.72692963361003
-62.68852632836634
-62.65005226007781
-62.61150749602676
-62.57289210351649
-62.534206149871494
-62.49544970243689
-62.45662282857873
-62.41772559568359
-62.37875807115849
-62.33972032243092
-62.30061241694856
-62.26143442217928
-62.22218640561094
-62.18286843475129
-62.143480577127924
-62.10402290028801
-62.06449408633612
-62.02489252021023
-61.9852213368467
-61.945480603911044
-61.905670389087796
-61.865790760080564
-61.82584178461166
-61.78582353042232
-61.74573606527238
-61.7055794569401
-61.665353773222286
-61.6250590819339
-61.58469545090822
-61.54426294799653
-61.50376164106809
-61.46319159800999
-61.42255288672703
-61.38184557514171
-61.34106555019337
-61.30021671272714
-61.259299478686025
-61.21831391610274
-61.17726009302713
-61.13613807752609
-61.09494793768322
-61.053689741599015
-61.01236355739045
-60.97096945319115
-60.92950749715119
-60.887977757436815
-60.846380302230614
-60.80471519973119
-60.76298251815326
-60.7211823257272
-60.67931454645021
-60.63737494140751
-60.59536803071551
-60.553293882708296
-60.51115256573519
-60.468944148160965
-60.42666869836546
-60.38432628474346
-60.341916975704855
-60.29944083967421
-60.25689794509095
-60.21428836040911
-60.171612154097204
-60.128869394638194
-60.086060150529356
-60.043184490282194
-60.00024248242242
-59.95723145722359
-59.91415230604713
-59.87100701393342
-59.82779564950479
-59.78451828139704
-59.741174978259565
-59.697765808755165
-59.65429084155989
-59.6107501453631
-59.567143788867305
-59.52347184078783
-59.47973436985317
-59.43593144480447
-59.392063134395734
-59.34812950739341
-59.304130632576715
-59.26006397467509
-59.215930106038186
-59.17173119757654
-59.12746731815961
-59.08313853666885
-59.03874492199773
-58.994286543051544
-58.94976346874738
-58.90517576801391
-58.86052350979149
-58.81580676303193
-58.77102559669833
-58.72618007976524
-58.681270281218296
-58.63629627005424
-58.59125811528098
-58.5461516509399
-58.50098066824538
-58.45574575117335
-58.410446968815904
-58.36508439027579
-58.31965808466605
-58.274168121110286
-58.228614568742174
-58.18299749670579
-58.1373169741551
-58.09157307025425
-58.0457658541773
-57.99989539510804
-57.95396176224012
-57.90796502477673
-57.86190251026198
-57.81577498533272
-57.769584566142946
-57.72333132197492
-57.6770153221199
-57.6306366358784
-57.58419533255996
-57.537691481483
-57.49112515197496
-57.44449641337188
-57.39780533501863
-57.351051986268715
-57.30423643648401
-57.257358755035035
-57.2104190113005
-57.16341452876149
-57.11634605119618
-57.06921572272457
-57.02202361279919
-56.97476979088036
-56.927454326436354
-56.88007728894313
-56.83263874788442
-56.78513877275152
-56.737577433043214
-56.68995479826586
-56.642270937933
-56.594525921565584
-56.54671981869181
-56.498852698846875
-56.45092046734087
-56.40292667992205
-56.35487208789878
-56.30675676087502
-56.25858076846128
-56.21034418027488
-56.162047065939575
-56.11368949508566
-56.06527153734988
-56.01679326237517
-55.96825473981088
-55.91965603931237
-55.87099723054124
-55.8222783831651
-55.77349751881761
-55.724653938637545
-55.67575053309354
-55.62678737191736
-55.57776452484637
-55.52868206162334
-55.47954005199672
-55.43033856572023
-55.38107767255303
-55.33175744225942
-55.282377944609
-55.23293924937647
-55.18344142634151
-55.133884545288865
-55.08426752711712
-55.03458785811183
-54.98484934515842
-54.9350520581013
-54.88519606678962
-54.83528144107687
-54.78530825082118
-54.735276565885
-54.68518645613502
-54.635037991442324
-54.584831241681975
-54.5345662767333
-54.48424316647967
-54.43386198080828
-54.38342138898186
-54.332919369878844
-54.282359490211654
-54.2317418199232
-54.18106642895994
-54.130333387272024
-54.079542764812864
-54.02869463153947
-53.97778905741209
-53.92682611239428
-53.87580586645288
-53.824728389557706
-53.773593751681844
-53.72240202280126
-53.67115053601184
-53.61983993749076
-53.56847246355953
-53.517048184245866
-53.46556716957997
-53.41402948959481
-53.36243521432585
-53.31078441381097
-53.2590771580906
-53.207313517207375
-53.15549356120633
-53.10361736013473
-53.051684984041955
-52.99969631510996
-52.94764689585328
-52.895541517823844
-52.84338025111918
-52.79116316583848
-52.73889033208289
-52.68656181995513
-52.63417769955977
-52.58173804100277
-52.52924291439177
-52.476692389835904
-52.42408653744562
-52.371425427332895
-52.31870912961087
-52.26593421525037
-52.21310285494481
-52.16021652394108
-52.10727529239682
-52.05427923047051
-52.00122840832166
-51.94812289611065
-51.89496276399862
-51.84174808214762
-51.78847892072024
-51.735155349879825
-51.68177743979039
-51.62834526061638
-51.574856075065746
-51.52131067472737
-51.46771122279928
-51.414057789487174
-51.360350444996705
-51.30658925953398
-51.25277430330505
-51.198905646516174
-51.14498335937366
-51.091007512083706
-51.036978174852514
-50.98289541788612
-50.92875931139043
-50.874566960458644
-50.82031948097224
-50.76601887000333
-50.71166519779566
-50.65725853459266
-50.60279895063701
-50.54828651617105
-50.49372130143651
-50.43910337667424
-50.38443281212466
-50.3297096780272
-50.27493404462065
-50.220105982142954
-50.16522163963972
-50.110284058826316
-50.055294267509474
-50.000252335962024
-49.945158334455634
-49.89001233326066
-49.83481440264639
-49.77956461288069
-49.7242630342303
-49.6689097369605
-49.61350479133509
-49.558048267616535
-49.502539472012145
-49.446975142064666
-49.391359453049624
-49.335692475261666
-49.27997427899369
-49.22420493453682
-49.1683845121804
-49.11251308221187
-49.05659071491688
-49.0006174805791
-48.94459344948013
-48.88851869189972
-48.83239327811539
-48.77621409116365
-48.71998273753084
-48.66370094718486
-48.60736879043277
-48.55098633757917
-48.49455365892644
-48.4380708247746
-48.38153790542103
-48.32495497116087
-48.268322092286525
-48.21163933908801
-48.15490678185269
-48.09812304947513
-48.04128627488773
-47.984399916162175
-47.927464043612886
-47.870478727551244
-47.81344403828585
-47.75636004612249
-47.69922682136377
-47.64204443430952
-47.58481295525637
-47.52753245449798
-47.47020300232497
-47.412824319353724
-47.35539237701669
-47.2979117035491
-47.24038236926617
-47.182804444479736
-47.12517799949812
-47.06750310462649
-47.00977983016635
-46.9520082464159
-46.894188423669824
-46.836320432219054
-46.77840434235128
-46.72044022435019
-46.66242350143522
-46.604358775330404
-46.54624624176615
-46.4880859710486
-46.429878033479845
-46.371622499358345
-46.313319438978645
-46.254968922631214
-46.19657102060268
-46.13812580317561
-46.07963334062865
-46.021093703236275
-45.96250223944932
-45.903863730331615
-45.845178267383304
-45.786445920899
-45.7276667611689
-45.668840858479015
-45.609968283111115
-45.55104910534244
-45.49208339544604
-45.43307122369032
-45.37401266033948
-45.3149071504291
-45.255751304820464
-45.19654928892983
-45.13730117303937
-45.078007027426764
-45.01866692236495
-44.959280928122105
-44.89984911496187
-44.840371553142894
-44.78084831291928
-44.721279464540274
-44.66166507825015
-44.602003447298394
-44.542293522923615
-44.482538282254204
-44.42273779555058
-44.36289213306833
-44.303001365058016
-44.243065561765
-44.18308479342974
-44.12305913028737
-44.06298864256804
-44.00287340049677
-43.942713474293164
-43.8825055366755
-43.82225182038739
-43.761953641868025
-43.701611071351394
-43.641224179066135
-43.580793035235665
-43.52031771007777
-43.45979827380498
-43.39923479662433
-43.338627348737276
-43.27797600034
-43.21727997110999
-43.15653643233891
-43.095749215207086
-43.03491838992306
-42.97404402668997
-42.91312619570511
-42.85216496716022
-42.79116041124113
-42.73011259812803
-42.669021597995446
-42.60788748101187
-42.54671031734018
-42.48548682989636
-42.42421923075296
-42.36290880732197
-42.30155562977702
-42.24015976828602
-42.17872129301075
-42.117240274107104
-42.055716781724904
-41.99415088600788
-41.932542657093805
-41.870892165114235
-41.809197785828964
-41.74745846416766
-41.68567710206028
-41.623853769648065
-41.56198853706587
-41.50008147444241
-41.438132651900155
-41.37614213955517
-41.314110007517485
-41.25203632589054
-41.189921164771604
-41.1277641282395
-41.06556174596545
-41.003318107024526
-40.941033281521996
-40.87870733955682
-40.8163403512213
-40.75393238660145
-40.69148351577673
-40.628993808819956
-40.56646333579764
-40.50389216676952
-40.441280371788956
-40.37862395614192
-40.31592670412782
-40.253189049192464
-40.1904110613957
-40.12759281079082
-40.06473436742444
-40.00183580133629
-39.93889718255958
-39.87591858112061
-39.81290006703912
-39.74984171032798
-39.68674001904952
-39.62359781920965
-39.560415999950735
-39.49719463129104
-39.43393378324202
-39.37063352580809
-39.30729392898695
-39.2439150627692
-39.18049699713871
-39.11703980207226
-39.05354354753976
-38.99000489851672
-38.92642641717762
-38.86280909975102
-38.79915301621084
-38.735458236524195
-38.67172483065114
-38.60795286854449
-38.54414242015021
-38.480293555406945
-38.41640634424643
-38.352480856593324
-38.28851359320457
-38.22450749738731
-38.16046334861231
-38.09638121680724
-38.03226117189254
-37.96810328378139
-37.90390762237986
-37.83967425758665
-37.77540325929338
-37.71109469738436
-37.64674864173663
-37.582361132197136
-37.51793608925407
-37.453473776253134
-37.388974263073315
-37.32443761958638
-37.25986391565675
-37.19525322114141
-37.13060560589013
-37.065921139745186
-37.00119989254155
-36.936441336295005
-36.87164257081985
-36.80680724809393
-36.741935437953224
-36.67702721022637
-36.61208263473463
-36.547101781291566
-36.482084719703494
-36.417031519769125
-36.35194225127984
-36.286816984019474
-36.221654147340715
-36.15645298668202
-36.09121605118662
-36.02594341063857
-35.96063513481437
-35.89529129348278
-35.829911956405205
-35.76449719333538
-35.69904707401955
-35.6335616681964
-35.56804104559698
-35.502482365092995
-35.43688747593784
-35.37125759405815
-35.30559278918421
-35.23989313103885
-35.17415868933716
-35.10838953378653
-35.042585734086906
-34.97674735993039
-34.910874481001656
-34.844966772845034
-34.77902110161272
-34.71304114976204
-34.64702698697596
-34.580978682929896
-34.51489630729162
-34.44877992972105
-34.38262961987056
-34.316445447384716
-34.2502274819004
-34.183975793047
-34.11768833170432
-34.05136548092671
-33.985009131034204
-33.91861935165379
-33.85219621240479
-33.78573978289859
-33.719250132739
-33.652727331521966
-33.58617144883586
-33.51958255426114
-33.452960581749736
-33.38630200259675
-33.319610635897
-33.25288655122826
-33.18612981816023
-33.11934050625506
-33.0525186850671
-32.98566442414276
-32.91877779302087
-32.85185886123237
-32.78490769830053
-32.71792213976247
-32.650902925884914
-32.58385170529132
-32.516768547501165
-32.44965352202642
-32.38250669837121
-32.31532814603165
-32.248117934496385
-32.18087613324603
-32.11360281175358
-32.04629732554417
-31.978957433296333
-31.91158624530798
-31.844183831047875
-31.776750259977074
-31.709285601548668
-31.64178992520812
-31.574263300393095
-31.506705796533264
-31.439117483050794
-31.37149842935994
-31.30384559670696
-31.23616160888069
-31.168447105419148
-31.100702155732055
-31.032926829221104
-30.965121195280307
-30.897285323295957
-30.829419282646374
-30.761523142702313
-30.693596972826604
-30.625638859370948
-30.55764923816079
-30.48962981165467
-30.42158064921038
-30.353501820177836
-30.28539339389928
-30.217255439709188
-30.14908802693413
-30.080891224893126
-30.012665102897284
-29.94440866772111
-29.876120578359494
-29.807803393735934
-29.739457183156087
-29.67108201591777
-29.602677961311148
-29.534245088618466
-29.46578346711444
-29.397293166066103
-29.328774254732547
-29.260226469966405
-29.1916470763553
-29.123039297204176
-29.054403201766327
-28.985738859287185
-28.917046339004706
-28.8483257101489
-28.77957704194226
-28.710800403599706
-28.64199586432826
-28.5731634933275
-28.504300179395788
-28.435408967871986
-28.36649014941284
-28.297543793211375
-28.22856996845325
-28.1595687443162
-28.090540189970476
-28.021484374578804
-27.952401367296126
-27.88329123726993
-27.8141513338916
-27.744983850626756
-27.67578946945499
-27.606568259517125
-27.537320289946454
-27.468045629868456
-27.398744348401284
-27.3294165146554
-27.260062197733827
-27.190681466732112
-27.121271984299998
-27.051835388323767
-26.982372603142494
-26.912883697844755
-26.84336874151164
-26.77382780321657
-26.70426095202571
-26.634668256997518
-26.56504978718323
-26.49540561162653
-26.425733572096007
-26.35603502076657
-26.286310988604487
-26.216561544646318
-26.146786757921223
-26.07698669745076
-26.007161432249355
-25.937311031323834
-25.86743556367379
-25.797535098291405
-25.7276075348284
-25.6576541837718
-25.58767605992353
-25.517673232268557
-25.447645769784266
-25.37759374144092
-25.307517216201468
-25.237416263021412
-25.167290950849182
-25.097141348625833
-25.02696530525871
-24.95676430831666
-24.886539246291616
-24.816290188117254
-24.746017202719823
-24.675720359018523
-24.60539972592533
-24.535055372344882
-24.464687367174893
-24.394295779305722
-24.323878310580543
-24.253436819766982
-24.18297197124663
-24.112483833902427
-24.04197247660997
-23.971437968237897
-23.900880377647745
-23.830299773693902
-23.759696225223877
-23.68906980107792
-23.6184179717171
-23.547743137182657
-23.47704565198597
-23.40632558495979
-23.335583004929628
-23.264817980714234
-23.19403058112523
-23.123220874967494
-23.052388931038923
-22.981534719951956
-22.910655702694495
-22.839754672699073
-22.76883169875581
-22.697886849647897
-22.626920194151523
-22.555931801036216
-22.484921739064504
-22.41389007699228
-22.342836883568648
-22.27176168289346
-22.2006629100889
-22.12954283098183
-22.058401514313466
-21.9872390288183
-21.916055443223932
-21.844850826251474
-21.77362524661513
-21.70237877302272
-21.631111474175185
-21.559822376144734
-21.488510992544793
-21.41717900875228
-21.34582649346047
-21.27445351535579
-21.2030601431183
-21.131646445421474
-21.06021249093209
-20.988758348310693
-20.91728408621107
-20.84578819193776
-20.77427134036206
-20.702734594382136
-20.63117802264405
-20.559601693787332
-20.488005676445244
-20.416390039244593
-20.344754850805707
-20.273100179742816
-20.201426094663486
-20.12973051381297
-20.058015335150237
-19.986280967554343
-19.914527479625352
-19.84275493995683
-19.770963417136254
-19.69915297974467
-19.627323696357145
-19.555475635542503
-19.483608530780916
-19.41172071633122
-19.339814349546664
-19.267889498988296
-19.195946233211036
-19.123984620763544
-19.052004730188592
-18.980006630022714
-18.90799038879658
-18.835956075034776
-18.76390273526006
-18.691830164847616
-18.619739746997634
-18.547631550227063
-18.47550564304695
-18.403362093962226
-18.33120097147207
-18.259022344069603
-18.186826280242336
-18.114612848471833
-18.042380406253027
-17.97013021534614
-17.89786288159847
-17.82557847348405
-17.753277059471195
-17.680958708022274
-17.60862348759415
-17.53627146663779
-17.46390271359871
-17.391517062960606
-17.319112892133912
-17.246692214331823
-17.174255097992198
-17.10180161154746
-17.02933182342428
-16.956845802043922
-16.884343615822132
-16.811825333169004
-16.739291022489343
-16.666739761732263
-16.594171531714178
-16.521587498778693
-16.448987731323076
-16.37637229773945
-16.303741266414345
-16.23109470572908
-16.158432684059655
-16.085755269776612
-16.013062531245478
-15.940352813207534
-15.867627654238534
-15.794887396131193
-15.722132107243626
-15.649361855929024
-15.576576710535134
-15.503776739404792
-15.430962010875533
-15.358132593279928
-15.285288034368797
-15.212427538877881
-15.139552579431992
-15.066663224356613
-14.993759541972349
-14.920841600594775
-14.847909468534336
-14.774963214096775
-14.702002905582715
-14.62902861128801
-14.556039123262108
-14.483035250764308
-14.41001761759621
-14.33698629204683
-14.263941342400495
-14.190882836936751
-14.117810843930242
-14.044725431651091
-13.971626668364548
-13.89851437398851
-13.82538737572083
-13.752247251556087
-13.679094069753235
-13.605927898566307
-13.532748806244971
-13.45955686103413
-13.386352131174323
-13.313134684901545
-13.239904590447187
-13.166660915945725
-13.093404086906732
-13.020134834794177
-12.94685322783337
-12.873559334244998
-12.800253222245624
-12.72693496004722
-12.653604615857626
-12.580262257880479
-12.506907829154766
-12.43354008041726
-12.360160542998942
-12.286769285097344
-12.213366374905812
-12.139951880613273
-12.066525870404785
-11.993088412461091
-11.919639574959007
-11.84617942607128
-11.772707184998627
-11.69922314636854
-11.625728021456387
-11.552221878429068
-11.478704785449636
-11.405176810677
-11.3316380222664
-11.258088488368983
-11.184528277132223
-11.110957349766533
-11.037374593140974
-10.963781384277885
-10.890177791319038
-10.816563882402628
-10.742939725662906
-10.669305389230637
-10.595660941232893
-10.522006449792864
-10.448341983030488
-10.37466682787445
-10.30098131728431
-10.22728605646975
-10.153581113545286
-10.079866556622038
-10.006142453807414
-9.93240887320554
-9.85866588291712
-9.78491355103931
-9.71115179154844
-9.637379760656188
-9.563598613270344
-9.489808417483186
-9.416009241383657
-9.342201153057575
-9.268384220587295
-9.19455851205219
-9.120724095528205
-9.046881039088369
-8.973028651151559
-8.899167397726396
-8.825297729477143
-8.751419714472009
-8.677533420776317
-8.60363891645234
-8.529736269559193
-8.455825548153264
-8.381906820287737
-8.307979922240396
-8.234044342596224
-8.16010098158169
-8.08614990724594
-8.012191187634997
-7.938224890792336
-7.864251084758591
-7.7902698375714285
-7.71628121726613
-7.642285291875026
-7.65522457762375
-7.580847373913691
-7.506470170203629
-7.4320929664935695
-7.357715762783511
-7.28333855907345
-7.20896135536339
-7.13458415165333
-7.06020694794327
-6.985829744233211
-6.91145254052315
-6.837075336813091
-6.762698133103031
-6.6883209293929715
-6.613943725682911
-6.539566521972852
-6.465189318262791
-6.390812114552732
-6.316434910842671
-6.242057707132611
-6.167680503422551
-6.093303299712491
-6.018926096002431
-5.944548892292371
-5.870171688582311
-5.795794484872251
-5.721417281162191
-5.647040077452132
-5.572662873742073
-5.498285670032012
-5.423908466321953
-5.349531262611892
-5.275154058901832
-5.200776855191773
-5.126399651481712
-5.052022447771653
-4.977645244061592
-4.9032680403515325
-4.828890836641472
-4.754513632931412
-4.680136429221352
-4.605759225511292
-4.531382021801232
-4.457004818091173
-4.3826276143811125
-4.308250410671053
-4.233873206960992
-4.159496003250933
-4.085118799540872
-4.010741595830813
-3.936364392120753
-3.861987188410693
-3.7876099847006324
-3.713232780990573
-3.638855577280513
-3.5644783735704535
-3.490101169860394
-3.415723966150334
-3.3413467624402737
-3.2669695587302137
-3.192592355020153
-3.118215151310093
-3.0438379476000335
-2.9694607438899734
-2.8950835401799133
-2.8207063364698532
-2.746329132759793
-2.6719519290497336
-2.5975747253396735
-2.5231975216296134
-2.4488203179195533
-2.3744431142094937
-2.3000659104994337
-2.225688706789373
-2.1513115030793135
-2.0769342993692543
-2.0025570956591947
-1.9281798919491342
-1.8538026882390743
-1.7794254845290143
-1.7050482808189544
-1.6306710771088944
-1.5562938733988345
-1.4819166696887744
-1.4075394659787144
-1.3331622622686545
-1.2587850585585945
-1.1844078548485344
-1.1100306511384745
-1.0356534474284145
-0.9612762437183545
-0.8868990400082946
-0.8125218362982344
-0.7381446325881744
-0.6637674288781145
-0.5893902251680546
-0.5150130214579945
-0.4406358177479354
-0.36625861403787546
-0.29188141032781545
-0.21750420661775546
-0.14312700290769548
-0.06874979919763548
