0.011299038337296013
-0.07469082900924962
-0.16068057310566572
-0.24667005545417534
-0.3326591375576046
-0.41864768091986154
-0.5046355470465247
-0.5906225154464076
-0.6766085052677365
-0.762593379931807
-0.8485770009550179
-0.9345592298571229
-1.020539928161738
-1.106518957396878
-1.1924961790950712
-1.2784714547938802
-1.3644445209127158
-1.4504152744599978
-1.5363836442178063
-1.6223494917498946
-1.70831267862714
-1.7942730664277433
-1.8802305167377158
-1.9661848911513111
-2.0521360512712814
-2.138083766771629
-2.2240277600705336
-2.309968101525988
-2.395904652782281
-2.4818372754942613
-2.5677658313278267
-2.6536901819600702
-2.73961018907984
-2.8255257143881174
-2.9114366195982746
-2.99734235403044
-3.083243150701082
-3.169138890117231
-3.2550294340507975
-3.3409146442881132
-3.426794382630472
-3.5126685108943114
-3.5985368909116695
-3.6843993845305367
-3.7702555233127995
-3.8561052684637014
-3.941948690529162
-4.027785651431086
-4.113616013109286
-4.199439637521915
-4.285256386646032
-4.371066122477615
-4.45686870703228
-4.54266383593127
-4.628451035403575
-4.714230647489682
-4.800002534294125
-4.885766557943094
-4.9715225805845655
-5.0572704643887905
-5.14301007154859
-5.228741264279956
-5.314463904822054
-5.400177161915498
-5.4858814870962656
-5.571576824745044
-5.657263037206911
-5.7429399868524555
-5.82860753607789
-5.914265547305631
-5.999913882984492
-6.085552405590261
-6.171180514063208
-6.256798093928105
-6.342405426182083
-6.428002373421875
-6.513588798273108
-6.599164563390622
-6.684729531458944
-6.770283565192459
-6.855826527335896
-6.9413581393573125
-7.026877536813809
-7.112385429054492
-7.197881678960236
-7.2833661494442525
-7.368838703452468
-7.4542992039638225
-7.539747513990781
-7.625183496579562
-7.710607014810484
-7.796017094497844
-7.881414136517154
-7.966798281688498
-8.052169393244968
-8.137527334455877
-8.22287196862701
-8.308203159100998
-8.393520769257831
-8.47882466251506
-8.564114281191008
-8.649389089967972
-8.734649750491366
-8.819896126346348
-8.905128081157681
-8.990345478590152
-9.075548182348747
-9.160736056179175
-9.245908963868274
-9.331066769244126
-9.416208094454358
-9.501333920663436
-9.58644421458809
-9.671538840240496
-9.7566176616762
-9.841680542994611
-9.9267273483391
-10.011757941897457
-10.09677218790243
-10.181769243934296
-10.266748919154415
-10.351711818207429
-10.436657805524934
-10.521586745585067
-10.606498502913121
-10.691392942081922
-10.776269927712066
-10.86112932447234
-10.945970946379541
-11.030793189653945
-11.115597416906457
-11.200383493019254
-11.285151282924732
-11.369900651605702
-11.45463146409571
-11.539343585479653
-11.624036880893877
-11.708711215526645
-11.793365517503636
-11.877999834744267
-11.962614765792102
-12.047210176064908
-12.1317859310343
-12.216341896225938
-12.300877937220058
-12.385393919651744
-12.4698897092114
-12.554365054421627
-12.638818264841431
-12.723250858655963
-12.807662701799396
-12.892053660262997
-12.976423600095618
-13.060772387403851
-13.145099888352453
-13.229405969164736
-13.313690496122904
-13.397952293882618
-13.482191402647748
-13.56640853580415
-13.65060355989361
-13.734776341518693
-13.818926747343038
-13.903054644091817
-13.987159898551928
-14.071242377572409
-14.15530192640486
-14.239336449293718
-14.323347776878796
-14.407335776282997
-14.491300314693083
-14.575241259360173
-14.659158477600066
-14.743051836793718
-14.826921204387292
-14.910766447892712
-14.994586494645684
-15.078380970957909
-15.162150905529675
-15.24589616616209
-15.329616620723964
-15.41331213715188
-15.49698258345062
-15.580627827693725
-15.664247738023517
-15.747842182651562
-15.831409134880214
-15.914950017216173
-15.99846501853031
-16.081954007338723
-16.165416852228606
-16.24885342185853
-16.33226358495877
-16.415647210331795
-16.499004166852433
-16.582333779903525
-16.665634677896367
-16.748908493922666
-16.832155097175345
-16.915374356921507
-16.998566142502924
-17.08173032333615
-17.164866768912937
-17.247975348800654
-17.331055932642517
-17.414106974314553
-17.497128737174656
-17.580122093432028
-17.663086913062887
-17.74602306612107
-17.828930422738495
-17.911808853125272
-17.994658227570195
-18.077478416440957
-18.1602692901847
-18.243028438741664
-18.325757747413274
-18.408457333074175
-18.491127066519088
-18.573766818623756
-18.65637646034541
-18.738955862722797
-18.821504896876743
-18.90402343401041
-18.986510857316063
-19.068965381115227
-19.151389002519764
-19.233781593093624
-19.316143024484802
-19.39847316842568
-19.480771896733266
-19.56303908130973
-19.645274594142442
-19.727478307304413
-19.80964890950655
-19.891785902354695
-19.973890693046624
-20.05596315403054
-20.138003157841887
-20.220010577103803
-20.30198528452736
-20.383927152911998
-20.465836055145733
-20.547711864205407
-20.62955263085592
-20.71135903328229
-20.79313194304883
-20.874871233521585
-20.956576778157228
-21.03824845050321
-21.11988612419825
-21.201489672972617
-21.283058970648398
-21.364593891139695
-21.44609192197585
-21.52755477093958
-21.608982846341625
-21.690376022499077
-21.771734173822885
-21.853057174817998
-21.934344900083726
-22.015597224314156
-22.096814022298343
-22.17799516892055
-22.25913768190856
-22.340244114285063
-22.42131450213781
-22.50234872076753
-22.58334664557202
-22.66430815204618
-22.745233115782412
-22.826121412470986
-22.906972917900163
-22.98778740581182
-23.068561843248062
-23.149299099253334
-23.229999050044437
-23.310661571937885
-23.391286541350212
-23.471873834798163
-23.5524233288991
-23.632934900371186
-23.71340842603387
-23.793843547486315
-23.874237406605115
-23.954592833155854
-24.0349097043995
-24.115187897699673
-24.195427290523067
-24.275627760439555
-24.35578918512268
-24.435911442349745
-24.51599441000234
-24.59603774756954
-24.6760384743968
-24.755999528404885
-24.83592078792971
-24.91580213141281
-24.995643437401675
-25.07544458455016
-25.15520545161846
-25.234925917473653
-25.314605861089973
-25.39424513047276
-25.47384028394299
-25.55339453554224
-25.632907764711536
-25.71237985100055
-25.791810674067744
-25.871200113680825
-25.950548049716737
-26.029854362162197
-26.10911893111391
-26.188341636778713
-26.267519239851858
-26.346654375555612
-26.42574727241839
-26.504797811127403
-26.58380587248154
-26.662771337391717
-26.741694086881
-26.820574002085017
-26.89941096425206
-26.978204854743556
-27.056952945677995
-27.135656771466216
-27.21431715383713
-27.292933974644413
-27.371507115856136
-27.450036459555236
-27.528521887939498
-27.606963283321978
-27.68536052813122
-27.763713504911646
-27.84202023483761
-27.92028067917136
-27.998496487638445
-28.076667543287133
-28.1547937292829
-28.23287492890854
-28.31091102556466
-28.388901902769696
-28.466847444160212
-28.544747533491392
-28.622601200765242
-28.70040631752768
-28.778165618386122
-28.85587898761097
-28.933546309592344
-29.011167468840462
-29.0887423499859
-29.16627083777967
-29.243752817093636
-29.321188172920746
-29.398576790375138
-29.47591519766027
-29.553206185771224
-29.63045007614993
-29.707646754437977
-29.784796106399604
-29.861898017921934
-29.938952375015138
-30.01595906381265
-30.092917970571694
-30.169828981673128
-30.246690151484497
-30.323501153057375
-30.40026390378569
-30.476978290588498
-30.553644200509964
-30.63026152071963
-30.706830138512554
-30.783349941309652
-30.859820816657855
-30.936242652230487
-31.012615335827263
-31.088934834725404
-31.1652049193144
-31.241425501416796
-31.3175964693819
-31.3937177116869
-31.469789116936816
-31.545810573864944
-31.621781971333018
-31.697703198331503
-31.77357414397976
-31.849392923305043
-31.925158952199475
-32.00087435357393
-32.076539017107415
-32.15215283260897
-32.22771569001801
-32.30322747940451
-32.378688090969156
-32.45409741504375
-32.52945534209121
-32.604761762705905
-32.680013238500145
-32.75521222283785
-32.830359359428456
-32.905454539436626
-32.980497654159734
-33.05548859502789
-33.13042725360423
-33.205313521585246
-33.2801472908008
-33.354928453214434
-33.42965644596506
-33.50432791912609
-33.578946448669114
-33.65351192713738
-33.72802424720899
-33.80248330169704
-33.87688898354975
-33.951241185850975
-34.02553980182003
-34.09978472481212
-34.17397584831847
-34.24811171066433
-34.32219069782227
-34.39621555370027
-34.47018617237927
-34.54410244807732
-34.61796427514978
-34.69177154808951
-34.765524161527246
-34.8392220102315
-34.91286498910898
-34.98645299320475
-35.059984003782745
-35.1334574632865
-35.206875621318424
-35.28023837352276
-35.35354561568312
-35.426797243722646
-35.49999315370435
-35.57313324183107
-35.64621740444583
-35.719245538032034
-35.79221753921355
-35.86513120851848
-35.93798629631441
-36.010784930198405
-36.08352700740262
-36.156212425300865
-36.228841081408675
-36.30141287338338
-36.373927699024414
-36.44638545627355
-36.518786043214945
-36.5911293580754
-36.66341343163271
-36.735637504333624
-36.8078039887043
-36.87991278358862
-36.951963787974144
-37.023956900992104
-37.09589202191771
-37.167769050170286
-37.23958788531347
-37.31134842705535
-37.38305057524863
-37.454693036601185
-37.52627365442177
-37.597795567774135
-37.669258677136526
-37.740662883132686
-37.81200808653213
-37.88329418825022
-37.95452108934846
-38.025688691034546
-38.09679689466255
-38.16784560173319
-38.23883467524115
-38.30975960479936
-38.38062473227824
-38.45142995981205
-38.52217518968224
-38.59286032431794
-38.66348526629614
-38.73404991834164
-38.80455418332731
-38.874997964274385
-38.94538116435245
-39.015703686879604
-39.08596253478973
-39.15615887084456
-39.226294229781345
-39.29636851555985
-39.36638163228929
-39.43633348422838
-39.50622397578551
-39.5760530115189
-39.64582049613686
-39.71552633449777
-39.78517043161031
-39.85475197324102
-39.9242677241448
-39.9937214397617
-40.06311302574931
-40.13244238791609
-40.201709432221826
-40.27091406477761
-40.340056191846166
-40.409135719841764
-40.4781525553305
-40.547106605030486
-40.61599777581188
-40.684823411637716
-40.75358392362924
-40.82228126875284
-40.890915354534656
-40.959486088653705
-41.027993378942
-41.09643713338459
-41.16481726011975
-41.23313366743921
-41.30138626378813
-41.36957495776532
-41.43769965812335
-41.50575642148088
-41.57374820151747
-41.641675706138074
-41.70953884475814
-41.777337526947555
-41.8450716624308
-41.912741161087055
-41.98034593295036
-42.04788588820971
-42.115360937209175
-42.182770990448105
-42.25011595858112
-42.31739121281514
-42.38460105062047
-42.4517455277344
-42.518824555480755
-42.585838045339344
-42.652785908946136
-42.71966805809325
-42.78648440472916
-42.85323486095884
-42.919919339043815
-42.986537751402274
-43.053090010609225
-43.11957145147672
-43.18598642231099
-43.252334970673786
-43.318617009815235
-43.38483245314277
-43.45098121422136
-43.517063206773656
-43.58307834467997
-43.6490265419785
-43.714907712865326
-43.78072177169473
-43.846468632979025
-43.912144290767905
-43.97775175799159
-44.043291764665405
-44.108764225982114
-44.17416905729319
-44.23950617410902
-44.30477549209881
-44.3699769270908
-44.43511039507239
-44.50017581219018
-44.565173094750065
-44.630102159217444
-44.69496040058231
-44.759748018014356
-44.824467160709354
-44.88911774581798
-44.95369969065079
-45.01821291267837
-45.08265732953151
-45.147032859001065
-45.21133941903825
-45.27557692775462
-45.33974530342232
-45.403844464473934
-45.467873993990004
-45.531829708061416
-45.595715957273015
-45.65953266074722
-45.723279737767484
-45.78695710777829
-45.850564690385355
-45.91410240535565
-45.97757017261756
-46.04096791226085
-46.10429554453682
-46.16755298985847
-46.23074016880037
-46.29385490300056
-46.35689652394281
-46.41986763523053
-46.482768158132345
-46.54559801407899
-46.60835712466347
-46.67104541164089
-46.733662796928726
-46.796209202606924
-46.85868455091783
-46.921088764266365
-46.983421765219994
-47.045683476509055
-47.10787082256833
-47.169984927706686
-47.23202750691143
-47.293998483610565
-47.35589778139516
-47.41772532401932
-47.47948103540045
-47.541164839619135
-47.602776660919226
-47.66431642370807
-47.725784052556364
-47.78717947219834
-47.84850260753184
-47.90975040904746
-47.970923953202295
-48.0320249838168
-48.09305342648984
-48.15400920698407
-48.21489225122606
-48.275702485306475
-48.33643983547994
-48.397104228165205
-48.457695589945196
-48.518213847567104
-48.578658927942335
-48.63903075814666
-48.699327295824624
-48.75954761314786
-48.8196944581314
-48.87976775855474
-48.93976744236184
-48.99969343766136
-49.0595456727266
-49.119324075995706
-49.179028576071524
-49.238659101721694
-49.29821558187886
-49.35769794564051
-49.41710612226912
-49.4764400411922
-49.53569491973747
-49.594875323040974
-49.65398125409436
-49.71301264303119
-49.7719694201501
-49.830851515915064
-49.88965886095538
-49.94839138606562
-50.007049022205805
-50.06563170050132
-50.12413935224313
-50.18257190888756
-50.24092930205652
-50.29920990140065
-50.357411989205566
-50.41553870609007
-50.473589984383636
-50.531565756581465
-50.589465955344444
-50.64729051349921
-50.70503936403826
-50.762712440119834
-50.82030967506807
-50.87783100237294
-50.935276355690405
-50.9926456688423
-51.04993887581641
-51.10715389743998
-51.16428993861355
-51.22134967381593
-51.278333037743714
-51.335239965259525
-51.39207039139204
-51.44882425133607
-51.50550148045266
-51.562102014268895
-51.618625788478084
-51.675072738939804
-51.73144280167975
-51.78773591288995
-51.84395200892866
-51.900089815490766
-51.95614695911643
-52.01212689543353
-52.0680295615097
-52.123854894578784
-52.17960283204106
-52.235273311463075
-52.29086627057778
-52.346381647284545
-52.401819379649005
-52.45717940590329
-52.51246166444597
-52.567666093841986
-52.6227926328227
-52.67784122028593
-52.73280800689872
-52.787695805719345
-52.842505469083065
-52.8972369365971
-52.951890148035154
-53.00646504333715
-53.06096156260967
-53.11537964612575
-53.169719234324766
-53.22398026781268
-53.27816268736191
-53.33226643391126
-53.38629144856611
-53.44023767259836
-53.4941048058602
-53.54788860731215
-53.60159344184849
-53.65521925144986
-53.70876597826332
-53.76223356460228
-53.8156219529466
-53.86893108594266
-53.92216090640312
-53.97531135730719
-54.028382381800434
-54.081373923194775
-54.13428592496855
-54.18711833076662
-54.239871084399994
-54.29254412984621
-54.34513292564185
-54.39764176344205
-54.45007072547688
-54.502419756431316
-54.55468880115658
-54.60687780467031
-54.65898671215616
-54.71101546896423
-54.76296402061078
-54.814832312778215
-54.866620291315186
-54.91832790223658
-54.96995509172335
-55.02150180612266
-55.07296799194781
-55.1243511518158
-55.175651546689615
-55.22687125355979
-55.27801021964527
-55.32906839233096
-55.38004571916769
-55.43094214787227
-55.48175762632751
-55.53249210258194
-55.58314552485014
-55.6337178415125
-55.6842090011151
-55.73461895237
-55.78494764415504
-55.83519502551361
-55.885361045655046
-55.93544242913458
-55.98544105814686
-56.0353581751683
-56.085193730111165
-56.134947673053226
-56.1846199542379
-56.23421052407391
-56.28371933313557
-56.33314633216258
-56.38249147205989
-56.43175470389791
-56.480935978912385
-56.530035248504234
-56.57905246423967
-56.62798757785021
-56.67684054123232
-56.72560919474278
-56.77429326149773
-56.822895035863695
-56.87141447043711
-56.91985151797939
-56.968206131416686
-57.01647826384016
-57.06466786850567
-57.11277489883394
-57.16079930841046
-57.20874105098522
-57.25660008047306
-57.304376350953426
-57.35206981667012
-57.399680432031644
-57.44720815161106
-57.494652930145556
-57.542011325006456
-57.589285707122976
-57.63647701512824
-57.683585204455305
-57.730610230701465
-57.777552049628
-57.824410617160346
-57.871185889387824
-57.91787782256378
-57.964486373105544
-58.01101149759405
-58.05745315277422
-58.1038112955548
-58.150085883007975
-58.19627687236975
-58.24238422103974
-58.28840788658096
-58.33434536763753
-58.380197242335434
-58.4259653098666
-58.47164952848514
-58.517249856608295
-58.56276625281639
-58.60819867585297
-58.65354708462446
-58.6988114382004
-58.74399169581321
-58.789087816858036
-58.83409976089298
-58.87902748763882
-58.92387095697897
-58.96863012895956
-59.0133049637892
-59.057895421838936
-59.10240146364236
-59.14681964365142
-59.1911525289632
-59.23540088346781
-59.27956466838389
-59.32364384509231
-59.36763837513586
-59.41154822021912
-59.45537334220864
-59.49911370313279
-59.54276926518152
-59.58633999070651
-59.62982584222106
-59.67322678239986
-59.71654277407914
-59.7597737802565
-59.80291976409073
-59.845980688901975
-59.888956518171526
-59.93184547355398
-59.97464689652951
-60.01736311878654
-60.05999410448506
-60.10253981794594
-60.14500022365042
-60.18737528624056
-60.229664970518925
-60.27186924144833
-60.31398806415205
-60.356021403913765
-60.39796922617716
-60.43983149654616
-60.481608180784725
-60.523299244816734
-60.564904654726064
-60.60642437675635
-60.647858377310946
-60.689206622952845
-60.730467723088694
-60.77164036463139
-60.812727155878314
-60.85372806406374
-60.89464305658106
-60.93547210098295
-60.97621516498094
-61.016872216445535
-61.05744322340617
-61.0979281540509
-61.13832697672661
-61.17863965993873
-61.21886617235115
-61.25900648278621
-61.2990605602247
-61.33902837380546
-61.378909892825725
-61.41870508674064
-61.45841392516339
-61.498036377865134
-61.53757061984882
-61.57701634101244
-61.6163755912465
-61.65564834098468
-61.69483456081816
-61.73393422149531
-61.77294729392174
-61.811873749160156
-61.85071355843037
-61.88946669310895
-61.928133124729435
-61.9667128249821
-62.00520576571376
-62.043611918927944
-62.08193125678447
-62.12016375159964
-62.15830937584602
-62.19636810215224
-62.23433990330316
-62.27222475223954
-62.31002262205802
-62.34773094135431
-62.385351041251845
-62.422884087346276
-62.4603300533871
-62.49768891327911
-62.53496064108226
-62.57214521101168
-62.60924259743757
-62.6462527748849
-62.68317571803363
-62.72001140171829
-62.756759800928144
-62.79342089080696
-62.82999464665284
-62.866481043918284
-62.90288005820998
-62.939191665288654
-62.975415841069115
-63.01155256162012
-63.04760180316406
-63.08356354207715
-63.1194377548892
-63.155221376197005
-63.190916888625864
-63.226524811104696
-63.26204512080491
-63.29747779505105
-63.332822811320376
-63.368080147243
-63.40324978060172
-63.43833168933174
-63.47332585152087
-63.508232245409154
-63.543050849388834
-63.577781642004325
-63.612424601952
-63.646979708080146
-63.681446939388785
-63.715826275029706
-63.750117694306105
-63.78432117667273
-63.81843670173565
-63.8524642492521
-63.88640379913053
-63.92025533143024
-63.95401615793849
-63.9876881861934
-64.02127214413005
-64.05476801243715
-64.08817577195383
-64.12149540366933
-64.15472688872309
-64.18787020840456
-64.22092534415297
-64.25389227755738
-64.28677099035654
-64.31956146443865
-64.35226368184132
-64.38487762475158
-64.41740327550548
-64.4498406165882
-64.48218963063385
-64.51445030042541
-64.54662260889454
-64.57870653912138
-64.61070207433468
-64.64260919791148
-64.674427893377
-64.70615814440463
-64.73779918290256
-64.76934927174793
-64.80081087475514
-64.83218397621327
-64.86346856055866
-64.89466461237508
-64.92577211639338
-64.95679105749149
-64.98772142069424
-65.01856319117326
-65.04931635424688
-65.07998089537992
-65.11055680018366
-65.14104405441563
-65.17144264397962
-65.20175255492539
-65.23197377344863
-65.26210628589085
-65.29215007873918
-65.32210513862637
-65.35197145233053
-65.38174900677501
-65.41143778902843
-65.44103778630436
-65.47054898596132
-65.49997137550257
-65.52930494257596
-65.55854706351852
-65.5876999397315
-65.61676396451011
-65.64573912610166
-65.67462541289747
-65.7034228134325
-65.73213131638546
-65.76075091057857
-65.78928158497735
-65.8177233286907
-65.84607613097062
-65.87433998121203
-65.90251486895282
-65.93060078387359
-65.95859771579742
-65.98650565469005
-66.01432459065937
-66.0420545139556
-66.06969541497102
-66.09724728423976
-66.12471011243775
-66.15208389038273
-66.1793686090338
-66.20656425949156
-66.23367083299787
-66.26068832093557
-66.2876167148287
-66.31445600634203
-66.34120564842132
-66.36786393501895
-66.39443310278348
-66.42091314396144
-66.4473040509394
-66.4736058162438
-66.49981843254109
-66.52594189263723
-66.55197618947773
-66.57792131614751
-66.60377726587082
-66.62954403201093
-66.65522160807014
-66.68080998768957
-66.70630916464904
-66.73171913286697
-66.75703988640016
-66.78227141944372
-66.80741372633086
-66.83246680153287
-66.85743063965882
-66.88230523545555
-66.90709058380743
-66.93178667973632
-66.95639351840141
-66.98091109509892
-67.0053394052622
-67.02967844446145
-67.05392820840352
-67.07808869293194
-67.10215989402667
-67.1261418078039
-67.15003325352939
-67.17383408177626
-67.1975456200622
-67.22116786506406
-67.24470081359414
-67.26814446260006
-67.29149880916474
-67.31476385050603
-67.33793958397679
-67.36102600706464
-67.38402311739183
-67.40693091271507
-67.42974939092544
-67.45247855004817
-67.47511838824255
-67.49766890380182
-67.52013009515288
-67.54250196085631
-67.56478449960616
-67.5869777102297
-67.60908159168747
-67.63109614307304
-67.6530213636127
-67.67485725266563
-67.69660380972351
-67.71826103441046
-67.73982892648293
-67.76130748582939
-67.78269671247044
-67.80399660655841
-67.82520716837733
-67.84632839834282
-67.86736029700187
-67.88830286503266
-67.90915610324457
-67.9299200125778
-67.950593644151
-67.97117672015358
-67.99167047951961
-68.01207492372512
-68.03239005437638
-68.05261587320953
-68.07275238209054
-68.09279958301505
-68.11275747810815
-68.13262606962431
-68.15240535994722
-68.1720953515896
-68.19169604719308
-68.21120744952795
-68.23062956149322
-68.24996238611628
-68.2692059265528
-68.28836018608658
-68.30742516812943
-68.32640087622102
-68.34528731402861
-68.36408448534706
-68.3827923940986
-68.4014110443326
-68.41994044022562
-68.43838058608105
-68.45673148632905
-68.47499314552641
-68.49316556835633
-68.51124875962836
-68.52924272427819
-68.54714746736744
-68.56496299408363
-68.58268930973995
-68.60032641977506
-68.61787432975309
-68.63533304536332
-68.65270257242011
-68.66998291686271
-68.68717408475514
-68.70427608228601
-68.72128891576843
-68.73821259163965
-68.7550459830383
-68.77178957850312
-68.78844404545006
-68.8050093908218
-68.82148562168446
-68.83787274522743
-68.85417076876315
-68.87037969972708
-68.88649954567741
-68.90253031429502
-68.91847201338327
-68.93432465086777
-68.95008823479635
-68.96576277333888
-68.98134827478702
-68.99684474755419
-69.01225220017528
-69.0275706413066
-69.04280007972568
-69.05794052433106
-69.07299198414229
-69.0879544682996
-69.1028279860638
-69.11761254681616
-69.13230816005824
-69.1469148354117
-69.16143258261816
-69.17586141153902
-69.19020133215533
-69.20445235456766
-69.21861448899583
-69.2326877457789
-69.24667213537492
-69.26056766836074
-69.27437435543195
-69.28809220740264
-69.30172123520529
-69.31526144989058
-69.32871286262723
-69.3420754847019
-69.35534932751892
-69.3685344026002
-69.38163072158514
-69.39463829623028
-69.40755713840937
-69.42038726011297
-69.43312867344852
-69.44578139064002
-69.45834542402793
-69.47082078606901
-69.48320748933617
-69.49550554651826
-69.50771497041993
-69.51983577396156
-69.53186797017894
-69.54381157222323
-69.55566568677236
-69.56743087937122
-69.57910752728546
-69.59069564413076
-69.60219524363738
-69.61360633964982
-69.62492894612662
-69.63616307714038
-69.64730874687743
-69.65836596963779
-69.66933475983488
-69.68021513199555
-69.6910071007597
-69.70171068088027
-69.71232588722297
-69.7228527347663
-69.73329123860117
-69.74364141393083
-69.75390327607076
-69.76407684044845
-69.77416212260326
-69.78415913818623
-69.79406790295991
-69.8038884327983
-69.81362074368658
-69.82326485172094
-69.83282077310851
-69.84228852416716
-69.85166812132525
-69.86095958112162
-69.87016292020533
-69.87927815533553
-69.88830530338122
-69.89724438132127
-69.90609540624405
-69.9148583953474
-69.92353336593843
-69.93212033543331
-69.94061932135725
-69.94903034134414
-69.95735341313657
-69.96558855458554
-69.97373578365034
-69.98179511839842
-69.98976657700518
-69.99765017775387
-70.0054459390353
-70.01315387934784
-70.02077401729714
-70.02830637159603
-70.03575096106432
-70.04310780462866
-70.05037692132235
-70.05755833028522
-70.06465205076343
-70.07165810210931
-70.07857650378126
-70.08540727534347
-70.09215043646586
-70.09880600692387
-70.1053740065983
-70.11185445547518
-70.11824737364556
-70.12455278130537
-70.13077069875526
-70.13690114640043
-70.14294414475049
-70.14889971441926
-70.15476787612461
-70.16054865068833
-70.16624205903597
-70.17184812219661
-70.17736686130279
-70.18279829759027
-70.18814245239791
-70.19339934716749
-70.19856900344355
-70.20365144287324
-70.20864668720615
-70.21355475829411
-70.21837567809112
-70.22310946865305
-70.22775615213766
-70.2323157508042
-70.23678828701351
-70.24117378322764
-70.24547226200983
-70.24968374602423
-70.25380825803586
-70.25784582091035
-70.26179645761383
-70.26566019121273
-70.26943704487365
-70.27312704186323
-70.27673020554785
-70.28024655939363
-70.28367612696618
-70.28701893193046
-70.29027499805058
-70.2934443491897
-70.29652700930986
-70.29952300247173
-70.30243235283456
-70.30525508465597
-70.30799122229175
-70.31064079019579
-70.31320381291981
-70.31568031511324
-70.31807032152317
-70.32037385699398
-70.32259094646727
-70.32472161498183
-70.32676588767323
-70.32872378977389
-70.33059534661274
-70.33238058361515
-70.33407952630277
-70.33569220029331
-70.33721863130047
-70.33865884513366
-70.34001286769798
-70.3412807249939
-70.34246244311721
-70.34355804825884
-70.34456756670465
-70.34549102483535
-70.34632844912626
-70.34707986614717
-70.34774530256217
-70.34832478512959
-70.34881834070165
-70.34922599622449
-70.34954777873784
-70.349783715375
-70.34993383336258
-70.34999816002042
-70.34997672276133
-70.34986954909101
-70.34967666660788
-70.34939810300287
-70.34903388605932
-70.34858404365275
-70.34804860375075
-70.34742759441288
-70.34672104379028
-70.34592898012585
-70.34505143175373
-70.34408842709946
-70.34303999467957
-70.34190616310156
-70.34068696106371
-70.3393824173549
-70.33799256085446
-70.336517420532
-70.33495702544728
-70.33331140475002
-70.33158058767974
-70.32976460356564
-70.32786348182636
-70.32587725196989
-70.32380594359338
-70.32164958638302
-70.31940821011382
-70.31708184464948
-70.31467051994224
-70.31217426603271
-70.30959311304967
-70.30692709121001
-70.30417623081846
-70.30134056226753
-70.29842011603722
-70.29541492269504
-70.2923250128957
-70.28915041738097
-70.28589116697964
-70.28254729260722
-70.27911882526583
-70.27560579604408
-70.27200823611685
-70.26832617674515
-70.26455964927602
-70.26070868514229
-70.25677331586246
-70.25275357304051
-70.24864948836583
-70.24446109361291
-70.24018842064137
-70.23583150139562
-70.23139036790484
-70.22686505228269
-70.22225558672734
-70.21756200352111
-70.21278433503046
-70.20792261370572
-70.20297687208102
-70.19794714277413
-70.1928334584862
-70.18763585200173
-70.18235435618836
-70.17698900399667
-70.17153982846006
-70.1660068626947
-70.16039013989912
-70.15468969335434
-70.14890555642347
-70.14303776255173
-70.13708634526616
-70.13105133817558
-70.12493277497038
-70.11873068942234
-70.11244511538447
-70.10607608679098
-70.0996236376569
-70.09308780207817
-70.08646861423124
-70.07976610837315
-70.0729803188412
-70.06611128005287
-70.05915902650568
-70.05212359277694
-70.04500501352372
-70.03780332348263
-70.03051855746966
-70.02315075038
-70.01569993718797
-70.00816615294681
-70.00054943278852
-69.99284981192369
-69.98506732564145
-69.97720200930915
-69.96925389837237
-69.9612230283546
-69.95310943485727
-69.94491315355943
-69.9366342202177
-69.9282726706661
-69.91982854081584
-69.91130186665526
-69.90269268424954
-69.89400102974072
-69.88522693934738
-69.87637044936463
-69.86743159616387
-69.85841041619263
-69.84930694597443
-69.84012122210875
-69.83085328127063
-69.82150316021077
-69.81207089575516
-69.80255652480513
-69.79296008433708
-69.78328161140227
-69.77352114312683
-69.76367871671151
-69.75375436943155
-69.74374813863643
-69.73366006174996
-69.72349017626985
-69.71323851976777
-69.70290512988907
-69.6924900443527
-69.681993300951
-69.67141493754963
-69.66075499208736
-69.6500135025759
-69.63919050709981
-69.62828604381635
-69.6173001509552
-69.60623286681853
-69.59508422978067
-69.58385427828804
-69.57254305085894
-69.56115058608353
-69.5496769226235
-69.53812115385756
-69.52648399899869
-69.51476575410256
-69.50296645813107
-69.49108615011713
-69.47912486916431
-69.46708265444695
-69.4549595452098
-69.44275558076795
-69.43047080050674
-69.41810524388147
-69.40565895041739
-69.3931319597095
-69.38052431142242
-69.36783604529012
-69.35506720111597
-69.3422178187725
-69.32928793820118
-69.31627759941242
-69.30318684248527
-69.2900157075674
-69.27676423487492
-69.26343246469213
-69.25002043737155
-69.23652819333364
-69.22295577306669
-69.20930321712667
-69.19557056613715
-69.18175786078905
-69.16786514184052
-69.1538924501169
-69.1398398265104
-69.1257073119801
-69.11149494755173
-69.09720277431757
-69.08283083343623
-69.06837916613259
-69.05384781369763
-69.03923681748826
-69.02454621892717
-69.0097760595028
-68.99492638076896
-68.97999722434494
-68.96498863191522
-68.94990064522938
-68.93473330610185
-68.919486656412
-68.90416073810373
-68.88875559318554
-68.87327126373023
-68.85770779187482
-68.84206521982046
-68.82634358983222
-68.81054294423895
-68.79466332543312
-68.77870477587079
-68.76266733807137
-68.7465510546174
-68.73035453089733
-68.71407902116177
-68.69772478700402
-68.6812918712765
-68.66478031689421
-68.6481901668346
-68.63152146413742
-68.61477425190449
-68.59794857329973
-68.58104447154889
-68.5640619899394
-68.54700117182033
-68.52986206060218
-68.51264469975673
-68.49534913281697
-68.47797540337685
-68.46052355509129
-68.44299363167588
-68.42538567690681
-68.40769973462085
-68.38993584871497
-68.37209406314638
-68.35417442193234
-68.33617696915006
-68.31810174893646
-68.29994880548811
-68.28171818306113
-68.26340992597092
-68.24502407859218
-68.22656068535862
-68.208019790763
-68.18940143935679
-68.17070567575014
-68.15193254461184
-68.13308209066895
-68.11415435870687
-68.09514939356912
-68.07606724015717
-68.0569079434304
-68.03767154840585
-68.01835810015821
-67.99896764381954
-67.97950022457924
-67.95995588768396
-67.94033454933711
-67.9206345315821
-67.9008577261145
-67.88100417842868
-67.86107393407556
-67.84106703866244
-67.82098353785295
-67.80082347736683
-67.78058690297978
-67.76027386052345
-67.7398843958852
-67.71941855500798
-67.69887638389024
-67.67825792858575
-67.65756323520348
-67.6367923499075
-67.61594531891679
-67.59502218850514
-67.57402300500108
-67.55294781478756
-67.53179666430206
-67.51056960003628
-67.48926666853602
-67.46788791640122
-67.4464333902856
-67.42490313689665
-67.40329720299552
-67.38161563539683
-67.35985848096848
-67.33802578663176
-67.31611759936095
-67.29413396618327
-67.27207493417886
-67.24994055048055
-67.22773086227366
-67.20544591679607
-67.1830857613379
-67.16065044324155
-67.13813994222339
-67.11555220429096
-67.09288944063026
-67.07015169881309
-67.04733902646285
-67.02445147125447
-67.0014890809141
-66.97845190321914
-66.95533998599807
-66.93215337713029
-66.90889212454599
-66.88555627622611
-66.86214588020212
-66.83866098455584
-66.81510163741957
-66.7914678869756
-66.76775978145639
-66.7439773691443
-66.72012069837146
-66.6961898175197
-66.67218477502038
-66.64810561935428
-66.62395239905149
-66.59972516269127
-66.57542395890187
-66.55104883636055
-66.52659984379326
-66.50207702997471
-66.47748044372813
-66.45281013392511
-66.42806614948562
-66.40324853937773
-66.37835735261758
-66.35339263826933
-66.32835369667927
-66.30323962596948
-66.2780521703968
-66.25279137923904
-66.22745730182135
-66.20204998751616
-66.17656948574292
-66.1510158459681
-66.12538911770504
-66.09968935051373
-66.0739165940008
-66.04807089781946
-66.02215231166912
-65.99616088529551
-65.97009666849051
-65.94395971109192
-65.91775006298354
-65.89146777409479
-65.86511289440078
-65.83868547392215
-65.81218556272496
-65.78561321092043
-65.7589684686651
-65.73225138616043
-65.7054620136528
-65.67860040143347
-65.65166659983826
-65.6246606592476
-65.59758263008642
-65.57043256282392
-65.54321050797343
-65.51591485196455
-65.4885463462188
-65.46110600058097
-65.43359386576441
-65.4060099925261
-65.37835443166658
-65.35062723402979
-65.3228284505029
-65.29495813201632
-65.2670163295435
-65.23900309410078
-65.21091847674737
-65.18276252858522
-65.15453530075877
-65.12623684445504
-65.09786721090329
-65.06942645137512
-65.04091461718427
-65.01233175968638
-64.98367793027906
-64.95495318040174
-64.92615756153538
-64.89729112520268
-64.86835392296761
-64.83934600643556
-64.8102674272531
-64.78111823710786
-64.75189848772855
-64.72260748934464
-64.69324399876211
-64.66381010086872
-64.634305847581
-64.60473129085604
-64.57508648269113
-64.54537147512391
-64.51558632023202
-64.48573107013313
-64.4558057769848
-64.42581049298431
-64.39574527036869
-64.36561016141444
-64.33540521843749
-64.30513049379313
-64.2747860398758
-64.24437190911914
-64.2138881539957
-64.18333482701694
-64.15271198073306
-64.122019667733
-64.09125794064416
-64.06042685213237
-64.0295264549019
-63.9985568016951
-63.96751794529264
-63.93640993851295
-63.9052307439825
-63.873981683989086
-63.84266362939167
-63.81127663318555
-63.779820748403516
-63.74829602811575
-63.71670252542967
-63.685040293489855
-63.653309385477975
-63.621509854612604
-63.58964175414916
-63.55770513737984
-63.52570005763336
-63.49362656827506
-63.46148472270663
-63.42927457436611
-63.39699617672772
-63.36464958330175
-63.33223484763451
-63.29975202330818
-63.26720116394067
-63.23458232318569
-63.20189555473244
-63.169140912305494
-63.13631844966496
-63.10342625213765
-63.07046528525165
-63.03743665729815
-63.00434042220398
-62.97117663393075
-62.93794534647498
-62.904646613867634
-62.871280490174414
-62.83784702949533
-62.80434628596475
-62.770778313751386
-62.737143167058
-62.703440900121365
-62.66967156721224
-62.635835222635215
-62.60193192072854
-62.56796171586418
-62.53392466244761
-62.49982081491762
-62.465650227746494
-62.431412955439654
-62.39710905253554
-62.36273857360585
-62.328301573255004
-62.29379554824263
-62.259222543617526
-62.22458317978818
-62.18987751151667
-62.155105593597405
-62.1202674808572
-62.08536322815514
-62.05039289038238
-62.01535652246215
-61.98025417934966
-61.94508591603189
-61.909851787527586
-61.87455184888722
-61.839186155192735
-61.803754761557514
-61.76825772312642
-61.732695095075385
-61.697066932611676
-61.66137329097353
-61.62561422543017
-61.589789791281746
-61.55390004385909
-61.517944921024984
-61.481921501657325
-61.44583293390794
-61.40967927325706
-61.37346057521529
-61.33717689532335
-61.30082828915211
-61.264414812302526
-61.2279365204054
-61.1913934691214
-61.154785714140935
-61.118113311184054
-61.08137631600041
-61.04457478436905
-61.00770877209834
-60.970778335026054
-60.933783529019024
-60.89672440997321
-60.85960103381363
-60.82241345649403
-60.78516173399713
-60.74784592233429
-60.710465550090206
-60.67301844017103
-60.63550740852554
-60.59793251130661
-60.56029380469522
-60.522591344900675
-60.48482518816033
-60.446995390739524
-60.40910200893145
-60.37114509905712
-60.33312471746533
-60.29504092053247
-60.256893764662415
-60.218683306286536
-60.18040960186359
-60.142072707879485
-60.10367268084746
-60.065209577307776
-60.02668345382763
-59.988094367001246
-59.94944237344961
-59.91072727479814
-59.87194628318149
-59.83310255459442
-59.79419614579217
-59.75522711355622
-59.71619551469436
-59.677101406040734
-59.63794484445552
-59.59872588682486
-59.559444590061
-59.52010101110195
-59.48069520691148
-59.44122723447916
-59.40169715082007
-59.36210501297483
-59.32245087800955
-59.28273480301561
-59.24295684510967
-59.203117061433616
-59.16321550915434
-59.123252245463874
-59.08322497071496
-59.043135043708304
-59.0029835772509
-58.96277062866171
-58.92249625528443
-58.88216051448726
-58.84176346366273
-58.80130516022777
-58.7607856616236
-58.720205025315515
-58.67956330879295
-58.63886056956938
-58.59809686518214
-58.557272253192416
-58.51638679118521
-58.47544053676909
-58.434433547576354
-58.3933658812627
-58.35223759550726
-58.31104874801258
-58.26979618342392
-58.22848292424611
-58.18710927729141
-58.145675300382976
-58.10418105136684
-58.062626588112
-58.02101196851023
-57.97933725047592
-57.937602491946194
-57.895807750880664
-57.85395308526136
-57.81203855309279
-57.77006421240171
-57.72803012123717
-57.685936337670285
-57.643782919794205
-57.601569925724235
-57.55929741359749
-57.51696544157282
-57.47457152897138
-57.432117308087456
-57.389603803083695
-57.34703107223382
-57.30439917383291
-57.261708166197394
-57.21895810766507
-57.17614905659487
-57.13328107136689
-57.090354210382344
-57.0473685320633
-57.00432409485292
-56.961220957215055
-56.91805917763429
-56.874838814616055
-56.831559926686225
-56.78822257239123
-56.74482681029809
-56.70137260757907
-56.65785666554801
-56.614282493142284
-56.570650149038045
-56.526959691931424
-56.483211180538824
-56.43940467359639
-56.395540229860096
-56.35161790810588
-56.307637767129215
-56.263599865745306
-56.21950426278889
-56.17535101711416
-56.13114018759483
-56.086871833123865
-56.042546012613535
-55.99816278499536
-55.9537222092199
-55.90922434425675
-55.86466644263125
-55.82005060818904
-55.7753776636422
-55.73064766806417
-55.68586068054695
-55.64101676020119
-55.59611596615619
-55.55115835755959
-55.5061439935776
-55.46107293339465
-55.41594523621343
-55.37076096125498
-55.32552016775834
-55.28022291498063
-55.23486926219708
-55.18945926870067
-55.143992993802335
-55.098470496830814
-55.05288836699355
-55.00725001282421
-54.96155561716684
-54.91580523944871
-54.869998939114524
-54.824136775626535
-54.778218808464075
-54.73224509712391
-54.68621570111982
-54.64013067998276
-54.59399009326076
-54.54779400051871
-54.501542461338445
-54.45523553531872
-54.40887328207493
-54.36245576123923
-54.315983032460494
-54.269453241468675
-54.22286666537133
-54.176225063274174
-54.12952849492003
-54.08277702006789
-54.03597069849312
-53.98910958998709
-53.9421937543575
-53.89522325142791
-53.84819814103787
-53.80111848304297
-53.753984337314506
-53.70679576373958
-53.659552822221116
-53.6122555726776
-53.564904075043096
-53.51749838926732
-53.47003694991126
-53.42251944374871
-53.374947932689
-53.327322476771144
-53.27964313604949
-53.23190997059356
-53.184123040487826
-53.13628240583194
-53.088388126740426
-53.04044026334265
-52.992438875782966
-52.94438402422036
-52.89627576882854
-52.84811416979596
-52.79989928732566
-52.751631181635055
-52.70330991295623
-52.65493301814427
-52.60650197243963
-52.558017948235886
-52.50948100585019
-52.460891205613756
-52.41224860787208
-52.36355327298452
-52.31480526132456
-52.266004633279515
-52.217151449250544
-52.16824576965272
-52.119287654914764
-52.07027716547905
-52.02121436180173
-51.97209930435243
-51.92293205361416
-51.87371178170548
-51.824436688007864
-51.775109586633825
-51.72573053814768
-51.67629960312702
-51.62681684216249
-51.57728231585797
-51.52769608483024
-51.478058209709204
-51.42836875113762
-51.37862776977105
-51.32883532627801
-51.2789914813397
-51.22909629564995
-51.179149829915445
-51.129152144855254
-51.079103022615655
-51.02899944215567
-50.97884482905944
-50.92863924412339
-50.87838274815651
-50.8280754019798
-50.77771726642657
-50.72730840234228
-50.67684887058435
-50.62633873202245
-50.57577804753803
-50.5251668780245
-50.474505284387305
-50.42379332754348
-50.3730310684219
-50.3222185679633
-50.271355259132626
-50.2204388238478
-50.16947233494725
-50.11845585344532
-50.06738944036771
-50.01627315675165
-49.965107063645526
-49.91389122210904
-49.86262569321326
-49.81131053804024
-49.759945817683295
-49.708531593246754
-49.65706792584593
-49.6055548766072
-49.553992506667775
-49.50238087717577
-49.45071817886839
-49.399004587670554
-49.347241925629866
-49.29543025396468
-49.24356963390383
-49.191660126686635
-49.139701793563155
-49.08769469579367
-49.035638894648926
-48.98353445141014
-48.93138142736862
-48.87917988382616
-48.82692988209459
-48.774631483495966
-48.72228474936249
-48.66988941907055
-48.61744258018607
-48.564947595365794
-48.51240452600878
-48.45981343352394
-48.40717437933011
-48.35448742485571
-48.301752631538946
-48.248970060827766
-48.19613977417964
-48.1432618330616
-48.09033629895029
-48.037363233331696
-47.98434269770144
-47.93127475356437
-47.87815946243461
-47.82499371543233
-47.77178031568451
-47.71851975945089
-47.66521210830933
-47.61185742384675
-47.55845576765908
-47.50500720135138
-47.451511786537516
-47.397969584840304
-47.344380657891534
-47.29074506733172
-47.23706287481007
-47.1833341419848
-47.129558930522485
-47.075737302098695
-47.0218661819899
-46.96794832268474
-46.91398423774101
-46.859973988894566
-46.805917637889806
-46.75181524647961
-46.69766687642498
-46.64347258949527
-46.58923244746815
-46.534946512129395
-46.48061484527295
-46.426237508701
-46.371814564223605
-46.31734607365889
-46.26283188045268
-46.208268916029546
-46.15366059757449
-46.09900698696353
-46.04430814608044
-45.989564136816995
-45.934775021072454
-45.87994086075382
-45.825061717775846
-45.770137654060676
-45.71516873153811
-45.66015501214558
-45.6050965578278
-45.54999343053701
-45.49484569223294
-45.43965188093618
-45.384411564592675
-45.329126830042846
-45.27379773930131
-45.21842435439005
-45.16300673733809
-45.1075449501815
-45.05203905496353
-44.99648911373437
-44.94089518855119
-44.88525734147819
-44.829575634586355
-44.7738501299536
-44.71808088966475
-44.66226797581131
-44.606408037383446
-44.55050445018131
-44.494557382941444
-44.438566897807796
-44.38253305693094
-44.326455922467844
-44.27033555658214
-44.21417202144382
-44.15796537922933
-44.101715692121665
-44.04542302230994
-43.98908743198974
-43.932708983363014
-43.87628773863779
-43.81982141214592
-43.763311275355335
-43.706758536638596
-43.65016325825367
-43.593525502464786
-43.536845331542004
-43.48012280776153
-43.423357993405375
-43.3665509507615
-43.309701742123806
-43.25281042979199
-43.19587707607155
-43.13890174327385
-43.08188449371587
-43.02482355931759
-42.96771920615729
-42.910573131028436
-42.85338539629557
-42.79615606432902
-42.73888519750442
-42.68157285820294
-42.62421910881128
-42.566824011721415
-42.50938762933087
-42.451910024042384
-42.39439125826406
-42.33683139440941
-42.27923049489698
-42.221586801009124
-42.163900593290094
-42.10617354529918
-42.04840571950031
-41.99059717836261
-41.93274798436017
-41.87485819997202
-41.816927887682304
-41.75895710998003
-41.7009459293591
-41.6428944083184
-41.58480260936145
-41.52667059499694
-41.46849842773806
-41.4102838892325
-41.35202821585445
-41.29373258553761
-41.23539706083836
-41.17702170431781
-41.11860657854154
-41.060151746079676
-41.00165726950702
-40.94312321140273
-40.884549634350414
-40.82593660093825
-40.76728417375869
-40.7085924154086
-40.649861388489356
-40.59108798490918
-40.53227526041469
-40.473423463852534
-40.41453265786495
-40.355602905098515
-40.29663426820376
-40.23762680983537
-40.178580592652274
-40.11949567931731
-40.06037213249737
-40.00121001486352
-39.94200938909065
-39.88277031785763
-39.823491725986344
-39.76417263764244
-39.7048153008278
-39.64541977826062
-39.58598613266258
-39.526514426759455
-39.4670047232805
-39.40745708495878
-39.34787157453116
-39.288248254738015
-39.22858718832336
-39.16888843803499
-39.10915206662417
-39.04937813684569
-38.9895638927824
-38.92971176624021
-38.86982227882212
-38.809895493320354
-38.74993147253027
-38.68993027925066
-38.62989197628376
-38.569816626435
-38.50970429251333
-38.449555037330754
-38.38936892370263
-38.3291460144477
-38.268886372387676
-38.208588470421105
-38.14825232262959
-38.08787963997346
-38.027470485309884
-37.96702492149928
-37.90654301140489
-37.84602481789311
-37.78547040383339
-37.72487983209802
-37.66425316556225
-37.60359046710434
-37.54289179960534
-37.48215722594936
-37.421386071594824
-37.36057668806145
-37.29973159674201
-37.238850860554244
-37.177934542418505
-37.11698270525811
-37.05599541199892
-36.994972725569404
-36.93391470890086
-36.872821424927125
-36.81169293658459
-36.750529306812396
-36.689330598552054
-36.62809664165737
-36.56682482402953
-36.50551812669748
-36.444176612635
-36.382800344818186
-36.321389386225555
-36.25994379983813
-36.198463648639176
-36.13694899561431
-36.075399903751645
-36.0138164360414
-35.95219865547611
-35.890546625050796
-35.82886035858158
-35.76713692379196
-35.70537943832223
-35.64358796519771
-35.58176256744595
-35.51990330809663
-35.45801025018148
-35.39608345673444
-35.33412299079132
-35.27212891539007
-35.21010129357081
-35.14804018837546
-35.08594566284795
-35.02381762168423
-34.96165340113063
-34.89945595980436
-34.83722536077852
-34.77496166712796
-34.71266494192938
-34.65033524826142
-34.587972649204396
-34.52557720784046
-34.46314898725369
-34.40068805052968
-34.338194460756014
-34.27566828102184
-34.21310904076722
-34.1505148795249
-34.08788832824516
-34.02522945004468
-33.96253830804189
-33.899814965356796
-33.837059485110885
-33.77427193042736
-33.71145236443085
-33.6486008502475
-33.58571745100514
-33.52280222983294
-33.45985524986151
-33.39687542566398
-33.333862181731
-33.27081737927005
-33.207741081437945
-33.14463335139288
-33.0814942522946
-33.01832384730394
-32.955122199583116
-32.891889372295864
-32.828625428607
-32.7653304316826
-32.702004444690225
-32.63864753079853
-32.575257776182404
-32.51183631975638
-32.44838413703526
-32.384901291212536
-32.321387845482946
-32.2578438630422
-32.19426940708732
-32.13066454081629
-32.067029327428195
-32.003363830123334
-31.939668112102915
-31.87594223656927
-31.81218610303686
-31.748397272435422
-31.68457848522096
-31.620729804619536
-31.556851293858006
-31.49294301616416
-31.429005034766874
-31.365037412895802
-31.301040213781462
-31.237013500655433
-31.17295733675002
-31.10887178529854
-31.044756909535035
-30.98061136789546
-30.91643526554852
-30.85223004009539
-30.78799575479245
-30.72373247289705
-30.659440257667082
-30.595119172361205
-30.530769280238996
-30.46639064456055
-30.40198332858667
-30.337547395578962
-30.27308290879969
-30.20858986027982
-30.144065740655122
-30.079513268735862
-30.014932507805657
-29.950323521148555
-29.885686372049147
-29.821021123792818
-29.75632783966532
-29.6916065829529
-29.626857416942556
-29.562080404921677
-29.497275610178193
-29.432443096000572
-29.367581290395055
-29.302690878403265
-29.23777294873417
-29.172827564696288
-29.10785478959856
-29.042854686750495
-28.977827319461795
-28.91277275104278
-28.84769104480402
-28.782582264056433
-28.717446472111458
-28.652283732280765
-28.587093406183566
-28.52187436808824
-28.456628584112114
-28.391356117585925
-28.326057031840833
-28.260731390208175
-28.19537925601954
-28.130000692606878
-28.064595763302254
-27.999164531437998
-27.933707060346816
-27.868223413361477
-27.802713653815093
-27.737175342475872
-27.671611025754782
-27.606020798732867
-27.54040472476115
-27.474762867190805
-27.409095289373294
-27.343402054660054
-27.27768322640263
-27.211938867952846
-27.146169042662468
-27.080373813883384
-27.014553244967672
-26.948705506710983
-26.882831985541408
-26.8169333267217
-26.751009593620907
-26.685060849608234
-26.61908715805277
-26.553088582323618
-26.487065185790044
-26.42101703182114
-26.35494418378598
-26.288846705053807
-26.22272465899366
-26.156576661356787
-26.09040327039033
-26.024205514798656
-25.957983457966982
-25.891737163280613
-25.825466694124607
-25.759172113883945
-25.69285348594362
-25.626510873688275
-25.560144340502752
-25.493753949771513
-25.427339764878965
-25.360900697542036
-25.2944367774224
-25.227949266050683
-25.161438226826803
-25.094903723150235
-25.02834581842027
-24.961764576036195
-24.895160059396925
-24.82853233190116
-24.76188145694756
-24.695207497934426
-24.628510518259787
-24.56178959228998
-24.495044489305954
-24.42827656876692
-24.361485894085437
-24.294672528673757
-24.227836535944004
-24.1609779793079
-24.094096922176867
-24.027193427962153
-23.960267560074584
-23.893319381924737
-23.826348956922917
-23.7593554040252
-23.692338469779052
-23.62529949197524
-23.558238534037677
-23.491155659389953
-23.4240509314554
-23.356924413656795
-23.28977616941675
-23.22260626215734
-23.155414755300292
-23.088201712267075
-23.020967196478733
-22.95371026825177
-22.886430859341935
-22.81913018115024
-22.75180829711059
-22.684465270656624
-22.617101165221328
-22.54971604423731
-22.4823099711369
-22.414883009351804
-22.34743522231333
-22.279966673452478
-22.21247742619963
-22.144966393397358
-22.07743387111585
-22.009880854086052
-21.94230740575069
-21.87471358955184
-21.807099468931096
-21.739465107329796
-21.671810568188526
-21.604135914947385
-21.53644121104622
-21.468726519924115
-21.400991905019776
-21.33323605681786
-21.265459786861616
-21.197663796928822
-21.129848150469712
-21.062012910933845
-20.994158141770374
-20.926283906427816
-20.858390268354107
-20.790477290996797
-20.72254503780278
-20.654593572218367
-20.586622957689453
-20.51863160095713
-20.45062095315232
-20.382591360362618
-20.314542886044503
-20.246475593653972
-20.17838954664663
-20.11028480847727
-20.042161442600086
-19.974019512468924
-19.905859081536757
-19.83768021325623
-19.769482848362344
-19.70126542965583
-19.633029777695626
-19.56477595594439
-19.49650402786415
-19.428214056916516
-19.359906106562313
-19.291580240261702
-19.223236521474362
-19.15487501365928
-19.086495780274813
-19.018098884778805
-18.949683825532734
-18.881250004604595
-18.81279872579837
-18.744330052581322
-18.675844048420174
-18.60734077678091
-18.538820301128876
-18.470282684928936
-18.40172799164513
-18.333156284740827
-18.264567627678915
-18.195962083921593
-18.12733868456845
-18.058697841934592
-17.990040316970013
-17.92136617314579
-17.852675473932475
-17.783968282799858
-17.715244663216986
-17.646504678652427
-17.57774839257388
-17.508975868448548
-17.44018716974291
-17.371382359922688
-17.302559989599477
-17.23372150894113
-17.16486712165693
-17.095996891221166
-17.027110881107344
-16.958209154788232
-16.889291775736112
-16.820358807422426
-16.751410313317912
-16.682446356892818
-16.613467001616574
-16.544471890786635
-16.47546035298762
-16.406433620934422
-16.337391758104502
-16.268334827974428
-16.199262894020084
-16.130176019716846
-16.061074268539258
-15.991957703961166
-15.922826389455858
-15.853680388495818
-15.784519764552902
-15.715343608088798
-15.646152432287822
-15.576946838211398
-15.507726889338867
-15.438492649148657
-15.3692441811185
-15.299981548725652
-15.230704815446456
-15.16141404475677
-15.092109300131622
-15.022790645045317
-14.9534580656819
-14.884110349332733
-14.814748927326013
-14.745373863143122
-14.675985220264613
-14.606583062170275
-14.537167452339425
-14.467738454250519
-14.398296131381306
-14.328840547209039
-14.259371765210105
-14.18988984886031
-14.120394196032136
-14.050884851434505
-13.981362577387243
-13.911827437372514
-13.842279494871763
-13.772718813365882
-13.703145456334967
-13.633559487258426
-13.563960969615135
-13.49434996688317
-13.424726542539936
-13.355090760062444
-13.285441464832727
-13.215779888241865
-13.146106158508964
-13.076420339116725
-13.006722493547091
-12.937012685281578
-12.867290977800797
-12.797557434584908
-12.727812119113263
-12.658055094864595
-12.588286425317127
-12.518505648289908
-12.448712678217682
-12.37890826791761
-12.309092480873307
-12.239265380567618
-12.16942703048299
-12.099577494101
-12.029716834902558
-11.959845116368175
-11.889962401977575
-11.820068755209784
-11.750164239543485
-11.680247854389293
-11.610320674277995
-11.540382830418158
-11.470434386293318
-11.400475405386455
-11.330505951179829
-11.26052608715504
-11.190535876793232
-11.120535383574847
-11.050524670979621
-10.980503802486963
-10.910472346669902
-10.84043030898486
-10.770378320620269
-10.700316445059988
-10.630244745787252
-10.560163286284826
-10.490072130034694
-10.419971340518455
-10.34986098121695
-10.279741115610502
-10.209611807178973
-10.13947310613352
-10.069324124475173
-9.999165905272466
-9.928998512009253
-9.858822008169001
-9.788636457234649
-9.718441922688438
-9.648238468012046
-9.578026156686732
-9.507805052193088
-9.437575218011181
-9.367336717620612
-9.297089092600203
-9.226832557467523
-9.15656756146901
-9.086294168087981
-9.016012440807485
-8.945722443109783
-8.875424238476588
-8.805117890389292
-8.734803462328628
-8.664481017774756
-8.594150620207538
-8.523812203038982
-8.45346526801571
-8.383110585374375
-8.312748218598257
-8.242378231169987
-8.172000686571884
-8.1016156482856
-8.031223179792477
-7.960823344573198
-7.890416206108034
-7.820001827876862
-7.749580273359075
-7.679151043900509
-7.608714591727543
-7.538271168714449
-7.467820838343666
-7.397363664097345
-7.326899709456953
-7.25642903790353
-7.1859517129178645
-7.115467797980119
-7.044977356570007
-6.974480452167027
-6.903976906770523
-6.833466603092293
-6.762950041910244
-6.6924272867064
-6.621898400962621
-6.551363448160161
-6.480822491779852
-6.410275595302264
-6.33972282220741
-6.269164235974967
-6.198599900084289
-6.20593766810558
-6.135119015252585
-6.064300362399591
-5.993481709546596
-5.922663056693602
-5.851844403840606
-5.78102575098761
-5.7102070981346165
-5.639388445281622
-5.568569792428627
-5.497751139575632
-5.426932486722638
-5.356113833869642
-5.285295181016647
-5.214476528163653
-5.143657875310658
-5.072839222457662
-5.002020569604668
-4.9312019167516725
-4.860383263898679
-4.789564611045683
-4.718745958192689
-4.647927305339694
-4.577108652486698
-4.506289999633704
-4.435471346780709
-4.364652693927714
-4.293834041074719
-4.223015388221724
-4.15219673536873
-4.081378082515734
-4.01055942966274
-3.9397407768097454
-3.8689221239567497
-3.7981034711037553
-3.72728481825076
-3.6564661653977653
-3.5856475125447704
-3.5148288596917756
-3.444010206838781
-3.3731915539857855
-3.3023729011327907
-3.2315542482797963
-3.1607355954268015
-3.0899169425738067
-3.019098289720812
-2.9482796368678166
-2.8774609840148218
-2.806642331161827
-2.735823678308832
-2.665005025455837
-2.5941863726028425
-2.523367719749847
-2.4525490668968524
-2.381730414043858
-2.310911761190863
-2.2400931083378683
-2.1692744554848726
-2.0984558026318787
-2.0276371497788834
-1.9568184969258882
-1.885999844072894
-1.8151811912198985
-1.7443625383669041
-1.6735438855139089
-1.6027252326609136
-1.5319065798079194
-1.4610879269549244
-1.39026927410193
-1.3194506212489345
-1.2486319683959393
-1.177813315542945
-1.1069946626899498
-1.0361760098369555
-0.9653573569839602
-0.894538704130965
-0.8237200512779708
-0.7529013984249756
-0.6820827455719812
-0.611264092718986
-0.5404454398659907
-0.46962678701299637
-0.3988081341600012
-0.32798948130700684
-0.2571708284540116
-0.18635217560101727
-0.11553352274802202
-0.0447148698950268
0.026103782957967534
0.0969224144139774
0.16774096099444244
0.23855935922079338
0.30937753982197386
0.3801954113813644
0.4510129289211648
0.5218300289629091
0.5926466480281166
0.663462722638286
0.734278189314882
0.8050929845793303
0.8759070449530053
0.946720306957222
1.0175327071132232
1.0883441819421786
1.159154570466728
1.2299638758849127
1.3007720503148563
1.3715790302781543
1.4423847522963302
1.5131891528908317
1.5839921685830092
1.6547937358941196
1.7255937913453094
1.796392271457604
1.8671891127519034
1.9379841536782605
2.008777325075934
2.0795686520030032
2.1503580709810963
2.2211455185317286
2.291930931176291
2.3627142454360253
2.43349539783203
2.504274324885253
2.5750509631164635
2.6458252490462604
2.716597072899413
2.7873661885671606
2.858132746293916
2.928896682601318
2.9996579340108442
3.070416437043787
3.141172128221256
3.2119249440641657
3.2826748210932304
3.3534216958289402
3.4241655047915636
3.4949061845011453
3.565643381934262
3.6363772490441133
3.707107781280433
3.7778349151646236
3.8485585872178714
3.9192787339611295
3.9899952919151094
4.060708197600264
4.131417387536792
4.2021227982446225
4.272824366243397
4.343521825583685
4.414215081028996
4.484904288167123
4.555589383519405
4.626270303606901
4.696946984950397
4.767619364070387
4.838287377487072
4.908950961720347
4.979610053289783
5.050264588714639
5.120914446091297
5.191559169282655
5.262199130758198
5.3328342670391855
5.403464514646561
5.4740898101009465
5.544710089922634
5.615325290631571
5.6859353487473525
5.756540200789219
5.827139783276046
5.897734032726331
5.968322448451621
6.0389052442537885
6.109482501482355
6.180054156658162
6.250620146301692
6.3211804069330535
6.391734875071965
6.462283487237762
6.532826179949374
6.603362889725328
6.673893553083727
6.744417862165441
6.814935572929749
6.885447031775894
6.955952175224666
7.026450939796449
7.096943262011204
7.167429078388478
7.237908325447386
7.308380939706599
7.3788468576843425
7.4493060158983795
7.519758350866021
7.590203071530161
7.660640813409991
7.731071526587432
7.801495147582834
7.871911612916084
7.942320859106621
8.012722822673403
8.083117440134922
8.153504648009177
8.223884382813678
8.294256581065428
8.364620706682977
8.43497681385606
8.505325179066652
8.57566573883515
8.64599842968147
8.71632318812502
8.78663995068472
8.856948653878964
8.927249234225638
8.997541628242091
9.067825772445142
9.138101458341794
9.208368014011183
9.27862611450847
9.348875696354227
9.419116696068508
9.489349050170828
9.559572695180169
9.629787567614978
9.699993603993141
9.77019074083199
9.840378914648293
9.910558061958234
9.980727409671857
10.050887329761746
10.121038018047203
10.191179411048553
10.261311445285584
10.3314340572775
10.401547183542942
10.471650760599974
10.541744724966074
10.611829013158115
10.681903561692376
10.751968013040175
10.822021838187489
10.89206571844023
10.962099590319205
11.03212339034463
11.102137055036138
11.172140520912762
11.242133724492923
11.312116602294452
11.382089090834533
11.45205112662975
11.522002646196036
11.591942671203839
11.661871830227094
11.731790267856509
11.801697920612963
11.871594725016736
11.941480617587484
12.011355534844228
12.081219413305368
12.15107218948866
12.220913799911212
12.290744181089492
12.360562879869715
12.430369405856684
12.50016449750636
12.569948091340548
12.639720123880435
12.709480531646564
12.77922925115883
12.848966218936487
12.918691371498133
12.988404645361697
13.058105977044443
13.127795303062973
13.197471519162322
13.26713535461802
13.33678697940006
13.40642633003084
13.476053343032108
13.545667954924951
13.61527010222979
13.684859721466381
13.754436749153815
13.824001121810479
13.893552775954106
13.963091267035932
14.032615937722731
14.102127684969991
14.171626445301682
14.241112155241098
14.310584751310866
14.380044170032956
14.449490347928657
14.518923221518566
14.588342727322598
14.657748801859995
14.727141381649265
14.796519370260441
14.865883333266185
14.935233596693129
15.004570097066521
15.073892770910952
15.14320155475033
15.21249638510789
15.281777198506179
15.351043931467048
15.420296520511668
15.489534902160495
15.558758802357554
15.627967076324643
15.69716093815973
15.76634032439048
15.835505171543899
15.904655416146301
15.973790994723325
16.042911843799942
16.11201789990042
16.181109099548337
16.25018537926659
16.31924667557737
16.388292094838665
16.45732165245293
16.5263360220321
16.5953351401061
16.664318943204158
16.733287367854857
16.802240350586093
16.87117782792509
16.94009973639838
17.00900601253183
17.077896592850585
17.146771413879126
17.21562895302119
17.284470405653362
17.353295894483185
17.422105356043406
17.490898726866106
17.55967594348271
17.628436942423964
17.697181660219957
17.7659100334001
17.83462199849314
17.903317492027128
17.971996085970545
18.04065672372561
18.10930068552259
18.177927907898365
18.246538327389143
18.315131880530494
18.383708503857374
18.452268133904056
18.52081070720416
18.589336160290685
18.65784442969595
18.726335451951613
18.794808259560018
18.86326279907028
18.93169988716119
19.000119460373796
19.068521455248536
19.13690580832524
19.205272456143096
19.27362133524067
19.341952382155917
19.410265533426152
19.478560725588054
19.54683789517768
19.61509555807433
19.68333461949212
19.751555454204606
19.819757998757854
19.887942189697334
19.956107963567934
20.02425525691395
20.09238400627908
20.160494148206432
20.228585619238515
20.29665835591724
20.36471229478393
20.432745470000025
20.500759676888258
20.568754881975817
20.636731021814672
20.704688032956245
20.772625851951403
20.840544415350454
20.908443659703174
20.97632352155876
21.044183937465856
21.11202484397257
21.1798458454961
21.24764553831449
21.315425517884307
21.383185720764924
21.450926083515217
21.51864654269354
21.586347034857756
21.654027496565213
21.72168786437275
21.789328074836714
21.856948064512927
21.924547769956725
21.99212649259345
22.059683363874576
22.127219747234847
22.19473557924157
22.2622307964616
22.329705335461327
22.397159132806703
22.46459212506323
22.532004248795953
22.59939544056947
22.666765636947936
22.734114774495048
22.80144192417176
22.868746608942605
22.936030031361746
23.003292128005594
23.070532835450162
23.13775209027109
23.20494982904362
23.2721259883426
23.33928050474251
23.406413314817442
23.473524355141098
23.540613562286804
23.607679863152995
23.674723000855263
23.741744102035877
23.808743103281643
23.875719941179035
23.94267455231422
24.009606873273025
24.076516840640988
24.143404391003344
24.210269460944993
24.277111987050546
24.343931905904313
24.410728101064112
24.47750033584099
24.54424976020786
24.61097631076329
24.67767992410561
24.744360536832907
24.811018085543047
24.877652506833652
24.944263737302123
25.010851713545648
25.07741637216119
25.143957649745484
25.210474501994803
25.276966482991533
25.343434879993378
25.409879629612174
25.476300668459604
25.542697933147206
25.60907136028638
25.675420886488375
25.74174644836434
25.808047982525263
25.87432542558203
25.940578714145396
26.006807006714425
26.07300938839309
26.13918741281866
26.205341016617837
26.271470136417282
26.337574708843604
26.403654670523387
26.469709958083172
26.535740508149473
26.601746257348786
26.667727142307584
26.73368309965235
26.799613636953563
26.865517079422645
26.93139539173157
26.997248510523647
27.063076372442243
27.1288789141308
27.194656072232817
27.260407783391912
27.326133984251758
27.391834611456122
27.457509601648887
27.52315889147403
27.588782417575647
27.654377669215087
27.719946935884042
27.78549023652455
27.85100750779854
27.916498686368158
27.981963708895726
28.047402512043792
28.1128150324751
28.178201206852624
28.24356097183956
28.308894264099333
28.374201020295626
28.43947936130654
28.504730255191127
28.569954410941904
28.635151765241375
28.700322254772356
28.765465816218015
28.830582386261838
28.895671901587672
28.96073429887974
29.0257695148226
29.09077748610119
29.155758149400864
29.22071045445949
29.285633655172383
29.350529346081206
29.4153974638911
29.48023794530773
29.545050727037204
29.609835745786125
29.674592938261597
29.739322241171237
29.804023591223174
29.86869692512606
29.9333421795891
29.997959291322022
30.06254554198092
30.127103455277826
30.191633024295875
30.256134185765767
30.32060687641886
30.385051032987146
30.44946659220328
30.51385349080058
30.57821166551308
30.642541053075465
30.706841590223124
30.771113213692175
30.83535442762563
30.899565258136583
30.963746973688387
31.027899511039216
31.092022806948048
31.1561167981747
31.220181421479815
31.284216613624867
31.3482223113722
31.41219845148503
31.476144970727432
31.54006180586439
31.60394889366176
31.667803385970295
31.731627951442317
31.7954225685963
31.85918717422143
31.922921705107882
31.98662609804685
32.05030028983059
32.11394421725233
32.17755781710644
32.241141026188295
32.30469378129437
32.36821601922224
32.43170658744287
32.49516471473358
32.55859212416033
32.62198875254517
32.685354536711365
32.74868941348338
32.811993319686934
32.87526619214898
32.9385079676977
33.00171858316261
33.06489797537443
33.12804608116526
33.19116283736846
33.25424614441213
33.31729706760021
33.3803164408443
33.4433042010036
33.50626028493874
33.56918462951179
33.63207717158627
33.69493784802716
33.75776659570094
33.82056335147562
33.883328052220676
33.94606063480717
34.008761036107686
34.071426419037074
34.1340592687886
34.19665973724209
34.2592277612973
34.321763277855716
34.38426622382047
34.44673653609639
34.50917415159007
34.57157900720978
34.633951039865586
34.69629018646929
34.758596383934496
34.82086933517254
34.883106403140644
34.94531032229109
35.007481029566016
35.06961846190944
35.13172255626735
35.19379324958765
35.255830478820236
35.317834180916954
35.37980429283166
35.44174075152021
35.5036434939405
35.565512457052506
35.627347154330906
35.689145277217136
35.75090942149016
35.81263952413994
35.87433552215868
35.9359973525407
35.99762495228263
36.05921825838326
36.12077720784369
36.182301737667274
36.24379178485965
36.305247286428816
36.36666817938508
36.42805407411747
36.489402420402655
36.55071595916056
36.6119946274331
36.67323836226461
36.73444710070198
36.79562077979455
36.856759336594216
36.917862708155454
36.97893083153526
37.03996364379329
37.100961081991784
37.161923083195596
37.2228495844723
37.28373742084008
37.34458953786661
37.405405956489574
37.466186613809825
37.526931446931
37.58764039295959
37.64831338900491
37.70895037217917
37.76955127959741
37.830116048377675
37.89064461564085
37.951136918510855
38.01159289411452
38.07201008644776
38.1323899807639
38.19273334976334
38.25304013060794
38.31331026046269
38.37354367649572
38.433740315878346
38.493900115785095
38.55402301339371
38.614108945885164
38.6741578504437
38.734169664256896
38.794144324515614
38.85408045610129
38.9139773428149
38.97383687836764
39.033658999987125
39.09344364490442
39.15319075035411
39.21290025357431
39.272572091806666
39.332206202296405
39.39180252229235
39.45136098904697
39.51088153981637
39.570364111860336
39.62980864244234
39.68921192242767
39.74857685774838
39.807903554498054
39.86719194997885
39.9264419814968
39.98565358636183
40.04482670188777
40.1039612653924
40.16305721419751
40.22211448562883
40.28113301701616
40.34011274569335
40.39905360899829
40.457954273526504
40.516813859790155
40.57563438405547
40.634415783700916
40.69315799610923
40.75186095866741
40.81052460876677
40.869148883802964
40.92773372117599
40.98627905829028
41.04478483255464
41.103250981382374
41.16167744219121
41.220064152403445
41.278408725364294
41.33671234852232
41.394976024998215
41.453199692256916
41.51138328776802
41.56952674900584
41.62763001344942
41.685693018582604
41.74371570189405
41.8016980008772
41.85963985303044
41.917541195857005
41.97540196686507
42.033222103567745
42.090998590745386
42.1487338367836
42.206428252995075
42.26408177693777
42.32169434617473
42.37926589827426
42.43679637080983
42.49428570136015
42.551733827509175
42.60914068684624
42.66650621696595
42.723830355468294
42.78111303995868
42.83835420804794
42.89555067948872
42.952705159939825
43.00981792905685
43.066888924497675
43.12391808392582
43.180905345010466
43.23785064542649
43.29475392285448
43.35161511498081
43.408434159497624
43.46521099410294
43.52194555650058
43.578637784400314
43.63528761551782
43.69189220730974
43.74845356069165
43.80497232297183
43.861448431915335
43.917881825293385
43.97427244088336
44.03062021646885
44.08692508983967
44.143186998791926
44.19940588112801
44.25558167465671
44.31171431719316
44.3678037465589
44.423849900581985
44.47985081665416
44.53580670996601
44.59171913425498
44.647588027400836
44.703413327290114
44.759194971816
44.8149328988784
44.87062704638407
44.92627735224651
44.98188375438611
45.03744619073016
45.09296459921284
45.148438917775316
45.20386908436577
45.259254598307955
45.31459272858499
45.36988651387561
45.42513589218235
45.48034080151486
45.53550117989015
45.59061696533245
45.645688095873396
45.70071450955197
45.75569614441458
45.81063293851508
45.86552482991484
45.92037175668279
45.97517365689538
46.02993046863672
46.084640209726174
46.13930308677778
46.19392068308632
46.248492936793035
46.3030197860469
46.35750116900489
46.41193702383182
46.466327288700505
46.5206719017918
46.57497080129459
46.62922392540587
46.68343121233073
46.73759260028249
46.79170802748266
46.84577743216104
46.89979797520714
46.95377155592568
47.00769892262571
47.061580013596995
47.11541476713776
47.1692031215548
47.2229450151635
47.27664038628787
47.3302891732606
47.38389131442309
47.437446748125495
47.49095541272681
47.54441724659484
47.597832188106324
47.6512001756469
47.70451818970895
47.7577884734611
47.811011612554324
47.864187545437176
47.917316210567456
47.97039754641219
48.023431491447646
48.07641798415948
48.12935696304264
48.18224836660155
48.23509213335006
48.28788820181153
48.340636510518905
48.393336998014696
48.44598960285106
48.49859185380146
48.55114488480622
48.60364984330675
48.656106667921236
48.70851529727782
48.76087567001452
48.813187724779375
48.8654514002305
48.91766663503604
48.96983336787435
49.02195153743394
49.074021082413566
49.12604194152226
49.178014053479416
49.229937357014784
49.281810710132966
49.333632579931376
49.385405452342134
49.43712926616425
49.48880396020732
49.540429473291724
49.592005744248524
49.643532711919605
49.695010315157695
49.74643849282646
49.79781718380047
49.849146326965325
49.900425861217684
49.95165572546529
50.00283585862706
50.05396619963309
50.105044131242536
50.15607106212507
50.20704801286303
50.257974922459255
50.30885172992813
50.35967837429551
50.410454794598856
50.461180929887306
50.51185671922165
50.56248210167444
50.613057016330025
50.66358140228461
50.71405519864633
50.76447834453523
50.81485077908339
50.86517244143499
50.91544011945701
50.96565640772278
51.01582173682337
51.06593604597932
51.11599927442352
51.166011361401296
51.215972246170416
51.26588186800118
51.31574016617645
51.36554707999173
51.415302548755214
51.465006511787806
51.514658908423236
51.564259678008085
51.61380875990183
51.66330609347691
51.71274881825505
51.762138826670316
51.81147690086316
51.86076298028619
51.909997004405305
51.95917891269971
52.008308644662
52.05738613979818
52.10641133762777
52.15538417768385
52.20430459951309
52.2531725426758
52.30198794674609
52.3507507513118
52.39946089597461
52.44811832035012
52.49672152823769
52.54526968974366
52.59376494616938
52.642207237214535
52.69059650259299
52.738932682032946
52.78721571527685
52.83544554208163
52.88362210221861
52.931745335473614
52.97981518164709
53.02783158055408
53.07579447202432
53.12370379590234
53.171559492047415
53.21936150033376
53.267109760650506
53.314801588884876
53.362438538950755
53.41002155748542
53.457550584466425
53.505025559886505
53.55244642375378
53.59981311609173
53.647125576939274
53.69438374635089
53.74158756439657
53.78873697116199
53.83583190674848
53.882872311273175
53.92985812486904
53.9767892876849
54.02366573988556
54.07048742165185
54.11725163305288
54.16395997346236
54.210613361162515
54.25721173642702
54.303755039545834
54.35024321082542
54.396676190588686
54.44305391917509
54.48937633694074
54.53564338425838
54.58185500151753
54.62801112912451
54.67411170750255
54.72015667709179
54.76614597834943
54.8120795517497
54.857957337784015
54.90377787407532
54.949540304541934
54.99524676671131
55.040897201172285
55.08649154853115
55.13202974941184
55.17751174445587
55.22293747432248
55.26830687968867
55.31361990124924
55.358876479716976
55.40407655582257
55.44922007031479
55.4943069639605
55.53933717754475
55.58431065187088
55.62922732776049
55.67408714605364
55.71888763809116
55.76362998376737
55.808315292402014
55.85294350493753
55.89751456233523
55.942028405575165
55.9864849756563
56.0308842135966
56.07522606043302
56.119510457221665
56.163737345037795
56.20790666497593
56.25201835814993
56.29607236569304
56.34006862875796
56.38400708851696
56.42788768616194
56.471710362904446
56.5154731164894
56.55917622403788
56.602821232793
56.64640808407408
56.68993671922041
56.733407079591494
56.77681910656696
56.82017274154677
56.86346792595127
56.90670460122118
56.94988270881779
56.993002190222924
57.036062986939086
57.07906504048954
57.122008292418336
57.164892684290415
57.20771815769169
57.250484654229076
57.29319211553069
57.33583706013237
57.37842275903908
57.42094924653558
57.463416464363284
57.50582435428519
57.548172858085834
57.59046191757141
57.63269147456983
57.67486147093087
57.71697184852617
57.759022549249316
57.801013515015995
57.84294468776396
57.88481600945323
57.92662742206606
57.9683788676071
58.01007028810342
58.05170162560463
58.09327282218296
58.13478066632052
58.1762279320171
58.21761488241367
58.25894145970172
58.30020760609576
58.3414132638334
58.382558375175385
58.423642882405694
58.46466672783166
58.505629853784036
58.546532202617016
58.58737371670845
58.62815433845973
58.668874010296065
58.7095326746665
58.75013027404388
58.79066675092514
58.83114204783121
58.87155610730721
58.91190785212115
58.95219583793724
58.99242241382688
59.03258752246053
59.072691106533256
59.1127331087648
59.15271347189955
59.1926321387068
59.2324890519807
59.27228415454041
59.312017389230135
59.35168869891925
59.391298026502376
59.43084531489944
59.47033050705582
59.50975354594234
59.54911437455546
59.58841293591728
59.62764917307566
59.666823029104314
59.70593416810525
59.74497972082176
59.78396272198463
59.82288311479961
59.86174084249871
59.90053584834031
59.939268075609235
59.977937467616805
60.016543967701054
60.05508751922666
60.09356806558511
60.1319855501948
60.17033991650109
60.20863110797643
60.24685906812037
60.28502374045979
60.32312506854885
60.361162995969124
60.39913746632974
60.43704842326745
60.47489581044662
60.51267894239006
60.55039571558597
60.58804875088157
60.62563799208049
60.66316338301456
60.700624867543794
60.73802238955658
60.7753558929697
60.812625321728405
60.84983061980661
60.88697173120686
60.92404859996053
60.96106117012788
60.998009385798106
61.03489319108945
61.07171253014936
61.108467347154516
61.145157586310916
61.18178319185401
61.2183441080488
61.25484027918985
61.29127164960153
61.32763644339689
61.36393481467021
61.40016821958357
61.43633660260836
61.4724399082462
61.50847808102893
61.544451065518764
61.58035880630844
61.61620124802118
61.6519783353109
61.68769001286227
61.72333622539082
61.758916917642985
61.79443203439632
61.82988152045945
61.86526532067225
61.90058337990594
61.93583564306319
61.97102205507816
62.00614256091669
62.041197105576266
62.076185634086265
62.11110808921131
62.14596127428341
62.18074828021392
62.21546905218741
62.250123535420705
62.284711675163045
62.31923341669616
62.35368870533441
62.388077486424855
62.42239970534732
62.45665530751451
62.49084423837221
62.52496644339926
62.55902186810767
62.593010458042805
62.62693215878339
62.66078691594168
62.694574675163544
62.72829538212849
62.76194898254996
62.795535422175156
62.829054646785394
62.86250660219606
62.89589123425679
62.9292070847149
62.962453859697135
62.99563315136646
63.028744905736836
63.061789068856925
63.09476558681019
63.127674405715084
63.16051547172501
63.193288731028545
63.22599412984947
63.258631614446905
63.29120113111546
63.3237026261852
63.356136046021916
63.38850133702711
63.42079844563819
63.45302731832845
63.48518790160736
63.5172801420205
63.54930398614975
63.58125938061334
63.61314627206607
63.64496460719927
63.676714332741035
63.708395395456236
63.74000557253953
63.77154621428291
63.80301803656474
63.83442098632411
63.86575501053753
63.89702005621883
63.92821607041949
63.95934300022858
63.99040079277295
64.02138939521735
64.05230875476447
64.08315881865512
64.11393953416828
64.14465084862127
64.1752927093698
64.20586506380812
64.23636785936914
64.26680104352444
64.29716456378453
64.3274583676989
64.35768240285603
64.38783661688367
64.41792095744884
64.44793537225797
64.47787980905701
64.50775421563156
64.53755683267826
64.56728821415894
64.59694941243472
64.62654037547608
64.65606105129366
64.6855113879384
64.7148913335016
64.7442008361151
64.77343984395134
64.80260830522353
64.83170616818566
64.8607333811327
64.88968989240077
64.91857565036705
64.94739060345007
64.97613470010984
65.00480788884782
65.03341011820714
65.06194133677268
65.0904014931712
65.11879053607144
65.14710841418427
65.17535507626273
65.20353047110225
65.23163454754068
65.2596672544584
65.28762854077858
65.31551835546708
65.34333462887521
65.3710786873167
65.39875112531081
65.4263518920203
65.45388093665119
65.481338208453
65.50872365671887
65.53603723078557
65.56327888003378
65.59044855388807
65.61754620181708
65.64457177333365
65.67152521799488
65.69840648540233
65.72521552520206
65.7519522870848
65.77861672078606
65.80520877608619
65.83172840281064
65.85817555082993
65.88455017005982
65.91085221046151
65.93708162204162
65.96323835485244
65.98932235899193
66.01533358460395
66.04127198187832
66.067137501051
66.09293009240406
66.11864970626601
66.14429442227568
66.16986544379532
66.19536334374342
66.2207880726585
66.24613958112596
66.27141781977826
66.29662273929505
66.32175429040322
66.34681242387705
66.37179709053842
66.3967082412568
66.42154582694947
66.44630979858162
66.4710001071664
66.49561670376517
66.52015953948752
66.54462856549151
66.56902373298362
66.59334499321903
66.6175922975017
66.64176559718446
66.66586484366914
66.68988998840676
66.7138409828976
66.73771777869132
66.76152032738712
66.78524858063382
66.80890249013005
66.83248200762431
66.85598708491516
66.87941767385126
66.90277372633163
66.92605519430563
66.94925991598329
66.97238978547078
66.99544493191918
67.018425307503
67.04133086444776
67.0641615550302
67.0869173315782
67.10959814647111
67.1322039521398
67.15473470106674
67.17719034578622
67.19957083888444
67.22187613299958
67.24410618082204
67.26626093509452
67.2883403486121
67.31034437422245
67.33227296482586
67.35412607337554
67.37590365287755
67.39760565639106
67.41923203702846
67.44078274795545
67.46225774239119
67.48365697360845
67.50498039493372
67.5262279597474
67.54739962148379
67.56849533363139
67.58951504973292
67.61045872338548
67.63132630824069
67.65211775800485
67.67283302643902
67.6934720673592
67.71403483463637
67.73452089358302
67.75492892887507
67.77526055846324
67.79551573646089
67.81569441703697
67.83579655441629
67.8558221028796
67.87577101676368
67.89564325046153
67.91543875842257
67.93515749515258
67.95479941521401
67.97436447322609
67.99385262386484
68.01326382186342
68.03259802201201
68.05185517915817
68.07103524820683
68.09013818412053
68.10916394191945
68.12811247668162
68.14698374354307
68.16577769769789
68.1844942943984
68.20313348895533
68.22169523673792
68.24017949317404
68.25858621375035
68.27691535401244
68.29516686956497
68.31334071607179
68.33143684925605
68.34945522490045
68.36739579884726
68.38525852699846
68.403043365316
68.4207502698218
68.43837919659795
68.45593010178688
68.47340294159143
68.49079767227505
68.50811425016185
68.52535263163689
68.54251184891085
68.55959196624468
68.5765937634361
68.59351719713366
68.61036222404755
68.62712880094952
68.64381688467311
68.66042643211387
68.67695740022928
68.69340974603924
68.70978342662579
68.72607839913361
68.74229462076997
68.75843204880492
68.7744906405714
68.79047035346545
68.80637114494631
68.82219297253654
68.83793579382221
68.853599566453
68.8691842481424
68.88468979666774
68.90011616987049
68.91546332565623
68.93073122199498
68.94591981692115
68.96102906853385
68.97605893499691
68.99100937453912
69.0058803454543
69.02067180610145
69.03538371490498
69.05001603035471
69.06456871100616
69.07904171548059
69.09343500246518
69.10774853071322
69.12198225904417
69.13613614634386
69.1502101515646
69.16420423372539
69.17811835191198
69.19195246527708
69.20570653304047
69.21938051448917
69.23297436897755
69.24648805592754
69.2599215348287
69.27327476523841
69.28654770678203
69.29974031915297
69.31285256211295
69.32588439549205
69.3388355095459
69.35170506984416
69.36449410803425
69.37720258423727
69.38983045864337
69.40237769151199
69.41484424317188
69.42723007402138
69.4395351445284
69.45175941523078
69.46390284673625
69.47596539972261
69.48794703493803
69.49984771320104
69.51166739540066
69.52340604249673
69.53506361551987
69.54664007557172
69.55813538382506
69.569549501524
69.58088238998404
69.59213401059236
69.60330432480782
69.61439329416123
69.62540088025541
69.63632704476541
69.64717174943856
69.65793495609478
69.66861662662657
69.67921672299927
69.68973520725115
69.70017204149353
69.71052718791108
69.7208006087618
69.73099226637727
69.74110212316275
69.75113014159737
69.76107628423425
69.77094051370068
69.78072279269827
69.79042308400305
69.80004135046568
69.80957755501159
69.81903166064114
69.8284036304297
69.83769342752792
69.84690101516179
69.85602635663284
69.86506941531822
69.874030154671
69.88290853822016
69.89170452957086
69.90041809240448
69.9090491904789
69.9175977876286
69.92606384776475
69.93444733487547
69.94274821302592
69.95096644635845
69.95910199909277
69.96715483552612
69.97512492003342
69.98301221706738
69.9908166911587
69.99853830691619
70.006177029027
70.01373282225666
70.0212056514493
70.02859548152784
70.03590227749407
70.04312600442881
70.05026662749219
70.05732411192358
70.06429842304193
70.07118952624592
70.07799738701397
70.08472197090452
70.09136324355622
70.0979211706879
70.10439571809894
70.11078685166929
70.11709453735965
70.12331874121169
70.12945942934815
70.13551656797294
70.14148986300728
70.14737917876198
70.15318485271655
70.15890685141217
70.16454514147196
70.17009968960114
70.17557046258722
70.18095742730007
70.18626055069217
70.19147979979877
70.19661514173794
70.20166654371084
70.20663397300184
70.21151739697866
70.2163167830925
70.2210320988783
70.2256633119548
70.23021039002474
70.23467330087499
70.23905201237677
70.2433464924857
70.24755670924205
70.25168263077093
70.2557242252823
70.25968146107124
70.26355430651812
70.2673427300887
70.27104670033428
70.27466618589195
70.27820115548464
70.28165157792135
70.28501742209728
70.288298656994
70.29149525167959
70.29460717530881
70.29763439712328
70.3005768864516
70.30343461270952
70.30620754540016
70.30889565411402
70.31149890852939
70.31401727841218
70.31645073361639
70.31879924408406
70.32106277984553
70.32324131101957
70.32533480781353
70.32734324052356
70.32926657953466
70.33110479532094
70.33285785844576
70.33452573956183
70.33610840941142
70.33760583882656
70.33901799872909
70.34034486013091
70.34158639413415
70.34274257193121
70.3438133648051
70.34479874412943
70.3456986813687
70.34651314807837
70.34724211590509
70.34788555658676
70.34844344195284
70.3489157439244
70.34930243451427
70.3496034858273
70.34981887006046
70.34994855950293
70.34999252653643
70.34995074363519
70.34982318336631
70.34960981838971
70.3493106214585
70.34892556541897
70.34845462321084
70.34789776786742
70.34725497251573
70.34652621037665
70.34571145476525
70.3448106790907
70.34382385685656
70.34275096166095
70.34159196719675
70.34034684725161
70.33901557570825
70.33759812654459
70.33609447383388
70.33450459174493
70.33282845454214
70.33106603658582
70.32921731233225
70.32728225633387
70.32526084323945
70.32315304779422
70.32095884484013
70.31867820931582
70.31631111625701
70.31385754079649
70.3113174581644
70.30869084368827
70.30597767279328
70.30317792100243
70.3002915639366
70.29731857731483
70.29425893695439
70.29111261877101
70.287879598779
70.28455985309145
70.28115335792032
70.2776600895767
70.2740800244709
70.27041313911265
70.26665941011123
70.26281881417567
70.25889132811491
70.25487692883789
70.25077559335382
70.2465872987723
70.24231202230341
70.23794974125802
70.23350043304782
70.22896407518553
70.2243406452851
70.2196301210618
70.21483248033245
70.20994770101557
70.20497576113142
70.19991663880243
70.19477031225311
70.1895367598103
70.18421595990334
70.17880789106427
70.17331253192793
70.16772986123212
70.16205985781782
70.15630250062932
70.1504577687144
70.1445256412244
70.13850604150939
70.13239840540547
70.12620330239328
70.11992071204011
70.11355061401777
70.10709298810274
70.10054781417637
70.09391507222502
70.08719474234027
70.08038680471898
70.07349123966361
70.06650802758223
70.05943714898874
70.05227858450303
70.0450323148512
70.03769832086564
70.03027658348523
70.0227670837555
70.01516980282878
70.00748472196442
69.99971182252881
69.9918510859957
69.98390249394633
69.97586602806953
69.96774167016189
69.95952940212798
69.9512292059805
69.94284106384039
69.93436495793702
69.9258008706084
69.91714878430126
69.90840868157126
69.89958054508318
69.89066435761102
69.8816601020382
69.87256776135766
69.86338731867217
69.85411875719434
69.84476206024684
69.83531721126256
69.8257841937848
69.81616299146738
69.80645358807485
69.7966559674826
69.7867701136771
69.77679601075589
69.76673364292806
69.75658299451406
69.74634404994609
69.73601679376816
69.72560121063628
69.71509728531868
69.70450500269585
69.6938243477608
69.68305530561916
69.67219786148941
69.66125200070296
69.6502177087044
69.63909497105156
69.62788377341579
69.61658410158198
69.60519594144887
69.59371927902909
69.5821541004494
69.57050039195079
69.55875813988871
69.54692733073315
69.53500795106889
69.52299998759555
69.5109034271279
69.4987182565959
69.48644446304483
69.4740820336356
69.46163095564481
69.44909121646492
69.43646280360439
69.42374570468792
69.41093990745651
69.3980453997677
69.38506216959571
69.37199020503152
69.35882949428319
69.34558002567584
69.3322413604997
69.31881290464226
69.30529564734775
69.2916895774182
69.2779946837737
69.26421095545244
69.25033838161109
69.23637695152469
69.22232665458708
69.20818748031081
69.19395941832752
69.17964245838797
69.16523659036214
69.15074180423959
69.13615809012943
69.12148543826058
69.1067238389819
69.09187328276235
69.07693376019111
69.06190526197781
69.04678777895266
69.03158130206658
69.01628582239135
69.0009013311199
68.98542781956621
68.96986527916577
68.95421370147548
68.938473078174
68.92264340106172
68.90672466206117
68.89071685321686
68.87461996669573
68.85843399478713
68.84215892990304
68.8257947645782
68.80934149147033
68.79279910336017
68.77616759315171
68.75944695387244
68.74263717867328
68.72573826082893
68.70875019373797
68.69167297092295
68.67450658603065
68.65725103283215
68.63990630522309
68.62247239722365
68.60494930297891
68.58733701675881
68.56963553295849
68.55184484609835
68.53396495082414
68.51599398650743
68.49793373849349
68.47978425785776
68.46154553976055
68.44321757948842
68.42480037245429
68.40629391419779
68.3876982003852
68.36901322680973
68.35023898939164
68.33137548417838
68.31242270734477
68.29338065519313
68.27424932415346
68.25502871078356
68.23571881176917
68.21631962392422
68.19683114419085
68.17725336963963
68.15758629746975
68.13782992500904
68.11798424971435
68.09804926917141
68.07802498109523
68.05791138333012
68.03770847384988
68.01741625075796
67.99703471228753
67.97656385680179
67.956003682794
67.93535418888762
67.91461537383653
67.89378723652513
67.87286977596855
67.85186299131271
67.83076688183452
67.80958144694209
67.78830668617472
67.7669425992032
67.74548918582992
67.72394573874602
67.7023113887464
67.68058770405968
67.65877468503076
67.63687233213714
67.61488064598869
67.59279962732816
67.57062927703105
67.5483695961059
67.52602058569437
67.50358224707149
67.4810545816457
67.45843759095897
67.4357312766871
67.41293564063972
67.39005068476052
67.36707641112736
67.3440128219524
67.32085991958232
67.29761770649831
67.27428618531647
67.25086535878764
67.22735522979784
67.2037558013682
67.18006707665523
67.1562890589509
67.13242175168284
67.10846515841438
67.08441928284482
67.06028412880949
67.03605970027995
67.01174600136403
66.98734303630614
66.96285080948725
66.93826932542511
66.91359709624345
66.88883451962828
66.86398269213063
66.83904161883476
66.81401130496235
66.78889175587288
66.76368297706365
66.73838497416992
66.7129977529651
66.68752131936093
66.66195567940743
66.63630083929328
66.61055680534582
66.58472358403117
66.55880118195446
66.53278960585995
66.50668886263107
66.4804989592907
66.4542199030012
66.42785170106461
66.40139436092277
66.37484789015741
66.34821229649039
66.32148758778376
66.29467377203991
66.26777085740169
66.24077885215259
66.21369776471684
66.18652760365961
66.15926837768703
66.1319200956464
66.10448063086486
66.07695140767802
66.04933314829483
66.02162586214925
65.9938295588172
65.96594424801664
65.9379699396077
65.90990664359285
65.88175437011701
65.85351312946773
65.8251829320752
65.79676378851251
65.76825570949575
65.73965870588408
65.71097278867994
65.68219796902919
65.65333425822108
65.62438166768862
65.59534020900855
65.56620989390152
65.53699073423216
65.50768274200931
65.47828592938612
65.44880030866013
65.41922589227345
65.38956269281282
65.35981072300982
65.329969995741
65.30003823853147
65.27001694975277
65.23990693600231
65.20970821076075
65.17942078765442
65.1490446804554
65.11857990308171
65.08802646959738
65.05738439421266
65.02665369128401
64.99583437531433
64.96492646095305
64.93392996299627
64.90284489638688
64.87167127621467
64.84040911771645
64.80905843627619
64.77761924742515
64.74609156684195
64.71447541035282
64.68277079393152
64.65097773369969
64.61909624592673
64.58712634703018
64.5550680535756
64.52292138227692
64.49068341836384
64.45835675186002
64.4259417520689
64.3934384363238
64.36084682210718
64.32816692705045
64.29539876893416
64.2625423656882
64.22959773539183
64.19656489627387
64.16344386671274
64.13023466523661
64.09693731052359
64.06355182140167
64.03007821684905
63.996516515994074
63.962866738115444
63.929128902642326
63.89530302915443
63.86138913738216
63.82738724720667
63.79329737866007
63.75911955192547
63.72485378733714
63.69049746583258
63.656052416053484
63.62151948439078
63.586898691811726
63.55219005943541
63.51739360853276
63.4825093605267
63.44753733699225
63.41247755965666
63.377330050399536
63.342094831252815
63.30677192440104
63.27136135218142
63.23586313708386
63.20027730175114
63.16460386897905
63.12884286171644
63.09299430306528
63.057058216280936
63.021034624772085
62.98492355210092
62.94872502198326
62.91243891469878
62.876061911185246
62.83959751688071
62.803045756145735
62.766406653495046
62.72968023359759
62.69286652127682
62.65596554151068
62.618977319431686
62.58190188032708
62.544739249638965
62.50748945296436
62.47015251605519
62.432728464818624
62.39521732531701
62.35761912376797
62.31993388654455
62.28216164017535
62.244302411344556
62.20635622689204
62.16832311381347
62.130203099260484
62.09199432524038
62.053696810052095
62.015312470932614
61.97684133568907
61.93828343228509
61.8996387888408
61.86090743363305
61.82208939509533
61.783184701818
61.74419338254836
61.7051154661907
61.6659509818064
61.626699958614104
61.58736242598968
61.547938413466404
61.50842795073503
61.46883106764386
61.42914779419882
61.38937816056362
61.34952219705977
61.309579934166685
61.26954761867153
61.229428934667744
61.18922403938718
61.14893296397438
61.10855573973243
61.06809239812286
61.027542970765765
60.986907489439965
60.94618598608306
60.90537849279145
60.864485041820494
60.82350566558455
60.78244039665712
60.741289267770796
60.700052311817544
60.65872956184855
60.61732105107455
60.57582681286569
60.53424688075173
60.49258004071774
60.45082479064033
60.408983944471714
60.36705753641484
60.325045600832695
60.28294817224843
60.24076528534538
60.19849697496717
60.15614327611776
60.11370422396155
60.071179853823494
60.028570201189055
59.985875301704375
59.94309519117636
59.90022990557269
59.857279481021884
59.81424395381345
59.77112336039797
59.72791773738702
59.6846253952777
59.64124568375565
59.59778105027501
59.55423153212795
59.510597166768115
59.46687799181066
59.423074045032536
59.37918536437229
59.33521198793027
59.291153953968696
59.24701130091167
59.20278406734534
59.15847229201782
59.11407601383936
59.069595271882406
59.02503010538165
58.980380553734065
58.93564665649896
58.89082759640247
58.8459208908171
58.80092995669066
58.75585483426925
58.71069556396174
58.66545218633976
58.62012474213783
58.57471327225339
58.5292178177468
58.4836384198415
58.43797511992403
58.39222795954403
58.34639698041436
58.30048222441115
58.25448373357388
58.2084015501053
58.162235716371654
58.11598627490269
58.06965070742587
58.02322985395896
57.97672551930301
57.930137746680074
57.88346657947597
57.83671206124044
57.78987423568712
57.74295314669346
57.69594883830109
57.64886135471562
57.601690740306736
57.55443703960831
57.50710029731836
57.45968055829922
57.41217786757745
57.364592270343934
57.31692381195401
57.269170221234134
57.221331774548666
57.173410602300734
57.12540675054251
57.07732026549085
57.029151193527326
56.98089958119829
56.93256547521477
56.88414892245272
56.83564996995288
56.7870686649209
56.738405054727394
56.68965918690793
56.64083110916313
56.59192086935858
56.54292851552503
56.49385409585839
56.444693399411236
56.39545052076733
56.34612572099502
56.296719048990894
56.24723055381704
56.19766028470087
56.14800829103524
56.09827462237838
56.04845932845408
55.99856245915161
55.948584064525754
55.89852419479689
55.84838290035099
55.79816023173969
55.7478562396802
55.69747097505546
55.64700074153811
55.596448551419094
55.54581524206597
55.49510086506558
55.44430547217054
55.39342911529942
55.34247184653668
55.29143371813273
55.24031478250385
55.189115092232406
55.13783470006669
55.08647365892099
55.03503202187569
54.98350984217721
54.93190717323801
54.88022356227613
54.82845548829546
54.77660708653175
54.7246784111036
54.67266951629588
54.620580456559665
54.5684112865122
54.516162060937056
54.46383283478404
54.41142366316925
54.35893460137498
54.30636570484996
54.253717029209135
54.20098863023378
54.14818056387153
54.09529288623636
54.042322083240755
53.98927071826664
53.936139912174156
53.882929721785196
53.82964020408802
53.776271416237414
53.722823415554515
53.66929625952688
53.615690005808574
53.562004712220066
53.50824043674828
53.45439723754657
53.40047517293475
53.34647430139911
53.29239468159235
53.23823273844114
53.18399112525041
53.1296709421213
53.07527224841546
53.02079510366105
52.96623956755278
52.91160569995168
52.85689356088537
52.802103210547905
52.74723470929981
52.692288117668014
52.63726349634593
52.58216090619343
52.52698040823674
52.47172156739971
52.41638072963684
52.36096217005172
52.30546595038008
52.249892132523996
52.19424077855193
52.13851195069872
52.082705711365655
52.02682212312034
51.9708612486967
51.91482315099504
51.85870789308198
51.80251553819039
51.74624614971948
51.68989979123471
51.63347306236916
51.57696822139881
51.52038660459533
51.463728276233404
51.40699330075385
51.35018174276371
51.29329366703618
51.23632913851064
51.17928822229247
51.12217098365319
51.064977488030415
51.00770780102772
50.950361988414755
50.89294011612711
50.83543922925167
50.777860680795186
50.72020627450043
50.66247607701151
50.60467015513835
50.546788575856745
50.48883140630827
50.43079871380027
50.37269056580583
50.31450702996376
50.25624817407855
50.1979140661203
50.13950477422468
50.08102036669305
50.02245710530071
49.96381790174625
49.905103792041416
49.84631484519459
49.78745113037962
49.7285127169357
49.669499674367344
49.61041207234434
49.55124998070174
49.492013469439804
49.43270260872387
49.373317468884444
49.313858120417095
49.254323666130134
49.19471132967392
49.13502500117127
49.07526475182319
49.015430652995455
48.9555227762187
48.89554119318832
48.83548597576441
48.775357195971694
48.715154925999514
48.654879238201794
48.59453020509689
48.534107899367655
48.47361239386135
48.413039766064486
48.35239329497891
48.2916738483162
48.23088149962657
48.170016322624235
48.10907839118762
48.04806777935914
47.986984561345075
47.925828811515686
47.864600604405034
47.80330001471096
47.74192711729501
47.680481987182375
47.61896144383262
47.55736728806726
47.4957011308613
47.43396304794002
47.372153115192056
47.31027140866933
47.24831800458696
47.186292979323184
47.12419640941927
47.06202837157956
46.99978894267127
46.937478199724424
46.875096219931926
46.81263960631243
46.75011060406577
46.687510603258154
46.624839681779264
46.56209791768113
46.49928538917809
46.43640217464679
46.37344835262608
46.310424001816884
46.24732920108221
46.184164029446954
46.12092856609798
46.05762289038382
45.994242488721156
45.93079185680587
45.86727125780593
45.8036807717628
45.74002047887932
45.676290459519684
45.61249079420917
45.548621563634306
45.48468284864265
45.42067473024261
45.35659728960354
45.29245060805565
45.22823297468264
45.1639432957526
45.099584627623265
45.035157052313565
44.970660652002664
44.90609550903005
44.84146170589532
44.77675932525806
44.71198844993785
44.64714916291407
44.58224154732591
44.51726568647212
44.452221663811144
44.387105008589664
44.321920175256764
44.25666743874292
44.191346883190384
44.125958592900304
44.06050265233289
43.99497914610722
43.92938815900104
43.86372977595071
43.7980040820512
43.73221116255586
43.666351102876284
43.60042066502889
43.5344218641033
43.4683561879665
43.40222372270885
43.33602455457861
43.26975876998166
43.20342645548136
43.13702769779856
43.0705625838114
43.004031200555175
42.93743363522234
42.87076997516227
42.804037493400834
42.73723721412618
42.6703711113974
42.603439273237164
42.53644178782443
42.4693787434945
42.40225022873878
42.335056332204694
42.26779714269549
42.200472749170224
42.13308324074363
42.06562870668586
41.99810625553399
41.930517276530345
41.86286354941772
41.795145164133636
41.727362210770416
41.65951477957518
41.59160296094957
41.52362684544979
41.45558652378637
41.38748208682404
41.31931362558164
41.25108123123199
41.18278121910179
41.114416605903834
41.04598834331425
40.97749652316669
40.908941237447934
40.84032257829794
40.77164063800972
40.702895509029005
40.634087283954344
40.565216055536816
40.49628191668
40.42728440394217
40.35822012742423
40.28909322981374
40.21990380466858
40.1506519456984
40.08133774676438
40.01196130187912
39.94252270520641
39.873022051061206
39.80345943390943
39.73383494836777
39.66414868920362
39.59439823938287
39.52458416671611
39.45470861584766
39.384771682191925
39.314773461313216
39.24471404892547
39.174593540892296
39.10441203322675
39.034169622091
38.96386640379644
38.89350247480342
38.8230774850444
38.75258791279189
38.682037930775635
38.61142763609574
38.54075712600044
38.470026497885954
38.39923584929629
38.32838527792303
38.257474881605326
38.18650475832955
38.115475006229346
38.044385723585165
37.973233618001736
37.90202111239211
37.83074938311085
37.759418529069954
37.688028649327585
37.61657984308781
37.54507220970041
37.47350584866079
37.40188085960981
37.330197342333506
37.258455396763
37.18665279745391
37.114789886326314
37.042868859158
36.97088981650356
36.89885285906179
36.82675808767528
36.7546056033306
36.68239550715789
36.61012790043067
36.537802884565785
36.4654205611231
36.39297930381751
36.32047831317473
36.24792033251981
36.17530546402768
36.10263381001525
36.02990547294146
35.95712055540702
35.88427916015408
35.81138139006627
35.738427348168365
35.665417137626164
35.592349298194094
35.51922275923769
35.44604037444225
35.37280224757962
35.29950848256168
35.2261591834401
35.15275445440618
35.079294399790555
35.00577912406314
34.932208731832844
34.85858332784738
34.7849012194532
34.711161865720165
34.637367828200716
34.56351921223952
34.489616123318925
34.4156586670589
34.341646949216674
34.267581075686735
34.19346115250059
34.11928728582631
34.04505958196872
33.970775752037966
33.89643651640339
33.822043776638225
33.74759763963446
33.6730982124196
33.59854560215626
33.52393991614218
33.44928126180999
33.37456974672686
33.299805478594415
33.2249885652485
33.150115792249174
33.075189803796086
33.00021150818316
32.92518101382349
32.850098429263056
32.77496386318086
32.69977742438845
32.62453922182986
32.54924936458129
32.47390796185093
32.3985146293111
32.32306641301777
32.24756699377476
32.17201648135801
32.096414985674144
32.0207626167605
31.94505948478474
31.869305700044762
31.79350137296822
31.717646614112624
31.641741534164876
31.56578419190239
31.489774827177687
31.413715488725583
31.337606287789924
31.261447335742773
31.18523874408427
31.108980624442356
31.032673088572462
30.956316248357453
30.87991021580728
30.80345510305875
30.726947181209184
30.650390349251968
30.573784789200772
30.497130613738065
30.420427935672052
30.34367686793631
30.26687752358946
30.190030015815164
30.113134457921674
30.03619096334171
29.95919764597841
29.88215479104808
29.805064355767747
29.727926454105322
29.650741200151902
29.573508708121455
29.496229092350667
29.418902467298498
29.341528947546145
29.26410864779679
29.186641203290943
29.109123931334363
29.03156023986705
28.95395024411649
28.876294059430855
28.79859180127863
28.720843585248396
28.6430495270485
28.565209742506983
28.487324347571143
28.40939345830738
28.331414249937424
28.25338905380733
28.1753187282949
28.097203389978684
28.01904315555507
27.940838141837897
27.862588465758094
27.78429424436362
27.70595559481914
27.627572634405603
27.549143561969316
27.4706687424312
27.392149980938687
27.313587395273533
27.234981103332657
27.156331223127722
27.077637872784756
26.998901170544176
26.92012123476029
26.841298183901124
26.76243098970085
26.6835185549114
26.604563377840414
26.52556557744487
26.446525272794172
26.367442583069703
26.28831762756447
26.209150525683064
26.12994139694119
26.050690360965525
25.97139693364122
25.892059015755066
25.812679567215703
25.73325870812674
25.653796558701327
25.574293239261777
25.494748870239345
25.415163572173764
25.335537465713262
25.255870671614066
25.176163042837
25.0964118950281
25.0166204398534
24.936788798533826
24.856917092396916
24.777005442876476
24.697053971512393
24.61706279995013
24.53703204994068
24.456961843340203
24.37685218440401
24.296700177814337
24.21650909850195
24.136279068775192
24.056010211045912
23.97570264782938
23.895356501743883
23.81497189551042
23.73454895195254
23.65408779399596
23.573588412307096
23.49304803292359
23.4124698265061
23.331853916419682
23.25120042612989
23.17050947920268
23.089781199304042
23.009015710199648
22.92821313575462
22.847373599933274
22.766496935402724
22.685580780864413
22.604628055709775
22.523638884329234
22.442613391210806
22.3615517009398
22.280453938198445
22.199320227765615
22.118150694516554
22.036945463422605
21.955704084761013
21.874424861097886
21.793110333641593
21.711760627776293
21.63037586898048
21.548956182826853
21.467501694981916
21.386012531205697
21.304488817351395
21.222930679365167
21.14133728028398
21.059707798588754
20.978044289999765
20.896346880862346
20.814615697613007
20.73285086677929
20.65105251497936
20.56922076892176
20.48735575540489
20.405457601317032
20.323524996637477
20.24155816967293
20.159558602454496
20.07752642225566
19.99546175643801
19.91336473245072
19.831235477830468
19.74907412020103
19.66688078727285
19.584655606842922
19.502396728515738
19.420105567258535
19.337782961786257
19.255429040267003
19.173043930953725
19.090627762183637
19.008180662378187
18.92570276004265
18.843194183765597
18.76065506221887
18.67808295525705
18.595480565380587
18.512848036379392
18.430185497282125
18.347493077198926
18.264770905320876
18.182019110919946
18.099237823348513
18.016427172039027
17.93358657142184
17.850715104831302
17.76781468312895
17.684885436090926
17.601927493571814
17.518940985504223
17.43592604189837
17.35288279284197
17.26981136849971
17.18671189911302
17.103583052690826
17.02042551721882
16.937240347970246
16.854027675515443
16.77078763049978
16.68752034364319
16.60422594573978
16.520904567657723
16.437556340338745
16.354181394797823
16.270777651491883
16.18734740720274
16.103890858484814
16.02040813666707
15.936899373149974
15.8533646994051
15.769804246974896
15.686218147472125
15.602606532579733
15.518968752414287
15.435304339215202
15.35161482659636
15.267900346541078
15.18416103110086
15.100397012395257
15.016608422611395
14.932795394003715
14.84895805889348
14.765096549668677
14.681209397735035
14.597297889754131
14.513362625927936
14.429403738929377
14.345421361496152
14.2614156264303
14.17738666659794
14.093334614928935
14.009259604416465
13.925161341663545
13.841038860493255
13.756893840719288
13.672726415605897
13.588536718478814
13.504324882724912
13.420091041791801
13.335835329187647
13.251557878480712
13.167258823298976
13.082937030553568
12.998593333437556
12.914228454154896
12.829842526588791
12.745435684680539
12.661008062428948
12.57655979388988
12.492091013176095
12.407601854456914
12.32309214719437
12.238560899524165
12.15400969791633
12.069438676781125
11.984847970583424
11.900237713842317
11.815608041130801
11.730959087075334
11.646290986355577
11.561603873703948
11.476896763382252
11.392170416563465
11.307425483712706
11.22266209978759
11.137880399796426
11.053080518798245
10.968262591902235
10.883426754267248
10.798573141101725
10.71370155418707
10.628811281888982
10.543903661504963
10.458978828454027
10.374036918202686
10.289078066264587
10.204102408200223
10.119110079616526
10.034101216166583
9.949075953549059
9.864033343372823
9.778974299288889
9.693899285073588
9.608808436620071
9.523701889865263
9.438579780789341
9.353442245415733
9.268289419810463
9.183121440081946
9.097938003544174
9.012738836545928
8.927524945786693
8.842296467554341
8.75705353817726
8.671796294023837
8.586524871502055
8.501239407059117
8.415940037181281
8.330626898393286
8.245299038257805
8.159957609513391
8.074602843568428
7.9892348771106985
7.903853846864699
7.818459889591102
7.733053142086415
7.647633741182554
7.562201823746638
7.476756969877746
7.391299372907069
7.305829692218084
7.220348064826056
7.1348546277794656
7.049349518159393
6.96383287307942
6.878304829685199
6.792765525153841
6.707214972137568
6.621652605144282
6.536079410825537
6.450495526491854
6.364901089483264
6.279296237169149
6.193681106947738
6.1080558362458754
6.0224205625186205
5.9367754232487115
5.851119922565815
5.765454641105223
5.679779928895231
5.5940959235350585
5.508402762649832
5.422700583890075
5.336989524931277
5.251269723473778
5.165541317242206
5.079804163181653
4.994058243655042
4.9083041549198425
4.822542034801998
4.736772021149607
4.650994251832856
4.565208864743467
4.479415997794261
4.39361578891901
4.3078083610538815
4.221993272327405
4.136171277905024
4.050342515806586
3.9645071240707277
3.87866524075438
3.7928170039326825
3.7069625516984375
3.6211020221616197
3.5352355534492883
3.449362948493621
3.3634845358995586
3.277600620970652
3.191711341903141
3.105816836908138
3.0199172442112094
2.9340127020521933
2.848103348684653
2.7621893223756264
2.676270635216433
2.590347305825081
2.5044197407694804
2.418488078370403
2.332552456960173
2.24661301488204
2.1606698904899364
2.0747232221479437
1.9887731482301225
1.9028198071201268
1.8168630775628913
1.730903375811365
1.6449408445018114
1.5589756220545878
1.473007846897647
1.387037657466015
1.301065192201514
1.2150905895521624
1.1291139879720862
1.0431354279780527
0.9571551108563009
0.8711732326452827
0.7851899318206265
0.6992053468619179
0.6132196162522389
0.5272328784779713
0.44124527202829245
0.3552569353946804
0.2692679948959597
0.18327858878788947
0.09728889043574525
