0.0
0.09230679065502169
0.18461353141382958
0.2769201723802369
0.36922666365811085
0.46153295535139927
0.5538389975641582
0.6461447404005787
0.7384501339650129
0.8307551283620025
0.9230596736963048
1.0153637200729193
1.107667217597116
1.1999701163744612
1.2922723665108449
1.3845739181125074
1.4768747212860671
1.5691747261385467
1.6614738827774003
1.7537721413105412
1.846069451846367
1.9383657644937884
2.030661029362256
2.1229551965617857
2.215248216202988
2.307540038397093
2.3998306132559772
2.4921198908921927
2.584407821418992
2.6766943549503575
2.768979441601023
2.8612630314865086
2.9535450747231415
3.0458255214280854
3.1381043217193643
3.230381425715897
3.3226567835375165
3.4149303453049984
3.5072020611400934
3.5994718811655457
3.6917397555051243
3.7840056342836537
3.8762694676270355
3.9685312056622744
4.060790798517511
4.153048196322044
4.245303349206358
4.3375562073021525
4.429806720742367
4.522054839661209
4.614300514194178
4.706543694478097
4.798784330651136
4.891022372852842
4.983257771224165
5.075490475907476
5.167720437046615
5.259947604786893
5.35217192927514
5.444393360659716
5.536611849090551
5.628827344719159
5.721039797698681
5.813249158183893
5.905455376331247
5.997658402298895
6.089858186246712
6.182054678336327
6.274247828731147
6.366437587596385
6.4586239050990955
6.550806731408176
6.6429860166944295
6.735161711130559
6.827333764891219
6.9195021281530265
7.011666751094593
7.1038275838965514
7.195984576741591
7.288137679814463
7.380286843302036
7.472432017393297
7.564573152279397
7.656710198153664
7.748843105211639
7.840971823651103
7.933096303672098
8.02521649547696
8.117332349270336
8.209443815259226
8.301550843652997
8.393653384663416
8.485751388504678
8.577844805393426
8.669933585548787
8.76201767919239
8.854097036548403
8.946171607843548
9.038241343307137
9.130306193171098
9.222366107669991
9.314421037041058
9.406470931524227
9.498515741362148
9.590555416800218
9.682589908086616
9.774619165472313
9.86664313921112
9.958661779559701
10.050675036777598
10.142682861127264
10.234685202874092
10.326682012286442
10.418673239635654
10.510658835196091
10.602638749245166
10.694612932063354
10.78658133393423
10.878543905144502
10.970500595984012
11.062451356745804
11.154396137726106
11.246334889224396
11.338267561543393
11.43019410498912
11.522114469870903
11.61402860650141
11.705936465196672
11.79783799627612
11.889733150062602
11.981621876882413
12.073504127065323
12.165379850944602
12.257248998857051
12.34911152114302
12.440967368146442
12.532816490214863
12.62465883769946
12.716494360955075
12.808323010340228
12.900144736217174
12.991959488951895
13.083767218914147
13.175567876477484
13.26736141201928
13.359147775920762
13.450926918567024
13.542698790347082
13.634463341653865
13.726220522884267
13.817970284439163
13.90971257672344
14.001447350146025
14.093174555119901
14.18489414206216
14.276606061393982
14.368310263540726
14.460006698931899
14.551695318001212
14.643376071186603
14.735048908930263
14.82671378167866
14.918370639882564
15.010019433997085
15.101660114481685
15.193292631800215
15.284916936420938
15.37653297881656
15.468140709464244
15.559740078845653
15.65133103744697
15.74291353575892
15.834487524276803
15.926052953500527
16.017609773934613
16.10915793608824
16.200697390475277
16.29222808761428
16.383749978028565
16.47526301224618
16.566767140799982
16.658262314227635
16.74974848307164
16.84122559787938
16.932693609203096
17.02415246759999
17.115602123632204
17.20704252786683
17.298473630875986
17.389895383236805
17.481307735531484
17.572710638347292
17.66410404227661
17.755487897916954
17.846862155870998
17.93822676674661
18.029581681156863
18.120926849720092
18.212262223059867
18.303587751805082
18.39490338658994
18.486209078054
18.57750477684218
18.66879043360482
18.760065998997664
18.851331423681938
18.942586658324323
19.03383165359704
19.125066360177808
19.216290728749936
19.307504710002302
19.398708254629415
19.489901313331416
19.58108383681412
19.672255775789033
19.763417080973372
19.854567703090126
19.945707592868036
20.036836701041658
20.12795497835137
20.21906237554341
20.310158843369884
20.401244332588828
20.49231879396419
20.583382178265897
20.67443443626985
20.765475518757967
20.856505376518218
20.94752396034463
21.03853122103732
21.129527109402535
21.220511576252665
21.311484572406286
21.402446048688148
21.493395955929252
21.58433424496685
21.67526086664445
21.766175771811906
21.85707891132537
21.947970236047382
22.03884969684684
22.12971724459908
22.220572830185862
22.311416404495425
22.402247918422486
22.49306732286828
22.583874568740626
22.674669606953856
22.765452388428944
22.856222864093468
22.946980984881677
23.037726701734478
23.128459965599486
23.21918072743107
23.30988893819033
23.400584548845174
23.49126751037028
23.581937773747214
23.672595289964377
23.763240010017068
23.85387188490749
23.944490865644816
24.035096903245172
24.125689948731683
24.21626995313448
24.306836867490773
24.397390642844833
24.487931230248037
24.578458580758884
24.66897264544303
24.75947337537332
24.8499607216298
24.940434635299752
25.030895067477722
25.12134196926554
25.211775291772348
25.30219498611463
25.392601003416235
25.48299329480843
25.57337181142985
25.663736504426616
25.754087324952316
25.844424224168023
25.934747153242345
26.025056063351446
26.11535090567906
26.205631631416523
26.295898191762802
26.386150537924532
26.47638862111603
26.5666123925593
26.656821803484107
26.747016805127977
26.83719734873622
26.927363385561954
27.017514866866133
27.10765174391761
27.197773967993104
27.28788149037726
27.37797426236269
27.468052235249942
27.55811536034759
27.64816358897224
27.73819687244852
27.828215162109167
27.918218409295008
28.008206565355014
28.09817958164629
28.188137409534136
28.278080000392077
28.368007305601843
28.457919276553476
28.547815864645255
28.637697021283792
28.727562697884053
28.817412845869363
28.907247416671435
28.997066361730415
29.086869632494874
29.176657180421884
29.266428956977002
29.3561849136343
29.44592500187642
29.535649173194567
29.625357379088555
29.71504957106684
29.80472570064652
29.894385719353366
29.98402957872188
30.07365723029529
30.16326862562558
30.252863716273538
30.34244245380873
30.432004789809604
30.521550675863452
30.611080063566455
30.70059290452372
30.790089150349296
30.8795687526662
30.969031663106456
31.058477833311095
31.147907214930207
31.237319759622963
31.326715419057606
31.41609414491155
31.50545588887133
31.59480060263266
31.68412823790049
31.773438746388976
31.862732079821516
31.952008189930844
32.04126702845894
32.1305085471572
32.219732697786284
32.308939432116325
32.39812870192684
32.48730045900676
32.576454655154514
32.665591242178024
32.754710171894715
32.84381139613157
32.93289486672515
33.02196053552156
33.111008354376594
33.200038275155656
33.289050249733855
33.378044229995965
33.467020167836516
33.55597801515975
33.64491772387977
33.73383924592038
33.82274253321529
33.91162753770803
34.00049421135203
34.08934250611062
34.17817237395707
34.26698376687462
34.35577663685646
34.44455093590584
34.53330661603602
34.62204362927033
34.71076192764218
34.79946146319513
34.888142187982844
34.976804054069156
35.06544701352813
35.15407101844403
35.24267602091134
35.33126197303486
35.41982882692966
35.50837653472113
35.59690504854503
35.685414320547494
35.77390430288502
35.86237494772459
35.950826207243594
36.03925803362991
36.12767037908194
36.21606319580861
36.304436436029384
36.39279005197431
36.48112399588406
36.56943822000996
36.65773267661392
36.74600731796862
36.83426209635739
36.922496964074355
37.010711873424356
37.098906776723005
37.1870816262968
37.27523637448301
37.36337097362982
37.451485376096265
37.53957953425233
37.62765340047892
37.71570692716793
37.80374006672222
37.891752771555716
37.97974499409333
38.0677166867711
38.15566780203613
38.24359829234666
38.33150811017207
38.419397207992915
38.50726553830097
38.59511305359921
38.682939706401875
38.77074544923448
38.85853023463384
38.94629401514809
39.03403674333674
39.12175837177068
39.209458853032174
39.297138139714946
39.384796184424175
39.47243293977651
39.56004835840011
39.64764239293467
39.73521499603146
39.82276612035329
39.91029571857466
39.997803743381596
40.08529014747189
40.172754883554944
40.260197904351955
40.347619162595755
40.43501861103101
40.52239620241418
40.60975188951349
40.69708562510904
40.7843973619928
40.87168705296862
40.95895465085225
41.04620010847142
41.13342337866578
41.22062441428704
41.307803168198866
41.39495959327699
41.48209364240922
41.569205268495466
41.65629442444772
41.74336106319019
41.830405137659184
41.91742660080324
42.00442540558311
42.09140150497181
42.17835485195463
42.265285399529134
42.3521931007052
42.439077908505126
42.52593977596351
42.61277865612737
42.699594502056186
42.786387266821826
42.87315690350871
42.95990336521369
43.04662660504617
43.133326576128155
43.22000323159414
43.30665652459129
43.393286408279344
43.47989283583076
43.56647576043064
43.653035135276774
43.73957091357972
43.826083048562765
43.91257149346197
43.99903620152621
44.08547712601722
44.171894220209545
44.25828743739065
44.344656730860876
44.431002053933504
44.51732335993481
44.60362060220398
44.68989373409326
44.776142708967924
44.8623674802063
44.94856800119976
45.03474422535287
45.120896106083244
45.2070235968217
45.29312665101224
45.37920522211204
45.46525926359158
45.55128872893451
45.63729357163781
45.72327374521179
45.80922920318008
45.89515989907965
45.981065786460874
46.06694681888751
46.15280294993681
46.238634133199426
46.3244403222795
46.41022147079475
46.49597753237635
46.58170846066906
46.66741420933127
46.753094732034896
46.83874998246557
46.92437991432254
47.009984481318774
47.095563637180895
47.181117335649326
47.26664553047819
47.35214817543545
47.43762522430284
47.523076630875984
47.60850234896429
47.69390233239109
47.77927653499367
47.86462491062317
47.94994741314473
48.035243996437515
48.12051461439462
48.20575922092324
48.290977769944604
48.376170215394026
48.461336511220935
48.5464766113889
48.63159046987565
48.71667804067306
48.801739277787284
48.88677413523867
48.97178256706181
49.056764527305624
49.14171997003331
49.226648849322395
49.31155111926479
49.39642673396678
49.48127564754906
49.56609781414673
49.65089318790939
49.7356617230011
49.82040337360043
49.9051180939005
49.989805838108936
50.07446656044802
50.159100215154595
50.243706756480115
50.32828613869074
50.412838316067294
50.49736324290528
50.581860873514984
50.666331162221375
50.75077406336426
50.83518953129824
50.91957752039272
51.003937985031996
51.08827087961521
51.17257615855641
51.256853776284586
51.34110368724369
51.425325845892615
51.50952020670529
51.59368672417065
51.67782535279269
51.76193604709046
51.84601876159813
51.93007345086501
52.01410006945553
52.0980985719493
52.18206891294112
52.26601104704105
52.34992492887436
52.43381051308161
52.51766775431862
52.60149660725659
52.68529702658204
52.76906896699683
52.85281238321825
52.93652722997897
53.0202134620272
53.10387103412649
53.18749990105595
53.27110001761021
53.35467133859942
53.438213818849306
53.521727413201184
53.60521207651199
53.68866776365425
53.77209442951624
53.85549202900184
53.938860517030705
54.02219984853821
54.105509978475425
54.188790861809295
54.272042453522566
54.35526470861373
54.43845758209725
54.521621029003384
54.60475500437836
54.68785946328428
54.770934360799245
54.85397965201731
54.93699529204855
55.01998123601905
55.10293743907095
55.1858638563625
55.26876044306803
55.35162715437795
55.43446394549888
55.517270771653614
55.600047588081075
55.682794350036474
55.76551101279128
55.84819753163315
55.9308538618661
56.01347995881048
56.09607577780291
56.17864127419644
56.26117640336048
56.34368112068088
56.426155381559894
56.50859914141627
56.59101235568524
56.67339497981851
56.755746969284374
56.838068279567665
56.920358866169806
57.00261868460876
57.08484769041925
57.167045839152564
57.249213086376656
57.33134938767626
57.413454698652785
57.49552897492438
57.577572172126025
57.65958424590945
57.74156515194322
57.82351484591277
57.90543328352037
57.987320420485204
58.069176212543425
58.15100061544803
58.23279358496903
58.31455507689347
58.39628504702536
58.47798345118575
58.55965024521275
58.64128538496163
58.72288882630465
58.804460525131276
58.88600043734816
58.967508518879065
59.04898472566499
59.130429013664184
59.211841338852125
59.29322165722158
59.37456992478261
59.45588609756261
59.53717013160632
59.61842198297584
59.69964160775068
59.780828962027776
59.861984001921485
59.943106683563656
60.024196963103606
60.10525479670821
60.18628014056181
60.2672729508664
60.34823318384145
60.429160795724144
60.51005574276927
60.59091798124919
60.671747467454075
60.75254415769173
60.83330800828769
60.91403897558526
60.9947370159455
61.075402085747285
61.15603414138728
61.23663313928006
61.317199035858
61.39773178757143
61.47823135088852
61.558697682295474
61.63913073829636
61.71953047541332
61.79989685018647
61.88022981917395
61.96052933895193
62.04079536611478
62.12102785727481
62.20122676906259
62.281392058126784
62.3615236811342
62.44162159476993
62.521685755737224
62.60171612075757
62.68171264657079
62.761675289934914
62.84160400762632
62.921498756439775
63.00135949318836
63.0811861747035
63.160978757835124
63.2407371994515
63.32046145643946
63.40015148570416
63.47980724416941
63.55942868877747
63.63901577648913
63.71856846428382
63.798086709159534
63.877570468132824
63.95701969823893
64.03643435653186
64.1158144000841
64.19515978598702
64.27447047135064
64.35374641330377
64.43298756899398
64.51219389558767
64.59136535027002
64.67050189024513
64.74960347273593
64.8286700549842
64.90770159425074
64.98669804781522
65.06565937297633
65.14458552705165
65.22347646737786
65.30233215131072
65.38115253622489
65.45993757951425
65.5386872385917
65.61740147088935
65.69608023385837
65.77472348496916
65.85333118171128
65.93190328159355
66.01043974214402
66.08894052090996
66.16740557545799
66.245834863374
66.32422834226324
66.4025859697503
66.48090770347915
66.55919350111319
66.63744332033514
66.71565711884733
66.79383485437147
66.87197648464874
66.95008196743986
67.02815126052516
67.10618432170442
67.18418110879706
67.26214157964213
67.34006569209828
67.4179534040438
67.49580467337668
67.57361945801462
67.65139771589499
67.72913940497497
67.80684448323147
67.8845129086612
67.96214463928067
68.03973963312626
68.11729784825414
68.19481924274042
68.27230377468112
68.34975140219214
68.42716208340936
68.50453577648861
68.58187243960575
68.65917203095658
68.73643450875707
68.8136598312431
68.89084795667077
68.96799884331618
69.04511244947561
69.12218873346549
69.19922765362244
69.27622916830323
69.3531932358849
69.43011981476468
69.50700886336011
69.583860340109
69.66067420346947
69.73745041191995
69.81418892395929
69.89088969810663
69.96755269290156
70.0441778669041
70.12076517869467
70.1973145868742
70.27382605006412
70.35029952690626
70.42673497606316
70.50313235621775
70.57949162607363
70.65581274435499
70.73209566980665
70.80834036119404
70.88454677730326
70.96071487694114
71.03684461893518
71.11293596213366
71.18898886540555
71.26500328764064
71.34097918774953
71.41691652466365
71.4928152573352
71.56867534473736
71.64449674586409
71.72027941973037
71.796023325372
71.87172842184586
71.94739466822968
72.02302202362227
72.09861044714347
72.17415989793412
72.24967033515614
72.32514171799257
72.4005740056475
72.47596715734619
72.55132113233509
72.62663588988177
72.70191138927503
72.77714758982484
72.8523444508625
72.92750193174051
73.00261999183266
73.07769859053408
73.15273768726121
73.22773724145185
73.30269721256515
73.3776175600817
73.4524982435035
73.52733922235394
73.60214045617793
73.67690190454184
73.75162352703356
73.82630528326249
73.90094713285956
73.97554903547731
74.05011095078991
74.12463283849303
74.19911465830405
74.27355636996205
74.3479579332277
74.42231930788344
74.49664045373339
74.57092133060343
74.64516189834121
74.71936211681617
74.7935219459196
74.86764134556452
74.9417202756859
75.01575869624055
75.08975656720717
75.16371384858643
75.23763050040084
75.31150648269497
75.38534175553532
75.4591362790104
75.5328900132308
75.60660291832905
75.68027495445989
75.75390608180004
75.82749626054836
75.90104545092588
75.97455361317574
76.04802070756328
76.12144669437606
76.19483153392383
76.26817518653861
76.34147761257462
76.41473877240846
76.48795862643894
76.56113713508728
76.634274258797
76.70736995803398
76.78042419328655
76.85343692506541
76.9264081139037
76.99933772035703
77.07222570500345
77.14507202844354
77.21787665130043
77.29063953421972
77.36336063786962
77.4360399229409
77.50867735014698
77.58127288022385
77.65382647393017
77.72633809204726
77.79880769537918
77.87123524475263
77.94362070101704
78.01596402504472
78.08826517773053
78.16052411999237
78.2327408127708
78.30491521702926
78.37704729375402
78.44913700395432
78.52118430866219
78.59318916893265
78.66515154584366
78.7370714004961
78.8089486940139
78.88078338754391
78.95257544225615
79.02432481934349
79.09603148002206
79.16769538553096
79.23931649713242
79.31089477611185
79.3824301837778
79.45392268146193
79.52537223051917
79.59677879232764
79.6681423282887
79.73946279982692
79.81074016839025
79.88197439544983
79.9531654425002
80.02431327105921
80.09541784266806
80.16647911889133
80.23749706131704
80.30847163155663
80.37940279124494
80.4502905020403
80.52113472562455
80.59193542370298
80.66269255800447
80.73340609028142
80.80407598230977
80.87470219588914
80.94528469284265
81.01582343501713
81.086318384283
81.1567695025344
81.22717675168917
81.29754009368881
81.3678594904986
81.43813490410756
81.50836629652845
81.57855362979792
81.64869686597633
81.71879596714794
81.78885089542085
81.85886161292703
81.92882808182235
81.99875026428661
82.06862812252358
82.13846161876089
82.20825071525022
82.27799537426728
82.34769555811174
82.41735122910733
82.48696234960185
82.55652888196718
82.62605078859927
82.69552803191827
82.7649605743684
82.83434837841803
82.9036914065598
82.9729896213105
83.0422429852111
83.11145146082693
83.18061501074746
83.24973359758651
83.31880718398219
83.38783573259697
83.45681920611761
83.52575756725527
83.59465077874546
83.66349880334813
83.73230160384767
83.8010591430529
83.86977138379702
83.93843828893787
84.00705982135769
84.0756359439633
84.14416661968599
84.21265181148175
84.28109148233096
84.34948559523883
84.41783411323505
84.48613699937395
84.55439421673464
84.62260572842078
84.69077149756083
84.75889148730796
84.82696566084007
84.89499398135983
84.96297641209465
85.03091291629683
85.09880345724348
85.16664799823647
85.23444650260264
85.30219893369367
85.36990525488615
85.43756542958155
85.50517942120638
85.57274719321201
85.64026870907486
85.70774393229637
85.77517282640294
85.84255535494603
85.90989148150219
85.97718116967305
86.04442438308534
86.11162108539087
86.17877124026663
86.24587481141477
86.31293176256264
86.37994205746273
86.44690565989282
86.51382253365587
86.58069264258012
86.64751595051914
86.71429242135167
86.78102201898193
86.84770470733937
86.91434045037883
86.98092921208045
87.04747095644994
87.11396564751823
87.18041324934185
87.24681372600267
87.31316704160805
87.37947316029091
87.44573204620963
87.51194366354812
87.57810797651581
87.6442249493478
87.71029454630471
87.77631673167272
87.84229146976378
87.90821872491536
87.97409846149061
88.03993064387845
88.10571523649345
88.17145220377586
88.23714151019176
88.30278312023296
88.368376998417
88.43392310928732
88.49942141741312
88.56487188738939
88.63027448383707
88.69562917140298
88.76093591475978
88.82619467860602
88.8914054276663
88.95656812669102
89.02168274045677
89.08674923376589
89.1517675714469
89.21673771835427
89.28165963936851
89.34653329939633
89.41135866337032
89.47613569624934
89.54086436301833
89.60554462868835
89.67017645829662
89.73475981690662
89.79929466960787
89.8637809815163
89.92821871777396
89.99260784354917
90.05694832403658
90.12124012445705
90.18548321005784
90.2496775461125
90.3138230979209
90.37791983080936
90.44196771013053
90.50596670126349
90.5699167696137
90.63381788061318
90.69766999972026
90.76147309241988
90.82522712422339
90.88893206066875
90.95258786732037
91.01619450976926
91.07975195363306
91.14326016455588
91.20671910820853
91.27012875028844
91.33348905651967
91.39679999265294
91.46006152446571
91.5232736177621
91.58643623837297
91.64954935215592
91.71261292499526
91.77562692280218
91.8385913115146
91.90150605709727
91.96437112554179
92.02718648286658
92.08995209511696
92.15266792836512
92.21533394871018
92.27795012227814
92.34051641522203
92.40303279372174
92.46549922398421
92.5279156722434
92.59028210476018
92.65259848782256
92.71486478774561
92.77708097087134
92.83924700356903
92.90136285223494
92.96342848329247
93.02544386319225
93.08740895841196
93.14932373545656
93.21118816085817
93.27300220117607
93.3347658229969
93.39647899293442
93.45814167762975
93.5197538437513
93.58131545799469
93.64282648708303
93.70428689776661
93.76569665682321
93.82705573105784
93.8883640873031
93.94962169241887
94.01082851329248
94.07198451683875
94.13308966999992
94.1941439397458
94.2551472930736
94.31609969700813
94.37700111860173
94.43785152493423
94.49865088311316
94.5593991602735
94.62009632357795
94.68074234021682
94.74133717740804
94.80188080239719
94.86237318245762
94.92281428489025
94.98320407702381
95.04354252621476
95.10382959984727
95.16406526533338
95.22424949011274
95.28438224165299
95.34446348744946
95.40449319502541
95.46447133193195
95.52439786574799
95.5842727640804
95.64409599456397
95.70386752486137
95.76358732266328
95.82325535568827
95.88287159168294
95.9424359984219
96.0019485437077
96.06140919537103
96.12081792127054
96.18017468929301
96.23947946735328
96.29873222339427
96.35793292538708
96.41708154133087
96.47617803925309
96.53522238720913
96.59421455328282
96.65315450558607
96.71204221225898
96.77087764146997
96.8296607614157
96.8883915403211
96.94706994643937
97.00569594805205
97.06426951346897
97.12279061102836
97.18125920909684
97.2396752760692
97.29803878036887
97.35634969044762
97.41460797478558
97.47281360189137
97.53096654030215
97.58906675858339
97.64711422532918
97.70510890916219
97.7630507787334
97.82093980272259
97.87877594983792
97.9365591888162
97.9942894884229
98.05196681745196
98.10959114472607
98.16716243909659
98.2246806694434
98.28214580467525
98.33955781372944
98.39691666557209
98.45422232919799
98.51147477363065
98.5686739679225
98.62581988115458
98.68291248243682
98.73995174090798
98.79693762573558
98.85387010611606
98.91074915127473
98.96757473046571
99.02434681297208
99.08106536810587
99.13773036520794
99.1943417736482
99.2508995628255
99.30740370216765
99.36385416113146
99.42025090920276
99.47659391589646
99.53288315075648
99.58911858335574
99.64530018329643
99.70142792020964
99.75750176375567
99.81352168362395
99.86948764953306
99.92539963123065
99.98125759849373
100.03706152112838
100.0928113689699
100.14850711188289
100.2041487197611
100.25973616252764
100.31526941013479
100.37074843256426
100.42617319982698
100.48154368196313
100.53685984904246
100.59212167116388
100.64732911845577
100.70248216107586
100.75758076921133
100.81262491307872
100.86761456292406
100.92254968902286
100.97743026168004
101.03225625123005
101.08702762803685
101.14174436249385
101.1964064250241
101.25101378608014
101.30556641614407
101.36006428572766
101.41450736537215
101.46889562564849
101.52322903715725
101.57750757052858
101.63173119642241
101.6858998855283
101.74001360856543
101.7940723362828
101.8480760394591
101.90202468890273
101.9559182554519
102.00975670997455
102.06354002336846
102.11726816656119
102.17094111051009
102.22455882620241
102.27812128465519
102.33162845691541
102.38508031405986
102.43847682719529
102.49181796745835
102.5451037060156
102.59833401406357
102.6515088628287
102.70462822356755
102.7576920675665
102.81070036614203
102.86365309064064
102.91655021243889
102.9693917029433
103.02217753359056
103.07490767584746
103.1275821012108
103.18020078120756
103.23276368739485
103.28527079135989
103.33772206472011
103.39011747912309
103.44245700624664
103.49474061779873
103.54696828551758
103.59913998117165
103.65125567655969
103.70331534351062
103.75531895388377
103.8072664795687
103.85915789248526
103.91099316458372
103.96277226784466
104.01449517427895
104.06616185592793
104.11777228486329
104.1693264331872
104.2208242730321
104.27226577656097
104.32365091596726
104.37497966347485
104.42625199133812
104.47746787184192
104.52862727730164
104.57973018006315
104.63077655250294
104.68176636702799
104.73269959607592
104.78357621211484
104.83439618764356
104.88515949519143
104.9358661073185
104.9865159966154
105.0371091357035
105.08764549723475
105.13812505389187
105.18854777838825
105.23891364346798
105.28922262190598
105.3394746865078
105.3896698101098
105.43980796557918
105.48988912581382
105.5399132637425
105.5898803523248
105.63979036455112
105.6896432734427
105.73943905205172
105.78917767346113
105.83885911078491
105.88848333716781
105.93805032578561
105.98756004984499
106.03701248258358
106.08640759727001
106.13574536720384
106.18502576571565
106.23424876616708
106.28341434195073
106.33252246649026
106.38157311324039
106.43056625568695
106.47950186734676
106.52837992176781
106.57720039252922
106.62596325324115
106.674668477545
106.72331603911324
106.77190591164957
106.82043806888885
106.8689124845971
106.91732913257168
106.965687986641
107.01398902066484
107.06223220853416
107.11041752417127
107.15854494152966
107.20661443459423
107.25462597738108
107.3025795439377
107.35047510834292
107.39831264470686
107.44609212717111
107.4938135299086
107.5414768271236
107.58908199305179
107.63662900196042
107.68411782814796
107.7315484459445
107.77892082971152
107.82623495384198
107.87349079276038
107.92068832092264
107.96782751281629
108.01490834296033
108.06193078590533
108.10889481623346
108.15580040855838
108.2026475375254
108.24943617781143
108.29616630412494
108.34283789120613
108.38945091382676
108.4360053467903
108.48250116493178
108.52893834311807
108.57531685624767
108.62163667925071
108.66789778708923
108.71410015475685
108.76024375727894
108.80632856971275
108.85235456714727
108.89832172470315
108.94423001753304
108.99007942082132
109.03586990978417
109.08160145966968
109.12727404575776
109.17288764336018
109.21844222782065
109.26393777451474
109.30937425884997
109.3547516562657
109.40006994223333
109.44532909225613
109.49052908186944
109.53566988664045
109.58075148216847
109.62577384408465
109.67073694805238
109.71564076976686
109.76048528495551
109.80527046937773
109.84999629882495
109.89466274912077
109.9392697961208
109.98381741571285
110.02830558381683
110.07273427638474
110.11710346940072
110.16141313888119
110.20566326087462
110.24985381146169
110.29398476675533
110.33805610290065
110.38206779607503
110.42601982248803
110.46991215838145
110.51374478002944
110.55751766373837
110.60123078584692
110.64488412272607
110.68847765077909
110.73201134644162
110.77548518618158
110.81889914649939
110.86225320392768
110.90554733503149
110.94878151640833
110.99195572468807
111.0350699365329
111.07812412863768
111.12111827772947
111.1640523605679
111.20692635394511
111.24974023468559
111.29249397964648
111.33518756571728
111.37782096982006
111.4203941689095
111.46290713997274
111.50535986002949
111.54775230613203
111.59008445536521
111.63235628484654
111.674567771726
111.71671889318637
111.75880962644291
111.80083994874357
111.84280983736897
111.8847192696324
111.92656822287975
111.96835667448978
112.01008460187379
112.05175198247584
112.0933587937727
112.134905013274
112.17639061852192
112.2178155870916
112.25917989659082
112.30048352466024
112.34172644897326
112.38290864723614
112.42403009718791
112.46509077660045
112.50609066327857
112.54702973505988
112.58790796981482
112.62872534544678
112.669481839892
112.71017743111967
112.7508120971319
112.79138581596374
112.8318985656831
112.87235032439096
112.91274107022119
112.9530707813407
112.9933394359493
113.03354701227994
113.07369348859851
113.11377884320385
113.15380305442801
113.19376610063593
113.2336679602257
113.27350861162847
113.31328803330851
113.35300620376313
113.39266310152269
113.43225870515086
113.47179299324426
113.51126594443274
113.55067753737931
113.59002775078017
113.62931656336451
113.66854395389502
113.70770990116735
113.74681438401043
113.78585738128649
113.82483887189086
113.86375883475222
113.90261724883247
113.94141409312681
113.98014934666365
114.01882298850481
114.0574349977453
114.09598535351351
114.13447403497112
114.1729010213132
114.21126629176806
114.24956982559755
114.2878116020967
114.32599160059405
114.36410980045147
114.4021661810643
114.44016072186122
114.47809340230438
114.51596420188936
114.55377310014521
114.59152007663437
114.62920511095285
114.6668281827301
114.70438927162903
114.74188835734611
114.77932541961127
114.81670043818801
114.85401339287333
114.89126426349786
114.92845302992566
114.9655796720545
115.00264416981561
115.03964650317394
115.07658665212784
115.1134645967095
115.15028031698463
115.18703379305256
115.22372500504628
115.26035393313245
115.29692055751138
115.33342485841712
115.3698668161173
115.40624641091333
115.44256362314027
115.47881843316702
115.51501082139607
115.55114076826372
115.58720825424001
115.62321325982876
115.65915576556756
115.69503575202774
115.73085319981453
115.7666080895668
115.8023004019574
115.8379301176929
115.87349721751374
115.90900168219423
115.94444349254252
115.97982262940064
116.01513907364443
116.05039280618371
116.08558380796214
116.12071205995733
116.15577754318078
116.1907802386779
116.2257201275281
116.26059719084472
116.295411409775
116.33016276550025
116.36485123923566
116.39947681223049
116.43403946576794
116.46853918116528
116.50297593977376
116.53734972297869
116.57166051219937
116.6059082888892
116.64009303453565
116.67421473066022
116.70827335881849
116.74226890060018
116.77620133762906
116.81007065156305
116.8438768240942
116.87761983694858
116.91129967188657
116.94491631070255
116.97846973522519
117.01195992731722
117.04538686887562
117.07875054183154
117.11205092815032
117.14528800983149
117.17846176890885
117.21157218745041
117.24461924755843
117.27760293136937
117.31052322105398
117.34338009881725
117.37617354689854
117.40890354757143
117.44157008314374
117.47417313595767
117.50671268838968
117.53918872285071
117.57160122178578
117.60395016767453
117.6362355430307
117.66845733040256
117.70061551237272
117.73271007155807
117.76474099061005
117.79670825221439
117.8286118390913
117.86045173399532
117.89222791971554
117.92394037907533
117.95558909493265
117.98717405017986
118.01869522774378
118.05015261058574
118.0815461817015
118.11287592412134
118.14414182091002
118.17534385516689
118.20648201002572
118.23755626865491
118.26856661425731
118.2995130300703
118.33039549936598
118.36121400545082
118.39196853166597
118.42265906138712
118.45328557802465
118.48384806502342
118.51434650586296
118.54478088405742
118.57515118315555
118.60545738674077
118.6356994784311
118.66587744187935
118.69599126077279
118.72604091883349
118.75602639981821
118.78594768751836
118.81580476576005
118.84559761840413
118.87532622934611
118.9049905825163
118.93459066187964
118.96412645143596
118.99359793521971
119.02300509730014
119.05234792178136
119.0816263928021
119.11084049453595
119.13999021119133
119.16907552701142
119.19809642627422
119.22705289329255
119.25594491241408
119.28477246802129
119.31353554453148
119.34223412639689
119.37086819810453
119.39943774417635
119.42794274916913
119.4563831976746
119.4847590743193
119.51307036376468
119.54131705070722
119.56949911987823
119.59761655604395
119.62566934400554
119.65365746859915
119.6815809146959
119.70943966720176
119.73723371105783
119.76496303124006
119.79262761275945
119.82022744066197
119.8477625000286
119.87523277597532
119.90263825365314
119.92997891824812
119.95725475498134
119.98446574910884
120.01161188592187
120.03869315074655
120.06570952894427
120.09266100591134
120.11954756707924
120.14636919791445
120.17312588391862
120.1998176106285
120.22644436361594
120.2530061284879
120.27950289088653
120.30593463648898
120.33230135100771
120.35860302019023
120.38483962981924
120.41101116571258
120.43711761372332
120.46315895973969
120.48913518968506
120.51504628951807
120.54089224523253
120.56667304285749
120.59238866845716
120.61803910813109
120.6436243480139
120.66914437427562
120.69459917312145
120.71998873079183
120.74531303356252
120.77057206774461
120.79576581968422
120.82089427576304
120.8459574223979
120.87095524604098
120.89588773317982
120.92075487033719
120.9455566440712
120.97029304097532
120.9949640476784
121.01956965084449
121.04410983717315
121.06858459339925
121.09299390629297
121.11733776266001
121.14161614934125
121.16582905321312
121.18997646118737
121.2140583602112
121.23807473726721
121.26202557937339
121.2859108735831
121.30973060698534
121.33348476670426
121.35717333989973
121.38079631376691
121.4043536755364
121.42784541247441
121.45127151188251
121.47463196109776
121.4979267474927
121.52115585847548
121.54431928148955
121.56741700401406
121.59044901356357
121.61341529768816
121.63631584397348
121.65915064004068
121.6819196735465
121.70462293218314
121.72726040367849
121.74983207579581
121.77233793633411
121.7947779731279
121.81715217404727
121.83946052699784
121.86170301992098
121.88387964079348
121.90599037762789
121.92803521847222
121.95001415141026
121.97192716456132
121.99377424608039
122.01555538415806
122.03727056702061
122.05891978292993
122.08050302018358
122.10202026711485
122.12347151209256
122.14485674352137
122.16617594984149
122.18742911952893
122.20861624109526
122.22973730308789
122.2507922940899
122.27178120272
122.2927040176327
122.31356072751827
122.33435132110262
122.35507578714747
122.37573411445027
122.39632629184416
122.41685230819812
122.43731215241688
122.45770581344092
122.47803328024646
122.49829454184555
122.51848958728603
122.53861840565148
122.55868098606132
122.57867731767084
122.598607389671
122.61847119128865
122.63826871178651
122.65799994046304
122.67766486665255
122.69726347972528
122.71679576908721
122.73626172418017
122.75566133448193
122.77499458950606
122.79426147880207
122.8134619919552
122.83259611858668
122.85166384835365
122.87066517094908
122.88960007610183
122.90846855357667
122.92727059317433
122.94600618473137
122.96467531812038
122.98327798324979
123.00181417006385
123.02028386854303
123.03868706870348
123.05702376059743
123.07529393431301
123.09349757997435
123.11163468774153
123.12970524781046
123.14770925041333
123.16564668581793
123.18351754432837
123.20132181628453
123.21905949206237
123.2367305620738
123.25433501676682
123.27187284662529
123.2893440421693
123.30674859395481
123.32408649257376
123.34135772865423
123.35856229286034
123.37570017589212
123.3927713684858
123.40977586141352
123.42671364548363
123.44358471154038
123.46038905046416
123.47712665317147
123.49379751061483
123.51040161378276
123.52693895370012
123.54340952142755
123.55981330806196
123.5761503047363
123.59242050261972
123.60862389291736
123.62476046687048
123.64083021575655
123.65683313088911
123.67276920361778
123.68863842532838
123.70444078744282
123.72017628141919
123.73584489875168
123.7514466309707
123.76698146964277
123.7824494063705
123.79785043279281
123.81318454058471
123.8284517214573
123.84365196715804
123.85878526947045
123.87385162021423
123.8888510112453
123.90378343445579
123.91864888177403
123.93344734516454
123.948178816628
123.96284328820138
123.97744075195784
123.99197120000676
124.00643462449375
124.0208310176006
124.03516037154537
124.0494226785824
124.06361793100223
124.07774612113164
124.0918072413337
124.10580128400765
124.11972824158909
124.13358810654981
124.1473808713979
124.16110652867769
124.1747650709699
124.18835649089132
124.20188078109521
124.21533793427103
124.22872794314458
124.24205080047784
124.25530649906925
124.26849503175345
124.2816163914014
124.29467057092042
124.30765756325405
124.32057736138219
124.33342995832115
124.34621534712343
124.35893352087798
124.37158447270996
124.38416819578092
124.39668468328881
124.40913392846787
124.42151592458865
124.4338306649581
124.44607814291956
124.45825835185265
124.47037128517337
124.48241693633412
124.49439529882369
124.50630636616715
124.51815013192603
124.52992658969819
124.54163573311794
124.55327755585589
124.56485205161906
124.57635921415093
124.58779903723133
124.59917151467644
124.61047664033899
124.62171440810792
124.6328848119087
124.64398784570326
124.65502350348984
124.66599177930314
124.67689266721428
124.68772616133081
124.69849225579674
124.70919094479245
124.71982222253479
124.73038608327705
124.74088252130902
124.7513115309568
124.76167310658303
124.77196724258683
124.78219393340365
124.79235317350556
124.80244495740095
124.81246927963474
124.82242613478832
124.83231551747956
124.84213742236273
124.85189184412863
124.86157877750456
124.87119821725426
124.88075015817796
124.89023459511236
124.89965152293072
124.9090009365427
124.91828283089453
124.92749720096887
124.93664404178494
124.94572334839839
124.95473511590149
124.96367933942292
124.9725560141279
124.9813651352182
124.99010669793196
124.99878069754413
125.00738712936581
125.01592598874493
125.02439727106582
125.03280097174928
125.0411370862528
125.04940561007027
125.05760653873219
125.0657398678055
125.07380559289378
125.08180370963717
125.0897342137122
125.09759710083222
125.10539236674677
125.11312000724232
125.12078001814159
125.12837239530404
125.13589713462557
125.14335423203876
125.15074368351267
125.15806548505292
125.1653196327018
125.17250612253804
125.17962495067701
125.18667611327066
125.19365960650748
125.2005754266126
125.20742356984766
125.21420403251088
125.22091681093715
125.22756190149786
125.23413930060107
125.24064900469133
125.24709101024986
125.25346531379446
125.25977191187945
125.26601080109593
125.27218197807136
125.27828543947001
125.28432118199264
125.29028920237667
125.29618949739606
125.30202206386139
125.30778689861998
125.31348399855558
125.3191133605887
125.32467498167634
125.33016885881219
125.33559498902659
125.34095336938643
125.34624399699523
125.3514668689932
125.3566219825571
125.36170933490034
125.36672892327299
125.37168074496168
125.37656479728977
125.38138107761716
125.38612958334045
125.3908103118928
125.39542326074411
125.39996842740082
125.40444580940607
125.40885540433959
125.41319720981784
125.41747122349383
125.42167744305726
125.4258158662345
125.42988649078846
125.43388931451884
125.4378243352619
125.44169155089052
125.44549095931441
125.44922255847972
125.45288634636935
125.45648232100287
125.46001048043647
125.46347082276301
125.46686334611204
125.47018804864969
125.47344492857886
125.47663398413897
125.47975521360627
125.48280861529358
125.48579418755028
125.48871192876265
125.49156183735349
125.49434391178225
125.49705815054506
125.49970455217482
125.50228311524103
125.50479383834977
125.50723672014391
125.50961175930303
125.51191895454319
125.51415830461731
125.5163298083149
125.51843346446216
125.52046927192197
125.52243722959386
125.5243373364141
125.52616959135553
125.52793399342774
125.52963054167704
125.53125923518633
125.5328200730752
125.5343130545
125.53573817865365
125.5370954447658
125.53838485210287
125.53960639996774
125.54076008770019
125.5418459146766
125.54286388031
125.54381398405016
125.54469622538346
125.54551060383304
125.54625711895868
125.54693577035687
125.54754655766071
125.5480894805401
125.54856453870156
125.54897173188826
125.54931105988014
125.54958252249375
125.54978611958235
125.54992185103589
125.54998971678101
125.54998971678101
125.54992185103589
125.54978611958235
125.54958252249375
125.54931105988014
125.54897173188826
125.54856453870156
125.5480894805401
125.54754655766071
125.54693577035687
125.54625711895868
125.54551060383304
125.54469622538346
125.54381398405016
125.54286388031
125.5418459146766
125.54076008770019
125.53960639996774
125.53838485210287
125.5370954447658
125.53573817865365
125.5343130545
125.5328200730752
125.53125923518633
125.52963054167704
125.52793399342774
125.52616959135553
125.5243373364141
125.52243722959386
125.52046927192197
125.51843346446216
125.5163298083149
125.51415830461731
125.51191895454319
125.50961175930303
125.50723672014391
125.50479383834977
125.50228311524103
125.49970455217482
125.49705815054506
125.49434391178225
125.49156183735349
125.48871192876265
125.48579418755028
125.48280861529358
125.47975521360627
125.47663398413897
125.47344492857886
125.47018804864969
125.46686334611204
125.46347082276301
125.46001048043647
125.45648232100287
125.45288634636935
125.44922255847972
125.44549095931441
125.44169155089052
125.4378243352619
125.43388931451884
125.42988649078846
125.4258158662345
125.42167744305726
125.41747122349383
125.41319720981784
125.40885540433959
125.40444580940607
125.39996842740082
125.39542326074411
125.3908103118928
125.38612958334045
125.38138107761716
125.37656479728977
125.37168074496168
125.36672892327299
125.36170933490034
125.3566219825571
125.3514668689932
125.34624399699523
125.34095336938643
125.33559498902659
125.33016885881219
125.32467498167634
125.3191133605887
125.31348399855558
125.30778689861998
125.30202206386139
125.29618949739606
125.29028920237666
125.28432118199264
125.27828543947001
125.27218197807136
125.26601080109593
125.25977191187945
125.25346531379446
125.24709101024986
125.24064900469133
125.23413930060107
125.22756190149786
125.22091681093715
125.21420403251088
125.20742356984766
125.2005754266126
125.19365960650748
125.18667611327066
125.17962495067701
125.17250612253802
125.1653196327018
125.15806548505292
125.15074368351267
125.14335423203876
125.13589713462557
125.12837239530404
125.12078001814159
125.11312000724232
125.10539236674677
125.09759710083222
125.0897342137122
125.08180370963717
125.07380559289378
125.0657398678055
125.05760653873219
125.04940561007027
125.0411370862528
125.03280097174928
125.02439727106582
125.01592598874493
125.00738712936581
124.99878069754413
124.99010669793196
124.9813651352182
124.9725560141279
124.96367933942292
124.95473511590149
124.94572334839839
124.93664404178494
124.92749720096887
124.91828283089453
124.9090009365427
124.89965152293072
124.89023459511236
124.88075015817796
124.87119821725426
124.86157877750456
124.85189184412863
124.84213742236273
124.83231551747956
124.82242613478832
124.81246927963474
124.80244495740095
124.79235317350555
124.78219393340365
124.77196724258683
124.76167310658303
124.7513115309568
124.74088252130902
124.73038608327705
124.71982222253479
124.70919094479245
124.69849225579674
124.68772616133081
124.67689266721426
124.66599177930314
124.65502350348984
124.64398784570326
124.6328848119087
124.62171440810792
124.61047664033899
124.59917151467644
124.58779903723132
124.57635921415093
124.56485205161906
124.55327755585589
124.54163573311794
124.52992658969819
124.51815013192603
124.50630636616715
124.49439529882369
124.48241693633412
124.47037128517337
124.45825835185265
124.44607814291956
124.4338306649581
124.42151592458865
124.40913392846787
124.39668468328881
124.38416819578092
124.37158447270996
124.35893352087798
124.34621534712343
124.33342995832115
124.32057736138219
124.30765756325405
124.29467057092037
124.2816163914014
124.26849503175345
124.25530649906925
124.24205080047784
124.22872794314458
124.21533793427103
124.20188078109521
124.18835649089132
124.1747650709699
124.16110652867769
124.1473808713979
124.1335881065498
124.11972824158909
124.10580128400765
124.0918072413337
124.07774612113164
124.06361793100223
124.0494226785824
124.03516037154537
124.0208310176006
124.00643462449375
123.99197120000676
123.97744075195784
123.96284328820138
123.948178816628
123.93344734516454
123.91864888177403
123.90378343445579
123.8888510112453
123.87385162021423
123.85878526947045
123.84365196715804
123.8284517214573
123.8131845405847
123.79785043279281
123.7824494063705
123.76698146964277
123.7514466309707
123.73584489875168
123.72017628141919
123.70444078744282
123.68863842532838
123.67276920361778
123.65683313088911
123.64083021575655
123.62476046687048
123.60862389291736
123.59242050261972
123.5761503047363
123.55981330806196
123.54340952142755
123.52693895370012
123.51040161378276
123.4937975106148
123.47712665317147
123.46038905046416
123.44358471154038
123.42671364548363
123.40977586141352
123.3927713684858
123.37570017589212
123.35856229286031
123.34135772865423
123.32408649257376
123.30674859395481
123.2893440421693
123.27187284662529
123.25433501676679
123.2367305620738
123.21905949206237
123.20132181628452
123.18351754432837
123.16564668581793
123.14770925041333
123.12970524781046
123.11163468774149
123.09349757997435
123.07529393431301
123.05702376059743
123.03868706870348
123.02028386854303
123.00181417006385
122.98327798324979
122.96467531812038
122.94600618473137
122.92727059317433
122.90846855357667
122.88960007610183
122.87066517094908
122.85166384835365
122.83259611858668
122.8134619919552
122.79426147880203
122.77499458950606
122.75566133448193
122.73626172418017
122.71679576908721
122.69726347972528
122.67766486665255
122.65799994046304
122.63826871178651
122.61847119128865
122.598607389671
122.57867731767084
122.55868098606132
122.53861840565148
122.51848958728603
122.49829454184555
122.47803328024646
122.45770581344092
122.43731215241688
122.41685230819812
122.39632629184416
122.37573411445027
122.35507578714747
122.33435132110262
122.31356072751827
122.2927040176327
122.27178120272
122.2507922940899
122.22973730308789
122.20861624109524
122.1874291195289
122.16617594984149
122.14485674352137
122.12347151209256
122.10202026711485
122.08050302018358
122.05891978292993
122.03727056702061
122.01555538415806
121.99377424608039
121.97192716456132
121.95001415141026
121.92803521847222
121.90599037762786
121.88387964079348
121.86170301992098
121.83946052699784
121.81715217404727
121.7947779731279
121.77233793633411
121.74983207579581
121.72726040367849
121.70462293218314
121.68191967354649
121.65915064004068
121.63631584397348
121.61341529768814
121.59044901356356
121.56741700401406
121.54431928148955
121.52115585847548
121.4979267474927
121.47463196109774
121.4512715118825
121.42784541247441
121.4043536755364
121.38079631376691
121.35717333989973
121.33348476670426
121.30973060698534
121.2859108735831
121.26202557937339
121.23807473726721
121.2140583602112
121.18997646118737
121.16582905321312
121.14161614934125
121.11733776265999
121.09299390629297
121.06858459339927
121.04410983717315
121.01956965084449
120.9949640476784
120.97029304097532
120.9455566440712
120.92075487033719
120.89588773317982
120.87095524604098
120.8459574223979
120.82089427576304
120.79576581968422
120.77057206774455
120.74531303356255
120.71998873079183
120.69459917312145
120.6691443742756
120.6436243480139
120.61803910813109
120.59238866845716
120.56667304285749
120.54089224523253
120.51504628951807
120.48913518968506
120.46315895973969
120.43711761372332
120.41101116571258
120.38483962981923
120.35860302019023
120.33230135100771
120.30593463648898
120.2795028908865
120.25300612848793
120.22644436361594
120.1998176106285
120.17312588391862
120.14636919791445
120.11954756707924
120.09266100591134
120.06570952894427
120.03869315074655
120.01161188592187
119.98446574910884
119.9572547549813
119.92997891824812
119.90263825365314
119.87523277597532
119.8477625000286
119.82022744066194
119.79262761275945
119.76496303124006
119.73723371105783
119.70943966720176
119.6815809146959
119.65365746859915
119.62566934400554
119.59761655604395
119.56949911987826
119.54131705070722
119.51307036376468
119.48475907431927
119.45638319767457
119.42794274916913
119.39943774417635
119.37086819810453
119.34223412639689
119.31353554453148
119.28477246802129
119.25594491241408
119.22705289329255
119.19809642627422
119.16907552701142
119.1399902111913
119.11084049453595
119.0816263928021
119.05234792178136
119.0230050973002
118.99359793521971
118.96412645143596
118.93459066187964
118.90499058251626
118.87532622934611
118.84559761840413
118.81580476576005
118.78594768751836
118.75602639981821
118.72604091883349
118.69599126077276
118.66587744187933
118.6356994784311
118.60545738674074
118.57515118315553
118.54478088405742
118.51434650586296
118.48384806502341
118.45328557802465
118.42265906138712
118.39196853166597
118.36121400545082
118.33039549936598
118.2995130300703
118.26856661425731
118.23755626865491
118.20648201002572
118.17534385516689
118.14414182091002
118.11287592412134
118.0815461817015
118.05015261058574
118.01869522774378
117.98717405017986
117.95558909493263
117.92394037907533
117.89222791971551
117.86045173399532
117.8286118390913
117.79670825221439
117.76474099061005
117.73271007155807
117.70061551237272
117.66845733040256
117.6362355430307
117.60395016767453
117.57160122178578
117.5391887228507
117.50671268838968
117.47417313595764
117.44157008314374
117.40890354757143
117.37617354689854
117.34338009881725
117.31052322105398
117.27760293136937
117.24461924755845
117.21157218745041
117.17846176890885
117.14528800983146
117.11205092815028
117.07875054183154
117.04538686887562
117.01195992731722
116.97846973522516
116.94491631070255
116.91129967188655
116.87761983694858
116.8438768240942
116.81007065156307
116.77620133762906
116.74226890060018
116.70827335881849
116.6742147306602
116.64009303453565
116.6059082888892
116.57166051219937
116.53734972297869
116.50297593977376
116.46853918116528
116.43403946576794
116.39947681223049
116.36485123923566
116.33016276550025
116.295411409775
116.26059719084472
116.2257201275281
116.1907802386779
116.15577754318078
116.12071205995733
116.08558380796214
116.05039280618371
116.01513907364443
115.97982262940063
115.94444349254252
115.90900168219423
115.87349721751373
115.83793011769288
115.80230040195738
115.7666080895668
115.73085319981453
115.69503575202774
115.65915576556756
115.62321325982876
115.58720825424001
115.55114076826372
115.51501082139607
115.47881843316704
115.44256362314027
115.40624641091333
115.3698668161173
115.33342485841712
115.29692055751138
115.26035393313245
115.22372500504626
115.18703379305255
115.15028031698462
115.1134645967095
115.07658665212784
115.0396465031739
115.00264416981561
114.96557967205447
114.92845302992566
114.89126426349786
114.85401339287333
114.81670043818801
114.77932541961127
114.74188835734608
114.70438927162903
114.6668281827301
114.62920511095285
114.59152007663437
114.55377310014518
114.51596420188936
114.47809340230438
114.44016072186122
114.4021661810643
114.36410980045147
114.32599160059405
114.28781160209667
114.24956982559755
114.21126629176806
114.1729010213132
114.13447403497112
114.09598535351351
114.0574349977453
114.01882298850481
113.98014934666367
113.94141409312681
113.90261724883246
113.86375883475222
113.82483887189082
113.78585738128649
113.74681438401043
113.70770990116735
113.66854395389501
113.62931656336451
113.59002775078011
113.55067753737931
113.51126594443274
113.47179299324426
113.43225870515086
113.39266310152269
113.35300620376307
113.31328803330852
113.27350861162847
113.2336679602257
113.19376610063593
113.15380305442797
113.11377884320385
113.07369348859851
113.03354701227994
112.9933394359493
112.9530707813407
112.91274107022119
112.87235032439094
112.8318985656831
112.79138581596374
112.7508120971319
112.71017743111967
112.66948183989203
112.62872534544678
112.58790796981482
112.54702973505991
112.50609066327857
112.46509077660048
112.42403009718788
112.38290864723609
112.34172644897326
112.30048352466024
112.25917989659082
112.2178155870916
112.17639061852192
112.134905013274
112.0933587937727
112.05175198247584
112.01008460187379
111.96835667448978
111.92656822287975
111.8847192696324
111.84280983736897
111.80083994874356
111.75880962644291
111.71671889318637
111.67456777172603
111.63235628484654
111.59008445536521
111.54775230613203
111.50535986002949
111.46290713997274
111.4203941689095
111.37782096982008
111.33518756571723
111.29249397964645
111.24974023468559
111.20692635394511
111.16405236056792
111.12111827772947
111.07812412863768
111.0350699365329
110.99195572468801
110.94878151640833
110.90554733503149
110.86225320392768
110.81889914649939
110.77548518618158
110.73201134644162
110.68847765077909
110.64488412272608
110.60123078584692
110.5575176637384
110.51374478002944
110.46991215838142
110.42601982248802
110.38206779607503
110.33805610290068
110.29398476675533
110.24985381146172
110.20566326087462
110.16141313888119
110.11710346940075
110.07273427638474
110.02830558381683
109.98381741571285
109.9392697961208
109.89466274912077
109.84999629882493
109.80527046937773
109.76048528495551
109.71564076976686
109.67073694805237
109.62577384408463
109.58075148216847
109.53566988664045
109.49052908186944
109.44532909225613
109.40006994223334
109.3547516562657
109.30937425884994
109.26393777451474
109.21844222782065
109.17288764336018
109.12727404575776
109.08160145966966
109.03586990978417
108.9900794208213
108.94423001753307
108.89832172470315
108.85235456714727
108.80632856971275
108.76024375727893
108.71410015475685
108.66789778708923
108.62163667925074
108.57531685624767
108.52893834311807
108.48250116493178
108.43600534679027
108.38945091382676
108.34283789120613
108.29616630412497
108.24943617781143
108.2026475375254
108.15580040855836
108.10889481623346
108.06193078590536
108.01490834296033
107.9678275128163
107.92068832092264
107.87349079276035
107.82623495384198
107.77892082971147
107.7315484459445
107.68411782814795
107.63662900196042
107.58908199305179
107.54147682712356
107.4938135299086
107.44609212717111
107.39831264470686
107.35047510834292
107.30257954393768
107.25462597738107
107.20661443459423
107.15854494152967
107.11041752417127
107.06223220853417
107.01398902066484
106.96568798664097
106.91732913257167
106.8689124845971
106.82043806888885
106.77190591164957
106.72331603911324
106.674668477545
106.62596325324114
106.57720039252922
106.52837992176781
106.47950186734676
106.43056625568695
106.38157311324036
106.33252246649026
106.2834143419507
106.23424876616708
106.18502576571564
106.13574536720384
106.08640759727001
106.03701248258358
105.98756004984499
105.93805032578561
105.88848333716781
105.83885911078488
105.78917767346115
105.73943905205172
105.68964327344268
105.63979036455112
105.58988035232478
105.5399132637425
105.48988912581379
105.43980796557915
105.3896698101098
105.33947468650778
105.28922262190598
105.23891364346798
105.18854777838825
105.13812505389187
105.08764549723472
105.0371091357035
104.9865159966154
104.9358661073185
104.88515949519143
104.83439618764358
104.78357621211484
104.73269959607589
104.68176636702799
104.63077655250294
104.57973018006315
104.52862727730164
104.47746787184191
104.42625199133812
104.37497966347485
104.32365091596726
104.27226577656096
104.2208242730321
104.1693264331872
104.11777228486329
104.06616185592793
104.01449517427892
103.96277226784466
103.91099316458372
103.85915789248526
103.80726647956868
103.75531895388372
103.70331534351062
103.65125567655967
103.59913998117165
103.54696828551758
103.4947406177987
103.44245700624664
103.39011747912309
103.33772206472011
103.28527079135988
103.23276368739485
103.18020078120756
103.1275821012108
103.07490767584746
103.02217753359056
102.9693917029433
102.91655021243889
102.86365309064064
102.81070036614203
102.75769206756645
102.70462822356755
102.6515088628287
102.59833401406357
102.5451037060156
102.49181796745833
102.43847682719529
102.38508031405985
102.33162845691541
102.27812128465517
102.22455882620241
102.17094111051007
102.11726816656117
102.06354002336846
102.00975670997455
101.9559182554519
101.90202468890273
101.8480760394591
101.7940723362828
101.74001360856542
101.6858998855283
101.6317311964224
101.57750757052858
101.52322903715722
101.46889562564847
101.41450736537215
101.36006428572762
101.30556641614407
101.25101378608014
101.1964064250241
101.14174436249385
101.0870276280368
101.03225625123005
100.97743026168004
100.92254968902286
100.86761456292406
100.81262491307872
100.75758076921133
100.70248216107586
100.64732911845577
100.59212167116385
100.53685984904249
100.48154368196313
100.42617319982693
100.37074843256426
100.31526941013477
100.25973616252764
100.2041487197611
100.14850711188289
100.0928113689699
100.03706152112838
99.98125759849373
99.92539963123062
99.86948764953303
99.81352168362395
99.75750176375568
99.70142792020962
99.64530018329643
99.58911858335574
99.53288315075646
99.47659391589647
99.42025090920275
99.36385416113143
99.30740370216765
99.2508995628255
99.1943417736482
99.13773036520794
99.08106536810587
99.02434681297208
98.96757473046569
98.91074915127473
98.85387010611606
98.79693762573558
98.73995174090797
98.68291248243685
98.62581988115458
98.5686739679225
98.51147477363065
98.45422232919796
98.3969166655721
98.33955781372944
98.28214580467522
98.2246806694434
98.16716243909656
98.10959114472607
98.05196681745193
97.9942894884229
97.93655918881619
97.87877594983789
97.82093980272259
97.7630507787334
97.70510890916219
97.64711422532918
97.58906675858339
97.5309665403021
97.47281360189136
97.41460797478558
97.35634969044762
97.29803878036887
97.23967527606919
97.1812592090968
97.12279061102836
97.06426951346897
97.00569594805205
96.94706994643936
96.8883915403211
96.8296607614157
96.77087764146997
96.71204221225898
96.65315450558606
96.59421455328282
96.53522238720913
96.47617803925309
96.41708154133087
96.35793292538708
96.29873222339427
96.23947946735328
96.18017468929301
96.12081792127051
96.06140919537098
96.0019485437077
95.9424359984219
95.88287159168294
95.82325535568826
95.76358732266328
95.70386752486137
95.64409599456395
95.5842727640804
95.52439786574796
95.46447133193195
95.40449319502541
95.34446348744946
95.28438224165296
95.22424949011273
95.16406526533338
95.10382959984727
95.04354252621476
94.98320407702379
94.92281428489022
94.86237318245759
94.80188080239716
94.74133717740804
94.6807423402168
94.62009632357797
94.5593991602735
94.49865088311313
94.43785152493423
94.3770011186017
94.31609969700813
94.25514729307359
94.1941439397458
94.13308966999992
94.07198451683871
94.01082851329248
93.94962169241886
93.8883640873031
93.82705573105784
93.76569665682317
93.70428689776661
93.64282648708303
93.58131545799472
93.51975384375129
93.45814167762975
93.39647899293442
93.33476582299689
93.27300220117607
93.21118816085814
93.14932373545656
93.08740895841196
93.02544386319227
92.96342848329247
92.9013628522349
92.83924700356903
92.77708097087132
92.71486478774561
92.65259848782256
92.59028210476015
92.5279156722434
92.46549922398418
92.40303279372174
92.340516415222
92.27795012227814
92.21533394871015
92.15266792836508
92.08995209511696
92.02718648286657
91.9643711255418
91.90150605709727
91.8385913115146
91.77562692280218
91.71261292499523
91.6495493521559
91.58643623837294
91.5232736177621
91.46006152446571
91.39679999265292
91.33348905651967
91.2701287502884
91.20671910820853
91.14326016455588
91.07975195363308
91.01619450976926
90.95258786732035
90.88893206066875
90.82522712422337
90.76147309241988
90.69766999972025
90.63381788061318
90.5699167696137
90.50596670126345
90.44196771013053
90.37791983080936
90.3138230979209
90.24967754611248
90.18548321005781
90.12124012445705
90.05694832403654
89.99260784354917
89.92821871777394
89.8637809815163
89.79929466960787
89.73475981690659
89.67017645829662
89.60554462868834
89.54086436301833
89.47613569624933
89.41135866337034
89.34653329939631
89.28165963936851
89.21673771835427
89.15176757144688
89.0867492337659
89.02168274045677
88.95656812669102
88.8914054276663
88.826194678606
88.76093591475978
88.69562917140297
88.63027448383707
88.56487188738937
88.49942141741306
88.43392310928732
88.368376998417
88.30278312023296
88.23714151019176
88.17145220377587
88.10571523649344
88.0399306438784
87.97409846149061
87.90821872491532
87.84229146976378
87.77631673167272
87.71029454630471
87.6442249493478
87.5781079765158
87.51194366354812
87.44573204620963
87.37947316029093
87.31316704160805
87.24681372600264
87.18041324934185
87.11396564751823
87.04747095644994
86.98092921208045
86.91434045037883
86.84770470733937
86.78102201898191
86.71429242135167
86.64751595051912
86.58069264258013
86.51382253365585
86.44690565989282
86.37994205746273
86.31293176256261
86.24587481141477
86.17877124026661
86.11162108539088
86.04442438308533
85.97718116967303
85.90989148150219
85.84255535494601
85.77517282640294
85.70774393229637
85.64026870907489
85.572747193212
85.50517942120634
85.43756542958155
85.36990525488613
85.30219893369369
85.23444650260264
85.16664799823647
85.09880345724346
85.03091291629681
84.96297641209465
84.89499398135979
84.82696566084007
84.75889148730795
84.69077149756082
84.62260572842078
84.55439421673461
84.48613699937397
84.41783411323502
84.34948559523883
84.28109148233096
84.21265181148172
84.14416661968599
84.07563594396326
84.00705982135773
83.93843828893787
83.86977138379703
83.8010591430529
83.73230160384765
83.66349880334813
83.59465077874543
83.52575756725527
83.4568192061176
83.38783573259695
83.31880718398219
83.24973359758648
83.18061501074746
83.1114514608269
83.04224298521113
82.97298962131048
82.9036914065598
82.83434837841803
82.76496057436837
82.69552803191829
82.62605078859927
82.5565288819672
82.48696234960184
82.41735122910731
82.34769555811174
82.27799537426728
82.20825071525024
82.13846161876087
82.06862812252355
81.99875026428661
81.92882808182233
81.85886161292703
81.78885089542084
81.71879596714795
81.64869686597633
81.5785536297979
81.50836629652846
81.43813490410753
81.3678594904986
81.29754009368881
81.22717675168917
81.1567695025344
81.08631838428298
81.01582343501713
80.94528469284265
80.87470219588916
80.80407598230977
80.73340609028139
80.66269255800447
80.59193542370294
80.52113472562455
80.45029050204029
80.37940279124496
80.30847163155661
80.23749706131704
80.16647911889133
80.09541784266804
80.02431327105921
79.95316544250018
79.88197439544984
79.81074016839024
79.7394627998269
79.6681423282887
79.59677879232763
79.52537223051918
79.45392268146193
79.38243018377777
79.31089477611185
79.23931649713239
79.16769538553096
79.09603148002203
79.02432481934352
78.95257544225613
78.88078338754391
78.8089486940139
78.73707140049608
78.66515154584366
78.59318916893264
78.5211843086622
78.4491370039543
78.377047293754
78.30491521702926
78.23274081277079
78.16052411999237
78.08826517773053
78.01596402504467
77.94362070101704
77.87123524475261
77.79880769537918
77.72633809204726
77.6538264739302
77.58127288022385
77.50867735014695
77.4360399229409
77.36336063786959
77.29063953421972
77.21787665130041
77.14507202844355
77.07222570500345
76.99933772035699
76.9264081139037
76.8534369250654
76.78042419328656
76.70736995803398
76.63427425879696
76.56113713508728
76.48795862643891
76.41473877240846
76.34147761257461
76.26817518653863
76.19483153392383
76.12144669437605
76.04802070756328
75.9745536131757
75.90104545092588
75.82749626054832
75.75390608180004
75.68027495445989
75.60660291832905
75.5328900132308
75.45913627901038
75.38534175553532
75.31150648269497
75.23763050040083
75.16371384858643
75.08975656720716
75.01575869624055
74.94172027568588
74.86764134556452
74.79352194591958
74.71936211681616
74.64516189834121
74.5709213306034
74.49664045373339
74.42231930788344
74.34795793322772
74.27355636996205
74.19911465830404
74.12463283849303
74.05011095078987
73.97554903547731
73.90094713285956
73.82630528326246
73.75162352703356
73.67690190454182
73.60214045617793
73.52733922235393
73.4524982435035
73.37761756008169
73.30269721256514
73.22773724145185
73.15273768726118
73.07769859053408
73.00261999183263
72.92750193174051
72.85234445086249
72.77714758982482
72.70191138927503
72.62663588988175
72.55132113233512
72.47596715734619
72.40057400564747
72.32514171799257
72.24967033515613
72.17415989793412
72.09861044714344
72.02302202362227
71.94739466822966
71.87172842184583
71.796023325372
71.72027941973035
71.64449674586409
71.56867534473733
71.49281525733522
71.41691652466362
71.34097918774951
71.26500328764064
71.18898886540552
71.11293596213366
71.03684461893518
70.96071487694111
70.88454677730326
70.80834036119404
70.73209566980665
70.65581274435499
70.57949162607363
70.50313235621772
70.42673497606312
70.35029952690626
70.27382605006409
70.1973145868742
70.12076517869465
70.0441778669041
69.96755269290156
69.8908896981066
69.81418892395929
69.73745041191995
69.66067420346948
69.583860340109
69.50700886336007
69.43011981476468
69.35319323588487
69.27622916830323
69.19922765362243
69.1221887334655
69.0451124494756
68.96799884331614
68.89084795667077
68.81365983124309
68.73643450875707
68.65917203095657
68.58187243960575
68.50453577648861
68.42716208340931
68.34975140219214
68.2723037746811
68.19481924274044
68.11729784825413
68.03973963312622
67.96214463928067
67.88451290866118
67.80684448323147
67.72913940497496
67.651397715895
67.57361945801459
67.49580467337664
67.4179534040438
67.34006569209825
67.26214157964213
67.18418110879705
67.10618432170443
67.02815126052515
66.95008196743984
66.87197648464874
66.79383485437144
66.71565711884735
66.63744332033514
66.55919350111313
66.48090770347915
66.40258596975029
66.32422834226327
66.245834863374
66.16740557545799
66.08894052090996
66.01043974214399
65.93190328159355
65.85333118171127
65.77472348496916
65.69608023385834
65.61740147088935
65.5386872385917
65.45993757951422
65.38115253622489
65.3023321513107
65.22347646737788
65.14458552705162
65.06565937297628
64.98669804781522
64.90770159425071
64.8286700549842
64.74960347273591
64.67050189024516
64.59136535027002
64.51219389558764
64.43298756899398
64.35374641330375
64.27447047135064
64.19515978598699
64.11581440008413
64.03643435653184
63.95701969823893
63.877570468132824
63.79808670915949
63.718568464283834
63.63901577648913
63.55942868877744
63.47980724416941
63.40015148570415
63.32046145643946
63.240737199451495
63.160978757835124
63.0811861747035
63.0013594931883
62.921498756439775
62.8416040076263
62.761675289934914
62.68171264657076
62.60171612075759
62.52168575573721
62.4416215947699
62.3615236811342
62.281392058126755
62.2012267690626
62.12102785727481
62.040795366114736
61.96052933895193
61.88022981917393
61.79989685018647
61.71953047541332
61.63913073829637
61.558697682295445
61.47823135088849
61.39773178757143
61.31719903585798
61.23663313928006
61.156034141387266
61.075402085747285
60.99473701594549
60.91403897558523
60.83330800828769
60.752544157691716
60.6717474674541
60.59091798124919
60.51005574276921
60.429160795724144
60.34823318384143
60.2672729508664
60.18628014056181
60.10525479670822
60.024196963103606
59.94310668356362
59.861984001921485
59.78082896202774
59.69964160775069
59.61842198297582
59.53717013160633
59.455886097562605
59.37456992478258
59.29322165722158
59.211841338852096
59.13042901366419
59.04898472566498
58.96750851887902
58.886000437348144
58.804460525131255
58.72288882630465
58.641285384961606
58.55965024521278
58.47798345118573
58.39628504702533
58.31455507689347
58.232793584969016
58.15100061544803
58.0691762125434
57.98732042048523
57.90543328352035
57.82351484591273
57.74156515194322
57.659584245909414
57.577572172126025
57.49552897492437
57.41345469865275
57.331349387676255
57.249213086376635
57.167045839152564
57.08484769041924
57.002618684608784
56.92035886616978
56.83806827956765
56.755746969284374
56.67339497981849
56.591012355685244
56.508599141416255
56.42615538155991
56.34368112068087
56.26117640336045
56.17864127419644
56.09607577780288
56.01347995881048
55.9308538618661
55.848197531633105
55.765511012791265
55.68279435003646
55.60004758808108
55.51727077165358
55.4344639454989
55.35162715437794
55.268760443068
55.1858638563625
55.10293743907094
55.01998123601905
54.93699529204852
54.853979652017316
54.770934360799245
54.687859463284255
54.60475500437836
54.52162102900338
54.43845758209727
54.355264708613724
54.27204245352252
54.188790861809295
54.105509978475396
54.02219984853821
53.93886051703069
53.85549202900185
53.772094429516216
53.68866776365422
53.605212076511975
53.52172741320116
53.43821381884932
53.35467133859942
53.27110001761023
53.18749990105594
53.10387103412645
53.0202134620272
52.93652722997897
52.85281238321826
52.76906896699681
52.685297026582
52.60149660725659
52.5176677543186
52.43381051308161
52.34992492887435
52.26601104704106
52.18206891294112
52.09809857194926
52.01410006945552
51.93007345086498
51.84601876159813
51.76193604709043
51.677825352792695
51.59368672417065
51.50952020670526
51.42532584589262
51.34110368724367
51.25685377628461
51.1725761585564
51.08827087961518
51.003937985031996
50.9195775203927
50.835189531298255
50.75077406336423
50.66633116222138
50.581860873514955
50.49736324290525
50.412838316067294
50.32828613869073
50.243706756480115
50.15910021515457
50.074466560448045
49.989805838108936
49.90511809390047
49.82040337360043
49.73566172300107
49.6508931879094
49.56609781414671
49.48127564754902
49.39642673396678
49.31155111926476
49.226648849322395
49.141719970033286
49.05676452730563
48.97178256706181
48.886774135238625
48.801739277787284
48.71667804067304
48.63159046987565
48.54647661138888
48.461336511220956
48.37617021539401
48.290977769944575
48.20575922092324
48.12051461439461
48.035243996437515
47.94994741314473
47.864624910623135
47.779276534993656
47.69390233239107
47.60850234896429
47.52307663087596
47.43762522430286
47.35214817543543
47.26664553047815
47.18111733564931
47.09556363718088
47.00998448131878
46.924379914322536
46.838749982465586
46.753094732034896
46.66741420933123
46.58170846066907
46.49597753237632
46.41022147079475
46.32444032227949
46.23863413319938
46.1528029499368
46.06694681888748
45.981065786460874
45.89515989907963
45.809229203180095
45.723273745211785
45.63729357163778
45.551288728934495
45.46525926359155
45.379205222112056
45.29312665101223
45.20702359682172
45.12089610608324
45.03474422535284
44.94856800119976
44.862367480206274
44.77614270896794
44.689893734093246
44.60362060220395
44.51732335993481
44.43100205393348
44.344656730860876
44.25828743739063
44.17189422020956
44.0854771260172
43.999036201526174
43.912571493461954
43.82608304856273
43.73957091357973
43.65303513527677
43.566475760430656
43.47989283583076
43.39328640827932
43.30665652459129
43.22000323159412
43.133326576128155
43.04662660504617
42.959903365213655
42.8731569035087
42.786387266821805
42.699594502056186
42.61277865612735
42.525939775963515
42.439077908505105
42.35219310070517
42.26528539952912
42.1783548519546
42.09140150497183
42.00442540558309
41.91742660080325
41.830405137659184
41.743361063190164
41.65629442444772
41.56920526849544
41.48209364240923
41.39495959327697
41.30780316819888
41.22062441428703
41.13342337866577
41.04620010847142
40.958954650852235
40.871687052968625
40.78439736199278
40.69708562510901
40.60975188951349
40.52239620241415
40.43501861103102
40.347619162595734
40.26019790435196
40.172754883554944
40.08529014747185
39.997803743381596
39.91029571857462
39.82276612035331
39.73521499603144
39.647642392934685
39.560048358400095
39.47243293977648
39.384796184424175
39.29713813971493
39.209458853032196
39.12175837177067
39.03403674333672
38.94629401514809
38.85853023463381
38.77074544923449
38.68293970640187
38.59511305359923
38.50726553830097
38.41939720799289
38.33150811017207
38.24359829234663
38.15566780203614
38.067716686771085
37.97974499409335
37.89175277155571
37.8037400667222
37.71570692716793
37.6276534004789
37.53957953425234
37.45148537609625
37.36337097362978
37.27523637448301
37.18708162629676
37.09890677672302
37.010711873424334
36.92249696407438
36.83426209635739
36.74600731796859
36.65773267661392
36.56943822000993
36.481123995884076
36.392790051974295
36.3044364360294
36.21606319580861
36.12767037908192
36.03925803362992
35.95082620724357
35.8623749477246
35.773904302885015
35.68541432054745
35.59690504854503
35.5083765347211
35.41982882692966
35.33126197303484
35.242676020911354
35.154071018444014
35.06544701352811
34.976804054069156
34.888142187982815
34.799461463195136
34.71076192764217
34.622043629270344
34.533306616036015
34.444550935905816
34.35577663685647
34.266983766874596
34.17817237395708
34.08934250611061
34.00049421135199
33.911627537708014
33.822742533215255
33.73383924592038
33.64491772387974
33.55597801515978
33.46702016783651
33.378044229995936
33.28905024973386
33.20003827515564
33.11100835437661
33.02196053552154
32.932894866725164
32.84381139613157
32.7547101718947
32.665591242178024
32.5764546551545
32.48730045900676
32.39812870192682
32.3089394321163
32.219732697786284
32.13050854715717
32.041267028458954
31.952008189930822
31.862732079821534
31.773438746388962
31.684128237900453
31.594800602632667
31.5054558888713
31.41609414491156
31.326715419057596
31.23731975962298
31.147907214930207
31.058477833311066
30.969031663106463
30.879568752666188
30.79008915034931
30.70059290452371
30.61108006356642
30.521550675863452
30.43200478980958
30.342442453808737
30.252863716273517
30.16326862562559
30.07365723029528
29.984029578721845
29.894385719353362
29.804725700646493
29.71504957106685
29.62535737908855
29.535649173194585
29.44592500187641
29.356184913634273
29.266428956977002
29.176657180421863
29.08686963249489
28.997066361730397
28.907247416671396
28.817412845869363
28.727562697884025
28.6376970212838
28.547815864645234
28.457919276553493
28.368007305601843
28.278080000392038
28.188137409534136
28.098179581646264
28.008206565355014
27.918218409295
27.828215162109185
27.738196872448512
27.648163588972206
27.558115360347593
27.46805223524992
27.3779742623627
27.287881490377256
27.197773967993065
27.10765174391761
27.01751486686611
26.927363385561954
26.837197348736197
26.74701680512799
26.6568218034841
26.566612392559264
26.47638862111603
26.38615053792451
26.295898191762813
26.2056316314165
26.115350905679072
26.025056063351443
25.93474715324232
25.844424224168023
25.754087324952295
25.663736504426627
25.573371811429837
25.482993294808395
25.392601003416235
25.3021949861146
25.211775291772355
25.121341969265522
25.030895067477736
24.94043463529975
24.84996072162977
24.75947337537332
24.66897264544301
24.578458580758895
24.487931230248023
24.39739064284485
24.306836867490766
24.216269953134447
24.125689948731683
24.03509690324515
23.94449086564483
23.853871884907477
23.76324001001703
23.67259528996437
23.58193777374719
23.49126751037029
23.40058454884515
23.309888938190348
23.219180727431066
23.12845996559946
23.03772670173447
22.94698098488165
22.85622286409348
22.76545238842893
22.67466960695387
22.58387456874062
22.493067322868256
22.402247918422486
22.311416404495404
22.220572830185876
22.129717244599068
22.0388496968468
21.94797023604738
21.857078911325345
21.76617577181191
21.675260866644436
21.584334244966858
21.493395955929245
21.402446048688116
21.311484572406282
21.22051157625264
21.12952710940254
21.0385312210373
20.94752396034464
20.856505376518214
20.76547551875794
20.67443443626985
20.58338217826587
20.492318793964202
20.401244332588817
20.310158843369855
20.219062375543402
20.12795497835134
20.036836701041665
19.94570759286802
19.85456770309014
19.763417080973362
19.672255775788997
19.58108383681412
19.489901313331394
19.398708254629426
19.307504710002284
19.216290728749946
19.125066360177797
19.033831653597005
18.94258665832433
18.851331423681913
18.760065998997675
18.668790433604805
18.577504776842147
18.486209078053996
18.394903386589913
18.30358775180509
18.212262223059845
18.1209268497201
18.029581681156856
17.938226766746574
17.846862155870994
17.75548789791693
17.664104042276616
17.572710638347274
17.481307735531505
17.389895383236798
17.298473630875957
17.207042527866832
17.11560212363218
17.024152467600004
16.932693609203085
16.841225597879337
16.74974848307164
16.65826231422761
16.56676714079999
16.47526301224616
16.383749978028575
16.292228087614276
16.20069739047524
16.109157936088238
16.017609773934588
15.926052953500536
15.834487524276796
15.74291353575894
15.651331037446962
15.559740078845621
15.468140709464244
15.376532978816538
15.284916936420949
15.193292631800201
15.101660114481648
15.01001943399708
14.918370639882536
14.826713781678665
14.735048908930242
14.643376071186614
14.551695318001201
14.460006698931863
14.368310263540726
14.27660606139396
14.184894142062166
14.093174555119887
14.00144735014604
13.909712576723434
13.817970284439134
13.726220522884267
13.634463341653843
13.542698790347092
13.450926918567014
13.359147775920725
13.267361412019275
13.175567876477459
13.083767218914154
12.991959488951876
12.90014473621719
12.80832301034022
12.71649436095504
12.624658837699458
12.532816490214838
12.44096736814645
12.349111521143003
12.257248998857065
12.165379850944596
12.073504127065291
11.981621876882413
11.889733150062579
11.79783799627613
11.70593646519666
11.614028606501373
11.522114469870898
11.430194104989095
11.338267561543399
11.246334889224377
11.154396137726119
11.062451356745793
10.97050059598398
10.878543905144497
10.786581333934206
10.694612932063361
10.602638749245148
10.510658835196109
10.418673239635645
10.326682012286412
10.234685202874095
10.142682861127241
10.050675036777607
9.958661779559689
9.866643139211085
9.77461916547231
9.682589908086587
9.590555416800225
9.498515741362128
9.40647093152424
9.314421037041047
9.22236610766996
9.130306193171092
9.03824134330711
8.946171607843555
8.854097036548385
8.762017679192407
8.66993358554878
8.577844805393395
8.485751388504678
8.393653384663393
8.301550843653008
8.20944381525921
8.1173323492703
8.025216495476954
7.933096303672071
7.840971823651108
7.74884310521162
7.656710198153674
7.564573152279385
7.472432017393263
7.380286843302033
7.288137679814438
7.195984576741596
7.1038275838965355
7.011666751094607
6.9195021281530185
6.827333764891188
6.735161711130561
6.642986016694408
6.550806731408186
6.45862390509908
6.36643758759635
6.274247828731141
6.182054678336297
6.089858186246715
5.9976584022988755
5.905455376331259
5.813249158183881
5.721039797698648
5.628827344719158
5.536611849090525
5.444393360659724
5.352171929275123
5.259947604786909
5.167720437046606
5.075490475907445
4.9832577712241655
4.89102237285282
4.798784330651146
4.706543694478084
4.61430051419414
4.5220548396612035
4.429806720742339
4.337556207302157
4.245303349206338
4.153048196322057
4.0607907985175
3.96853120566224
3.876269467627034
3.784005634283629
3.6917397555051314
3.5994718811655284
3.5072020611401094
3.4149303453049917
3.322656783537486
3.2303814257158985
3.138104321719342
3.0458255214280943
2.9535450747231278
2.8612630314864713
2.768979441601018
2.676694354950329
2.584407821418996
2.4921198908921727
2.3998306132559892
2.307540038397082
2.2152482162029536
2.1229551965617843
2.0306610293622303
1.9383657644937946
1.8460694518463499
1.7537721413105563
1.6614738827773923
1.569174726138515
1.4768747212860678
1.3845739181124845
1.2922723665108544
1.1999701163744474
1.1076672175970788
1.0153637200729144
0.923059673696276
0.8307551283620062
0.738450133964993
0.6461447404005911
0.5538389975641472
0.4615329553513648
0.36922666365810863
0.2769201723802112
0.18461353141383618
0.09230679065500479
1.537475163402774e-14
-0.0923067906550298
-0.1846135314138612
-0.27692017238023625
-0.36922666365813356
-0.4615329553513898
-0.5538389975641724
-0.646144740400616
-0.7384501339650181
-0.8307551283620311
-0.923059673696301
-1.0153637200729393
-1.1076672175971038
-1.1999701163744723
-1.2922723665108795
-1.3845739181125096
-1.4768747212860927
-1.56917472613854
-1.6614738827774174
-1.7537721413105256
-1.846069451846375
-1.93836576449382
-2.030661029362255
-2.1229551965618088
-2.2152482162029794
-2.3075400383971068
-2.3998306132560145
-2.492119890892198
-2.5844078214190205
-2.676694354950353
-2.7689794416010427
-2.861263031486497
-2.9535450747231526
-3.04582552142812
-3.138104321719367
-3.2303814257159233
-3.32265678353751
-3.4149303453050166
-3.5072020611400787
-3.5994718811655533
-3.6917397555051554
-3.7840056342836537
-3.876269467627058
-3.9685312056622655
-4.060790798517526
-4.153048196322081
-4.245303349206363
-4.337556207302182
-4.429806720742364
-4.522054839661229
-4.614300514194166
-4.706543694478109
-4.798784330651172
-4.891022372852845
-4.98325777122419
-5.07549047590747
-5.167720437046631
-5.259947604786879
-5.352171929275148
-5.444393360659748
-5.5366118490905505
-5.628827344719183
-5.721039797698672
-5.813249158183906
-5.905455376331285
-5.9976584022988995
-6.08985818624674
-6.182054678336323
-6.274247828731168
-6.366437587596375
-6.458623905099106
-6.550806731408212
-6.642986016694431
-6.735161711130587
-6.827333764891214
-6.919502128153042
-7.011666751094578
-7.103827583896561
-7.195984576741621
-7.288137679814463
-7.380286843302059
-7.472432017393288
-7.56457315227941
-7.656710198153701
-7.748843105211645
-7.840971823651133
-7.933096303672096
-8.025216495476979
-8.117332349270324
-8.209443815259238
-8.30155084365303
-8.393653384663418
-8.485751388504703
-8.57784480539342
-8.669933585548803
-8.762017679192375
-8.854097036548412
-8.946171607843578
-9.038241343307137
-9.13030619317112
-9.222366107669982
-9.314421037041074
-9.406470931524265
-9.498515741362153
-9.590555416800248
-9.682589908086612
-9.774619165472334
-9.86664313921111
-9.958661779559712
-10.050675036777632
-10.142682861127266
-10.234685202874118
-10.326682012286437
-10.41867323963567
-10.510658835196077
-10.602638749245173
-10.694612932063384
-10.78658133393423
-10.878543905144522
-10.970500595984005
-11.062451356745818
-11.154396137726089
-11.246334889224402
-11.338267561543422
-11.430194104989118
-11.522114469870925
-11.614028606501398
-11.705936465196682
-11.797837996276153
-11.889733150062602
-11.981621876882441
-12.073504127065316
-12.165379850944621
-12.257248998857037
-12.349111521143026
-12.440967368146477
-12.532816490214863
-12.624658837699481
-12.716494360955064
-12.808323010340246
-12.900144736217154
-12.991959488951903
-13.083767218914177
-13.175567876477482
-13.267361412019298
-13.35914777592075
-13.450926918567038
-13.542698790347117
-13.634463341653866
-13.72622052288429
-13.817970284439156
-13.909712576723457
-14.001447350146005
-14.093174555119912
-14.184894142062191
-14.276606061393984
-14.36831026354075
-14.460006698931888
-14.551695318001226
-14.643376071186584
-14.735048908930267
-14.826713781678688
-14.91837063988256
-15.010019433997105
-15.101660114481675
-15.193292631800228
-15.284916936420974
-15.376532978816565
-15.468140709464274
-15.559740078845648
-15.65133103744699
-15.742913535758909
-15.834487524276817
-15.926052953500559
-16.017609773934613
-16.109157936088263
-16.200697390475266
-16.292228087614298
-16.383749978028547
-16.475263012246188
-16.566767140800014
-16.658262314227635
-16.749748483071663
-16.841225597879358
-16.93269360920311
-17.024152467600025
-17.115602123632204
-17.207042527866857
-17.298473630875982
-17.389895383236826
-17.481307735531473
-17.5727106383473
-17.66410404227664
-17.755487897916954
-17.846862155871015
-17.9382267667466
-18.029581681156877
-18.12092684972007
-18.21226222305987
-18.303587751805114
-18.39490338658994
-18.486209078054017
-18.57750477684217
-18.66879043360483
-18.7600659989977
-18.85133142368194
-18.942586658324355
-19.03383165359703
-19.125066360177822
-19.216290728749918
-19.307504710002306
-19.398708254629447
-19.489901313331423
-19.581083836814145
-19.672255775789022
-19.763417080973387
-19.854567703090108
-19.94570759286804
-20.036836701041686
-20.12795497835137
-20.219062375543427
-20.310158843369877
-20.401244332588842
-20.49231879396423
-20.583382178265897
-20.67443443626987
-20.765475518757967
-20.856505376518236
-20.94752396034461
-21.038531221037328
-21.129527109402563
-21.22051157625267
-21.311484572406307
-21.402446048688137
-21.49339595592927
-21.584334244966826
-21.67526086664446
-21.766175771811938
-21.85707891132537
-21.947970236047404
-22.03884969684683
-22.129717244599092
-22.2205728301859
-22.311416404495425
-22.40224791842251
-22.49306732286828
-22.583874568740644
-22.67466960695384
-22.765452388428955
-22.856222864093503
-22.946980984881677
-23.037726701734496
-23.128459965599482
-23.21918072743109
-23.309888938190316
-23.400584548845174
-23.491267510370314
-23.581937773747214
-23.672595289964395
-23.763240010017054
-23.85387188490751
-23.944490865644855
-24.035096903245172
-24.125689948731704
-24.216269953134468
-24.306836867490794
-24.397390642844826
-24.487931230248044
-24.578458580758916
-24.668972645443034
-24.759473375373346
-24.849960721629795
-24.940434635299773
-25.030895067477708
-25.121341969265544
-25.211775291772376
-25.30219498611463
-25.39260100341626
-25.482993294808416
-25.573371811429862
-25.663736504426648
-25.754087324952316
-25.844424224168044
-25.934747153242345
-26.025056063351464
-26.115350905679048
-26.20563163141653
-26.295898191762834
-26.386150537924532
-26.47638862111605
-26.56661239255929
-26.656821803484128
-26.747016805127966
-26.837197348736225
-26.92736338556198
-27.017514866866133
-27.107651743917632
-27.197773967993093
-27.287881490377277
-27.37797426236272
-27.468052235249942
-27.55811536034762
-27.64816358897223
-27.738196872448537
-27.828215162109146
-27.918218409295026
-28.00820656535504
-28.09817958164629
-28.188137409534157
-28.278080000392066
-28.368007305601864
-28.457919276553454
-28.547815864645255
-28.637697021283824
-28.727562697884046
-28.817412845869384
-28.907247416671424
-28.99706636173042
-29.08686963249491
-29.176657180421884
-29.266428956977023
-29.3561849136343
-29.44592500187644
-29.53564917319455
-29.62535737908857
-29.715049571066878
-29.80472570064652
-29.894385719353387
-29.984029578721874
-30.0736572302953
-30.163268625625562
-30.25286371627354
-30.34244245380876
-30.432004789809604
-30.521550675863473
-30.611080063566444
-30.700592904523724
-30.79008915034933
-30.879568752666202
-30.969031663106485
-31.058477833311095
-31.14790721493023
-31.23731975962294
-31.32671541905762
-31.416094144911575
-31.50545588887133
-31.594800602632688
-31.684128237900488
-31.773438746388983
-31.862732079821498
-31.952008189930844
-32.04126702845898
-32.1305085471572
-32.21973269778631
-32.30893943211632
-32.39812870192685
-32.48730045900679
-32.57645465515452
-32.66559124217805
-32.754710171894715
-32.8438113961316
-32.93289486672513
-33.02196053552157
-33.11100835437664
-33.200038275155656
-33.289050249733876
-33.378044229995965
-33.46702016783652
-33.55597801515974
-33.64491772387977
-33.73383924592041
-33.822742533215276
-33.91162753770804
-34.00049421135201
-34.089342506110626
-34.17817237395711
-34.26698376687462
-34.35577663685649
-34.44455093590584
-34.53330661603604
-34.62204362927032
-34.710761927642196
-34.799461463195165
-34.888142187982844
-34.97680405406918
-35.06544701352813
-35.15407101844404
-35.242676020911325
-35.33126197303486
-35.41982882692968
-35.50837653472113
-35.59690504854506
-35.68541432054748
-35.773904302885036
-35.86237494772462
-35.950826207243594
-36.03925803362994
-36.12767037908194
-36.21606319580863
-36.30443643602938
-36.392790051974316
-36.481123995884104
-36.56943822000995
-36.657732676613946
-36.74600731796861
-36.83426209635742
-36.92249696407434
-37.010711873424356
-37.098906776723034
-37.1870816262968
-37.27523637448303
-37.3633709736298
-37.45148537609628
-37.53957953425236
-37.62765340047892
-37.71570692716795
-37.80374006672222
-37.89175277155573
-37.979744994093316
-38.067716686771114
-38.15566780203616
-38.24359829234666
-38.33150811017208
-38.419397207992915
-38.50726553830099
-38.5951130535992
-38.68293970640189
-38.77074544923451
-38.85853023463383
-38.94629401514811
-39.03403674333674
-39.121758371770696
-39.20945885303222
-39.29713813971495
-39.384796184424204
-39.4724329397765
-39.56004835840013
-39.64764239293466
-39.735214996031466
-39.82276612035333
-39.910295718574645
-39.997803743381624
-40.08529014747188
-40.172754883554965
-40.26019790435193
-40.347619162595755
-40.43501861103104
-40.52239620241418
-40.609751889513504
-40.69708562510903
-40.784397361992816
-40.871687052968646
-40.95895465085225
-41.046200108471446
-41.13342337866578
-41.22062441428706
-41.30780316819886
-41.394959593277
-41.482093642409254
-41.56920526849546
-41.65629442444775
-41.743361063190186
-41.83040513765919
-41.917426600803225
-42.00442540558312
-42.09140150497185
-42.17835485195463
-42.26528539952915
-42.35219310070519
-42.43907790850513
-42.525939775963536
-42.61277865612738
-42.69959450205621
-42.786387266821826
-42.87315690350873
-42.95990336521368
-43.0466266050462
-43.13332657612819
-43.22000323159414
-43.3066565245913
-43.393286408279344
-43.47989283583078
-43.56647576043063
-43.65303513527679
-43.73957091357974
-43.826083048562765
-43.91257149346198
-43.99903620152621
-44.085477126017224
-44.17189422020958
-44.25828743739065
-44.3446567308609
-44.431002053933504
-44.51732335993482
-44.60362060220397
-44.689893734093275
-44.77614270896795
-44.8623674802063
-44.948568001199796
-45.03474422535287
-45.120896106083265
-45.20702359682169
-45.29312665101225
-45.379205222112084
-45.46525926359158
-45.55128872893452
-45.63729357163781
-45.72327374521181
-45.80922920318012
-45.89515989907965
-45.98106578646089
-46.06694681888751
-46.15280294993682
-46.2386341331994
-46.32444032227952
-46.41022147079478
-46.495977532376344
-46.58170846066909
-46.667414209331255
-46.75309473203491
-46.838749982465565
-46.92437991432256
-47.00998448131881
-47.095563637180895
-47.18111733564935
-47.26664553047818
-47.352148175435474
-47.43762522430289
-47.52307663087599
-47.608502348964315
-47.69390233239109
-47.77927653499369
-47.86462491062316
-47.94994741314475
-48.03524399643754
-48.12051461439462
-48.20575922092327
-48.2909777699446
-48.37617021539404
-48.461336511220914
-48.54647661138891
-48.63159046987566
-48.71667804067306
-48.801739277787306
-48.88677413523865
-48.97178256706182
-49.05676452730566
-49.14171997003331
-49.22664884932243
-49.31155111926479
-49.3964267339668
-49.481275647549054
-49.566097814146744
-49.65089318790943
-49.73566172300111
-49.82040337360045
-49.905118093900484
-49.98980583810896
-50.074466560448016
-50.1591002151546
-50.24370675648016
-50.32828613869074
-50.41283831606731
-50.49736324290527
-50.581860873515
-50.66633116222141
-50.75077406336427
-50.83518953129826
-50.91957752039272
-51.00393798503202
-51.08827087961521
-51.17257615855644
-51.25685377628463
-51.34110368724369
-51.425325845892644
-51.50952020670529
-51.59368672417067
-51.67782535279267
-51.76193604709046
-51.84601876159815
-51.930073450865
-52.01410006945554
-52.09809857194929
-52.18206891294114
-52.26601104704109
-52.34992492887437
-52.43381051308164
-52.51766775431862
-52.601496607256614
-52.685297026582035
-52.76906896699683
-52.852812383218264
-52.93652722997898
-53.020213462027215
-53.103871034126485
-53.18749990105596
-53.271100017610195
-53.35467133859943
-53.43821381884934
-53.521727413201184
-53.605212076512
-53.68866776365424
-53.772094429516244
-53.855492029001866
-53.938860517030705
-54.022199848538214
-54.105509978475425
-54.188790861809316
-54.272042453522545
-54.355264708613745
-54.43845758209729
-54.5216210290034
-54.60475500437839
-54.68785946328427
-54.77093436079925
-54.8539796520173
-54.93699529204855
-55.01998123601907
-55.10293743907095
-55.18586385636253
-55.26876044306802
-55.351627154377965
-55.43446394549892
-55.517270771653614
-55.60004758808111
-55.682794350036474
-55.765511012791286
-55.84819753163314
-55.930853861866126
-56.01347995881051
-56.09607577780291
-56.178641274196465
-56.26117640336048
-56.343681120680884
-56.42615538155988
-56.50859914141627
-56.591012355685265
-56.67339497981851
-56.7557469692844
-56.838068279567665
-56.92035886616981
-57.00261868460882
-57.08484769041927
-57.16704583915258
-57.249213086376656
-57.33134938767628
-57.41345469865277
-57.4955289749244
-57.577572172126054
-57.65958424590945
-57.741565151943234
-57.823514845912754
-57.90543328352038
-57.9873204204852
-58.069176212543425
-58.15100061544804
-58.23279358496903
-58.31455507689349
-58.39628504702536
-58.477983451185764
-58.55965024521281
-58.641285384961634
-58.72288882630467
-58.804460525131276
-58.88600043734817
-58.96750851887904
-59.048984725664994
-59.13042901366421
-59.211841338852125
-59.2932216572216
-59.374569924782605
-59.45588609756261
-59.5371701316063
-59.61842198297584
-59.6996416077507
-59.780828962027776
-59.8619840019215
-59.94310668356364
-60.02419696310363
-60.10525479670825
-60.18628014056182
-60.26727295086641
-60.34823318384145
-60.42916079572416
-60.51005574276924
-60.5909179812492
-60.67174746745412
-60.75254415769173
-60.833308008287716
-60.91403897558526
-60.99473701594552
-61.07540208574726
-61.15603414138728
-61.23663313928007
-61.317199035858
-61.39773178757144
-61.47823135088852
-61.55869768229549
-61.6391307382964
-61.719530475413336
-61.7998968501865
-61.88022981917395
-61.960529338951964
-62.04079536611477
-62.121027857274825
-62.201226769062615
-62.281392058126784
-62.36152368113423
-62.44162159476993
-62.52168575573723
-62.60171612075756
-62.68171264657079
-62.76167528993492
-62.84160400762632
-62.9214987564398
-63.00135949318834
-63.08118617470353
-63.16097875783511
-63.24073719945154
-63.32046145643947
-63.40015148570416
-63.47980724416943
-63.55942868877747
-63.63901577648916
-63.71856846428386
-63.798086709159534
-63.87757046813283
-63.95701969823893
-64.03643435653186
-64.11581440008409
-64.19515978598702
-64.27447047135067
-64.35374641330377
-64.432987568994
-64.51219389558767
-64.59136535027007
-64.67050189024512
-64.74960347273594
-64.82867005498424
-64.90770159425074
-64.98669804781525
-65.06565937297628
-65.14458552705165
-65.2234764673779
-65.30233215131072
-65.38115253622492
-65.45993757951425
-65.53868723859173
-65.61740147088933
-65.69608023385837
-65.77472348496917
-65.85333118171128
-65.93190328159358
-66.01043974214402
-66.08894052090997
-66.16740557545799
-66.245834863374
-66.32422834226327
-66.4025859697503
-66.48090770347918
-66.55919350111316
-66.63744332033515
-66.71565711884736
-66.79383485437147
-66.87197648464875
-66.95008196743986
-67.02815126052516
-67.1061843217044
-67.18418110879708
-67.26214157964216
-67.34006569209828
-67.41795340404381
-67.49580467337665
-67.57361945801463
-67.65139771589496
-67.72913940497497
-67.8068444832315
-67.8845129086612
-67.9621446392807
-68.03973963312623
-68.11729784825414
-68.19481924274045
-68.27230377468112
-68.34975140219217
-68.42716208340936
-68.50453577648861
-68.58187243960572
-68.6591720309566
-68.73643450875709
-68.8136598312431
-68.89084795667078
-68.96799884331615
-69.04511244947561
-69.12218873346549
-69.19922765362244
-69.27622916830326
-69.3531932358849
-69.4301198147647
-69.50700886336011
-69.58386034010901
-69.6606742034695
-69.73745041191995
-69.81418892395932
-69.89088969810663
-69.96755269290159
-70.04417786690408
-70.12076517869468
-70.19731458687424
-70.27382605006409
-70.35029952690627
-70.42673497606316
-70.50313235621776
-70.57949162607363
-70.655812744355
-70.73209566980668
-70.80834036119404
-70.88454677730329
-70.96071487694114
-71.03684461893522
-71.11293596213369
-71.18898886540555
-71.26500328764067
-71.34097918774953
-71.41691652466365
-71.4928152573352
-71.56867534473736
-71.64449674586413
-71.72027941973036
-71.79602332537203
-71.87172842184586
-71.94739466822969
-72.02302202362226
-72.0986104471435
-72.17415989793413
-72.24967033515614
-72.32514171799258
-72.40057400564747
-72.47596715734622
-72.55132113233512
-72.62663588988177
-72.70191138927505
-72.77714758982484
-72.8523444508625
-72.92750193174051
-73.00261999183266
-73.0776985905341
-73.15273768726121
-73.22773724145185
-73.30269721256515
-73.37761756008172
-73.45249824350348
-73.52733922235394
-73.60214045617795
-73.67690190454184
-73.75162352703356
-73.82630528326249
-73.90094713285956
-73.97554903547736
-74.05011095078991
-74.12463283849306
-74.19911465830405
-74.27355636996208
-74.3479579332277
-74.42231930788344
-74.49664045373339
-74.57092133060343
-74.64516189834121
-74.71936211681617
-74.79352194591961
-74.86764134556451
-74.94172027568591
-75.01575869624057
-75.08975656720717
-75.16371384858644
-75.23763050040083
-75.31150648269497
-75.38534175553534
-75.4591362790104
-75.5328900132308
-75.60660291832905
-75.6802749544599
-75.75390608180001
-75.82749626054837
-75.90104545092589
-75.97455361317574
-76.0480207075633
-76.12144669437606
-76.19483153392386
-76.2681751865386
-76.34147761257464
-76.41473877240848
-76.48795862643894
-76.56113713508731
-76.63427425879696
-76.707369958034
-76.78042419328658
-76.85343692506541
-76.92640811390373
-76.99933772035703
-77.07222570500346
-77.14507202844354
-77.21787665130043
-77.29063953421974
-77.36336063786962
-77.43603992294094
-77.50867735014698
-77.58127288022385
-77.65382647393015
-77.72633809204729
-77.79880769537921
-77.87123524475263
-77.94362070101707
-78.01596402504471
-78.08826517773056
-78.16052411999242
-78.2327408127708
-78.30491521702928
-78.37704729375402
-78.44913700395433
-78.52118430866219
-78.59318916893265
-78.66515154584368
-78.7370714004961
-78.80894869401392
-78.88078338754391
-78.95257544225616
-79.02432481934348
-79.09603148002206
-79.16769538553098
-79.23931649713242
-79.3108947761119
-79.38243018377779
-79.45392268146193
-79.5253722305192
-79.59677879232764
-79.66814232828872
-79.73946279982692
-79.81074016839025
-79.88197439544982
-79.9531654425002
-80.02431327105921
-80.09541784266806
-80.16647911889136
-80.23749706131704
-80.30847163155664
-80.37940279124493
-80.4502905020403
-80.52113472562455
-80.59193542370298
-80.66269255800447
-80.73340609028139
-80.8040759823098
-80.87470219588917
-80.94528469284265
-81.01582343501714
-81.086318384283
-81.15676950253442
-81.22717675168916
-81.29754009368881
-81.36785949049863
-81.43813490410754
-81.50836629652846
-81.57855362979792
-81.64869686597635
-81.71879596714791
-81.78885089542085
-81.85886161292704
-81.92882808182235
-81.99875026428666
-82.06862812252356
-82.1384616187609
-82.20825071525026
-82.27799537426728
-82.34769555811177
-82.41735122910733
-82.48696234960185
-82.55652888196717
-82.62605078859929
-82.6955280319183
-82.7649605743684
-82.83434837841807
-82.9036914065598
-82.9729896213105
-83.0422429852111
-83.11145146082693
-83.18061501074749
-83.24973359758651
-83.31880718398222
-83.38783573259695
-83.45681920611761
-83.52575756725528
-83.59465077874546
-83.66349880334816
-83.73230160384767
-83.8010591430529
-83.86977138379702
-83.93843828893787
-84.00705982135773
-84.0756359439633
-84.14416661968602
-84.21265181148175
-84.28109148233098
-84.34948559523883
-84.41783411323505
-84.48613699937398
-84.55439421673464
-84.6226057284208
-84.69077149756083
-84.75889148730798
-84.8269656608401
-84.89499398135979
-84.96297641209466
-85.03091291629683
-85.09880345724349
-85.16664799823647
-85.23444650260265
-85.3021989336937
-85.36990525488615
-85.43756542958155
-85.50517942120638
-85.57274719321202
-85.64026870907486
-85.70774393229637
-85.77517282640294
-85.84255535494603
-85.90989148150221
-85.97718116967305
-86.04442438308534
-86.11162108539088
-86.17877124026663
-86.24587481141481
-86.31293176256264
-86.37994205746274
-86.4469056598928
-86.51382253365588
-86.58069264258015
-86.64751595051914
-86.71429242135171
-86.78102201898193
-86.84770470733937
-86.91434045037879
-86.98092921208045
-87.04747095644996
-87.11396564751823
-87.18041324934185
-87.24681372600264
-87.31316704160808
-87.37947316029096
-87.44573204620963
-87.51194366354812
-87.57810797651581
-87.6442249493478
-87.71029454630468
-87.77631673167272
-87.84229146976378
-87.90821872491536
-87.97409846149061
-88.03993064387845
-88.10571523649345
-88.17145220377586
-88.23714151019176
-88.30278312023299
-88.368376998417
-88.43392310928733
-88.4994214174131
-88.56487188738939
-88.63027448383713
-88.69562917140298
-88.76093591475978
-88.82619467860602
-88.8914054276663
-88.95656812669102
-89.02168274045678
-89.08674923376593
-89.1517675714469
-89.21673771835427
-89.28165963936851
-89.34653329939633
-89.4113586633703
-89.47613569624934
-89.54086436301837
-89.60554462868835
-89.67017645829665
-89.73475981690659
-89.7992946696079
-89.86378098151634
-89.92821871777396
-89.9926078435492
-90.05694832403658
-90.12124012445705
-90.18548321005784
-90.24967754611251
-90.31382309792093
-90.37791983080936
-90.44196771013056
-90.50596670126349
-90.56991676961371
-90.63381788061317
-90.69766999972026
-90.76147309241989
-90.82522712422339
-90.88893206066876
-90.95258786732037
-91.01619450976929
-91.07975195363309
-91.14326016455588
-91.20671910820853
-91.27012875028844
-91.33348905651967
-91.39679999265294
-91.46006152446571
-91.52327361776211
-91.58643623837297
-91.64954935215592
-91.71261292499526
-91.7756269228022
-91.83859131151459
-91.90150605709728
-91.96437112554183
-92.02718648286658
-92.08995209511697
-92.15266792836512
-92.21533394871018
-92.27795012227816
-92.34051641522203
-92.40303279372175
-92.46549922398421
-92.52791567224341
-92.59028210476018
-92.65259848782256
-92.71486478774563
-92.77708097087134
-92.83924700356903
-92.90136285223494
-92.96342848329247
-93.02544386319221
-93.08740895841197
-93.14932373545659
-93.21118816085817
-93.27300220117611
-93.33476582299689
-93.39647899293445
-93.45814167762978
-93.5197538437513
-93.58131545799473
-93.64282648708303
-93.70428689776664
-93.76569665682318
-93.82705573105784
-93.8883640873031
-93.94962169241887
-94.0108285132925
-94.07198451683871
-94.13308966999995
-94.1941439397458
-94.25514729307362
-94.31609969700816
-94.37700111860171
-94.43785152493425
-94.49865088311313
-94.55939916027351
-94.620096323578
-94.68074234021682
-94.74133717740806
-94.80188080239719
-94.86237318245762
-94.92281428489022
-94.98320407702381
-95.04354252621476
-95.10382959984727
-95.16406526533338
-95.22424949011278
-95.28438224165296
-95.34446348744945
-95.40449319502541
-95.46447133193195
-95.524397865748
-95.58427276408038
-95.64409599456395
-95.7038675248614
-95.76358732266331
-95.82325535568832
-95.88287159168293
-95.9424359984219
-96.00194854370774
-96.06140919537106
-96.12081792127051
-96.18017468929298
-96.23947946735328
-96.29873222339428
-96.35793292538712
-96.41708154133087
-96.47617803925306
-96.53522238720913
-96.59421455328285
-96.65315450558609
-96.71204221225896
-96.77087764146997
-96.82966076141571
-96.88839154032112
-96.94706994643943
-97.00569594805202
-97.06426951346897
-97.1227906110284
-97.18125920909684
-97.23967527606916
-97.29803878036887
-97.35634969044762
-97.41460797478558
-97.47281360189143
-97.5309665403021
-97.58906675858339
-97.6471142253292
-97.70510890916219
-97.76305077873346
-97.82093980272256
-97.87877594983792
-97.9365591888162
-97.9942894884229
-98.051966817452
-98.10959114472607
-98.16716243909659
-98.22468066944344
-98.28214580467528
-98.33955781372944
-98.39691666557209
-98.45422232919799
-98.51147477363068
-98.56867396792252
-98.62581988115457
-98.6829124824368
-98.73995174090798
-98.79693762573561
-98.85387010611609
-98.91074915127469
-98.96757473046571
-99.0243468129721
-99.08106536810587
-99.13773036520797
-99.1943417736482
-99.2508995628255
-99.30740370216765
-99.36385416113146
-99.42025090920274
-99.47659391589644
-99.53288315075648
-99.58911858335577
-99.64530018329647
-99.70142792020962
-99.75750176375564
-99.81352168362395
-99.86948764953306
-99.92539963123069
-99.9812575984937
-100.03706152112838
-100.0928113689699
-100.1485071118829
-100.20414871976114
-100.25973616252762
-100.31526941013479
-100.37074843256428
-100.42617319982698
-100.48154368196312
-100.53685984904246
-100.59212167116388
-100.64732911845579
-100.70248216107589
-100.75758076921129
-100.81262491307871
-100.86761456292406
-100.92254968902287
-100.97743026168008
-101.03225625123004
-101.08702762803685
-101.14174436249385
-101.19640642502411
-101.25101378608016
-101.30556641614406
-101.36006428572766
-101.41450736537215
-101.46889562564849
-101.5232290371572
-101.57750757052858
-101.63173119642241
-101.68589988552833
-101.74001360856545
-101.7940723362828
-101.84807603945909
-101.90202468890274
-101.95591825545193
-102.00975670997462
-102.06354002336845
-102.11726816656117
-102.17094111051011
-102.22455882620241
-102.27812128465524
-102.33162845691538
-102.38508031405986
-102.4384768271953
-102.49181796745836
-102.54510370601557
-102.59833401406357
-102.6515088628287
-102.70462822356757
-102.75769206756654
-102.81070036614199
-102.86365309064064
-102.91655021243889
-102.9693917029433
-103.02217753359062
-103.07490767584746
-103.1275821012108
-103.18020078120759
-103.23276368739485
-103.28527079135995
-103.33772206472011
-103.39011747912309
-103.44245700624666
-103.49474061779874
-103.54696828551755
-103.59913998117165
-103.65125567655969
-103.70331534351062
-103.75531895388379
-103.80726647956865
-103.85915789248526
-103.91099316458374
-103.96277226784467
-104.01449517427898
-104.0661618559279
-104.11777228486329
-104.1693264331872
-104.2208242730321
-104.272265776561
-104.32365091596726
-104.37497966347485
-104.42625199133813
-104.47746787184195
-104.52862727730158
-104.57973018006314
-104.63077655250294
-104.68176636702802
-104.73269959607595
-104.78357621211484
-104.83439618764356
-104.88515949519143
-104.9358661073185
-104.98651599661545
-105.03710913570347
-105.08764549723475
-105.13812505389187
-105.18854777838828
-105.23891364346804
-105.28922262190598
-105.3394746865078
-105.38966981010981
-105.43980796557919
-105.48988912581379
-105.53991326374248
-105.58988035232478
-105.63979036455112
-105.68964327344273
-105.7394390520517
-105.78917767346113
-105.83885911078491
-105.88848333716781
-105.93805032578564
-105.98756004984497
-106.03701248258358
-106.08640759727004
-106.13574536720385
-106.1850257657157
-106.23424876616708
-106.28341434195073
-106.33252246649026
-106.38157311324045
-106.4305662556869
-106.47950186734676
-106.52837992176781
-106.57720039252922
-106.62596325324117
-106.67466847754497
-106.72331603911324
-106.77190591164958
-106.82043806888886
-106.86891248459716
-106.91732913257167
-106.965687986641
-107.01398902066484
-107.0622322085342
-107.11041752417128
-107.15854494152966
-107.20661443459423
-107.25462597738108
-107.30257954393772
-107.35047510834289
-107.39831264470686
-107.44609212717111
-107.49381352990862
-107.5414768271236
-107.58908199305176
-107.63662900196039
-107.68411782814796
-107.73154844594451
-107.77892082971152
-107.82623495384198
-107.87349079276038
-107.92068832092266
-107.96782751281631
-108.01490834296035
-108.06193078590533
-108.10889481623346
-108.15580040855838
-108.20264753752544
-108.24943617781142
-108.29616630412494
-108.34283789120613
-108.38945091382676
-108.4360053467903
-108.48250116493173
-108.52893834311807
-108.57531685624767
-108.62163667925077
-108.66789778708927
-108.7141001547568
-108.76024375727894
-108.80632856971278
-108.85235456714727
-108.89832172470318
-108.94423001753304
-108.99007942082132
-109.03586990978417
-109.08160145966968
-109.12727404575772
-109.17288764336018
-109.21844222782065
-109.26393777451479
-109.30937425885
-109.35475165626568
-109.40006994223333
-109.44532909225613
-109.49052908186944
-109.53566988664048
-109.58075148216844
-109.62577384408465
-109.67073694805238
-109.7156407697669
-109.76048528495556
-109.80527046937772
-109.84999629882495
-109.89466274912077
-109.93926979612084
-109.98381741571285
-110.02830558381683
-110.07273427638474
-110.11710346940077
-110.16141313888124
-110.20566326087459
-110.24985381146169
-110.29398476675533
-110.33805610290068
-110.38206779607505
-110.426019822488
-110.46991215838145
-110.51374478002944
-110.5575176637384
-110.60123078584695
-110.64488412272607
-110.68847765077909
-110.73201134644162
-110.77548518618164
-110.81889914649939
-110.86225320392768
-110.90554733503149
-110.94878151640835
-110.99195572468807
-111.03506993653289
-111.07812412863765
-111.12111827772947
-111.16405236056792
-111.20692635394512
-111.24974023468559
-111.29249397964645
-111.33518756571728
-111.37782096982008
-111.42039416890955
-111.46290713997273
-111.50535986002949
-111.54775230613203
-111.59008445536526
-111.63235628484651
-111.674567771726
-111.7167188931864
-111.75880962644291
-111.80083994874357
-111.84280983736897
-111.88471926963237
-111.92656822287978
-111.96835667448983
-112.01008460187381
-112.05175198247582
-112.0933587937727
-112.134905013274
-112.17639061852192
-112.21781558709162
-112.25917989659082
-112.30048352466024
-112.34172644897326
-112.38290864723614
-112.42403009718788
-112.46509077660045
-112.50609066327857
-112.54702973505991
-112.58790796981484
-112.62872534544675
-112.669481839892
-112.71017743111969
-112.7508120971319
-112.79138581596376
-112.83189856568308
-112.87235032439096
-112.91274107022119
-112.9530707813407
-112.99333943594934
-113.03354701227994
-113.07369348859851
-113.11377884320385
-113.15380305442801
-113.19376610063588
-113.23366796022569
-113.27350861162847
-113.31328803330852
-113.35300620376313
-113.39266310152266
-113.43225870515084
-113.47179299324426
-113.51126594443275
-113.55067753737933
-113.59002775078011
-113.62931656336451
-113.66854395389502
-113.70770990116736
-113.74681438401048
-113.78585738128646
-113.82483887189085
-113.86375883475222
-113.90261724883247
-113.94141409312677
-113.98014934666365
-114.01882298850481
-114.05743499774532
-114.09598535351351
-114.1344740349711
-114.1729010213132
-114.21126629176806
-114.24956982559755
-114.28781160209672
-114.32599160059405
-114.36410980045147
-114.4021661810643
-114.44016072186123
-114.4780934023044
-114.51596420188936
-114.55377310014518
-114.59152007663437
-114.6292051109529
-114.66682818273009
-114.70438927162903
-114.74188835734611
-114.77932541961127
-114.81670043818801
-114.85401339287333
-114.89126426349785
-114.92845302992566
-114.96557967205453
-115.00264416981565
-115.0396465031739
-115.07658665212784
-115.11346459670952
-115.15028031698466
-115.18703379305259
-115.22372500504626
-115.26035393313245
-115.2969205575114
-115.33342485841712
-115.36986681611728
-115.40624641091333
-115.44256362314027
-115.47881843316704
-115.51501082139607
-115.55114076826372
-115.58720825424001
-115.62321325982879
-115.6591557655676
-115.69503575202779
-115.73085319981453
-115.7666080895668
-115.8023004019574
-115.83793011769292
-115.87349721751377
-115.90900168219423
-115.94444349254252
-115.97982262940064
-116.01513907364443
-116.05039280618368
-116.08558380796214
-116.12071205995733
-116.15577754318079
-116.19078023867795
-116.2257201275281
-116.26059719084472
-116.295411409775
-116.33016276550025
-116.36485123923566
-116.39947681223046
-116.43403946576794
-116.46853918116528
-116.50297593977376
-116.5373497229787
-116.57166051219937
-116.6059082888892
-116.64009303453565
-116.67421473066025
-116.70827335881849
-116.74226890060018
-116.77620133762906
-116.81007065156307
-116.8438768240942
-116.87761983694855
-116.91129967188655
-116.94491631070258
-116.97846973522519
-117.01195992731724
-117.04538686887562
-117.07875054183154
-117.11205092815032
-117.14528800983152
-117.17846176890887
-117.21157218745041
-117.24461924755843
-117.27760293136937
-117.310523221054
-117.34338009881725
-117.37617354689854
-117.40890354757143
-117.44157008314374
-117.47417313595767
-117.50671268838968
-117.5391887228507
-117.57160122178578
-117.60395016767453
-117.63623554303075
-117.66845733040255
-117.70061551237272
-117.73271007155807
-117.76474099061008
-117.79670825221442
-117.8286118390913
-117.86045173399532
-117.89222791971554
-117.92394037907533
-117.95558909493263
-117.98717405017986
-118.01869522774379
-118.05015261058577
-118.08154618170153
-118.11287592412131
-118.14414182091002
-118.17534385516691
-118.20648201002575
-118.23755626865494
-118.26856661425731
-118.2995130300703
-118.33039549936598
-118.36121400545082
-118.39196853166597
-118.42265906138712
-118.45328557802465
-118.48384806502342
-118.51434650586299
-118.54478088405739
-118.57515118315553
-118.60545738674077
-118.63569947843112
-118.66587744187936
-118.69599126077276
-118.72604091883349
-118.75602639981824
-118.78594768751836
-118.81580476576009
-118.8455976184041
-118.87532622934611
-118.9049905825163
-118.93459066187967
-118.96412645143599
-118.99359793521971
-119.0230050973002
-119.05234792178136
-119.08162639280212
-119.11084049453595
-119.1399902111913
-119.16907552701142
-119.19809642627422
-119.22705289329257
-119.25594491241407
-119.28477246802129
-119.31353554453148
-119.3422341263969
-119.37086819810453
-119.39943774417635
-119.42794274916913
-119.4563831976746
-119.4847590743193
-119.51307036376471
-119.54131705070722
-119.56949911987826
-119.59761655604396
-119.62566934400554
-119.65365746859915
-119.6815809146959
-119.70943966720178
-119.73723371105783
-119.76496303124006
-119.79262761275945
-119.82022744066194
-119.8477625000286
-119.87523277597532
-119.90263825365318
-119.92997891824812
-119.9572547549813
-119.98446574910884
-120.01161188592188
-120.03869315074658
-120.06570952894427
-120.09266100591134
-120.11954756707924
-120.14636919791447
-120.1731258839186
-120.1998176106285
-120.22644436361594
-120.25300612848793
-120.27950289088653
-120.30593463648897
-120.33230135100771
-120.35860302019023
-120.38483962981924
-120.41101116571261
-120.43711761372332
-120.46315895973969
-120.48913518968507
-120.51504628951807
-120.54089224523256
-120.56667304285749
-120.59238866845716
-120.61803910813109
-120.6436243480139
-120.6691443742756
-120.69459917312142
-120.71998873079183
-120.74531303356255
-120.77057206774461
-120.79576581968422
-120.82089427576304
-120.8459574223979
-120.87095524604104
-120.89588773317982
-120.92075487033719
-120.9455566440712
-120.97029304097535
-120.9949640476784
-121.01956965084449
-121.04410983717315
-121.06858459339927
-121.092993906293
-121.11733776266001
-121.14161614934125
-121.16582905321312
-121.18997646118737
-121.21405836021123
-121.23807473726723
-121.26202557937336
-121.2859108735831
-121.30973060698534
-121.33348476670429
-121.35717333989976
-121.38079631376691
-121.4043536755364
-121.42784541247441
-121.45127151188251
-121.47463196109776
-121.4979267474927
-121.52115585847548
-121.54431928148955
-121.56741700401409
-121.59044901356356
-121.61341529768814
-121.63631584397348
-121.65915064004068
-121.6819196735465
-121.70462293218314
-121.72726040367849
-121.74983207579581
-121.77233793633411
-121.79477797312792
-121.81715217404727
-121.83946052699784
-121.86170301992098
-121.88387964079348
-121.90599037762789
-121.92803521847222
-121.95001415141026
-121.97192716456132
-121.99377424608039
-122.01555538415806
-122.03727056702061
-122.05891978292993
-122.08050302018358
-122.10202026711487
-122.12347151209256
-122.14485674352137
-122.16617594984149
-122.18742911952893
-122.20861624109529
-122.22973730308789
-122.2507922940899
-122.27178120272
-122.2927040176327
-122.31356072751828
-122.33435132110262
-122.35507578714747
-122.37573411445027
-122.39632629184416
-122.41685230819812
-122.43731215241688
-122.45770581344092
-122.47803328024646
-122.49829454184555
-122.51848958728601
-122.53861840565148
-122.55868098606132
-122.57867731767084
-122.598607389671
-122.61847119128865
-122.63826871178651
-122.65799994046304
-122.67766486665258
-122.6972634797253
-122.71679576908721
-122.73626172418017
-122.75566133448193
-122.77499458950606
-122.79426147880203
-122.8134619919552
-122.83259611858668
-122.85166384835367
-122.87066517094908
-122.88960007610183
-122.90846855357667
-122.92727059317433
-122.94600618473137
-122.96467531812038
-122.98327798324976
-123.00181417006384
-123.02028386854303
-123.03868706870348
-123.05702376059743
-123.07529393431301
-123.09349757997435
-123.11163468774153
-123.12970524781048
-123.14770925041333
-123.16564668581793
-123.18351754432837
-123.20132181628453
-123.21905949206237
-123.2367305620738
-123.25433501676679
-123.27187284662534
-123.28934404216935
-123.30674859395481
-123.32408649257376
-123.34135772865423
-123.35856229286034
-123.37570017589213
-123.39277136848581
-123.40977586141352
-123.42671364548363
-123.44358471154038
-123.46038905046419
-123.47712665317147
-123.4937975106148
-123.51040161378276
-123.52693895370012
-123.54340952142755
-123.55981330806196
-123.5761503047363
-123.59242050261972
-123.60862389291736
-123.6247604668705
-123.64083021575655
-123.65683313088911
-123.67276920361778
-123.68863842532838
-123.70444078744282
-123.72017628141919
-123.73584489875168
-123.7514466309707
-123.76698146964277
-123.7824494063705
-123.79785043279281
-123.81318454058471
-123.8284517214573
-123.84365196715808
-123.85878526947045
-123.87385162021423
-123.8888510112453
-123.90378343445579
-123.91864888177406
-123.93344734516454
-123.948178816628
-123.96284328820138
-123.97744075195784
-123.99197120000676
-124.00643462449375
-124.0208310176006
-124.03516037154537
-124.0494226785824
-124.06361793100223
-124.07774612113164
-124.0918072413337
-124.10580128400765
-124.11972824158909
-124.1335881065498
-124.1473808713979
-124.16110652867769
-124.1747650709699
-124.18835649089132
-124.20188078109521
-124.21533793427103
-124.22872794314458
-124.24205080047786
-124.25530649906925
-124.26849503175345
-124.2816163914014
-124.29467057092042
-124.30765756325405
-124.32057736138219
-124.33342995832115
-124.34621534712343
-124.358933520878
-124.37158447270996
-124.38416819578092
-124.39668468328881
-124.40913392846787
-124.42151592458866
-124.4338306649581
-124.44607814291955
-124.45825835185265
-124.47037128517337
-124.48241693633412
-124.4943952988237
-124.50630636616715
-124.51815013192603
-124.52992658969819
-124.54163573311794
-124.55327755585589
-124.56485205161906
-124.57635921415093
-124.58779903723133
-124.59917151467644
-124.61047664033899
-124.62171440810792
-124.6328848119087
-124.64398784570326
-124.65502350348984
-124.66599177930314
-124.67689266721426
-124.68772616133081
-124.69849225579675
-124.70919094479245
-124.71982222253479
-124.73038608327705
-124.74088252130902
-124.7513115309568
-124.76167310658303
-124.77196724258683
-124.78219393340365
-124.79235317350556
-124.80244495740095
-124.81246927963474
-124.82242613478832
-124.83231551747956
-124.84213742236273
-124.85189184412866
-124.86157877750456
-124.87119821725426
-124.88075015817796
-124.89023459511239
-124.89965152293075
-124.9090009365427
-124.91828283089453
-124.92749720096887
-124.93664404178494
-124.94572334839839
-124.95473511590149
-124.96367933942292
-124.9725560141279
-124.9813651352182
-124.99010669793196
-124.99878069754413
-125.00738712936581
-125.01592598874495
-125.02439727106582
-125.03280097174928
-125.0411370862528
-125.04940561007027
-125.05760653873219
-125.0657398678055
-125.07380559289378
-125.08180370963717
-125.0897342137122
-125.09759710083222
-125.10539236674677
-125.11312000724232
-125.12078001814159
-125.12837239530404
-125.13589713462557
-125.14335423203876
-125.15074368351267
-125.15806548505292
-125.1653196327018
-125.17250612253804
-125.17962495067701
-125.18667611327066
-125.19365960650748
-125.2005754266126
-125.20742356984766
-125.21420403251088
-125.22091681093715
-125.22756190149786
-125.2341393006011
-125.24064900469133
-125.24709101024986
-125.25346531379446
-125.25977191187945
-125.26601080109593
-125.27218197807136
-125.27828543947001
-125.28432118199264
-125.29028920237667
-125.29618949739606
-125.30202206386139
-125.30778689861998
-125.31348399855558
-125.3191133605887
-125.32467498167634
-125.33016885881219
-125.33559498902659
-125.34095336938643
-125.34624399699523
-125.3514668689932
-125.3566219825571
-125.36170933490034
-125.36672892327299
-125.37168074496168
-125.37656479728977
-125.38138107761716
-125.38612958334045
-125.3908103118928
-125.39542326074411
-125.39996842740082
-125.40444580940607
-125.40885540433959
-125.41319720981788
-125.41747122349386
-125.42167744305726
-125.4258158662345
-125.42988649078846
-125.43388931451884
-125.4378243352619
-125.44169155089052
-125.44549095931441
-125.44922255847972
-125.45288634636935
-125.45648232100287
-125.46001048043647
-125.46347082276301
-125.46686334611204
-125.47018804864969
-125.47344492857886
-125.47663398413897
-125.47975521360627
-125.48280861529358
-125.48579418755028
-125.48871192876265
-125.49156183735349
-125.49434391178225
-125.49705815054506
-125.49970455217482
-125.50228311524103
-125.50479383834977
-125.50723672014391
-125.50961175930303
-125.51191895454319
-125.51415830461731
-125.5163298083149
-125.51843346446216
-125.52046927192198
-125.52243722959386
-125.5243373364141
-125.52616959135553
-125.52793399342774
-125.52963054167704
-125.53125923518633
-125.5328200730752
-125.5343130545
-125.53573817865365
-125.5370954447658
-125.53838485210287
-125.53960639996774
-125.54076008770019
-125.5418459146766
-125.54286388031
-125.54381398405016
-125.54469622538346
-125.54551060383304
-125.54625711895868
-125.54693577035687
-125.54754655766071
-125.5480894805401
-125.54856453870156
-125.54897173188826
-125.54931105988014
-125.54958252249375
-125.54978611958235
-125.54992185103589
-125.54998971678101
-125.54998971678101
-125.54992185103589
-125.54978611958235
-125.54958252249375
-125.54931105988014
-125.54897173188826
-125.54856453870156
-125.5480894805401
-125.54754655766071
-125.54693577035687
-125.54625711895868
-125.54551060383304
-125.54469622538346
-125.54381398405016
-125.54286388031
-125.5418459146766
-125.54076008770019
-125.53960639996774
-125.53838485210287
-125.5370954447658
-125.53573817865365
-125.5343130545
-125.5328200730752
-125.53125923518633
-125.52963054167704
-125.52793399342774
-125.52616959135553
-125.5243373364141
-125.52243722959386
-125.52046927192197
-125.51843346446216
-125.5163298083149
-125.51415830461731
-125.51191895454319
-125.50961175930303
-125.50723672014391
-125.50479383834976
-125.50228311524103
-125.49970455217482
-125.49705815054506
-125.49434391178225
-125.49156183735349
-125.48871192876265
-125.48579418755028
-125.48280861529358
-125.47975521360627
-125.47663398413897
-125.47344492857886
-125.47018804864969
-125.46686334611204
-125.46347082276301
-125.46001048043647
-125.45648232100287
-125.45288634636935
-125.44922255847972
-125.44549095931441
-125.44169155089052
-125.4378243352619
-125.43388931451884
-125.42988649078846
-125.4258158662345
-125.42167744305726
-125.41747122349383
-125.41319720981784
-125.40885540433959
-125.40444580940607
-125.39996842740082
-125.39542326074411
-125.3908103118928
-125.38612958334045
-125.38138107761716
-125.37656479728977
-125.37168074496168
-125.36672892327299
-125.36170933490034
-125.3566219825571
-125.3514668689932
-125.34624399699523
-125.3409533693864
-125.33559498902659
-125.33016885881219
-125.32467498167634
-125.3191133605887
-125.31348399855558
-125.30778689861998
-125.30202206386139
-125.29618949739606
-125.29028920237666
-125.28432118199264
-125.27828543947001
-125.27218197807136
-125.26601080109593
-125.25977191187945
-125.25346531379444
-125.24709101024986
-125.24064900469133
-125.23413930060107
-125.22756190149786
-125.22091681093715
-125.21420403251088
-125.20742356984766
-125.2005754266126
-125.19365960650748
-125.18667611327066
-125.17962495067701
-125.17250612253804
-125.1653196327018
-125.15806548505292
-125.15074368351267
-125.14335423203876
-125.13589713462557
-125.12837239530404
-125.12078001814159
-125.11312000724232
-125.10539236674677
-125.09759710083222
-125.0897342137122
-125.08180370963717
-125.07380559289378
-125.0657398678055
-125.05760653873219
-125.04940561007027
-125.0411370862528
-125.03280097174928
-125.02439727106582
-125.01592598874493
-125.00738712936581
-124.99878069754413
-124.99010669793196
-124.98136513521817
-124.9725560141279
-124.96367933942292
-124.95473511590149
-124.94572334839839
-124.93664404178494
-124.92749720096887
-124.91828283089451
-124.9090009365427
-124.89965152293072
-124.89023459511236
-124.88075015817796
-124.87119821725426
-124.86157877750456
-124.85189184412863
-124.84213742236273
-124.83231551747956
-124.82242613478832
-124.81246927963474
-124.80244495740095
-124.79235317350555
-124.78219393340365
-124.77196724258683
-124.76167310658303
-124.75131153095678
-124.74088252130902
-124.73038608327705
-124.71982222253479
-124.70919094479245
-124.69849225579674
-124.6877261613308
-124.67689266721426
-124.66599177930314
-124.65502350348984
-124.64398784570326
-124.6328848119087
-124.62171440810792
-124.61047664033899
-124.59917151467644
-124.58779903723132
-124.57635921415093
-124.56485205161906
-124.55327755585589
-124.54163573311794
-124.52992658969819
-124.51815013192603
-124.50630636616715
-124.49439529882369
-124.48241693633412
-124.47037128517337
-124.45825835185265
-124.44607814291956
-124.4338306649581
-124.42151592458865
-124.40913392846787
-124.39668468328881
-124.38416819578092
-124.37158447270996
-124.35893352087798
-124.34621534712343
-124.33342995832118
-124.32057736138219
-124.30765756325405
-124.29467057092037
-124.2816163914014
-124.26849503175346
-124.25530649906925
-124.24205080047784
-124.22872794314455
-124.21533793427102
-124.20188078109521
-124.18835649089132
-124.1747650709699
-124.16110652867769
-124.1473808713979
-124.13358810654981
-124.11972824158909
-124.10580128400765
-124.0918072413337
-124.0777461211317
-124.06361793100223
-124.0494226785824
-124.03516037154537
-124.02083101760059
-124.00643462449375
-123.99197120000676
-123.97744075195784
-123.96284328820138
-123.948178816628
-123.93344734516455
-123.91864888177403
-123.90378343445579
-123.8888510112453
-123.87385162021423
-123.85878526947045
-123.84365196715804
-123.82845172145728
-123.8131845405847
-123.79785043279281
-123.7824494063705
-123.76698146964277
-123.7514466309707
-123.73584489875168
-123.72017628141919
-123.70444078744282
-123.68863842532838
-123.67276920361776
-123.65683313088908
-123.64083021575655
-123.62476046687048
-123.60862389291736
-123.59242050261972
-123.5761503047363
-123.55981330806196
-123.54340952142752
-123.52693895370012
-123.51040161378276
-123.49379751061483
-123.47712665317147
-123.46038905046416
-123.44358471154037
-123.42671364548363
-123.40977586141355
-123.3927713684858
-123.37570017589212
-123.35856229286031
-123.34135772865423
-123.32408649257376
-123.30674859395481
-123.2893440421693
-123.27187284662529
-123.25433501676682
-123.2367305620738
-123.21905949206237
-123.20132181628452
-123.18351754432837
-123.16564668581796
-123.14770925041333
-123.12970524781046
-123.11163468774149
-123.09349757997435
-123.07529393431301
-123.05702376059743
-123.03868706870348
-123.020283868543
-123.00181417006384
-122.98327798324979
-122.96467531812038
-122.94600618473137
-122.92727059317433
-122.90846855357668
-122.88960007610183
-122.87066517094908
-122.85166384835365
-122.83259611858668
-122.8134619919552
-122.79426147880207
-122.77499458950606
-122.75566133448193
-122.73626172418017
-122.71679576908721
-122.69726347972528
-122.67766486665255
-122.65799994046304
-122.63826871178651
-122.61847119128865
-122.598607389671
-122.57867731767084
-122.5586809860613
-122.53861840565148
-122.51848958728603
-122.49829454184555
-122.47803328024646
-122.4577058134409
-122.43731215241688
-122.41685230819813
-122.39632629184416
-122.37573411445024
-122.35507578714747
-122.33435132110264
-122.31356072751827
-122.29270401763267
-122.27178120271995
-122.25079229408985
-122.22973730308789
-122.20861624109526
-122.1874291195289
-122.16617594984149
-122.14485674352139
-122.12347151209258
-122.10202026711485
-122.08050302018358
-122.0589197829299
-122.03727056702061
-122.01555538415806
-121.99377424608039
-121.97192716456131
-121.95001415141026
-121.92803521847222
-121.90599037762789
-121.88387964079348
-121.86170301992095
-121.83946052699783
-121.81715217404727
-121.7947779731279
-121.77233793633411
-121.74983207579581
-121.72726040367849
-121.70462293218314
-121.68191967354649
-121.65915064004068
-121.63631584397345
-121.61341529768816
-121.59044901356357
-121.56741700401405
-121.54431928148954
-121.52115585847545
-121.49792674749273
-121.47463196109776
-121.4512715118825
-121.42784541247441
-121.4043536755364
-121.38079631376691
-121.35717333989973
-121.33348476670426
-121.30973060698531
-121.28591087358313
-121.26202557937339
-121.2380747372672
-121.2140583602112
-121.18997646118737
-121.16582905321314
-121.14161614934125
-121.11733776265999
-121.09299390629297
-121.06858459339924
-121.04410983717317
-121.01956965084449
-120.99496404767837
-120.9702930409753
-120.94555664407119
-120.92075487033719
-120.89588773317982
-120.87095524604098
-120.84595742239787
-120.82089427576304
-120.79576581968422
-120.77057206774455
-120.74531303356252
-120.71998873079181
-120.69459917312145
-120.66914437427562
-120.6436243480139
-120.61803910813106
-120.59238866845716
-120.56667304285749
-120.54089224523253
-120.51504628951807
-120.48913518968504
-120.46315895973967
-120.43711761372332
-120.41101116571258
-120.38483962981923
-120.3586030201902
-120.33230135100774
-120.30593463648898
-120.2795028908865
-120.2530061284879
-120.22644436361594
-120.1998176106285
-120.17312588391862
-120.14636919791442
-120.11954756707922
-120.09266100591132
-120.0657095289443
-120.03869315074655
-120.01161188592187
-119.98446574910884
-119.95725475498129
-119.92997891824812
-119.90263825365314
-119.87523277597532
-119.84776250002858
-119.82022744066197
-119.79262761275945
-119.76496303124004
-119.73723371105783
-119.70943966720174
-119.6815809146959
-119.65365746859915
-119.62566934400554
-119.59761655604393
-119.56949911987823
-119.54131705070728
-119.51307036376468
-119.48475907431927
-119.45638319767457
-119.42794274916912
-119.39943774417635
-119.37086819810453
-119.34223412639687
-119.31353554453145
-119.28477246802129
-119.25594491241408
-119.22705289329255
-119.19809642627422
-119.16907552701139
-119.13999021119133
-119.11084049453595
-119.0816263928021
-119.05234792178136
-119.02300509730014
-118.99359793521973
-118.96412645143596
-118.93459066187964
-118.90499058251626
-118.87532622934609
-118.84559761840413
-118.81580476576005
-118.78594768751834
-118.7560263998182
-118.7260409188335
-118.69599126077279
-118.66587744187933
-118.6356994784311
-118.60545738674074
-118.57515118315555
-118.54478088405742
-118.51434650586296
-118.48384806502341
-118.45328557802465
-118.42265906138712
-118.39196853166597
-118.36121400545082
-118.33039549936595
-118.2995130300703
-118.26856661425731
-118.23755626865491
-118.20648201002572
-118.17534385516689
-118.14414182091004
-118.11287592412134
-118.0815461817015
-118.05015261058571
-118.01869522774378
-117.98717405017987
-117.95558909493265
-117.9239403790753
-117.89222791971551
-117.8604517339953
-117.82861183909131
-117.79670825221439
-117.76474099061005
-117.73271007155805
-117.70061551237268
-117.66845733040256
-117.6362355430307
-117.60395016767453
-117.57160122178578
-117.53918872285071
-117.50671268838968
-117.47417313595764
-117.44157008314369
-117.40890354757141
-117.37617354689857
-117.34338009881725
-117.31052322105398
-117.27760293136936
-117.2446192475584
-117.21157218745043
-117.17846176890885
-117.14528800983146
-117.11205092815028
-117.07875054183151
-117.04538686887562
-117.01195992731722
-116.97846973522516
-116.94491631070252
-116.91129967188657
-116.87761983694858
-116.84387682409415
-116.81007065156305
-116.77620133762905
-116.74226890060018
-116.70827335881849
-116.6742147306602
-116.64009303453562
-116.6059082888892
-116.57166051219937
-116.53734972297869
-116.50297593977376
-116.46853918116524
-116.43403946576791
-116.39947681223049
-116.36485123923566
-116.33016276550023
-116.29541140977499
-116.26059719084473
-116.2257201275281
-116.1907802386779
-116.15577754318078
-116.12071205995731
-116.08558380796217
-116.05039280618371
-116.01513907364442
-115.97982262940062
-115.94444349254252
-115.90900168219426
-115.87349721751374
-115.83793011769288
-115.80230040195735
-115.76660808956676
-115.73085319981453
-115.69503575202774
-115.65915576556756
-115.62321325982876
-115.58720825424004
-115.55114076826372
-115.51501082139607
-115.47881843316702
-115.44256362314027
-115.40624641091334
-115.3698668161173
-115.33342485841709
-115.29692055751138
-115.26035393313242
-115.2237250050463
-115.18703379305256
-115.15028031698462
-115.1134645967095
-115.07658665212783
-115.03964650317394
-115.00264416981561
-114.96557967205447
-114.92845302992563
-114.89126426349786
-114.85401339287333
-114.81670043818798
-114.77932541961124
-114.74188835734606
-114.70438927162904
-114.6668281827301
-114.62920511095285
-114.59152007663435
-114.55377310014516
-114.51596420188936
-114.47809340230438
-114.44016072186122
-114.40216618106426
-114.36410980045144
-114.32599160059405
-114.2878116020967
-114.24956982559755
-114.21126629176806
-114.1729010213132
-114.13447403497112
-114.09598535351351
-114.0574349977453
-114.01882298850481
-113.98014934666367
-113.94141409312681
-113.90261724883246
-113.86375883475222
-113.82483887189079
-113.78585738128649
-113.74681438401043
-113.70770990116733
-113.66854395389498
-113.62931656336451
-113.59002775078017
-113.55067753737931
-113.51126594443274
-113.47179299324421
-113.43225870515086
-113.39266310152269
-113.35300620376307
-113.31328803330851
-113.27350861162846
-113.23366796022572
-113.19376610063593
-113.15380305442797
-113.11377884320383
-113.07369348859845
-113.03354701227995
-112.9933394359493
-112.95307078134064
-112.91274107022116
-112.87235032439092
-112.8318985656831
-112.79138581596374
-112.7508120971319
-112.71017743111966
-112.66948183989203
-112.62872534544678
-112.58790796981482
-112.54702973505985
-112.50609066327857
-112.46509077660048
-112.42403009718791
-112.38290864723609
-112.34172644897325
-112.3004835246602
-112.25917989659082
-112.2178155870916
-112.17639061852192
-112.13490501327396
-112.0933587937727
-112.05175198247584
-112.01008460187379
-111.96835667448978
-111.92656822287975
-111.8847192696324
-111.84280983736897
-111.80083994874356
-111.75880962644288
-111.71671889318634
-111.67456777172603
-111.63235628484654
-111.59008445536521
-111.54775230613201
-111.50535986002944
-111.46290713997277
-111.4203941689095
-111.37782096982005
-111.33518756571723
-111.29249397964642
-111.24974023468559
-111.20692635394511
-111.16405236056788
-111.12111827772944
-111.07812412863768
-111.0350699365329
-110.99195572468801
-110.9487815164083
-110.90554733503149
-110.8622532039277
-110.81889914649939
-110.77548518618158
-110.73201134644158
-110.68847765077905
-110.64488412272608
-110.60123078584692
-110.55751766373837
-110.51374478002941
-110.4699121583814
-110.42601982248803
-110.38206779607503
-110.33805610290062
-110.2939847667553
-110.24985381146172
-110.20566326087462
-110.16141313888119
-110.11710346940072
-110.0727342763847
-110.02830558381686
-109.98381741571285
-109.9392697961208
-109.89466274912073
-109.84999629882492
-109.80527046937775
-109.76048528495551
-109.71564076976686
-109.67073694805234
-109.62577384408462
-109.58075148216847
-109.53566988664045
-109.49052908186943
-109.44532909225612
-109.40006994223334
-109.3547516562657
-109.30937425884997
-109.26393777451474
-109.21844222782063
-109.17288764336018
-109.12727404575776
-109.08160145966966
-109.03586990978417
-108.9900794208213
-108.94423001753307
-108.89832172470317
-108.85235456714724
-108.80632856971273
-108.76024375727891
-108.71410015475685
-108.66789778708923
-108.62163667925071
-108.57531685624761
-108.52893834311807
-108.48250116493178
-108.43600534679027
-108.38945091382675
-108.34283789120612
-108.296166304125
-108.24943617781143
-108.2026475375254
-108.15580040855836
-108.10889481623343
-108.06193078590536
-108.01490834296033
-107.96782751281626
-107.92068832092261
-107.87349079276034
-107.82623495384198
-107.77892082971152
-107.73154844594447
-107.68411782814792
-107.63662900196042
-107.58908199305182
-107.54147682712356
-107.49381352990858
-107.44609212717111
-107.39831264470686
-107.35047510834292
-107.30257954393768
-107.25462597738104
-107.20661443459417
-107.15854494152967
-107.11041752417127
-107.06223220853416
-107.01398902066481
-106.96568798664094
-106.91732913257168
-106.8689124845971
-106.82043806888885
-106.77190591164953
-106.72331603911324
-106.674668477545
-106.62596325324115
-106.57720039252919
-106.5283799217678
-106.47950186734676
-106.43056625568695
-106.38157311324036
-106.33252246649022
-106.28341434195067
-106.23424876616708
-106.18502576571565
-106.13574536720381
-106.08640759726998
-106.03701248258355
-105.987560049845
-105.93805032578561
-105.88848333716781
-105.83885911078485
-105.78917767346115
-105.73943905205172
-105.68964327344268
-105.63979036455109
-105.58988035232478
-105.53991326374253
-105.48988912581382
-105.43980796557918
-105.38966981010978
-105.33947468650777
-105.28922262190599
-105.23891364346798
-105.18854777838823
-105.13812505389183
-105.08764549723472
-105.03710913570352
-104.9865159966154
-104.93586610731849
-104.88515949519139
-104.83439618764358
-104.78357621211484
-104.73269959607592
-104.68176636702798
-104.63077655250291
-104.57973018006317
-104.52862727730164
-104.47746787184191
-104.42625199133812
-104.37497966347485
-104.32365091596726
-104.27226577656097
-104.22082427303206
-104.16932643318717
-104.11777228486328
-104.06616185592794
-104.01449517427893
-103.96277226784463
-103.91099316458369
-103.85915789248526
-103.8072664795687
-103.75531895388377
-103.70331534351058
-103.65125567655966
-103.59913998117167
-103.54696828551758
-103.4947406177987
-103.44245700624663
-103.39011747912309
-103.33772206472011
-103.28527079135989
-103.23276368739482
-103.18020078120753
-103.12758210121075
-103.07490767584746
-103.02217753359056
-102.96939170294328
-102.91655021243884
-102.86365309064067
-102.81070036614203
-102.7576920675665
-102.70462822356754
-102.65150886282868
-102.59833401406357
-102.54510370601561
-102.49181796745833
-102.43847682719527
-102.38508031405982
-102.33162845691541
-102.27812128465519
-102.22455882620238
-102.17094111051006
-102.11726816656113
-102.06354002336846
-102.00975670997455
-101.95591825545188
-101.90202468890271
-101.8480760394591
-101.7940723362828
-101.74001360856542
-101.68589988552826
-101.6317311964224
-101.57750757052858
-101.52322903715725
-101.46889562564847
-101.41450736537212
-101.36006428572762
-101.30556641614407
-101.25101378608014
-101.1964064250241
-101.1417443624938
-101.0870276280368
-101.03225625123008
-100.97743026168004
-100.92254968902286
-100.86761456292405
-100.81262491307872
-100.75758076921133
-100.70248216107586
-100.64732911845576
-100.59212167116385
-100.53685984904251
-100.48154368196313
-100.42617319982693
-100.37074843256423
-100.31526941013477
-100.25973616252764
-100.20414871976112
-100.14850711188288
-100.09281136896989
-100.03706152112832
-99.98125759849374
-99.92539963123065
-99.869487649533
-99.81352168362389
-99.75750176375568
-99.70142792020964
-99.64530018329643
-99.58911858335574
-99.53288315075645
-99.47659391589647
-99.42025090920276
-99.36385416113143
-99.30740370216762
-99.25089956282545
-99.19434177364823
-99.13773036520794
-99.08106536810584
-99.02434681297206
-98.96757473046566
-98.91074915127473
-98.85387010611606
-98.79693762573555
-98.73995174090794
-98.68291248243685
-98.62581988115458
-98.5686739679225
-98.51147477363065
-98.45422232919795
-98.3969166655721
-98.33955781372944
-98.28214580467525
-98.2246806694434
-98.16716243909653
-98.1095911447261
-98.05196681745193
-97.99428948842288
-97.93655918881619
-97.87877594983789
-97.8209398027226
-97.7630507787334
-97.70510890916213
-97.64711422532916
-97.58906675858339
-97.53096654030215
-97.47281360189136
-97.41460797478555
-97.35634969044759
-97.2980387803689
-97.2396752760692
-97.1812592090968
-97.12279061102836
-97.06426951346893
-97.00569594805205
-96.94706994643937
-96.88839154032108
-96.82966076141568
-96.77087764146992
-96.71204221225898
-96.65315450558606
-96.5942145532828
-96.5352223872091
-96.47617803925309
-96.4170815413309
-96.35793292538708
-96.29873222339427
-96.23947946735325
-96.18017468929304
-96.12081792127054
-96.06140919537103
-96.00194854370766
-95.94243599842184
-95.88287159168297
-95.82325535568827
-95.76358732266327
-95.70386752486135
-95.64409599456391
-95.58427276408041
-95.52439786574796
-95.46447133193192
-95.40449319502538
-95.34446348744949
-95.28438224165299
-95.22424949011274
-95.16406526533333
-95.10382959984724
-95.04354252621476
-94.98320407702381
-94.92281428489022
-94.86237318245759
-94.80188080239715
-94.74133717740806
-94.68074234021682
-94.62009632357793
-94.55939916027346
-94.49865088311309
-94.43785152493423
-94.37700111860171
-94.31609969700811
-94.25514729307355
-94.19414393974581
-94.13308966999992
-94.07198451683871
-94.01082851329244
-93.94962169241882
-93.8883640873031
-93.82705573105784
-93.76569665682317
-93.70428689776658
-93.64282648708298
-93.58131545799472
-93.51975384375129
-93.45814167762973
-93.39647899293439
-93.33476582299684
-93.2730022011761
-93.21118816085817
-93.14932373545656
-93.08740895841194
-93.02544386319227
-92.96342848329247
-92.9013628522349
-92.839247003569
-92.77708097087131
-92.71486478774561
-92.65259848782256
-92.59028210476018
-92.52791567224335
-92.46549922398418
-92.40303279372175
-92.340516415222
-92.27795012227811
-92.21533394871012
-92.15266792836505
-92.08995209511697
-92.02718648286658
-91.96437112554176
-91.90150605709724
-91.83859131151462
-91.77562692280218
-91.71261292499524
-91.64954935215587
-91.58643623837293
-91.52327361776211
-91.46006152446571
-91.39679999265294
-91.33348905651962
-91.27012875028839
-91.20671910820853
-91.14326016455588
-91.07975195363304
-91.01619450976925
-90.95258786732032
-90.88893206066876
-90.82522712422339
-90.76147309241985
-90.69766999972022
-90.63381788061318
-90.5699167696137
-90.50596670126347
-90.44196771013051
-90.37791983080932
-90.31382309792093
-90.2496775461125
-90.18548321005784
-90.12124012445702
-90.05694832403653
-89.9926078435492
-89.92821871777394
-89.8637809815163
-89.79929466960786
-89.73475981690655
-89.67017645829665
-89.60554462868835
-89.54086436301831
-89.47613569624932
-89.41135866337034
-89.34653329939631
-89.28165963936851
-89.21673771835422
-89.15176757144684
-89.08674923376593
-89.02168274045678
-88.95656812669102
-88.89140542766626
-88.82619467860599
-88.76093591475978
-88.69562917140298
-88.63027448383707
-88.56487188738936
-88.49942141741306
-88.43392310928733
-88.368376998417
-88.30278312023293
-88.23714151019172
-88.17145220377589
-88.10571523649345
-88.03993064387845
-87.97409846149057
-87.90821872491529
-87.84229146976378
-87.77631673167272
-87.71029454630468
-87.64422494934776
-87.57810797651577
-87.51194366354812
-87.44573204620963
-87.37947316029091
-87.31316704160801
-87.2468137260026
-87.18041324934185
-87.11396564751823
-87.0474709564499
-86.98092921208041
-86.91434045037883
-86.84770470733937
-86.78102201898193
-86.71429242135166
-86.64751595051908
-86.58069264258015
-86.51382253365587
-86.4469056598928
-86.37994205746273
-86.31293176256257
-86.24587481141481
-86.17877124026663
-86.11162108539082
-86.04442438308529
-85.97718116967299
-85.90989148150219
-85.84255535494601
-85.77517282640291
-85.70774393229632
-85.64026870907489
-85.57274719321201
-85.50517942120635
-85.43756542958153
-85.36990525488608
-85.3021989336937
-85.23444650260265
-85.16664799823644
-85.09880345724343
-85.03091291629678
-84.96297641209466
-84.89499398135979
-84.82696566084005
-84.75889148730793
-84.69077149756077
-84.6226057284208
-84.55439421673462
-84.48613699937393
-84.41783411323499
-84.34948559523886
-84.28109148233096
-84.21265181148172
-84.14416661968598
-84.07563594396325
-84.00705982135773
-83.93843828893787
-83.869771383797
-83.80105914305284
-83.73230160384762
-83.66349880334815
-83.59465077874546
-83.52575756725523
-83.45681920611756
-83.38783573259691
-83.31880718398219
-83.24973359758648
-83.18061501074743
-83.11145146082688
-83.04224298521115
-82.9729896213105
-82.9036914065598
-82.83434837841801
-82.76496057436835
-82.69552803191829
-82.62605078859927
-82.55652888196715
-82.48696234960181
-82.41735122910728
-82.34769555811174
-82.27799537426728
-82.20825071525022
-82.13846161876084
-82.0686281225235
-81.99875026428663
-81.92882808182235
-81.85886161292702
-81.78885089542081
-81.71879596714797
-81.64869686597633
-81.57855362979791
-81.50836629652842
-81.4381349041075
-81.36785949049862
-81.29754009368881
-81.22717675168916
-81.15676950253439
-81.08631838428296
-81.01582343501714
-80.94528469284265
-80.87470219588911
-80.80407598230975
-80.73340609028135
-80.66269255800447
-80.59193542370296
-80.5211347256245
-80.45029050204026
-80.37940279124496
-80.30847163155663
-80.23749706131704
-80.1664791188913
-80.095417842668
-80.02431327105921
-79.9531654425002
-79.88197439544982
-79.81074016839021
-79.73946279982687
-79.6681423282887
-79.59677879232764
-79.52537223051915
-79.45392268146189
-79.38243018377781
-79.31089477611187
-79.23931649713242
-79.16769538553092
-79.096031480022
-79.02432481934352
-78.95257544225615
-78.88078338754391
-78.80894869401385
-78.73707140049606
-78.66515154584366
-78.59318916893265
-78.52118430866217
-78.44913700395428
-78.37704729375398
-78.30491521702928
-78.2327408127708
-78.16052411999236
-78.0882651777305
-78.01596402504472
-77.94362070101707
-77.87123524475261
-77.79880769537915
-77.72633809204724
-77.6538264739302
-77.58127288022385
-77.50867735014695
-77.43603992294088
-77.36336063786956
-77.29063953421974
-77.21787665130043
-77.14507202844354
-77.07222570500339
-76.99933772035696
-76.9264081139037
-76.85343692506541
-76.78042419328654
-76.70736995803395
-76.63427425879702
-76.56113713508728
-76.48795862643894
-76.41473877240844
-76.34147761257458
-76.26817518653863
-76.19483153392386
-76.12144669437606
-76.04802070756327
-75.97455361317567
-75.90104545092589
-75.82749626054836
-75.75390608180001
-75.68027495445985
-75.606602918329
-75.5328900132308
-75.4591362790104
-75.38534175553528
-75.31150648269492
-75.23763050040088
-75.16371384858644
-75.08975656720716
-75.01575869624052
-74.94172027568587
-74.86764134556454
-74.7935219459196
-74.71936211681617
-74.64516189834117
-74.57092133060337
-74.49664045373339
-74.42231930788344
-74.34795793322769
-74.27355636996202
-74.19911465830401
-74.12463283849306
-74.0501109507899
-73.97554903547731
-73.90094713285953
-73.8263052832625
-73.75162352703356
-73.67690190454182
-73.60214045617792
-73.52733922235389
-73.45249824350351
-73.3776175600817
-73.30269721256515
-73.22773724145179
-73.15273768726115
-73.0776985905341
-73.00261999183266
-72.92750193174047
-72.85234445086246
-72.77714758982479
-72.70191138927505
-72.62663588988177
-72.55132113233509
-72.47596715734616
-72.40057400564753
-72.32514171799258
-72.24967033515613
-72.17415989793409
-72.09861044714344
-72.0230220236223
-71.94739466822968
-71.87172842184583
-71.79602332537199
-71.72027941973032
-71.6444967458641
-71.56867534473736
-71.4928152573352
-71.4169165246636
-71.34097918774947
-71.26500328764065
-71.18898886540553
-71.11293596213362
-71.03684461893516
-70.96071487694117
-70.88454677730329
-70.80834036119404
-70.73209566980663
-70.65581274435495
-70.57949162607366
-70.50313235621775
-70.42673497606312
-70.35029952690624
-70.27382605006406
-70.19731458687423
-70.12076517869467
-70.04417786690408
-69.96755269290153
-69.89088969810658
-69.81418892395932
-69.73745041191995
-69.66067420346944
-69.58386034010897
-69.50700886336014
-69.4301198147647
-69.35319323588489
-69.27622916830322
-69.19922765362239
-69.12218873346552
-69.04511244947561
-68.96799884331614
-68.89084795667073
-68.81365983124304
-68.73643450875709
-68.65917203095658
-68.58187243960572
-68.50453577648857
-68.42716208340929
-68.34975140219215
-68.2723037746811
-68.1948192427404
-68.11729784825408
-68.03973963312627
-67.96214463928068
-67.8845129086612
-67.80684448323144
-67.72913940497493
-67.651397715895
-67.57361945801462
-67.49580467337665
-67.41795340404374
-67.34006569209822
-67.26214157964216
-67.18418110879706
-67.10618432170438
-67.0281512605251
-66.95008196743981
-66.87197648464874
-66.79383485437144
-66.71565711884732
-66.6374433203351
-66.55919350111321
-66.48090770347918
-66.40258596975029
-66.32422834226323
-66.24583486337396
-66.16740557545802
-66.08894052090997
-66.01043974214399
-65.9319032815935
-65.85333118171121
-65.77472348496917
-65.69608023385837
-65.61740147088932
-65.53868723859166
-65.45993757951419
-65.38115253622492
-65.30233215131071
-65.22347646737785
-65.1445855270516
-65.06565937297636
-64.98669804781524
-64.90770159425074
-64.82867005498419
-64.74960347273588
-64.67050189024516
-64.59136535027002
-64.51219389558767
-64.43298756899397
-64.35374641330371
-64.27447047135065
-64.19515978598702
-64.11581440008408
-64.0364343565318
-63.95701969823888
-63.87757046813283
-63.798086709159506
-63.71856846428382
-63.63901577648911
-63.55942868877749
-63.47980724416942
-63.40015148570415
-63.32046145643942
-63.24073719945145
-63.16097875783515
-63.0811861747035
-63.00135949318834
-62.92149875643975
-62.84160400762627
-62.761675289934914
-62.68171264657079
-62.60171612075756
-62.52168575573717
-62.44162159476987
-62.36152368113423
-62.28139205812677
-62.20122676906256
-62.12102785727477
-62.04079536611481
-61.960529338951964
-61.88022981917393
-61.79989685018644
-61.71953047541328
-61.6391307382964
-61.558697682295474
-61.4782313508885
-61.39773178757139
-61.31719903585794
-61.23663313928007
-61.15603414138728
-61.07540208574725
-60.99473701594546
-60.914038975585186
-60.8333080082877
-60.75254415769173
-60.671747467454054
-60.59091798124915
-60.510055742769275
-60.42916079572416
-60.34823318384145
-60.267272950866364
-60.18628014056177
-60.10525479670824
-60.02419696310363
-59.94310668356364
-59.86198400192145
-59.78082896202771
-59.69964160775069
-59.61842198297584
-59.53717013160629
-59.45588609756256
-59.37456992478255
-59.29322165722159
-59.21184133885212
-59.13042901366415
-59.04898472566494
-58.967508518879086
-58.886000437348166
-58.804460525131276
-58.72288882630461
-58.64128538496156
-58.55965024521279
-58.47798345118575
-58.39628504702533
-58.31455507689343
-58.232793584968974
-58.15100061544804
-58.069176212543425
-57.9873204204852
-57.905433283520324
-57.82351484591269
-57.74156515194323
-57.65958424590944
-57.577572172126
-57.49552897492434
-57.413454698652814
-57.33134938767626
-57.249213086376656
-57.16704583915253
-57.08484769041921
-57.00261868460879
-56.920358866169806
-56.83806827956765
-56.755746969284345
-56.673394979818454
-56.59101235568525
-56.50859914141627
-56.426155381559866
-56.34368112068083
-56.26117640336042
-56.17864127419644
-56.09607577780291
-56.01347995881045
-55.930853861866055
-55.84819753163318
-55.76551101279128
-55.682794350036474
-55.60004758808103
-55.51727077165356
-55.43446394549892
-55.35162715437795
-55.268760443068004
-55.185863856362474
-55.1029374390709
-55.01998123601907
-54.93699529204855
-54.85397965201729
-54.7709343607992
-54.68785946328422
-54.60475500437837
-54.521621029003384
-54.438457582097215
-54.35526470861368
-54.2720424535226
-54.188790861809316
-54.10550997847541
-54.022199848538165
-53.938860517030655
-53.855492029001866
-53.77209442951624
-53.68866776365423
-53.60521207651195
-53.521727413201134
-53.438213818849334
-53.35467133859942
-53.27110001761019
-53.18749990105591
-53.10387103412643
-53.02021346202721
-52.93652722997897
-52.85281238321821
-52.76906896699677
-52.68529702658208
-52.601496607256614
-52.5176677543186
-52.43381051308157
-52.34992492887431
-52.26601104704109
-52.18206891294112
-52.09809857194928
-52.01410006945549
-51.93007345086495
-51.84601876159815
-51.761936047090444
-51.677825352792645
-51.593686724170595
-51.50952020670523
-51.425325845892644
-51.34110368724369
-51.256853776284565
-51.17257615855636
-51.08827087961524
-51.003937985031996
-50.91957752039272
-50.8351895312982
-50.750774063364204
-50.66633116222141
-50.581860873514984
-50.49736324290527
-50.41283831606726
-50.328286138690686
-50.24370675648014
-50.15910021515458
-50.074466560448
-49.98980583810889
-49.90511809390043
-49.82040337360045
-49.73566172300109
-49.65089318790936
-49.56609781414669
-49.48127564754908
-49.3964267339668
-49.31155111926479
-49.22664884932236
-49.14171997003325
-49.05676452730566
-48.97178256706181
-48.88677413523864
-48.801739277787235
-48.71667804067299
-48.63159046987566
-48.5464766113889
-48.46133651122091
-48.37617021539397
-48.29097776994453
-48.20575922092324
-48.120514614394615
-48.03524399643749
-47.94994741314468
-47.86462491062319
-47.77927653499368
-47.69390233239109
-47.608502348964265
-47.523076630875934
-47.437625224302884
-47.35214817543545
-47.26664553047817
-47.18111733564928
-47.09556363718084
-47.009984481318796
-46.92437991432254
-46.83874998246556
-46.75309473203485
-46.6674142093312
-46.58170846066908
-46.49597753237633
-46.41022147079471
-46.32444032227945
-46.23863413319945
-46.15280294993682
-46.0669468188875
-45.98106578646083
-45.89515989907959
-45.80922920318011
-45.72327374521179
-45.63729357163779
-45.551288728934466
-45.46525926359152
-45.37920522211207
-45.29312665101224
-45.20702359682168
-45.12089610608321
-45.03474422535281
-44.94856800119978
-44.862367480206274
-44.776142708967896
-44.68989373409322
-44.603620602204
-44.51732335993482
-44.4310020539335
-44.34465673086084
-44.2582874373906
-44.171894220209566
-44.08547712601722
-43.99903620152618
-43.91257149346192
-43.826083048562694
-43.73957091357974
-43.653035135276774
-43.56647576043063
-43.47989283583071
-43.39328640827928
-43.3066565245913
-43.220003231594134
-43.13332657612813
-43.04662660504613
-42.95990336521372
-42.87315690350872
-42.78638726682182
-42.699594502056144
-42.61277865612732
-42.52593977596353
-42.439077908505126
-42.352193100705186
-42.265285399529084
-42.17835485195456
-42.09140150497184
-42.00442540558311
-41.9174266008032
-41.830405137659135
-41.743361063190115
-41.65629442444774
-41.56920526849545
-41.4820936424092
-41.39495959327694
-41.307803168198895
-41.22062441428705
-41.133423378665775
-41.04620010847138
-40.95895465085219
-40.87168705296864
-40.7843973619928
-40.69708562510903
-40.60975188951345
-40.522396202414114
-40.43501861103104
-40.34761916259575
-40.26019790435193
-40.17275488355491
-40.08529014747181
-39.99780374338161
-39.91029571857464
-39.822766120353265
-39.7352149960314
-39.647642392934706
-39.56004835840011
-39.472432939776496
-39.38479618442414
-39.297138139714896
-39.2094588530322
-39.12175837177069
-39.03403674333673
-38.946294015148055
-38.858530234633776
-38.77074544923451
-38.682939706401875
-38.59511305359919
-38.50726553830093
-38.41939720799285
-38.33150811017208
-38.24359829234665
-38.155667802036106
-38.06771668677106
-37.979744994093366
-37.89175277155572
-37.803740066722206
-37.71570692716789
-37.62765340047886
-37.539579534252354
-37.45148537609627
-37.36337097362979
-37.275236374482965
-37.18708162629673
-37.09890677672303
-37.01071187342434
-36.922496964074334
-36.834262096357364
-36.74600731796855
-36.65773267661394
-36.56943822000994
-36.48112399588403
-36.39279005197426
-36.30443643602941
-36.21606319580862
-36.127670379081934
-36.03925803362988
-35.95082620724353
-35.86237494772462
-35.77390430288502
-35.685414320547466
-35.59690504854499
-35.508376534721066
-35.41982882692968
-35.331261973034856
-35.24267602091132
-35.15407101844398
-35.065447013528065
-34.97680405406917
-34.88814218798283
-34.7994614631951
-34.71076192764213
-34.622043629270365
-34.533306616036036
-34.44455093590583
-34.35577663685642
-34.26698376687456
-34.178172373957096
-34.089342506110626
-34.000494211352006
-33.91162753770798
-33.82274253321522
-33.73383924592039
-33.644917723879765
-33.55597801515974
-33.467020167836466
-33.3780442299959
-33.28905024973387
-33.20003827515565
-33.11100835437656
-33.0219605355215
-32.93289486672518
-32.843811396131585
-32.754710171894715
-32.665591242177996
-32.57645465515446
-32.48730045900679
-32.39812870192684
-32.30893943211631
-32.21973269778624
-32.13050854715713
-32.04126702845897
-31.952008189930837
-31.86273207982149
-31.77343874638892
-31.684128237900424
-31.594800602632677
-31.505455888871317
-31.41609414491151
-31.326715419057553
-31.23731975962299
-31.147907214930214
-31.05847783331108
-30.969031663106414
-30.879568752666145
-30.790089150349324
-30.700592904523724
-30.611080063566426
-30.52155067586341
-30.43200478980954
-30.34244245380875
-30.25286371627353
-30.163268625625555
-30.07365723029524
-29.98402957872181
-29.89438571935338
-29.804725700646504
-29.715049571066814
-29.62535737908851
-29.535649173194606
-29.445925001876425
-29.356184913634287
-29.266428956976966
-29.176657180421827
-29.086869632494903
-28.997066361730415
-28.907247416671414
-28.81741284586932
-28.72756269788399
-28.637697021283813
-28.54781586464525
-28.457919276553454
-28.368007305601807
-28.278080000392002
-28.18813740953415
-28.098179581646278
-28.008206565354975
-27.91821840929496
-27.828215162109196
-27.738196872448533
-27.648163588972224
-27.55811536034755
-27.468052235249882
-27.377974262362713
-27.287881490377266
-27.197773967993083
-27.107651743917565
-27.01751486686607
-26.927363385561968
-26.837197348736215
-26.747016805127956
-26.656821803484057
-26.566612392559225
-26.476388621116037
-26.38615053792452
-26.29589819176277
-26.205631631416466
-26.11535090567909
-26.025056063351457
-25.934747153242334
-25.844424224167987
-25.75408732495226
-25.663736504426648
-25.57337181142985
-25.48299329480841
-25.392601003416196
-25.302194986114564
-25.211775291772362
-25.121341969265536
-25.0308950674777
-24.940434635299706
-24.84996072162973
-24.75947337537334
-24.668972645443027
-24.578458580758856
-24.487931230247984
-24.39739064284487
-24.306836867490784
-24.216269953134468
-24.125689948731644
-24.035096903245112
-23.944490865644845
-23.853871884907498
-23.763240010017043
-23.67259528996433
-23.581937773747143
-23.491267510370296
-23.400584548845167
-23.30988893819031
-23.219180727431024
-23.12845996559942
-23.037726701734492
-22.94698098488167
-22.856222864093443
-22.765452388428884
-22.674669606953888
-22.583874568740633
-22.493067322868278
-22.402247918422447
-22.31141640449536
-22.22057283018589
-22.12971724459908
-22.03884969684682
-21.94797023604734
-21.857078911325306
-21.766175771811923
-21.675260866644447
-21.584334244966822
-21.49339595592921
-21.40244604868807
-21.311484572406297
-21.22051157625266
-21.129527109402506
-21.03853122103726
-20.947523960344657
-20.856505376518225
-20.765475518757952
-20.67443443626981
-20.583382178265836
-20.49231879396422
-20.40124433258883
-20.310158843369866
-20.219062375543366
-20.127954978351305
-20.03683670104168
-19.94570759286803
-19.8545677030901
-19.763417080973326
-19.672255775788955
-19.581083836814134
-19.48990131333141
-19.39870825462938
-19.307504710002245
-19.21629072874996
-19.125066360177815
-19.03383165359702
-18.942586658324284
-18.851331423681874
-18.76006599899769
-18.66879043360482
-18.577504776842158
-18.486209078053953
-18.394903386589874
-18.303587751805104
-18.212262223059863
-18.12092684972006
-18.029581681156813
-17.938226766746535
-17.846862155871012
-17.755487897916943
-17.664104042276577
-17.57271063834724
-17.48130773553152
-17.389895383236816
-17.298473630875968
-17.20704252786679
-17.115602123632144
-17.02415246760002
-16.9326936092031
-16.841225597879355
-16.7497484830716
-16.65826231422757
-16.566767140800003
-16.475263012246177
-16.383749978028533
-16.29222808761423
-16.200697390475202
-16.109157936088256
-16.017609773934602
-15.926052953500498
-15.83448752427675
-15.74291353575895
-15.65133103744698
-15.559740078845637
-15.468140709464205
-15.3765329788165
-15.284916936420966
-15.193292631800217
-15.101660114481664
-15.01001943399704
-14.918370639882497
-14.826713781678677
-14.73504890893026
-14.643376071186577
-14.551695318001158
-14.460006698931824
-14.368310263540739
-14.276606061393974
-14.184894142062127
-14.093174555119848
-14.001447350146055
-13.909712576723447
-13.817970284439149
-13.726220522884226
-13.634463341653802
-13.542698790347107
-13.45092691856703
-13.35914777592074
-13.267361412019234
-13.175567876477418
-13.083767218914167
-12.991959488951892
-12.90014473621715
-12.808323010340182
-12.716494360955
-12.624658837699474
-12.532816490214852
-12.440967368146408
-12.349111521142962
-12.257248998857083
-12.165379850944612
-12.07350412706531
-11.981621876882375
-11.889733150062538
-11.797837996276147
-11.705936465196675
-11.614028606501387
-11.522114469870857
-11.430194104989054
-11.338267561543415
-11.246334889224391
-11.154396137726081
-11.062451356745752
-10.970500595983939
-10.878543905144515
-10.786581333934222
-10.694612932063318
-10.60263874924511
-10.510658835196123
-10.41867323963566
-10.326682012286426
-10.234685202874054
-10.142682861127202
-10.050675036777623
-9.958661779559703
-9.866643139211103
-9.77461916547227
-9.682589908086547
-9.590555416800239
-9.498515741362144
-9.4064709315242
-9.31442103704101
-9.222366107669918
-9.13030619317111
-9.038241343307126
-8.946171607843514
-8.854097036548346
-8.762017679192422
-8.669933585548796
-8.577844805393411
-8.485751388504639
-8.393653384663354
-8.301550843653022
-8.209443815259226
-8.117332349270313
-8.025216495476915
-7.933096303672031
-7.840971823651123
-7.748843105211636
-7.656710198153634
-7.564573152279345
-7.472432017393222
-7.380286843302049
-7.288137679814453
-7.195984576741555
-7.103827583896495
-7.011666751094623
-6.919502128153033
-6.827333764891204
-6.735161711130521
-6.642986016694366
-6.550806731408202
-6.458623905099096
-6.366437587596366
-6.274247828731101
-6.182054678336257
-6.089858186246731
-5.99765840229889
-5.905455376331219
-5.813249158183842
-5.721039797698607
-5.6288273447191735
-5.536611849090541
-5.444393360659683
-5.352171929275082
-5.259947604786924
-5.167720437046622
-5.07549047590746
-4.9832577712241255
-4.89102237285278
-4.798784330651161
-4.706543694478099
-4.614300514194156
-4.5220548396611635
-4.4298067207423
-4.337556207302172
-4.245303349206354
-4.1530481963220165
-4.060790798517461
-3.9685312056622
-3.876269467627049
-3.784005634283644
-3.691739755505091
-3.5994718811654876
-3.507202061140124
-3.414930345305007
-3.3226567835375005
-3.2303814257158585
-3.138104321719302
-3.04582552142811
-2.9535450747231433
-2.861263031486487
-2.768979441600978
-2.676694354950288
-2.584407821419011
-2.492119890892188
-2.399830613255949
-2.3075400383970415
-2.2152482162029132
-2.122955196561799
-2.030661029362246
-1.9383657644937546
-1.8460694518463097
-1.753772141310572
-1.6614738827774076
-1.5691747261385305
-1.4768747212860274
-1.3845739181124441
-1.2922723665108697
-1.1999701163744627
-1.1076672175970939
-1.015363720072874
-0.9230596736962356
-0.8307551283620216
-0.7384501339650085
-0.6461447404005507
-0.5538389975641068
-0.4615329553513243
-0.36922666365812395
-0.27692017238022665
-0.18461353141379583
-0.0923067906549644
-3.074950326805548e-14
