omega1,theta0,theta_bar1
6.51523138650656,-13.729051149048404,28.394055632553304
3.795711893963119,-9.11149621561594,37.82785724928179
3.4320705113314016,10.037110435680688,24.724260768123393
6.2770341513641075,-11.408256710973951,43.32525956810082
3.0283615497735754,-6.653526816425032,24.97450202468254
3.580329868130017,8.334644526365633,36.32926536168407
6.825522561945582,7.873132334558573,18.94553946247777
6.93495676215483,-7.823673913660095,30.25433869153641
6.355451985020604,6.1537197181916845,21.555811661205695
5.473124639797168,-7.8963052498652475,32.547923357439
2.6271398109308577,-13.830110098151032,30.1281962719283
3.002838277564238,8.649766112405722,38.98175867769662
6.82739564321695,14.072356463320752,26.32126082247561
3.1158582332021507,-3.818005441922322,17.35973641573655
3.2199725871183014,-7.4586690140239424,26.357653205060384
4.541954058831509,-9.927137061292164,37.37615676617522
4.194560675536078,-14.125807785917242,38.582087362067455
3.650429082442529,9.121987917391177,19.6251417657682
4.234960382195475,-0.402316469407463,37.882882603324134
2.7413232374915766,-14.104699255485281,15.377823590780396
2.947696810135432,-3.9702207343659435,43.06843034843942
6.233411338688256,-0.4109812493931848,25.38131307316562
5.545564158720129,-1.876476218402459,30.453108165699494
5.058157330652633,3.1839776911962367,18.24224500476841
3.981559584195744,-2.618202529595287,36.86827550213442
4.345222854723847,-14.937207635157664,30.83938050807319
6.992340004202698,6.7807933203702575,19.352895432157037
4.373828312677638,-8.963940508481143,31.8847864514889
6.533763092238837,8.383249970886368,33.82797550379131
3.8783309082352218,-2.3944223280686714,18.480705797182146
3.11886961773555,-9.952960955938575,24.848351107569155
4.998227141910059,-4.182096696933714,36.927291106137275
4.722250245359934,12.75877838475807,32.589685510675054
3.15927327714825,4.973291821014605,36.66637988841331
4.049341707681185,12.65935394548368,15.112925064947076
5.528209133962397,7.7860845721545076,41.4580479718854
2.7927586098612647,-11.648870357003108,29.26653261982438
4.313343810147883,13.50221317123799,18.501261064912015
3.9077245855681086,-1.9902411944036924,31.579055359866494
6.168704982865194,-13.185410512470394,21.143324342488125
5.5259169478058645,-0.7561477119983806,36.368199702882535
6.042994035805816,1.9238471977242213,33.69250431174952
3.336183958698202,-1.627434696173374,15.00609931368197
5.861516492173028,10.342167565586653,36.14432636163403
5.302698139785022,-11.438771419396172,26.467765093515695
5.554522500866851,4.96159000071291,23.433616039462542
3.7105206091108687,12.28921673291595,18.297278387788793
5.193490501311365,-6.841635521885221,44.60070017206286
5.9892640575269045,-1.2430201571331185,30.001384697149348
4.30509017791208,-9.686273516420101,28.9246238569879
3.7093245327767717,8.734205846766113,33.944426289338494
5.6760390715750955,-10.82048584619837,26.537816697872415
5.1606717770407045,-12.688421464168684,25.30602581055207
4.733121509840615,2.9958220160737845,22.058339563332282
3.446216430657542,7.221993801417074,28.88080649858965
3.1888024715368193,-2.9603022347071395,44.05430055270019
2.649356898124222,-6.742981406118897,28.097368607121467
5.206789477048851,5.516906816030211,30.671427834471253
6.214518129975751,-10.43343384638381,19.438139266998856
6.434729267410605,-2.377176456541118,36.27547194711149
6.850642826920994,-3.5306163994581663,27.41614376914114
4.929979848368012,-6.22787824391742,23.9848820484506
3.467270536177052,-6.39287381324033,44.188154707191146
6.807542201544244,6.617525057518922,32.04047379631422
4.87306039968646,-9.228181619991654,33.05454867297621
4.756146702933253,9.405897005211823,39.998281226640955
5.6329617751458425,-0.5777732030842611,15.10850385177261
3.4468431323400903,-8.421713922683777,22.219934463419076
6.068899887642562,6.618953822429759,43.39633763538318
2.6820368630210973,-4.656230757707222,29.121426742336684
4.043936521005118,-5.4283143734302985,35.310525124458906
5.487232571848448,-14.677646705735434,19.72862729905067
6.077869816951995,9.990779093564917,35.869285667514326
6.036468647550669,10.90861874692574,43.07403279073079
4.987364371456786,1.304843168683302,21.842184543882176
6.510222865943332,5.453960213420707,19.998151854346922
6.114770044239875,8.03011373243383,44.69551732793475
3.6080632748788015,7.372549690576179,29.66056979948634
6.678960041985475,5.417568923409341,34.981846195276006
3.3837026698979074,-14.770468174568494,44.99983866191274
3.5481726895578807,3.268363755307565,21.416080004533704
6.628347392803371,8.544963608027242,29.025905119769774
6.745237392135116,9.485365332518924,34.63126110376848
5.3330377819135,-0.6035858349570429,26.658308373348692
4.842794420209092,-3.712039301692581,40.66157848103826
3.5885946970981024,2.157523750459937,31.033003865965178
6.726117808544921,13.726395188889764,23.352569889619627
4.424600617026828,1.1225887399297534,18.782290480097785
5.75564074517211,-14.218678424635277,16.171152470354873
3.0381415200285127,12.529964036472673,16.393142538555054
4.126599777285978,14.062695388842982,42.39363254601793
4.8787508446303995,14.629253186055237,28.538517295973755
4.686058074310123,13.848726522182492,28.495563722230862
6.905338790370524,13.763985931508753,23.29394493571272
6.660511822164226,4.287649309320123,24.40802340970464
4.701149293576734,4.042483340976432,21.675833381344972
6.622991717613739,-3.269077521400874,28.22245197140733
3.670976144559842,3.7985357425248942,18.213663718062147
6.801443752655035,-6.813054202018218,44.53065147292041
6.885082745789714,-13.190258980678832,29.729486602606595
4.847734949967572,6.5342604431067635,25.635726289048808
6.055869552669558,-13.673180839859201,32.70854865874514
3.7153718935003512,-3.0077384868274404,21.882078932886557
6.8921498823027845,1.208245924048434,25.529044704603514
6.505259770267807,-13.535960402483747,19.854953251834033
3.5722504321330737,12.572447758828616,21.97487723653395
3.1507230518236815,10.539296682205649,15.195883216497743
4.503302240212241,-12.95273513091762,19.77314199283807
3.2027686198584213,-9.671405806598528,21.69378456959281
2.8903513122268913,-8.99371924126408,25.766995186998102
4.784118931069731,6.916828888812475,28.531298248533126
3.2244859557435923,13.79235360810927,36.31639815229769
3.186673241057697,-1.7935021777403666,43.245112631512214
4.416592823515238,-4.101804708045634,38.930215361540604
2.818749582342784,8.737814013481703,42.747594677484756
6.5425371423072765,6.1615610877777485,33.00603573205565
2.6261100213928352,9.11979950280054,43.59203195460791
4.56411768269835,8.605876097432851,20.86353059514289
4.5241541244565004,1.4176864524425241,32.07312456997897
4.7363968091277755,-0.8373329018444213,19.416578834440323
4.140998959173436,3.9353152697962344,20.594460735057247
3.2375634934426167,-4.904227102361883,24.1229413788063
5.476397556801655,-5.779708875254926,22.024371068467623
4.68059141800436,11.502046478276604,43.13235322201475
3.6196739408916425,-2.2105026772463585,43.60296365205886
6.580733520574132,4.6185779968189955,20.15685994288048
2.7146146977438814,0.08366765922643538,17.936844696533317
6.898997087340804,-14.363264724137325,21.59262832175542
4.368039763311871,0.23977045058063773,29.428204038172034
6.208591201358249,-11.859127387896187,30.102485370940926
5.329179634838237,2.9638250143229143,21.44853537722133
3.6651280448645456,-7.997050441763071,17.65191784921409
6.160184847663512,-11.745278800617228,27.182675088376456
5.026096546255475,13.907972841265426,27.125538096064574
6.235086312047489,13.395377697269954,35.23376957976126
3.2059095443900443,9.647503076542332,40.413362248794456
4.781332860259958,-6.986726896710941,36.487811047493224
2.9152681479796883,-1.0216101531411041,39.90642719687462
3.7949937889635508,4.146360765102187,44.910164625465335
3.6242367749086366,-5.383758752851412,43.711439515898306
6.026112137829109,-5.518607767041523,44.24562586725524
4.034752780820229,-5.454961442069292,22.137299892384434
3.6188102366706265,4.846490037056068,38.48885590084836
3.2809830635818873,8.94566898655495,23.073238487543343
5.939635133644481,-4.368555554147978,18.24736876930748
2.9389407533920844,2.5694891633372237,19.292646941445966
5.06879247289107,-11.29826136011162,16.804833660402508
2.9644602308215484,10.2903505033977,27.57493836724243
6.927638183303668,-6.568047756203857,32.161634750974585
5.459104235197936,8.102667423860137,24.420948088199545
6.289946772077016,5.203337490097773,40.18816216131317
5.6271787265757105,10.590885566234284,35.61390290801987
3.351153129277133,2.8944061995090635,16.370395940801323
2.866179882330421,1.0885885291349346,16.690408999955775
4.665324369038585,-10.313799022601048,43.75405074752726
5.648664728003874,11.018205941222156,32.516357599879754
5.467246540122071,9.933740740441813,41.9443471975045
5.088593424538031,-9.033270914545579,29.94675923447901
5.880872698244936,-3.628856164757808,36.99594228411164
4.886157031509171,-6.603082775408232,29.688419048417245
5.42347246539828,5.646248386842782,44.745179828033486
4.672158343034262,7.179347936581465,44.94022132040702
5.857619196863403,-7.140011817206971,44.66577628732738
4.856654851185542,5.817711666249373,43.7011480402285
6.015721965918934,5.796387415515344,32.8278945074791
6.088871482707209,7.17618286500328,28.713788677935014
4.1673289721722995,-7.597142323256825,42.38495812496272
6.725138725320653,1.3358997239292023,38.00719753981462
6.26216551679954,4.6967133233231095,24.013213946716906
6.692288106497664,10.775517576291481,43.28872139542158
3.1996045556099184,14.03492430579027,33.57823695643405
5.887995570431292,10.175365111079486,20.562316763284493
6.3138401212960185,-3.8302891014116778,41.53770985444826
4.716266266394412,7.6601109538613485,36.007981895048616
3.8461410650379158,2.2728778730542523,29.48624740843541
4.042834294947829,1.1556470434767263,25.552386547447902
5.2432251860302985,-0.14327158807836327,35.76679249544164
4.506721186710252,-8.354412120982609,34.16771696616945
2.7014779407961167,12.78644935025859,21.589960950397476
6.508069140977066,3.9829660833480958,36.12896864365075
4.087098473111395,-12.588702226486136,33.596349561870426
5.126958395656811,-13.17180700038683,20.361173897773376
5.122203317600945,0.6313170284198666,33.15244283200534
3.820793456559663,-9.121603740954576,25.072117957781924
3.3081541561447203,-11.570173134461509,17.238162732496935
6.386742045946077,6.727785708131957,42.28431839377275
3.3909556826281393,13.326304218576283,36.78126019073151
3.8285634179640056,-7.725363182410624,44.76084184120759
6.947979583552137,-5.6393331967640705,33.9870475144092
5.074834968814098,12.124069462112068,34.998846930315295
4.023817503433797,3.7724682882123552,27.017056205607098
2.6365912473152635,6.77646305692026,40.86285726357873
3.5190515366871393,0.5733186352698301,26.97361346455255
4.072840380410459,2.1228319557226456,40.81402018974918
5.06588992901192,11.438627992704944,36.004492760524194
4.972902895373834,-0.5577482666374056,15.651306321037394
3.7386572920141057,-9.470736455222575,16.818223401828284
3.8897272489453547,-1.3485772591639105,44.93181818548136
3.1724209571947664,7.270545359266503,31.650080031939968
5.964124593738996,-4.678041346266868,32.06098155551701
3.6171226039040603,9.636230826598545,15.605117811057658
6.88146838705331,2.0169754544356167,24.21605760302628
6.771873712077338,-13.843364554697118,36.199818558719265
4.788200408752685,10.26215693298208,37.472753893272184
4.392799639509234,-6.847397780287535,37.06930894308236
6.7015060109936035,-6.133682766846839,17.002745418807734
3.4195228329704177,2.2652469954098713,36.30415875319031
5.145537295344202,11.999150496451605,33.15505598145009
3.470314008701222,8.816417444909028,36.020938934530335
5.7437562629084935,6.647784417076316,34.81735815005442
6.634946176605857,-5.553916866568635,29.77905254353808
6.630016176168851,-5.295408255860345,40.92507308963714
6.7519882282397985,9.144985102591349,25.597857673522427
6.1856951405898535,2.362914165154926,21.10853836093412
3.5393879217154964,-9.940145185718382,44.71308536322723
6.071436591853945,-3.794232463178032,26.714873514678423
2.8306616714879795,-3.839158992447535,18.62799274717842
3.2529758507792725,-9.667717613167712,23.53188409114225
4.619164224742528,-7.717095224327821,41.92142471907974
3.3708237300105157,4.234332974611675,36.62078787277119
3.810130857159029,-0.07331428080551561,39.658175393468625
5.884184195897527,-1.7230942178966426,26.515230414794274
3.7331031707891267,-8.741229503267288,16.713714708806577
6.812784065845322,13.201444097651745,20.04801221065486
3.642051789212017,-4.793420176226185,41.14852802670886
6.067595625905873,-9.805987807908883,40.86400191363506
6.1802310694992295,-7.412993278734249,35.2853214049574
3.2185602355780434,8.337117978958663,27.179058031438537
5.6088868844376645,10.941989173241584,36.777169826502764
5.11302451671156,-2.7979879634804483,30.614048615212045
4.895623899764306,0.534307852100536,27.08449568047102
4.4315274105371625,-11.241069215341579,23.963394324670055
3.602172254119128,11.585971176117617,35.25843537868553
5.713955227347931,4.4261907764364,39.29835776141768
2.8134751721689977,-8.247340106110633,44.58886984705356
2.625198551317996,-4.670083507609977,31.595794573384165
4.383757973687636,-5.925025397872989,35.52722075908041
3.11650533760432,-5.875323066383931,31.61031242649812
4.121907411964949,-13.301756282795802,16.83141574273694
5.723718126864138,-7.191747863422259,42.69069190802038
4.753113283795051,-10.53237885421376,36.66275773255138
3.9690277839617005,5.661160545553592,41.412337319465415
6.9469783065514115,-8.189551362046313,32.84541878776635
4.913535857106038,5.607535689405246,40.82409499171473
4.0272885465846455,13.832393716001718,40.39363689144136
6.66493952348817,-2.6859829181459443,42.342777811530866
4.187119190385516,11.086989583466274,20.11093211824356
5.882359233803294,1.1955364773012427,21.050756149582245
5.970110479443308,-10.297855098883513,42.607811026261395
5.393113262142259,14.09366258783183,20.658807298036557
6.1092413087855455,-2.3228341329294935,18.98667312728125
4.829201124844387,4.184498687501051,34.155663001037894
3.5717139869659316,3.02342711861991,42.54723551717848
3.9750653224020933,-2.381796502811671,27.376416581187165
6.600570256881793,5.757203486375065,38.56258215419271
5.780940173993598,10.3242596601762,29.69263220741125
2.7451028141526455,-8.295661791699445,41.02556132549016
3.63154975005825,-4.1511808522974665,41.37354279942903
5.941514589398281,-12.249255235136848,15.794117840172957
4.439298368224858,7.210573593725201,15.737565851310178
3.18473847030986,-2.663837357905516,41.17849777338148
5.130558255895158,-4.573420151725273,22.531378528664202
5.984693316817296,4.593177394393841,41.49733689338811
4.142390319029586,-12.341412982684108,15.170488656075348
3.665399422894306,-11.871295007381015,42.82661019807898
4.938026722133938,2.956615011493202,25.428663919800627
5.2239140238879,2.278394281772517,32.834410791202444
5.172810253124712,-11.866100236944545,18.325849739227877
3.2481111881133495,-12.252880209753485,30.10936878114832
2.8223886989186795,-8.526758943038946,29.28111601940339
3.1625619965223173,7.058046848656009,38.65929944478429
5.228382489979596,2.8256067574241754,32.18985172847076
6.76190432592918,7.69763183681826,23.654804915195076
6.454472451506398,4.732280580268352,24.379825257803077
5.142216871673738,-3.614720249316509,44.75003177447019
5.481451257026629,-8.382843009084874,21.112803456875536
3.5407762260815514,4.899574201456769,20.211186425285486
4.468891061957095,-9.748381932926367,15.945447788986286
4.5417196276685265,8.92335541456156,36.64731288925334
3.5808854175401903,-2.1657346276628697,38.55467913442945
5.471296433456363,-11.599232754433354,35.51512272933935
5.5420227790149355,-13.422476977904129,35.13472359443246
4.912479253558864,-5.878540651417056,33.654477791447846
2.978223212681861,1.0023038376895634,36.16627126835083
2.6947761764295333,3.24207401379973,16.561519275471184
4.09302432355422,-3.246962117510826,18.21952828132691
4.686924530512213,-14.130634701846253,39.22185526103942
3.6991141671026786,11.254070651127268,37.384080015280375
5.062615722800318,-0.2671368007623922,20.091964719376953
4.316116604829622,-7.003869131143406,27.484318569978633
2.718317063195537,14.655931613260009,20.91768518466862
4.094914876681591,-2.4126067585059072,19.255685048053465
6.770439861752583,-0.9596111100230615,36.72849551353505
3.522082516077975,4.4480095563642585,27.672584391688666
4.284739394026136,10.156186012269337,23.95814400813111
5.592114423795746,12.352809813636789,24.365923610557616
3.6503856992129355,-8.599545606011013,29.25233305631832
5.684124284675077,-13.134703802467614,36.6272338111053
3.0115775009091674,-5.068188360887969,26.68728519734053
4.058936382224431,-1.3443957180743862,41.55533236684521
6.4458276844920555,-12.741695078901873,40.81896943727557
4.268648608326135,4.327905191707398,27.563609998566513
6.955392371797271,14.32617597784461,33.850685440939955
2.758695202490726,6.859972725284585,23.925571024934186
4.657379916946004,-7.299153092572819,34.08882041274681
6.182151344924813,3.532779069527134,23.950764358245017
6.850363733977988,1.4142662691325043,25.57777607573703
5.184729620061452,-12.834599590803695,32.38462151735292
4.425171350922129,1.2733628262236252,31.415526039490548
5.259093982319106,-11.063694594202037,22.70175401719018
3.6376488041258535,3.0653772338114784,43.41470398272881
4.376339897155855,4.854586626033679,19.75556647549545
4.226518781545216,6.350530957692758,42.38936046278664
3.4682788273849936,6.134923464147928,40.210749652027374
5.516177906589235,-9.564264291665697,15.350761406287278
5.789403336123452,3.4706531201850694,36.94600110633935
5.809192351306496,8.084309074211124,36.76202826525333
6.732427316141427,12.137062508455628,25.31891629078742
4.744973575986988,-4.3334030772563406,17.941930855424857
6.173016285642658,-2.364036412111366,38.184042216015385
5.892540257019389,5.281316676871331,24.125311877232093
6.822630478754376,1.3430259540106704,38.596338818043805
5.427232033610798,-5.914867274346561,38.100561124067696
3.616065125372529,-9.304881376991693,28.82330341795511
2.6802923564176933,-9.984582637288744,19.006132865647388
3.4854460883573233,6.092498976458291,34.76816689335182
2.7794466997350646,-7.722250614239305,21.62666809318474
6.1706787777073515,-10.795364795247469,18.294128322271778
6.856345817357752,6.837097092265616,39.376606089182175
5.422225181984382,-7.927858776253772,19.147732148436177
4.433137823030993,11.637694933536554,32.089572141899986
4.724949559012092,-5.575660095672381,18.124883137776838
3.289145468818294,-1.9071459270957156,37.19678906942041
5.541504982840815,-0.3903655858783246,21.59870898027355
4.123167390902237,-11.017153190341133,41.56264260676279
4.153660628257576,1.2827626996248185,16.24808660305679
3.267501387968218,-4.544014738045,28.485967371783307
4.6097439492755905,3.215183437231648,34.24183118840062
3.169669934833738,10.195587478744596,35.848252731151156
6.501697067956693,-2.4698186701765508,30.633882275139573
2.8898407276384366,-1.1179924991496897,19.40402346905602
4.370945221596574,-10.746512745145361,19.48587534631808
5.399703050679928,14.838658097240096,19.18015637065837
6.416973526522642,12.835131385544138,19.547212791209304
5.7929554892414306,4.5095951138734485,43.09651654408616
6.431121336465486,-0.2544246996877515,21.871786265374745
3.6863860082098507,12.497994334189716,26.496928416764916
6.389621971644305,-1.5210341267840821,43.24228062027346
3.4645272146832253,-13.472358985224318,38.73081581946525
6.059026830085276,-5.278939483113406,27.675840264428878
6.163373858960184,6.505757930951493,19.751597345302685
4.608826284754529,12.663354167831915,36.85412446295621
6.542006793457421,10.072394316075847,35.88702485227767
4.275339052680181,0.44314834053310825,15.666569225661105
5.938125248271938,-2.8047354751840086,43.84145693251673
3.1705880324266387,7.4980262564130875,20.974874216050228
5.697125965545885,12.512037916232497,43.63930476296165
3.8678214095483194,-12.927864784534739,40.44337516267164
4.125447362593731,11.539815853422219,43.3905901582076
4.9752523566198,-13.802285371643096,23.433999315456425
3.7004290876144763,13.294494929653847,21.458912645737538
5.352218112112716,-7.792205292765148,37.43496598485451
5.332042630241034,14.557188935129329,30.618378373324475
3.3586582386979513,14.7373973851956,16.474328030477444
2.671937073262192,4.7682487506715745,40.97928407972988
5.5528057330861955,10.426954498446168,32.22309036907449
4.068051494077117,4.436783155805667,31.37504403911497
3.5040861161653525,-6.814749748674446,18.01299474481384
6.893776129133775,1.444313975617412,41.69549641210603
4.271755611249661,-6.01052322256588,30.026180924686127
5.1110481290599585,2.1220951277767526,20.335606203046257
2.716819027240685,13.899198243088676,32.455226303915225
5.6162002053573055,3.8001617309541054,17.761318320269712
6.874790283091699,11.49242765503206,15.361603336317524
2.8494875081956437,9.091309749349648,34.58358113760038
6.882253267966077,-2.2392324766736103,42.89639575578251
3.530623411557119,2.287639954345142,15.594776792439415
6.385074698670163,10.441988625900361,33.741289083675554
6.6179873389368975,-10.939931929397556,42.038355054706614
6.799727281301706,-4.023124286387725,39.49538668627851
3.183872452569769,-13.2877032749623,24.65984301841349
2.927424551414179,-8.291569640532837,37.349479705953556
4.308745926923648,-0.23340951583892355,28.633392763873076
4.00408799033043,4.7230729180129245,23.30407262515277
6.6413096458496454,-8.684970283149678,42.8142511040013
3.527733621879393,-13.270071042480934,38.34574373634406
3.7476817910602445,14.089709060699398,29.343385208730496
2.775136736832487,7.290516824537427,19.27451726465641
3.4563534772963376,0.6817046972072962,39.92477120329997
6.413000022391367,-3.372152533978319,20.074869435062013
4.47686020282571,8.301398327601639,18.713683559727254
4.023091564124909,-8.10928127397969,41.62897225231141
2.6556989904597414,2.997890594742028,43.10800365751871
5.6033314931133695,7.235598372819798,37.32509911634128
2.9060329251491583,5.853594721875108,33.376053889508555
5.718881198049324,11.03187656442531,43.62508727312267
4.090604740590361,-14.222941706117963,39.18800775547095
4.922614450763001,9.047863890314051,20.91642695389906
5.169430331070715,-3.314707494482473,20.42426722493458
3.4552824086529053,10.968943038199452,21.26977007746846
3.742003313577068,-1.1461409639305717,23.97255584871091
4.382134985652122,-12.294459418990233,29.579187767363948
3.2115611326316387,4.081812611774144,17.26428640944429
5.5633914713733414,-0.31296372921652704,34.468245093849944
5.912671843679839,-4.644650632140703,24.130062227183092
6.041182552307227,6.267387656960757,41.07112265834927
4.921108974338862,-10.678625772970914,27.10110462460702
3.10475967442646,-6.533350816789984,33.12868402931605
4.594617782302197,14.082777847699987,26.698523729726
6.598181172835432,-14.56986046509045,29.22753065763448
3.035491715431263,2.80863061841562,39.91863539029424
2.6914979236469567,10.679144052015278,16.2428859783395
4.164362233235187,2.220760558551607,23.945333089791276
5.119317438109988,-6.408621956866963,35.80345423014834
2.6579463997627397,10.662096782812608,36.15332005600051
4.352396511827066,-3.6985387969555887,41.03491479647285
3.678948004502368,-7.416383174526915,25.4471872240229
2.7896485173522274,11.446146755228767,34.55754252100625
4.564706858276502,-6.249631826163343,27.47114631139279
4.897850467037758,4.812297731501896,32.88175622752617
5.940549157179484,14.6174410827469,27.00370705735581
5.0806894351431,0.5684136554833135,16.253796189935688
4.391846330223576,13.384309771578891,19.38712718113653
3.0874248300864657,4.424253659557163,38.48484795338907
6.103520084038669,-8.853263303091175,20.118770097358254
3.125642269189379,8.41921977063084,33.559082695829574
2.9567566100788913,-2.2518814717399227,39.435394872395754
4.173441186875156,1.3581538078872128,26.61552016692418
5.919985883818772,-8.572069980370056,33.433043914023045
3.3072268173242882,-12.71023318505778,25.47577027768375
4.067439491166429,2.700291404669805,27.028404210295125
6.859419819819144,1.741433297017842,42.10873242779954
4.725702218648536,-10.981691367614342,29.372504495430636
4.647508584764001,13.985274674172622,28.337884441034923
6.549252936221595,5.812958085184608,37.51583319609493
6.681023064415246,12.456104388278767,33.97394020641556
5.137145772118338,-10.5630525157023,42.83915341400029
5.098580285274483,10.206431825010377,23.15953929520706
2.707024763807111,10.121844083568611,27.476901556012066
3.951090272393855,7.5005745584023735,39.693385147855004
3.76495131212346,-11.92599630651883,19.1399331405724
2.77221811083181,11.007968201160512,29.405887296982243
5.567399396444458,-11.616034779908109,21.67296725748382
5.204706321383332,-14.122011208712276,22.441216465132747
2.62218834522894,3.4384916149305553,28.051919648365114
3.5552907723191165,2.6165494740151978,30.76747452406486
4.81806315276992,-1.9183485923853372,41.705854399165744
4.148526784276311,-13.70493476871615,42.604271265713976
5.797910348913156,-4.833960391860643,22.193539365053628
4.77992296773232,-2.7962239835825358,43.2901403675868
4.562238758203913,-12.483477731023196,17.181129346486358
3.784863705542286,-6.075318835812196,36.88381810287753
6.129164753584446,2.584072808220867,22.97758220614454
4.1809560750288615,-6.979742813632518,40.205708592090815
5.661337084470334,-10.783361320506462,20.352221952230487
3.9697760447051174,-9.914825883446156,25.6641521494766
5.760528039419475,-10.558866653741347,26.623702043419822
6.414897763995709,-14.643796906497112,23.19057224136591
6.295817621714651,7.882750964973813,23.376216465338842
5.720437022839222,7.2135554649671185,24.606641866660297
5.496547590843706,-10.483573387928285,25.39802352193493
6.836232314831264,-11.205966461365364,19.946617889673952
3.9095829302611174,-5.11759195719619,21.992308400329364
4.800895862240894,-13.096704371853146,44.707044672698174
2.82158303032613,7.9699781124746565,19.22152724265045
4.884867932599825,-1.2887939194808666,38.748385683676666
3.3393340090938013,5.877834367439792,18.991504770029525
5.69890991378362,6.37904152420878,43.8247124679543
5.493652825919689,-2.0108875361276084,38.63137314922303
4.942162778449737,2.651065128437203,24.0080554965863
3.761856874744778,5.34632268643216,20.780752218783377
4.991956666893223,-3.0554297627675133,23.09994104811115
6.590537252849348,-1.4334477796879845,20.50542579110272
5.985405439687333,-10.071176563296056,43.634535290239455
3.2543608922015967,-9.44759776559414,34.485845346200776
6.356960335211591,-0.09335847972654499,27.91669412957512
6.748881632669797,3.102927026570743,26.396977929560144
4.548774652862309,10.408899425488375,38.62610244795231
4.351345721208005,-8.66958682467692,22.494865163337476
3.406445150535773,1.6468296871478785,40.50844160648896
2.6904283706337178,-5.315084720825643,39.17828696859554
3.7529750665750266,-8.991676068541565,31.54765409122602
5.6537337697698895,-10.022170515585124,31.493437914681476
5.121859859031238,-14.464685097881594,22.25141569989247
4.06228692832901,-3.9009679659794365,31.45799940154251
5.062990556597632,3.1135756130286367,18.261935639204317
3.8383033887666578,12.31099402787947,32.07539287954758
3.8972448251801284,2.5639892279496515,34.733183188033635
2.8269181277184217,-14.209236280533384,19.204737103992507
4.271218984925159,5.883689615349187,36.83089831199649
4.533305790045607,14.861457792979298,38.68253488167915
6.646244726202781,9.23804682166853,27.62662040607459
3.732212580304452,3.684117429941562,37.35846266381549
5.184458157181884,0.378239926583646,20.501145398493946
3.8260022677173096,0.29178266333557623,33.042982674456724
6.110772111568318,-0.3433394767756024,22.078024921273908
3.7636416277937217,-9.368764746944402,39.92133543579371
5.773496333654576,12.565283536127541,25.676563988488034
2.631151196880721,-9.645578200477601,17.13103709850373
6.481627191541799,-6.340185943874918,44.301562516467015
6.984986128714364,-7.494169964409785,30.255676072901082
6.03401773874138,-14.324630409186224,29.640143879868575
3.7007803043127954,-3.7952363881502134,41.47696854041159
6.263508793027363,-11.253615335330155,26.887010806527407
6.888044361555524,-1.4252221932759728,31.808976062312492
6.615881944622981,11.79858325940106,19.7945897667032
3.9965993030096785,-5.002159333297346,16.132095958116256
5.437221116883349,-13.865313054651246,29.126922326347994
6.271846747192722,-5.1001000213149705,42.865958348354496
6.594487367434676,6.889036257571252,23.482192240468823
6.639230749690072,3.9901256188636296,38.3227971966305
5.252374870995645,0.1915354090232828,30.059144220665328
3.032464863138905,10.179320347188899,29.362833212731672
4.104741357447358,2.552127750578986,26.01623703766277
5.823538510757226,9.642917164509186,17.583575355414887
5.34883678653767,-3.807599772399028,17.087966336529583
6.344980713081773,-13.921135215717523,38.85294365214846
6.3095026010509,-5.628896033034081,32.47075528101361
5.976834291785165,-8.873481857373692,27.969997940194954
3.0807621707762354,-8.617356641791968,44.98036093274507
5.934358723181862,-8.141735511472612,26.728686218383594
3.992061648694185,-12.908487286075367,19.079707158243927
5.28448221509362,-12.335084704564599,44.45533678960623
5.489143330053411,-8.548714742845494,19.72941729991079
2.923811234927124,6.791905461192165,24.457466408766678
2.829318095699799,5.965762420345676,26.827040288362017
6.28062304792194,-3.072929193276103,34.18626183590569
5.176833593708248,-6.7297313877579565,27.076691245492952
6.3523029705649705,8.15177132218291,43.670479990890065
3.496870096341941,0.05424571881948559,25.741174004979833
6.440619510314334,10.835137990473296,22.707829973780896
5.6898593083411235,12.36655782645768,41.000337639088514
4.943086094065807,-9.205515783270155,44.13828381278228
2.704621080537189,8.127900761238738,23.904137836634334
6.315170699995463,3.167623743618183,18.980623197277733
6.89010756097091,6.007398639913319,40.8517443190885
2.7483148036903047,10.742333853305983,18.065811607017217
3.350730666014137,-8.751892831251133,32.69637394750261
4.741340233574509,-5.482128721646147,21.16647771244323
6.140963990646567,2.6976423051934475,25.949554092513683
2.9660501932997088,-6.5975535645951915,30.8656976885282
3.7767094889000954,-5.849314718082002,17.191665739819456
4.2960323830768115,3.530726078031879,19.03344412192584
6.678524873042052,-14.042459169371227,22.169637042074264
4.967262578401819,7.669010192900991,22.67486070019835
6.819649198312358,7.066216536260349,20.13446345613566
5.106834507414253,6.452782579858955,19.79863813405475
5.682062927838021,3.2113856591591095,23.798256630031098
3.2321590374088007,-0.39758514823916613,24.730611549714055
5.490549105168206,-8.855829173163608,36.350486050637116
5.176623384404305,14.633778280991795,32.10331707295017
6.9704424794854045,-9.96048413522566,18.08130478782109
4.247724697548768,-5.931408266625752,22.825455687925803
3.1813453325684757,2.544742961768552,44.73728449931069
2.9925998640112215,13.40565782301923,17.016080465644464
3.93501081703955,8.066165636099836,20.94177495712087
6.47849577452448,7.3287326958145265,43.72222732944041
6.064672262458855,-7.616475997530538,27.325411844033667
4.4424517478858006,13.138289147034055,23.684905555983505
4.85442676518356,-13.061464115922487,41.55047301181418
3.9380888862029213,-13.506734331309001,33.47017085000673
5.017291932501478,4.577800108096955,33.447242800556396
3.6770806084887697,0.6111272261309999,39.07954632379773
6.894823388118441,-4.34991047569242,33.89880140041567
5.16294614962876,-3.8114967643290427,40.0134983491306
6.2505633821813795,-4.67516355464468,42.149497938263984
5.9596922297259765,-8.97315972754782,39.24692249697752
3.1916013415364617,7.979403853586831,18.998934424175197
6.261414110757272,14.382008099192,17.746528470531356
6.305228340087225,-12.40257591598405,41.951749000107355
6.155354461325972,-11.78904866235796,37.43681506013111
3.2178224991574513,-13.826073958639727,25.415720573277905
6.053313704724831,6.104147339278004,24.57906021087399
3.334482285210206,6.262109945216917,28.700770212274847
3.8579027013871423,-10.33260022559565,20.686002736889044
4.3508712281688835,8.568047815543327,35.289276291306194
5.1315665318252925,3.271784143552047,31.933074671038582
6.16988721975328,9.490166466354264,23.13569417523712
4.865153281253498,-2.273462794857444,40.40480967989234
4.371523790528632,-1.0349853128982165,40.424403805658244
3.1242592222715118,3.7104356662847664,20.712232017837792
2.9228555490201673,12.236722863966271,30.039919878444408
4.07168606028266,13.91459652137873,16.299519295395186
4.198948375985152,-7.710903442471813,29.198899135783066
6.9468791225994995,-12.75526043467434,28.787625915426503
5.443571297837899,3.597049031811114,39.475532646170194
4.747185938346219,4.8890639807656875,31.082699386738962
6.514496952483123,10.860077350409743,24.908740078201063
5.7147717554236035,11.229963001198364,40.60694515522909
6.586672683036506,8.46495367996545,44.72074774896218
5.63761029236057,14.598169516704782,16.339817617366514
5.396712049208691,1.6657198807953044,44.85404443463668
3.475470179660509,4.568844856995984,31.091164271063853
5.926919544729007,0.9978767920245044,41.39315450213719
5.707600493374036,-6.802431132032881,37.183692394102664
4.259823408844286,-3.3022496653601348,36.5681534126381
3.5857048386669197,-4.80136197777326,41.807996502163476
6.045194361178496,-10.201654798847029,18.273128765025458
3.444560369288364,12.534277640632368,28.94151909886008
4.0466970239344695,-3.671511339290973,24.372414775529737
2.754562045291662,8.40489079316745,27.88903254212297
3.7182936139711282,8.95104884161372,34.12198489356595
3.6203324180516816,-1.5318122701846182,44.525245714037716
5.917446019428116,-7.919519230251219,35.794528352089614
3.862838751968282,5.152169281199932,25.833043305987374
5.311885677708146,-13.746348663112611,19.866878417995295
6.166744533760847,12.640208452188158,41.90248135135625
4.577671293385873,-0.49585956699073286,30.987017112275602
4.193330747316421,8.146969984029305,36.911656821279664
5.125008800657325,-8.688411414324111,44.02083287076904
5.826777817643532,14.370518027340843,23.116453130863853
5.083574232732231,9.536064215494271,15.142677056268663
3.7172082163672533,-10.268545234403453,32.47645953499381
4.105519801440473,1.762712276262814,28.770451266856988
6.336498407841974,-4.863909300226268,25.49162061735471
6.132674081648013,-9.904375245000153,20.728000020059202
6.681413386715878,1.0721959654497404,41.55930489662927
5.534710647718502,7.04447080025875,39.337292329674625
6.436207330765802,0.44994681278261695,41.936247896966755
2.649598486329998,12.374919125136785,29.161353351299304
3.64516473529013,-0.0237613570654176,38.95444962601707
5.154950591570133,-6.217205140469881,17.98220379511057
6.964599979014375,5.439416614144914,29.442262086773233
4.91640288149542,7.74132844129128,23.81072831794726
5.175539977943512,-7.626507066102233,29.723668478721784
4.508731544500443,6.834500619946503,22.48806272880078
6.333318840421488,-8.641496566634949,22.768539005357084
5.523832086071515,13.688908273307721,26.184366895478405
4.965212409987085,13.031619522685777,43.66598635213756
5.107872968542203,-8.301445002529007,39.8088229821955
3.6231448957534327,-1.6614716333466308,35.663311325168536
6.305923658590586,5.334539782163308,16.3760572832947
5.0783538723126,-3.013904987359565,31.60090896087443
4.533686400592789,9.014523598895543,29.883447194967374
5.414724260064745,12.370365088028358,44.33211665074481
4.117072036246974,-8.976981991138858,30.416157962296843
3.014575073164982,-9.476988342178629,19.232309466117147
6.509383442185005,-7.959113418057449,33.61475874286284
4.193555471784603,9.97833410137012,43.71556143070696
4.848947109773137,2.107461284580012,30.3146114345184
4.8550242828171655,4.820990622886239,44.2724706207283
2.9429104605597476,4.219692197160125,41.65383711238103
5.983768727617667,5.601668982765169,34.456660136074476
6.666463272159037,1.6372246021600247,24.50399118997174
3.0069983767646424,-11.71756034165658,17.87194867930347
2.9711272635656307,-11.95730562082479,33.32917457545233
5.728456805584337,8.085972838165386,33.58994611787874
5.183836135405087,-6.137649704229913,31.128983935884104
3.726087035982263,0.8956697822745578,21.915000436446306
4.773839012160901,-5.720594748147777,40.47207596677539
6.081085753460763,3.933436722637019,20.51626756519156
4.944759778245382,13.526807388710065,36.87984114399656
4.488532652798834,7.524911703849792,32.15963369388429
3.2926966409679643,3.128230563754702,43.35700072417035
4.946966804366612,-8.082380607050307,40.89475893180216
3.953457436502377,-12.358552402376443,35.92601503637731
6.865898071416239,-14.169316946994643,26.48714414343332
6.683025963093542,1.4036708815428867,34.82758390244256
3.5870346806677365,-13.812542744646901,40.903298710049896
2.954729587401233,13.42536602312493,15.957244290814414
6.1450315057712395,12.202437365632697,40.24027477581751
5.92150391031763,0.4072345023907342,26.41751594181254
4.492476139961468,3.595626710111283,22.626501043296816
4.813771756186192,-9.411605874531432,43.588475843146526
3.0547481308002067,11.064995544860846,31.1151969201775
5.638679563336553,-14.419591414996024,17.251305368898045
6.641755487719705,-7.5053026012864485,30.606237071719125
4.589221309629048,0.471388549845809,30.299725486268166
3.8519136154810605,7.918783175991152,23.916385004135527
6.919439162274986,-4.609787383373844,24.15933487223579
4.486475493866337,-13.546360640442508,36.3945614418916
6.638917124571847,-8.255569002771658,15.773752226516551
6.666785340884972,1.413621995441897,18.08915310377327
5.069784969354836,2.622798760218437,30.79763220728808
6.337288193673876,-14.048062633606417,39.62588916781924
3.518769156517707,11.861213610506063,29.936098070719318
5.750293550367429,-7.805036989111095,35.90927549314463
3.7162361411702127,-3.748352072768869,42.720235266808615
3.4208392752936723,-11.289737887749494,29.972503831066945
6.770876315217138,8.025623943263891,20.35770421160599
4.951761566231404,14.896332404162958,40.460272871173316
6.8511000724642726,2.8015516379136756,15.363987656243067
6.530126080578787,-1.5128957824998643,33.616865460040316
4.662957893142885,0.6715351044454092,17.364556290774264
4.326210782472562,10.374933117154207,25.09735680836654
3.8557079324390773,-11.132762391351536,24.079622017369722
6.3596795007722555,-14.94364548899223,39.835504658993656
6.076699079682079,10.886530168422293,17.385948398468987
6.5498592836939284,-10.271467108894953,31.758563063312344
4.6740609707642795,-5.740218483824645,42.603328510099566
5.506229376659963,-6.959171129777879,31.975509939537957
3.5018495334336386,-2.1717288329928834,32.593525190383254
4.035434075807627,-5.881882065068121,23.262763684967716
4.997487519922084,-1.3532629023292024,20.46505811931251
2.7698416107565467,12.960954216457004,34.74540452959539
5.231752833209782,-11.035672671007887,23.662276431671877
3.3043655142826807,-6.867939536181844,21.34510900473412
2.682507715936501,13.632103918223887,15.071056362394444
5.987795361121524,4.879027835184637,16.39853501606506
4.09024940189359,-12.16690807429088,33.5829167328786
6.924580060573664,-4.125010631542915,21.344343599797853
4.412499170427131,-2.6896859491501566,36.98435236984268
4.152181014568454,0.476799367911914,25.093364575126714
4.611600597724223,13.4147419612476,42.219514784498784
3.8714670785989815,6.384934445274073,26.671055810557256
6.1652859415259105,12.594544008384329,44.28798736747623
5.7108286658110385,-3.449546178287516,43.23922568553782
3.930777530285667,-9.364300367359192,18.683634274344143
3.9479601064055383,-11.771618607032583,27.98123261826342
4.16580989373815,-3.262770573482868,31.950870048123036
6.152520122903686,4.689584754340078,16.021880025777442
5.832832291628588,-13.476400067280457,28.595321598764485
2.722864254693815,2.471228518795524,18.880797217891345
6.72783231278305,9.681271733465348,29.683158215262672
2.820042389809113,4.976360824831243,24.195375488971695
5.805833569326953,-3.5010493037539714,28.174846347132853
3.6812177337976184,12.41432622180848,21.53254383466477
6.408453172253345,9.98671512388174,42.949309868687706
4.4986908320397685,-4.6392586317870315,17.270795743327533
3.2965810297111364,0.45843488635697227,40.32134226308092
3.5895606408461687,-10.52074070926854,38.47085663272766
2.662801812953167,-2.1212112222770987,37.61113473959507
4.221017657402372,-0.9024036431357043,22.160034414021244
5.882625170206303,-2.0439181096425454,24.466038452866037
6.453432989076018,13.195646925665134,22.044108080039223
5.577598682215878,-2.6080892341180792,28.52044673702958
4.5898872675076134,-8.502092138330227,17.829740582768125
5.827418824630735,-12.879211470904023,38.31836792720145
3.0241724987912195,4.560706189106394,26.840363497833337
2.9134608735852083,10.847483915719668,18.127519423636056
6.5077730429915555,-12.693700962967268,23.01280223034
5.428829667624983,5.247412140426579,21.35481578313418
6.730894398116207,-3.3906476235599623,15.473008582145555
3.4357317969991237,13.418510977665193,26.142091901789534
6.251253182569787,-11.150933247983893,22.56909432245891
6.825225424133075,-2.5167820928794082,34.08513990567246
5.513247231077608,10.866457585227003,36.80691089172693
5.651734896196192,-4.490538175282868,39.7297913717653
5.137626067259094,12.33715473562609,35.573164090647566
2.6690456520918957,4.6373099044207535,22.93898286015068
4.925042372695714,-0.15329618533045242,22.521328552925763
2.9265671245991247,10.277413030840258,22.27263321397992
5.791554017477785,-6.714413842347547,26.2029001530119
2.6501719087136055,-7.22588060653618,40.31122396712928
6.548612927311518,-2.587928531096537,24.92263740566168
3.194559792406963,8.807218490685539,26.205545511844512
2.9192797979371417,-13.207264286730485,28.26892088272681
2.9819442682683346,7.860593442259777,34.13032853166574
4.00780983687046,3.2179707790882546,43.37895858730322
4.029303230247368,7.534231927403411,33.39656418164832
2.973698953941037,-1.8811750200160269,40.72333911887013
3.3854720276175305,-1.6945291671104616,39.65485962765512
5.843427030795648,-10.42507887699788,18.612596342941405
5.605262856314328,-2.8354205690240732,31.118161768904265
3.4292942332626297,-10.106951248497971,16.51638130526562
6.799239830732602,-11.514630046417775,36.86196450130167
6.658160840539157,5.725272201609926,42.209597317801936
4.39623483980441,4.703644675787263,42.032538028236104
3.471055859522842,13.852105907610046,37.38000717155954
3.6428161419879013,14.809877437729511,43.02276020306112
4.875266048652497,8.297968058583841,30.570271947877345
3.7040185233057485,-5.073830656084432,18.070233418523685
5.192859732484568,14.818019608760018,36.43230586329315
3.761009116168661,-3.544818616427273,19.275523121386335
6.277992759693444,-3.366792932107714,30.590762487291066
2.7215438543205397,14.797620335212386,22.56089392831902
3.216279564254847,10.82869377420231,28.9108902442412
6.638006275752998,7.90902472077423,22.085193128763983
5.046851506103614,3.6940606557299596,31.19359384691416
3.0836793644347833,-11.365676807200195,29.65442468599202
3.3273321989425035,-7.034274290188792,44.9286736792707
2.6486991177507804,-9.350531598438348,20.610662911779798
2.6381831165556604,-4.9975877682428145,31.97165667917716
6.19094429496006,-2.4153152276114973,27.22857401762247
3.1374301606726993,-5.126460682292217,25.21415540009766
5.473712773425499,7.466103256413966,25.450175077349293
5.264009045412433,-4.4838440049905905,18.114763831310583
3.4543334881885075,2.5272325376327522,20.79224750199164
3.648093379347408,-7.33114241612748,30.329244660047976
6.056977776382424,-9.921985992031289,20.031875381027554
4.861442770279799,7.5994104488571,34.69068160247353
4.0068581106915735,8.015376195528734,22.42639226684301
5.203483033577369,-4.013157667569921,25.91246336814173
4.018014129872133,4.016364417619208,37.765013792018465
2.753619504539169,-10.690846204726032,32.289358593779745
5.74625990698564,5.737773552769681,28.743558239793575
6.709932019211971,-2.4776461052205043,39.88071389652837
6.007106624967104,5.713050878235194,31.61980574451669
2.924243090404107,-14.963891739265499,21.95871586993018
6.705888965464774,11.686908089998855,32.06743907121121
5.64460202462266,-6.4933415574524815,24.634019951170227
6.26038035846143,10.68735046528641,42.1442801260517
5.908644753989037,11.11533364040173,28.999785989620435
2.756289091515283,-9.957677663611182,34.57385878909045
4.329038701587887,-9.55406414737826,34.3900491218202
3.5453618063157664,5.767443192591742,20.12853480374882
2.9674078041599143,-3.1193637679085864,24.188343550643708
3.4270475258423874,-6.977046907091614,27.30947268099284
5.601102698231025,-0.9271046938542273,15.239250308894976
6.589755752876435,-6.74127661278613,22.499588811780196
6.952253639511143,-7.678756539261226,42.31669217655493
4.672879196501912,-9.73666735409094,41.048245630717346
4.095633337941772,13.204133338747273,42.98715343257139
3.1489821563704967,3.51939451359657,43.12560915808659
2.8924155909240548,-14.910054897073223,27.580006557539047
5.535243780321846,10.514383113499012,44.12642361143941
3.8249961928107066,10.581886572812266,25.726474108734
3.1000328646995707,-4.19173863902966,30.347773437443507
3.1394908382188205,-7.9383348010596375,42.82492709275225
5.578363050745606,-2.144921120959008,36.547510647750315
5.903506095831736,-2.455670227894709,16.847083173079064
6.987364920192472,-10.701582917309207,32.991748827707
4.379011944715807,-12.565424069775164,16.115760336118242
6.972524567254669,-8.085687144138792,23.77187308700412
5.76717261368495,12.323951362932831,39.09826031819095
3.525229398906099,10.93295462075086,36.32000730258366
3.9786160820213348,-1.4228972555120087,43.8212687823338
3.712362865283562,-1.597163224567188,19.88569002447129
4.163605862514652,6.593194846276454,24.863587491943207
3.1214744424149017,-11.784606642387327,33.70305981795439
2.9811490240005507,11.13492217419823,18.55583770532281
6.153672214793096,8.642766754415529,22.862263200044993
5.711186935710403,6.399886223988158,42.32401692335523
4.572845133702478,9.388573752022296,24.019010138661457
6.31847416799598,0.559039420756557,44.07261949715214
6.185225259476578,-11.34008234144641,32.16897436225281
4.996075203920034,13.233032409617323,44.620145714664005
2.8698548466940155,-12.410719528342337,32.27486975767118
3.1573389955390625,8.224965619137063,24.28295685792765
3.68533593010514,-12.555460278246821,17.334575132508064
4.835479346756873,-8.341615286003258,26.63176455054038
3.077118066377357,-14.63282431661576,39.74910500180094
5.011597421887297,3.5729426138997944,16.588879440919644
3.4956624622175774,13.199802729273706,35.6496365597414
3.8398505399319847,10.49241588462322,22.595090504832612
5.478900466390822,14.38628543578728,42.697167177921315
3.3593577933978076,13.109362588068311,28.831434278951654
2.8615233083712797,-1.6814691441975977,21.829211369842966
4.20439336527444,-7.580348463660635,44.2682752772819
4.825799336509958,-10.465454062671055,17.57724674063458
5.355293600958483,-3.7068760580514635,25.639176532441887
3.5445983323876247,5.16521529492012,40.040863374134936
6.4218602031098655,-2.781401896149019,16.329741754253583
5.302912524196346,4.473088073127201,32.05569732836415
3.243588261008768,2.9257348603071343,20.908484461371113
4.183258037283011,-4.556977736896977,35.9627292901549
6.370625412151525,-3.1345974991619396,32.2330959156256
4.487518563287139,-11.595038018612989,28.78882328484519
4.68237553523351,1.9204195630497338,43.335369046588404
2.726528944523981,-13.483254613517712,26.223834739169867
6.73478568207149,8.113319377753434,25.394569625504005
3.522287799941634,2.412006194354305,37.8631922632583
2.8881898364656,-4.831614878702998,30.36340160562107
3.364274092403617,-14.157751246635838,18.460427039089083
4.8095455074967335,-12.339020860242561,26.674496578142836
5.579200906079986,-11.25553498186316,22.800057721449296
2.9560289667959516,-2.1790010807426334,15.936799519737121
5.82986804890495,-1.1545594777294408,37.61489071874939
4.92647805514151,7.605797534180255,41.72907951974004
6.263949239649822,9.323518239764201,43.9027084189522
3.6716609721812743,-3.2516860396899627,36.25999507008092
2.820576235551535,4.532916430046317,21.244582813090332
4.604426951845959,10.359271557449336,38.12311287213413
2.891395889294506,11.377795583995194,24.424211713604926
4.985133975177567,13.401305025410593,26.44554585413496
5.051288984477727,12.801193214684595,37.47970449368667
3.26103582310021,-4.427044912873084,22.303290991441443
3.7444674980986052,12.418945971552638,31.936953730484696
4.518735596359928,0.8072182456339689,38.22515772218125
4.743937585716475,12.767022325800415,44.15829672122891
3.336783229521153,-8.576367635352813,29.344661556137012
3.6611248280828184,7.569151950994616,31.32272050877034
6.8646796839276,-5.965649249897078,28.61826031940165
6.686199805576722,-4.8501067719061375,22.42175502969536
4.787627798632605,4.90177510112381,39.16545151427703
2.7981381138503445,8.730199627274178,31.176508112270366
3.2726528047871586,0.7745469169133816,16.575510939102326
3.5435568480160504,14.30128058890552,19.66417993900155
5.85908969066292,2.397321597822131,36.295266865185376
2.9415446644200816,-5.54760576455093,23.793424968308724
6.97882309437271,2.2526273452079515,15.80198417355849
4.443388917802491,0.05982106884437144,33.97518405303204
4.806903622726985,11.32867209521271,16.989274639948864
5.968308047141623,5.521063718266813,44.5179020692415
4.927326995457622,-10.986213621040458,38.08776550965605
4.512642710623735,-14.847680550362433,36.116374567054535
4.398465019538687,-6.0816777357692615,23.560795775376647
5.169061346572063,6.931991804992993,15.310043982080284
5.043420260671075,-3.479691185009127,28.534342254331854
5.742516097942903,-1.0596710933931046,31.399164853990417
4.5496322260008375,-3.092026795754723,33.11021300826681
6.839651833536907,-14.835349507558641,32.004697551691876
6.87321914421558,-14.057015189417845,36.45705615373537
4.500213676866118,-0.6558250813362765,39.930582982085376
4.631026538051831,6.2102993789898555,40.29348339519361
5.846937447553674,-1.4675909570814962,37.17940749597736
6.125713684132641,-10.0496343818898,35.05629761516356
3.4654036587178227,-9.51424633602278,27.072663998757807
3.8574484910074,3.745642776731021,23.16495631115712
4.890453590332632,0.40088936238383965,16.49995078477579
3.6900738461090703,9.215885462394784,24.893564792846394
2.7089091235899363,12.560485124085513,28.713012965744934
3.8346953875583325,14.187477220351717,20.630500129721238
4.724387739837829,-4.444639440949887,23.378714316525603
2.7003676641241774,-10.574810206199505,15.11215855902282
3.2643858265732426,7.023215602930865,21.13608324978729
5.528596708900491,11.613263379096644,19.31307520558599
3.3086486666372488,10.813525333474573,40.45141110274442
4.792820862843759,2.271683532511613,39.67001181755796
3.3188730168552607,-4.9139441725765725,16.039227402030704
5.149826699312517,13.793551432914516,32.784432135033555
6.078340721523931,10.799062668734447,19.477608215975753
2.790854568855287,-5.347477002315017,30.530816063179415
6.246951502213052,7.272108953915783,35.94182853253453
6.070473177392446,3.1635637192853956,31.13551724543195
3.632517410925937,14.937836119098069,43.91083446375258
3.0825032125751926,-9.60077507894935,28.065323557792112
2.839586839948281,-14.113649315456534,43.19727003158492
4.452819866535585,10.318700079846952,18.868127462868117
3.086634428101089,-4.238275788526902,41.399768669337014
6.540004730334699,-10.500761270568223,21.425726866776387
5.041502870483158,-8.059550149582332,35.591659412272875
6.763827144422254,5.274984040169262,17.63396868947742
5.009401705541129,9.131672167799973,31.393835243803288
3.9726124732972146,-0.9643985522359735,43.917797202915196
6.9823029001213825,0.36143840326372256,18.760962789937473
6.6996908967902105,-3.7252896862734595,18.640923484035063
3.592827463801422,-12.839603007444842,43.64282966584136
4.411231314215141,-3.0838668107852527,24.354119631501362
6.966707305462606,11.791882271777911,29.499995544454748
5.6195851622302,3.5446553519741855,16.43300736815476
5.847060250954319,14.508588111591738,33.24304566524347
5.450824528598009,-7.906490198832697,34.29135188727821
6.2226051097918855,-2.8788837543560746,23.087039118351992
3.2078079257272223,-9.093502749706214,30.544966923238505
4.36700876941197,-1.7862829908919693,33.25150772315622
5.031318678087235,9.567847414391803,42.72810861623984
3.5743702448679664,-9.396787510475828,27.75506512766301
5.352736389177371,2.4762170975953595,26.23628672107059
4.965801239275159,3.5428595310669593,33.87571976205446
5.042740562383402,-8.038224621364195,21.29170280022161
6.4241663645138045,-1.81838094556975,42.96881054795162
6.614355716852998,4.393640500249649,26.159240990617004
6.499758285026351,-3.427956145121703,27.54115660173227
6.891761117295345,9.305084005311638,34.205385618240314
5.850173465743742,-8.27478826930749,16.25874020433889
5.992312644696678,14.785180889575493,20.162056611574748
6.853381950639114,6.011517149190375,22.22299070381744
6.915674334580266,0.500523637576924,39.77261226813457
3.429812663100033,-12.93316743899973,42.71972917330335
5.296335716625301,-5.526429019392557,29.10262499459236
4.666491633868931,2.2839486344428472,33.57197637698498
4.51493275727945,-5.4086191465120255,20.313922660626105
4.083444127292585,-6.469738292159571,20.088426105025114
4.084152432298997,-1.3060426685686508,39.67951415052087
5.901747792805343,-7.172829582815357,30.16209969939053
3.310841945992045,-12.760532930180084,17.50345972376789
4.02170670105799,-5.055338669950334,35.0707405787453
3.0074876390407805,-11.829146202031719,19.64830883722039
5.384477182062261,10.756155675366426,20.142916628809637
4.46121995259972,0.9637202340112481,33.071190669413475
3.0820173968772675,-10.318752340077989,23.513914742657306
6.455142604080771,14.077345254448495,30.628209425873806
3.5312056593635095,11.342157967196773,28.09164186819976
6.56468140463614,8.039066028881201,40.22155980838723
4.075830570727957,1.1432610983676135,32.995179744358765
6.606676149862567,8.2167307070656,36.78793783688031
4.722600687823787,5.350145366316319,21.188567246652664
3.990596340407678,6.542199441974962,28.029668493755313
5.220630918584412,-13.638754797554403,32.74832824230406
4.317953020982023,-6.35103965085341,24.771420496749258
4.274081950313954,-9.558018450755437,24.897470128343667
3.978997043808146,1.5007877555811824,30.783955320294968
6.995123393461806,0.6524498448480696,40.60366240122675
2.6956318554500514,2.4481659460101817,18.519035294879753
4.092677219904981,8.85310271050519,39.05889952796451
5.770290301264473,-12.437468276502134,23.40413544555777
2.6543710634903017,-3.696787259641285,32.14475006806994
2.7605754150358566,-12.291598500106893,41.790958369833376
3.6567368904096105,-5.8975747832408665,16.45774740793994
4.2404923997136805,11.259128457670982,44.8397957636047
4.185046339793247,14.790106627754277,23.382575977334724
4.816866250932378,-2.295832411041026,26.070885639169433
6.289880011832132,-9.760796681964585,40.7716638088497
3.919536575719141,-7.773136566579026,25.11369198316482
5.348036350129762,10.60360843601191,40.0249764096628
5.505278163245968,12.789532243598721,25.814791064334585
6.748214424728248,-12.531606693117297,26.63797769954109
4.293199938020555,-1.3755210139268783,29.5028936266891
5.2885338601945415,-14.234487134451728,29.32608330622116
3.899337954054433,-6.9638031958094295,23.84609863500565
4.935968895624036,14.194117354315505,27.631824579963993
6.840314232932191,-3.8459244640583954,19.686312299684907
4.706624199957012,4.73355838076267,30.85321155686284
5.812180994851024,5.005284213888544,25.006981053281883
6.27303908436565,4.187969427932682,23.63198775888316
5.247368067089743,11.460218032454339,16.62922731449329
4.428961629227247,-6.9175858843809035,23.066368863785037
3.491384356558059,5.40047378858544,18.665991597029926
2.704247086031576,2.90835152507778,23.77690314836167
6.664821365712683,-10.823615123584192,41.07778232235947
5.102460026911519,-0.4404952170448144,40.13414902045065
4.143660279919394,-12.633838265287674,15.037900270683968
3.5932053308318013,5.2192069611850584,18.854277028031337
5.678139089754622,8.393813849582102,16.974539701865634
5.636076088928569,7.9596013602231075,43.74379516519462
5.004081153009368,12.379471608023014,16.320588037173316
5.866676566466682,-11.656144435905032,28.280448271720076
4.05511287094191,-14.192826289674958,33.9264750415721
3.7942388788412975,5.361198178524219,16.608376007082992
5.597712299133221,-7.255498807188952,41.42065855745856
5.520797815787034,9.458867271473935,44.537701366053824
4.319857701213438,-3.307303621972185,26.649583532368986
4.718307130877539,2.6548570781367964,42.28813725656996
4.85920433424395,13.474996697421915,38.94693473806083
6.844406021267002,9.103577298110224,43.26346222759509
5.6400782527838444,12.623925789096216,36.9701435655838
5.307018846630382,3.7009865032560008,38.698857371245346
4.76501932674414,-4.837910343021303,15.778113063017688
2.8158186246259764,9.27730508991927,15.025914152389642
2.9498804609670213,-4.370687159392231,38.463738674836485
4.196226633556764,-6.804167661557477,18.93059140549419
6.697343911333034,-2.9361116910465554,17.912062238452066
5.3476153354863065,-7.0759728949072995,43.42138715651262
4.190672265603289,-12.675678729445627,31.001551728983266
6.04887647396321,0.5457922581623169,42.23926551282739
4.730009148402239,11.99455852915543,22.961566670377408
3.974279355117768,4.895462436876169,19.073565023418094
5.235594895833967,-4.798392102683103,16.347665420985713
6.039942547455256,-9.716752463203399,37.8393466613639
6.865317186197159,8.942739456599732,19.80447847724482
6.7016173557738155,-3.9239742420714023,31.445894935339098
6.805785429146816,9.855175812552375,36.19087595128536
6.2709206260571415,8.638598547695345,34.075202705130025
4.472428401049345,3.4137884106417076,42.4062876156806
3.134878428013519,-5.7251415796901775,20.6170886274343
4.737185092843799,14.66431138008548,16.05419094318517
5.625829308265425,-2.2933468648523423,16.600635627180893
5.0616339849387675,3.687920226742662,35.895707457636654
5.842029094010947,-6.218798256582097,40.638954383147116
4.1083176551047025,-6.604136609682687,42.94483955570756
4.597282303508786,-10.94350740288753,24.891535512760484
3.913993648394171,14.954174540402125,30.638975696621905
4.191431547338599,-8.345524063225806,35.1119125145442
5.763604484391925,5.95131261512288,20.753416477140945
4.444446869882995,1.364263742911021,21.815488404893685
5.463967130626568,-6.467648862922903,31.272082460044277
4.651511695204745,-4.420864956748343,17.821964891604342
6.975012936566695,-14.66312337953304,18.9347445315762
6.85175715216419,10.391745905351826,20.569312313613626
3.7353782057835243,0.1459854086822574,30.267533977179518
5.524835517561302,-13.588575424038469,30.726636544942615
5.587001078750498,3.7763090667820762,29.31966335121986
5.324353286961135,3.5627940376395877,41.71846448803845
4.407517252100714,2.4109004451176475,35.78975357773187
6.470939373649136,-1.939509431766405,43.22761547654483
5.247460530924295,-14.30437401290989,26.194364704413402
3.680368874044782,-8.18535835674382,18.617217828841067
3.2209465944884874,-14.071398490058499,40.70247428608671
5.754360534053419,7.366928439576942,19.90762021091014
4.040053521674425,11.101128442768864,21.819720688302986
2.9692211463693914,-4.68706752958456,41.11044382359596
2.9354768709241865,6.0109200486073355,23.597485223599122
2.9116537626592605,10.219105317311367,29.70215003566247
4.561980143790418,0.06847853849606267,31.449596662863534
4.0386185948447375,-5.2626950679755335,42.161895134056735
6.054594126999809,7.415542415772869,16.368119454357718
6.3179200304345144,10.30641891929039,18.847845709135722
4.099394646345804,4.776289511054415,28.747918326563408
4.315105771229881,1.7888438484488205,36.45863512260432
4.060929560848649,3.3868624836723207,29.637927263015232
6.003583944372805,5.171247598464497,18.18374607467859
6.407569554652554,-5.142628212699757,31.845339460228427
6.6980850606420335,-6.681372204893023,30.053468461146927
4.043333324540722,4.80694362525238,40.129972275663874
6.932051417561789,10.350440581171434,31.40825121373283
3.2107371935538818,5.9308932284086815,28.117329683472576
5.925540795528725,1.6566994076666823,23.585207936198557
2.9469362983744545,-5.092300156653382,24.049397369899637
5.643686955438752,2.7934695695775495,32.92426631742518
2.8625211834571243,-9.861369251406863,36.45125342330938
5.544622501273462,2.756963668101207,36.257886176835214
6.175882132030679,-8.908590111992122,36.421337215330155
4.7191687832580165,-9.513404288111737,39.891422835223935
3.801761710892946,-7.793316639698693,33.59383842889342
6.908041233535321,3.1230208930167507,24.82405856827282
2.8647178019544826,-14.82259758450342,20.589345500074078
4.324033211970719,1.7250176468153064,21.783439930192966
4.3869260829693815,8.783526195085564,18.02475651994691
3.2593162356417764,-6.04497905433518,39.181154985410885
4.394377558644438,13.089193587218475,33.384747279107884
4.6609664808061355,5.903696060333289,44.357769330564274
6.627598509176392,-11.194586478038042,15.942219271059217
4.337918765490931,-4.9277387006425215,42.56110449313381
6.997309104228158,-10.119434865357048,25.164245177733434
5.23311675733036,-14.426040187325228,31.28348501379369
3.8121009281944325,2.6597516777332366,31.07204825964562
3.807792988029942,-4.661294557576001,34.660934425702635
2.9371444944706324,13.257002316509897,23.752680155000547
6.158822989328198,-6.452901434241792,24.878668521361952
3.1124535615688074,-4.918781300149222,23.363498185920776
5.35389268853789,11.85524095072251,22.29456582570447
5.809749682219662,-11.355136763876546,16.314653587109316
4.6428538529024035,0.36641087973629993,39.55633394248244
6.204768277225173,10.46912248751778,27.264531892165238
5.0506792802309155,-9.703512613234425,41.89145803448881
4.470241501419112,4.263207227383738,41.776930631358965
5.8478443646850415,10.279917368021298,19.616799587929222
3.600037803672452,1.6579841787085456,29.9864701864092
2.664689686043491,5.129222305711689,38.34247675797193
4.677069817543984,1.9497407562114581,44.37165019394445
3.6144498583256635,7.721980583990042,35.02549715501052
4.020456914944311,2.443711226050411,25.863047854427148
4.256905617259612,14.437402772515828,37.787847409113084
3.030165049671294,11.221691842535737,19.712430971210125
6.135028264190299,3.6674340961629497,19.101038626630256
2.744185710995275,-14.714664399353293,42.88313176829509
6.969101691087954,1.0085317229949808,36.50813839424447
4.524776419809951,-14.384515118032127,22.269712592944956
3.5843137725082155,-11.62705769267257,25.386798622426475
5.282355276646038,1.4345003775625074,44.77840333839157
3.0297082007706937,6.965299376513137,18.604374859233804
6.107727976575909,-5.212571794003896,35.22091415433962
5.583704760785336,14.345505543495307,29.818880262789804
3.8095807846537513,-6.345179942456866,26.305924565628253
6.326183641299648,-5.495849789256315,22.899047776765034
3.7584370538211633,-11.758106509632519,21.45095807351542
6.432995144371169,-2.979344755027576,28.923578662488083
4.342935092665751,-0.9091539818836054,42.5124755505735
5.927580620355908,11.483886163376539,43.5778250087038
5.897927980781329,-9.62432321915644,31.350466438881945
6.86349809709802,-14.715619556713262,39.0773679551006
6.081480164006209,-13.555489722480946,35.090533424841205
3.7671908998331203,-10.507280116242516,23.975855624098326
4.239601169616828,-11.053896959396306,23.700755472868885
3.1308945463583653,-11.08841210408577,44.00629949023375
3.997517479475496,-7.366676668021259,39.174576098251414
5.388439779277679,-2.586328862895165,36.7486231036882
2.8138530258513113,-10.965715499207183,22.150279563833287
2.628993996791024,7.795346727512779,37.91084174669041
6.462472462371343,6.408930869611233,31.44179761572825
4.023502440681384,-14.752175304220055,22.170988758193268
2.921563857257417,4.158851427232161,30.59382303313654
5.055207266872488,0.2182523281674591,23.932390361858488
3.9241891238565905,-7.275278800965744,31.219140615695416
5.547462362167055,-8.234643810598126,25.959836196569107
3.2990533653128606,-7.700918015971695,31.434097907859034
3.038307083313373,-0.7144418682819929,19.23785449649473
2.711586086943646,-1.365238404529359,36.33189315231428
3.8087429969927227,-3.602476318547211,38.17663212707757
5.33359305742024,1.0206814083472864,30.21922552293463
3.0248993767606747,10.646770922491683,28.671716762041708
3.0336829172467508,-5.959364032358005,32.900474380134
5.494624909309854,1.3198310115045082,22.793285255078338
6.933890535798356,1.4788157920800558,28.512489197928232
4.424127234538601,-9.028945152965935,30.168873631914813
3.529855049095072,11.873839494472914,23.49885193240536
3.5712572287245523,-11.674186552105583,27.081982682880977
4.183999354095291,5.872399998007548,35.72192047485338
3.1135651344620072,9.462924059542804,17.15052266068405
4.386591387758578,-0.791119760128062,40.512945956975514
2.6335853401115616,0.5416900491885777,30.81294641562451
4.273430975376314,0.6032373947962277,25.30126467424945
4.551123202991463,-13.69538629763196,27.804502749960953
4.715181943080427,8.921126766646456,38.43217520172321
5.52161471690245,0.007246758529559472,17.18933842780709
5.11954311516441,10.77015015625225,39.12273585810039
6.17951223549872,12.812816284885347,33.856666601366044
3.018390134666838,9.943278786553062,39.39118822217941
5.688964621276534,-5.335551324815027,27.20399939407524
4.925564972345349,-0.45861266968921655,43.46092858407798
5.38690141125323,-0.406075867681734,35.6009139661083
3.9456036932725653,14.317195474696081,31.910376218853056
3.7914484206914727,-12.794882843946514,15.57461380869579
4.947704292004342,10.71039069199039,15.420353739611777
4.655985272417377,-1.170616871403567,25.99669651046633
4.436146230215659,12.140495956018547,33.33182718132342
4.201105944837374,-0.16048669729318377,18.44932239729231
3.4200603144880946,5.997933556226691,15.222211295140623
2.8053975668946953,-3.5881687823601656,30.212845423713837
6.232291335252737,-2.305634709210075,27.65760450837476
6.403694690821505,-5.747381994824128,27.39486569498697
4.661535561351597,4.572313372039375,21.89438007101575
5.429451235632905,-11.238501886403487,24.830600002284942
6.135556316668822,6.6437516611216445,38.79577143902863
4.907058395875531,-13.395278148822284,29.056059922717754
4.926947976234553,-13.622209812000305,25.66070482940757
6.459617059491174,0.992502431743528,27.929841341562533
5.246555026437406,6.331601915388063,28.548539971807735
5.571096069259577,-7.127931968510011,36.92172290282415
6.32103264719853,0.3029065325874907,29.424561710790623
5.312256339111126,-8.661035261195913,25.18000229500258
6.866728842964783,2.9176389531435483,30.275207879434447
3.093461918144996,9.965824102552059,18.193183944084634
4.576119130526726,5.188299672527812,24.093639286196975
6.5877087260488185,11.57066708407914,31.870963005751022
5.6312147648432225,-1.4532311276710228,21.656604712536723
4.243098255689668,3.7325805950622666,27.817101515847874
5.991975790007267,4.967500487183564,28.441408607632937
5.447313662375347,-6.173328801879819,18.94983258612063
2.879323714408197,2.170127359696842,34.09950407811239
6.889704836910621,-5.243158652747859,17.199370111940507
3.2598112705221527,7.156628913599661,17.32121126337221
2.6983639140989695,-9.532676685633628,21.94152352934344
6.199628556900266,8.1794832466447,18.863586839131642
3.163744840090129,-2.5220603562970965,39.17173213744533
5.156260589943342,-0.7104733669842762,35.55237205172611
5.837020407137714,10.92698478333853,40.46380670173045
4.278625666214068,-5.870757777506007,32.777565171953455
3.3864208205809136,10.553339397949664,42.938268852571426
3.340614652198005,-1.3392042516320721,31.20737999577443
3.55490697054595,14.550970990534843,27.0139353443868
4.282399839109541,-7.472823165626401,15.477948795053319
5.299401206513963,-2.7846832768175815,28.437524124201232
5.138910315318003,-7.609384371198606,39.893978525941804
6.566117284135359,-1.566499482185936,29.210889018751892
6.9139500626776575,14.030861387089544,41.70007609003312
5.218776200487552,13.745976660220176,43.83422799781932
4.758346420060198,8.504113801791334,18.031689851428496
6.695400860921802,4.9554138817234055,29.51580438935133
6.298459448732791,2.22383774897105,32.294746376659795
3.4216280539189166,-5.395942467760898,22.640273314727512
2.658648692689435,-9.286534298727172,34.798879067237266
3.527137658896616,5.226026166133661,34.898457934408306
2.689471707256311,5.894024791789349,38.148695197234424
2.974322131171272,-13.458169839980325,21.494720628503728
5.398142439068723,-5.8128859254571115,39.49135734316397
4.213222377082868,6.755305189696699,29.720956561108174
3.925141371191917,-5.293941872886503,16.90158414000955
5.214280067521258,14.967786162878877,21.308737207242437
3.9471866123676556,6.605104171591897,35.91576458954355
6.6806981803541685,-9.150974902354733,21.608639788244584
5.060211334498986,11.766437636946105,31.381741326668426
5.495187409755208,-3.6348598834750803,19.062015711771693
3.400885267567936,-1.9119727207366068,22.334252853731137
4.272219312829787,5.4866752990534415,18.538999016489484
3.357862908630257,-14.379790343024439,37.50729656204928
6.483304441750459,-4.694664801121387,35.4809961645213
2.880925179388986,-12.288306161310718,36.6992990555843
6.971999688944297,-0.7218200087985842,28.331513448768067
6.054204618429338,7.844765891252326,29.810204389038233
6.645158590265858,-6.489991181773968,15.053088659626429
5.5690749983368715,1.621459168595031,34.534145133201505
5.152434204256325,-1.8842650872489735,15.54404275309582
3.161839310400164,1.3309750288015287,25.60505487212722
4.7113478660589045,0.678659309712577,38.73496814910068
4.79115466552386,-7.527918204560904,16.168667202231163
4.296984685706552,-3.261780008612906,27.258860913944787
3.3984135610844115,-5.5407682304584185,34.43350939036366
2.699543863396845,-5.239461873672852,18.737458015575076
5.0245526327186045,-7.558890131963052,42.18566230935451
6.005908856310875,-1.1275963814854926,15.810789633441749
3.5701541760215534,1.0326716511558516,21.005401731544154
5.849691753116322,-9.78885330355779,16.04449765093357
5.777426780761045,-3.8989054566108337,24.253762630194224
2.942188594831705,-13.858884352294053,23.10713466912212
2.6735105961902894,0.8723080995068972,37.958826336416124
5.975104187214935,-14.011346535727103,41.16649006325356
5.63968981567402,1.8694144696714154,42.2786794001693
2.7976865790096026,14.674606795080045,29.30033868958013
3.7208468993516544,-14.408620660888555,20.19157619169892
6.428673526175244,-5.342615753977617,40.44479333977637
2.764304692216339,14.941567602813716,39.43908221793583
2.8725066439453744,13.43444732078316,29.41965784160459
2.7987322811532067,-5.096290144791876,25.404660646175717
6.6994204900479986,-10.493904532074172,35.94996200499279
5.738960971239919,7.148945627025302,15.872364924313741
3.5216795421312566,-11.931107386306863,21.847605713587868
6.872826956982245,-7.64756145879297,28.347767126809806
5.758964696583577,-6.825477919827188,40.53800465369565
4.670645651417975,-6.074617801361919,22.492041900523567
6.293115864417205,-4.71696787322767,35.06319111864403
4.918512490672519,8.57028010471079,20.625089900294284
4.979385029227187,-7.216656103434596,33.87107849063289
5.005987204159899,-1.712999637338024,25.28087129234534
5.548926788078412,-11.326067604318252,31.239524617881383
5.762046707840108,-5.649759057455192,39.45752629567962
6.042721901594945,6.635443432107742,18.4449366930998
5.803114791678476,-3.089497381607579,28.209270610989755
4.545505585579054,-4.8709876212016425,17.89837764619591
4.229363310213301,-11.473105203822307,15.697949774948807
5.241570022890391,0.279544169375054,44.19512248603124
6.827590326066929,5.356533994611691,42.88598178445713
2.8585812995554414,-2.7777758117689295,35.17785983642478
4.009798329105444,14.535540404075618,24.085411870184036
5.335370777488351,-5.8177427204077485,27.63837379353002
5.320027166398626,2.985866101897468,36.33785123409284
3.8639746841500964,-11.372991817702204,34.86945620367045
3.176599305028284,-10.806648112529892,21.905734017074835
4.40363850120435,6.1926707712262825,43.149984619536724
5.477236871209684,-14.27263426283985,19.14561526772274
3.415196633688595,-12.006575027125034,30.27861043263587
3.6660528050207133,-0.33535751874366504,38.0524962716148
5.052475730886858,-2.316199710700772,39.26755003021699
6.104824144474243,12.276432303255604,31.019321971863157
4.832664321176283,1.8868382312559895,26.767541750077264
6.5997914965988365,-5.105965985252963,25.965424752709026
6.099341057012367,-9.816545157893326,28.497282959705103
5.285731348674545,3.236993952090753,35.80868587556861
4.4501544507055995,-0.7177678183581531,24.35072151304398
4.856027494825039,-14.521234726000637,43.270081342864756
5.7839517695634735,-9.374044041354736,42.52822705560079
4.726845371996914,5.4761056523643,35.3610955279096
6.351575173400081,-13.78510536123334,31.60581372731416
3.390295164002922,-5.681317198399807,35.715576079861705
5.293538334386221,11.420857613373492,44.31654675147723
6.113894086668919,13.041730027233932,27.52318423341672
4.346741453757769,-3.6809214859205728,34.92630052255302
5.286690193856284,0.49159489168959425,29.45194172764637
4.36224260836521,-4.124350330848902,21.570699364209926
3.096633049375322,3.829367461323905,38.28924113831663
3.8692829159168296,-5.027329619879561,17.120622936533106
4.881126050009579,-7.663329871977041,43.049971633838794
4.982236997615365,-9.00774875187001,19.844303844504655
3.1942357752396253,-5.984982727914177,32.42212181985094
5.1559786220710615,3.2526280853947327,20.64106635125712
2.8165043007414017,-12.078133468587144,25.71180999347132
3.645715004000445,-5.788434575453296,17.856382068439814
2.9221575642447064,-14.813865477122079,23.851108196552964
6.427883826853764,-3.1954726061269803,40.24149180933658
4.576760763757924,-11.959305998596133,38.35847814822115
4.439544021201482,13.122593022829314,40.78079671374203
2.8070831246821477,11.372260622748495,30.91745526918302
6.1468345968841,13.876754930522885,16.96765489968756
5.459884503552841,-13.644157896964927,15.592028209142452
4.3850845180207445,9.663049868950669,23.855876379858017
6.3870242011313385,-12.785651055958192,26.65293111987357
3.937314527770963,-7.433489417901888,24.609062011124472
3.8567145373167566,-0.7314791876330382,32.44610041907685
4.461712011001687,-14.188853453402867,16.53284132960272
4.530507986376992,-14.798093561524874,37.823540434508914
4.420614169258246,-7.524658246945082,16.646377149106563
2.812087212863628,0.13699428645516498,31.093871827236367
6.378192635777273,13.978942225593816,28.645309883938438
6.282820129806293,-11.119538623348392,19.040256729343323
4.970062205677135,10.184759019661996,21.502220735103247
3.8479993012349274,-11.996623096742502,19.03580578900275
6.443301049584602,-2.1169924548497683,22.398140867829465
6.089841822416864,11.509782160682242,23.763329709113282
5.745738402988854,-3.3360248569176996,15.72153714061073
4.203579248068449,-13.049294075129179,25.62335905785823
5.9541148381589215,3.450984991483274,33.41922134684654
6.145447698812196,8.617326235289504,32.2767946239695
3.125006895563146,-1.1953117456150295,20.655830674133032
6.181496809102284,-0.29267647096719074,36.58943274918719
5.3450618714219775,4.648980158990984,24.324883269412144
2.683727680813389,-4.321356459030861,30.46266642504411
5.351501763343897,-0.9773491736908877,17.29118621673071
4.6321133687960465,14.746684497174478,24.631296076357142
5.935866989799615,-13.451255321630711,40.55466651139686
4.976818714369983,10.783624527333117,27.53890774108783
5.2169064787846615,14.834870250195934,18.503740731464877
3.404550503162839,14.567438956635524,21.404373125897898
3.9614785890243827,-10.383113368361336,20.480517557787763
3.8510838313639595,-12.322895852683224,16.93372204839341
3.2382085021482396,-14.504057867570987,21.584104212938364
6.170138904481566,-3.44312796066799,23.696768634380142
3.2987691689501566,-14.688061283221781,30.584722352558618
4.66891130492508,2.0241682255260436,29.86555196439134
5.654909286224717,-14.657510997537516,36.81344445298212
6.52365608284803,-5.463779565809126,40.66674205206269
4.179482797676574,2.677903762627359,22.716618082821466
3.7066709835056155,-0.148620132662856,27.119842054112677
4.149174279114632,-0.9501921682285097,24.640589753636444
4.891796254584717,-6.453920128074776,33.55089629768552
6.8137460129714436,-0.919749105515125,41.27900620083546
3.1611805481830793,4.3728892646738124,26.10765393646209
5.954689083953521,-3.7584388549761467,26.335769058573977
5.87952071543837,-12.590826646344064,21.63127050631116
4.369393521073725,1.191638112744748,15.739740009368145
3.360137834888894,-5.7830121004490955,30.713377576800177
4.723368067317246,-11.465772242658291,20.09381644364816
5.275038238098366,-14.299699527231985,44.22456509229102
6.126826012817769,-7.973599133829123,21.215798063523195
5.589324957543502,2.7783040924021094,31.37648675387514
3.87229411030652,6.1991889759058445,39.85278460802208
2.6420259698647213,12.042060376677885,40.74176184112103
3.3895167582604184,-13.817448258052469,17.519579085672124
6.520081383373439,11.052131542848954,17.42174095545544
6.917194680606921,-12.186925726141531,35.81700771401813
6.498664419763979,-3.512140617694387,26.89672524643974
3.6584955771058616,8.855218740060295,18.474375139888465
6.214180771764362,-4.170427514098327,39.22842680743679
3.5765607048074015,-13.723014681595565,22.612927114131992
4.721739589972282,14.260506726922,19.925845457185684
6.958722371911756,-7.756869317884201,28.082894267290662
2.7188598457279434,-4.22994830329462,17.022988447278397
4.169143758539931,2.9376608813659466,33.6043206114635
6.037848506698088,6.565845280778035,15.094738770218537
5.139687924709985,-9.794941621725268,37.04867644494553
2.7249116409177963,13.74013465082735,29.95107357130007
5.539997300612893,11.983918415115589,41.71351695363414
2.936806673804769,5.065157277899733,15.849207456723184
5.43638194406121,-4.589357461062594,33.226454447844844
5.320870960368952,-7.154974753960664,26.15473302630283
4.103134769590449,14.984634131081137,27.158441257328718
4.214152045238633,2.0781076855450316,19.36384744182267
5.1622549669866595,5.500722954949769,37.61777587116359
6.577881901827819,0.4956852686135562,32.59923972234041
4.451634721747915,7.3145666596801036,42.337376005964174
3.1016218132165596,3.014454355098021,40.52108189829242
3.255836459679053,-12.662411472547431,26.931842163454746
6.269568557531745,11.03839105760667,31.36102933318297
5.9303834119156615,8.913143603222835,20.42694470785806
3.955172605179423,-4.488480691281589,35.768363442750434
5.906841591176558,7.217638338687891,16.21932342905247
6.886401522381762,-14.257515284181888,29.182109049203582
3.66946300355222,13.571040042180073,35.47293346740351
3.9143458855235425,-12.795633460463552,35.87553378955218
6.650277809815261,-14.371176963334246,20.447674976992804
6.094433905928327,-9.872351077459063,44.46408476988951
6.07166460264043,10.6900666874126,42.072800196409105
2.808784293710347,-1.0785531861475217,40.08730337196632
2.7919066669329555,-12.135896515459716,25.863751189372792
6.028257394145447,4.138533240854848,20.533555929725942
6.967553718165718,-7.391486428188886,35.51135095310886
3.203543787328654,-0.3079846899393548,39.55243175874938
5.9972398606026145,8.6004919587055,22.884524508197718
3.6932798129386386,2.8486051526653533,17.599536758912357
4.388263735987009,11.52874482702384,19.307261483538696
6.927854200926129,-3.878842192307543,41.68538898926758
2.742232455036789,-6.945828120165292,40.387074599207864
4.4590875110456665,-0.7960947146708861,28.722700788076423
6.874209299203164,9.211990842579649,21.71042536222923
5.845846764908403,13.934570048266448,37.26143087351327
3.8956484143967973,-1.504270042704956,25.66884721188783
5.4857164373721545,10.253267405382577,28.616025220039305
4.036416376003811,0.7188882415320847,37.215604187920135
3.8377882067858837,-3.3941987786974277,43.68846780917622
6.713562696988671,12.063117854929313,25.20618282751643
5.071375127229128,-1.6682966903317933,16.730003992796284
5.869357335522008,1.985502554482089,32.88475469269339
3.327823222474619,6.217218024708416,25.789721050972563
3.633780017223143,-10.665384496429478,34.4064626491779
4.157948451124348,-14.897031962705823,42.253040968814204
5.939043759208113,-1.8607088587333855,28.652237495412976
3.0254529626710243,12.17392750899543,35.36534188666074
6.670964176715659,-10.22519305398184,22.55228600642722
6.640423712245955,4.433505456549597,16.13552243591917
3.9470118662658766,-3.584358709750216,43.00968286999094
3.2616220382123866,5.023460689741039,27.221684797067613
3.9766769376220044,-8.365001876481847,41.28257966376286
3.402977746436168,7.650841174152124,44.16169314667424
2.876496679892928,-12.330402587282506,42.67912646528315
4.495996778155607,12.43398928253206,15.16153997262141
2.9833192485727342,14.848471299743274,43.780163747569475
2.997968561416589,14.770438079334014,28.188344658944658
4.587700958788642,-8.518013690128846,20.66458293949805
2.6783219322727145,2.1634649663713716,19.32104706321822
5.152783720214121,0.9886728625132655,38.45258140221759
6.093402549347983,-0.5376113948347765,40.9444050685329
4.235979251160715,-6.702410114729135,33.54066174846179
5.579752108575944,-10.3079667910289,25.053243933295533
5.286053953348126,9.86356980019556,25.880497467086276
5.5098502773929106,9.603724373960588,25.54845097577
6.940589884413774,9.297342615511123,31.15397759708324
5.3400929377197635,14.266241217471432,27.69222439048648
6.601071212135364,9.808842171969982,30.066514518649768
4.2027426117315185,-1.9861755722026775,27.48134409041063
5.207194675228719,5.537555027374708,33.19725621895442
5.257345790707603,-14.700576538640275,32.422994418598364
4.498437844975863,-0.4449538027278077,32.09391253843381
5.42518589552094,-9.280146663724908,36.01512076846102
5.952192197300397,4.463558906479189,20.970261381853774
5.858009693054075,0.8104012862293537,30.769165079781782
6.510611043006199,-13.897738754313128,31.783808914691477
4.4179874623211255,14.424743941023877,31.849157626605535
6.583359002191335,7.851541467139061,38.986630196948916
3.2479647608189586,3.31011297167856,15.761400591571453
4.664059377719347,-9.682951159447127,29.679043628488188
2.8956733332876157,-10.011501712567512,40.4878757022359
4.516947565884751,-4.4632681249556985,35.867344311857366
6.702598060442122,-0.5228445381809603,37.76047557970411
6.006550981374145,5.0413583744996195,31.210632389952412
5.77608063551854,-8.245181223461682,27.78404690940761
2.8967709090404887,2.2298575687188134,28.59959214467486
5.13204410364221,-2.570683045927387,38.327742004145925
6.65928660999001,-2.0742507262332364,21.998650412449813
6.561485339630802,-5.192299687712806,40.25695253280658
3.2871057627614504,1.3548318183493642,26.95564984524747
4.550602062830145,3.503248105951986,25.755440423239634
6.843492084564419,-0.12488659104020883,31.011212003832355
6.828753597289145,9.982532357029719,44.451900982005014
3.148101912209087,5.146437366191698,34.638095082559666
4.291030522147642,-12.14168597482794,24.85857948388083
4.2559452103005295,-6.022875233839521,31.813452861708868
5.669301619049715,0.8970326778988316,41.915442229713925
2.726148933715858,6.657505977110187,39.57108199115799
3.95689628544483,-0.8334573738902922,27.19049904307425
3.688487698643751,-6.705972386968801,34.72882138897296
5.73238217007361,4.410825203716303,16.837630687605092
6.219964762063793,-14.7071500035204,22.965220604739944
3.486686040272837,-11.457344432961095,41.9560623790848
3.3048312899780194,11.55037293496876,30.684257782459206
5.537411813803841,13.146130949351274,22.688563939518566
5.936745938227571,14.702662662737755,37.95645300076765
5.749959590601604,13.818598443915239,24.047283188714264
2.7290618625725305,5.436395450662449,25.56078561227915
6.656710060363786,-1.1434779288199426,33.918159700439276
3.0169997538352806,-12.58279268850798,44.617040141906664
6.559827533442086,-6.775602172442369,20.311630061359978
5.0920228169295925,7.905067012703906,25.88381449733449
6.379408335775708,11.596350937862681,33.52756929924375
5.91468008514081,14.710638683483914,38.62351272639063
5.179321883061238,14.539840281921098,18.591563771639994
3.760678979664326,-8.40142045200574,25.14433708587131
5.187036028564512,2.8100099975911057,17.84692008124444
5.362208182559471,13.668825910598592,21.274890115203803
6.816531252264184,8.468309600475624,34.96236944095769
6.776448749159215,-7.654312854990083,15.587317745622634
4.912956846384883,-2.6287156818605375,27.584913413287595
2.893623573191033,0.3856921790655292,23.458150120390414
3.2414680570222125,-5.462533871524904,31.101468751156975
6.31143478798045,14.879972679743958,31.827612061553182
4.151822243968915,0.015470143836553873,34.14127618694872
3.08881944091307,6.356951979298067,37.9349837860745
6.71476980169204,-1.3716402085826047,21.603781223161313
6.9566433553673,-1.9507047456918247,23.25754851980175
4.4281211961201254,-1.1608774582840358,19.39395734471574
4.266419219874535,-11.491746694613349,28.122199029994853
5.7317255271664225,12.036295056044988,30.697725293711784
3.6495130213560385,3.1426717851545476,18.528938406020494
3.077503638506067,-13.308464890785975,15.928032117426202
4.042365750269111,-4.092459127035834,43.21529160572406
4.466582695809432,-9.288751756075227,33.04790693535108
5.434236325839912,-8.824008042983955,42.804501735346896
5.343207668906544,2.1840556580547066,31.05612518203089
3.678314738482265,-0.2767876791903543,38.59967993595844
3.626858365598184,-10.294079767264503,34.449204011121786
5.90771758537131,5.515278639882631,35.569363845389894
5.784251202907161,-7.8406318219726225,24.559661606311927
3.232696874588207,4.258495181685348,34.286510906217785
6.902428704771686,-11.001866556904085,33.93025414825666
3.806500642420694,-10.292147753473165,24.498130845586076
3.411574580937998,-8.219912986265271,17.06484104709952
4.3479247420849,-3.5591982028636533,38.363446451336344
6.1363127054512425,6.030041913275241,40.78423884303403
3.858675222818972,-14.031208873610215,18.593258509365032
6.64921439503251,12.779793377015647,35.158085008435876
3.726828888984983,13.37001844361054,37.692962256339555
2.74653218456716,5.623180975475925,29.613585886579127
2.983656428157127,3.2768634231814495,22.63364372716416
3.479540276818957,-5.327712679665542,17.450793280384996
6.8124050311685025,-3.9094491138064615,25.604448155186226
6.139372660820296,14.624418868565808,28.323369194239877
3.2313662141607087,1.728766074989462,24.152170746934715
6.001663332208658,3.8171124665229,24.68601075474313
2.6771377586019027,11.87060213566291,22.72770606967929
5.858576934221965,-4.291072755467818,37.33074499177761
4.313459473499265,-10.547668720749902,41.87394350292007
3.56647234198903,1.60583189914313,18.542402281875123
5.36415699273545,10.978256501549318,31.540869698224068
6.49419668312922,5.75060963634002,35.15402384745294
4.919933211850226,-4.753494506560189,17.308370290085414
6.592218231386379,14.417672456282464,31.89415320818751
3.8696062415763683,9.726965381796557,17.10812823695818
6.388463724203223,3.394147595586844,38.303762645345245
5.642746601218129,13.276096281847483,40.91985880938222
4.707649081390731,-14.440150714384709,20.48837037678686
5.313534714683126,-0.4230538350615891,44.732394061322516
5.14844890267104,-0.2178529557855704,16.85687270059102
5.6149232852569115,-11.450370989292818,26.08572121336916
4.501669905749623,-8.782984112469407,25.612562716960028
6.400625093840503,9.753950159242688,35.45088543165947
3.3299183582170224,-13.939228569368279,24.063134916415013
6.7510613319529815,-13.333507652134706,27.026168010107163
4.333391159704686,-4.566447453448793,28.58228984484778
5.3557309904478725,-1.3537566161684076,36.1465697001916
3.731035195398551,-13.798754606070226,38.541994980701105
4.200173482326113,4.970836733920148,40.858976904986626
3.6947909704886097,1.277093103558034,41.83082641937425
4.596098544530863,5.549875687363244,26.08168478493155
6.367799420941912,-10.673642611833209,38.01276831446584
2.674642120094655,2.7235650950179497,20.56124134560241
6.5593252072339885,0.9062059016114876,15.416620991014957
5.031879007151506,-0.7793887375032789,27.619060656847346
4.123925321319238,-3.816021140715284,19.40760618146269
6.564090469857641,-1.1829156974245034,30.050184170459627
5.8149194182454025,3.4735720960213072,42.47626620394066
6.575330318510868,-2.871809849578396,39.07381751793393
4.740003469387629,-0.6731236883730887,36.67022022655941
5.306363555586275,8.378188639441774,21.563908660337795
6.588249032278682,-8.308724593865154,42.98335786707339
3.041325397282345,8.093009854577058,42.629506152646826
2.8508377927420354,-11.905657061306714,23.716754515944935
6.321338290434927,12.73129652731172,39.353999037785954
2.632078646958045,13.367204265073301,17.24355449374914
5.094756707215563,10.126583900047951,16.947699199652668
2.7686406331147975,-1.7156120142125673,15.611602065191137
3.77457836091231,-2.4250041781163283,38.820835630965796
3.080306272381175,-7.542876394192362,43.49210485246461
3.325454488160852,-8.936273919750251,23.470261789787227
3.036837902107085,-13.253942281303413,37.39178685612545
3.310041984970263,11.66386355407231,38.44606690884028
3.1798529693874817,-13.956170537951879,38.14204908412095
5.804191109822862,-12.814558076003271,26.6813941512995
6.584007277476184,-13.691758067573923,41.00705364609959
5.068124216068117,-13.14865384176926,30.5414232437228
2.6355705027962557,-7.539759756774274,44.156045065830156
5.529648043727585,-0.9428605429339054,31.235355613908506
5.818209798522592,12.464892129142534,29.763581269445247
5.670318451903906,-9.195567829107812,23.17669792281129
6.511084440733333,-0.35444004578392097,35.64175428370551
4.545877862976132,2.2927262079079327,28.135952323448905
3.594442409075198,6.209060511261018,41.2565186172486
3.5384964815110207,4.959565835456374,19.700815909336313
6.6327875650291475,-5.047950330614077,24.38348138842126
4.382671398159397,-2.4213540770455015,23.075556549456756
6.529434779419539,-2.3351705737248576,44.64334491320942
5.006620801008183,-6.690514086537545,36.264975688994284
6.57199057018977,-3.209279729252147,38.296141242701125
5.964426326599871,0.5566831411512325,16.644578298207033
3.3568616840237975,8.564731476615933,29.704966151474235
6.455402113082207,4.6507287712202405,17.207741169142693
6.029173536216165,-12.920889257702866,28.24114057420299
5.418081705244732,-10.252501468174405,35.972364594439256
4.18230567284981,-8.32464100046585,31.200840520714316
2.836450276729986,5.793741382936673,15.121930661809607
3.1464058207064003,-14.708097367001841,25.345224867580324
5.747824074248037,4.8338909556505705,29.750378171150604
5.831808197661953,-0.169097371766064,22.24662489754794
5.073882419537231,-5.236744254967146,34.37028045721144
3.381243207326226,14.019076242795396,38.81815939104217
3.878833487390809,-10.342499117302047,18.957921616982308
5.588937149472725,-14.861246271942111,41.91063833850162
2.727125298068099,1.9313532111755336,21.602294963619485
6.231683601073362,1.2073742018457807,38.827558358702795
4.827519896380663,11.12493908198347,39.47809711991002
5.852419340843557,5.259361569790947,20.398894027629854
4.058042611008643,12.447401578302898,20.309243784506897
3.0739027331201836,-4.962080916190123,35.8232468514509
6.94019413867953,5.092308791040619,24.21915197587986
4.546861803327938,5.192198766995503,17.4770817897672
4.868483323138145,3.6741423732824927,38.338469738169884
5.504128880375765,-14.399871967770208,40.615583586010715
4.276971881246283,-10.9536673993777,39.662896407631905
4.0445206638646205,14.814168380744142,28.528262116927845
4.394763328780758,14.991425306550887,17.395071914290362
5.751597613558898,1.7149204371249311,36.07573307022341
4.30909312660014,13.863814079421694,33.103721370123836
6.12809717900208,-13.64954964953154,19.24843165509224
4.146374235320968,-5.003017930784143,24.93820068404986
3.1404769261223535,-6.902231935931466,32.7741896228129
5.34230975399925,-7.251925395432987,31.99441847752693
6.782497259939471,9.904279873320231,38.16759750571377
5.423016169661029,-2.610980062510354,43.98670926012335
6.728938685651392,5.983784943075527,32.493621477224934
6.786564087910868,11.65751936678043,36.17743470754789
6.314709263518257,2.3564913139859733,17.920022224098645
5.893306948377195,0.7144988305410447,21.91151256643335
6.888364431146088,13.533841769518855,18.574026236971335
4.363533783976291,-0.5867953597411955,42.20502892832449
6.493857639545984,10.28252271019862,26.12525538103148
3.1079684363148075,-3.1740824305897704,22.629234512589598
6.484709472380585,-8.16456711919337,17.996021473506783
2.948757725896546,9.883390082375094,21.390536781233813
4.666877467853409,13.10161856692433,28.087549295888433
3.3803935533974565,-7.572424019711711,26.710228374584595
2.9602132450713055,-11.620471168967502,18.909701634474878
6.100996734625332,-14.726785861426654,27.269461871343626
3.49624656345741,-2.1553729725104382,38.716105322321994
3.879407983111185,11.64642165114953,18.29144772406581
3.7935509554482065,13.392571353089235,37.631736578708086
5.491549571737764,-4.0966771903067585,17.203496134348068
6.183096056885309,9.789730591743844,33.42519692789156
6.565515295409561,-8.063648092781836,15.43980071528872
6.7420000044286645,-13.855959166896804,41.918943751146806
5.142377315462523,14.053793125540029,43.72085974564502
6.835163894067718,-8.79119595299427,26.879228056699464
3.789323620233017,-1.8454046752519258,35.60258391552679
3.8759328852735457,2.12825791956708,21.53789152870221
5.0198966990426985,9.771594081858108,22.954231906653224
6.94254470604406,-13.09410921736352,23.00084023618773
4.954600101368285,-1.912994644867016,34.04664127463029
6.67805543925762,-8.484696638595608,20.721000794317344
5.860929332731567,9.38054283360724,44.860332200359466
4.131823760148489,-2.4807275511102684,22.932935361143198
6.442846260438156,-2.255993094313199,16.10996393241165
6.129790812058054,-6.11157934900433,25.45223906792117
3.697172505913369,0.8878929754028277,41.29966214813106
4.212387467121943,-14.023351616166503,23.45148401954343
4.599737279638159,-1.9497012191429324,44.96135053473549
5.834343379623864,8.314844960348314,36.51630032689283
4.373186382594114,-6.576478528118685,44.70003510533769
6.718856332238505,6.946458168209716,44.63986793280925
4.234307476355485,-0.5411490561396963,27.4924535474983
6.183482353918977,4.1976086076066,17.135288792448225
3.8177480468833114,10.562620606463405,23.275426703658546
4.4549829548836435,-11.751733043244197,35.01103809661626
6.483952218481516,-13.5414571094947,32.34846863734205
5.495729391973757,9.518624732764383,20.332309302806085
3.7796590762882136,-9.812842462942452,25.56589084840471
2.9641502186099284,-9.844194649415382,24.377887227039054
4.236441001755854,1.4828049552456761,43.96463414455047
5.470383031905091,12.761685296615553,19.066873917268126
3.9809882891105515,6.911387522898082,39.30984108617661
2.762806677468171,-2.3211571705255274,17.16056679387119
6.176978448248182,-0.5967696483150604,38.65399130995641
5.553633588965036,-1.6359440361098194,27.77655864047704
3.7756165262692214,-0.5322892683027192,40.68791585300086
4.411491920819911,0.42927011172053753,24.67819763867456
4.84680146998824,0.3514827001973799,22.37570014462046
2.9541896900963835,10.587408881965167,27.963941560432687
4.877446020688604,-7.675654995907665,31.145039517245372
4.588165697522882,-4.141835200977145,20.78329786240098
4.831701923586401,-6.412956058802333,27.387790933354704
4.079713232581527,2.1083205108771814,35.04119990400874
6.302951077527175,6.538508289246156,30.926173280347296
6.293274688260464,-14.074144108670541,20.600222103609035
4.876699120958498,8.10502556814047,23.369101943188003
5.684697286673819,2.097973416924603,43.07928928169417
6.285540455178549,9.113447734826075,20.84771074648895
6.498284626821793,-13.91988889315199,28.862270140806025
4.338918928603621,-1.601389134812763,40.065200402565694
4.449586753883706,-14.54125421106679,29.903546138048306
4.400826131062958,-1.0762168483980812,17.226694594045732
4.362819045496686,4.339805701539852,23.607936754211117
2.645197744259771,0.1794641997340154,38.78242538178099
6.558011758951295,-8.371408448380842,20.177687110458315
5.378908920140606,12.088681840722696,37.483528562776726
4.906855865927424,-13.130712260317635,32.659912173157096
2.870744233431814,11.692635762313845,22.604913258843496
4.385830074597756,14.176935995799703,18.73315769451067
6.245742187959552,-11.522381143222054,44.200562726647746
4.295478407557614,2.6730332332967173,28.200696058623983
4.821194113998761,-0.4631262004822716,39.20651150797495
4.162063984820355,-7.480892929196299,43.95636058442743
6.991827893272901,3.9788567582021415,21.798290023667036
2.7233239178456556,0.5872649341001797,33.79691825647474
5.512831571510168,11.58850097418944,15.359298013799263
4.634412759022073,-8.349279602257964,34.54397763698359
6.757548014687924,12.207383333277257,22.78143912880155
3.952241944810113,-14.97801784954474,26.498208883818187
3.933819910298924,11.794201161803414,38.256378572522635
6.6384057473348985,11.951089416394051,27.705059173468115
4.644292992256416,2.3782913085628508,37.23593041157023
4.415196300087668,7.017203578103967,43.707855148496535
2.773251716119724,11.025511085682965,18.327766276271728
4.7851232427523644,-11.280034734437795,36.22716169604243
6.451898458859542,-3.6593841962825415,17.329540033620674
5.452252426005681,2.856642515871304,40.575902445422855
4.524453564183832,14.719188417981524,29.11738494052512
6.633451417146352,-2.5550232060883094,31.306477077468042
6.48818150277885,-2.5962983042506327,34.95717779920366
6.8064172609538325,-1.1041017438405998,25.04870021919203
4.677998542385026,-6.352675425514702,32.387048559748465
5.1644265601420365,12.16216466737177,27.20975184008023
3.043651648000167,1.61292954637754,22.151569920670735
5.036546135478779,-9.06024202853069,20.299324971474032
6.286561469076533,1.6841293128168253,38.9282575540175
4.149856937084577,1.900977815279223,25.7500099782662
3.2528632134002846,-11.2784055775033,16.16502581843558
6.4848958714997025,-7.019149517882773,41.10364794262126
5.745080983860464,1.2896641764458856,35.59746576849334
3.4018621995893215,14.690721187357745,33.20928149242923
3.1443679552934602,7.774003817358356,38.75586291451734
4.72101915412323,-3.527075939587208,32.82433195391515
6.983145021938286,-6.150869307641534,20.298603302763702
3.8811904671464674,5.787239970992054,34.35949043848042
6.661913713054608,12.402279276878264,35.89203002823106
4.94887887713705,-8.709492058853968,22.33652866746082
5.251452767180142,-6.3020904603208034,38.09694486183024
3.5536475706274864,10.534569034296673,22.469446055125996
6.645673028119116,-8.849005101590548,33.49941841382912
6.704362419089907,7.088923907383059,36.4732670229404
5.732538574766727,-12.056907693754782,36.24188985155885
4.859766756837329,-14.58944027122939,25.298759463324014
5.9815476804382035,7.396683832665051,15.704432457669242
5.047700927834593,-8.43580823320458,18.970032594314628
6.360214223416116,7.542306633210433,18.021110227637667
4.886938039803814,2.9707226748358124,34.908602190740766
4.139914523207979,13.942119659229327,40.11361564364283
4.778902023604014,0.816411002471364,43.44342583418839
5.774099389447494,14.40054308894154,27.33682218047521
4.811042115184293,4.608700155487849,43.91540916537383
5.227541055568944,-3.8359895934503516,19.497691060543346
6.720991560293645,12.831732626657107,36.359526638161256
4.767205289748149,-11.285382925386427,28.606451686877286
6.920559260395929,14.986507885922752,27.424974251905596
6.019629615290423,11.759524327581008,21.5809482736413
6.8188225212576254,-7.963883074297916,21.027427555016192
6.347483711527664,3.2619605031799317,31.915889771479076
5.185293175825569,7.627997451800663,19.108240445693287
6.540336970870969,0.8605146618149213,43.77532025577473
5.5533882362951745,-4.9769527936893905,39.367920729040016
3.1422868798054147,-12.142707132317371,24.033097686227258
6.544225545126054,8.055448151996707,35.623520174191576
5.996638148424912,-11.318283131671334,20.87086237771169
3.1648511376854995,11.74751194341518,37.08797755916266
3.04589318994074,-11.831341285527156,21.49111081300827
4.709893562547856,4.822510249225282,30.80784589583792
6.596882992699228,1.9737208993854303,37.13012165479183
2.939981027974227,-6.412201872964989,21.54450702075552
4.961681640148226,-7.870949771325374,42.75578294987527
5.531522052847375,5.838392551008102,23.119682092632793
5.1641261800068525,2.5297153596287174,19.628733127984766
3.251171964511075,-9.253500779146806,37.405881855681855
5.462920371006986,7.072143847921446,19.044412189437622
5.931422357651545,14.467056077643527,27.104002030280007
5.547978434176419,14.036426084386232,30.10700764073121
6.551051753768373,2.5469396875629755,34.22951755070872
6.97697278325914,14.376623150069026,42.05757855364807
4.660477498690462,11.942030854816025,43.53192397690105
6.914195350618027,8.032553080579795,33.90907247604538
2.995276089403314,6.175302136590037,24.997010802209573
6.688731905419429,12.744683204908544,41.59053805560061
3.4332271156984815,-13.611684977911654,36.71207250499046
5.307854293357192,-8.424985572606824,34.77106037665607
5.990593491923999,3.726290435192915,24.163831347986093
5.58604528188051,0.0268268007170942,44.982859755419845
3.778753870664083,-8.702314230199773,36.896250302409356
6.479730805768652,14.693846704492017,28.25275409121049
2.831055938402137,13.444650285723682,17.092361227214305
5.546598548156085,-2.827334928085598,33.89274619490422
3.8293767858746692,-2.5140280043966072,17.844599419773804
6.9068689516056345,-2.813078646940612,29.303261112786753
2.6268222502121708,2.042322250648791,27.59179348794643
4.885090751237373,8.369247511473436,17.68605986669733
3.1746370253602594,-4.695911605048211,21.670899887524484
2.7676580026471527,-11.006453350895413,29.09702239922025
5.702932757648577,14.249007795526502,41.126455153466075
5.497459528956762,-3.9128089327289057,29.073807394987107
6.03093746075537,14.771384736296234,34.99033962565755
4.031566718295702,9.255186601365807,35.99858729306342
6.23037420950854,-5.611436351733193,28.13145083960736
4.612873692408061,6.246921319431468,20.70363047329198
4.679763060305785,14.79452471844142,31.70204280995362
6.227399900727633,7.152557053836713,23.301182302021196
6.614904091679877,-3.4501906238972317,40.5229313079792
2.837171275549602,14.015507709687022,39.27287707244513
2.7063530865702914,-4.532207043979723,38.825117270765865
4.201624970494923,-3.9553523029037834,35.39365427147252
2.9965036456256233,0.13376797971463716,43.0860888659739
6.236466129679119,-12.805854900154815,17.675163181216305
5.937317845056739,-1.201624936238634,22.518137764901606
5.078077385868078,-5.226625505153132,26.214787415923507
3.2655883036869726,7.755364394291007,22.0523840657346
6.198289449032531,-10.65799938650049,34.586695718010795
3.949265071571647,-12.30597591292284,24.720677898928678
4.801885563357068,-13.406678453545325,41.15675270335774
3.4759627876886268,11.629841770496093,29.078186814806905
2.64261752005666,-6.014015717309265,43.31227811754914
5.245345876558977,7.2820911420534635,42.50955710004827
6.010800936061492,-1.136855201132203,29.417714258800988
3.815737530530413,12.637347201781626,17.716940450966447
2.848521086059603,11.128441044784463,43.944645327697316
6.291531807666047,-4.255858017802051,25.061666125719256
5.6588662555694285,8.931649207153118,22.83165967250297
3.9064305794321044,14.432284221453848,16.774738188006378
6.387558751039751,4.658012529528811,16.879400261772926
3.6855111310442012,-13.489971495863614,33.660982868225794
6.7933101164863325,-9.875460893489782,34.043400975196334
6.259005111779009,-7.345425071499468,40.88521570132144
6.197759814184906,10.141251035814264,30.355192033318957
5.9613681754121695,-2.9631448185459313,44.46828580640772
3.052250819884941,8.531528602878435,42.08685863125366
6.639974087924139,-2.0713181663039464,18.554812857021613
2.9202487784311466,-12.21728651715672,21.22862770777244
3.3724945229884575,-4.044182249513961,21.329112171860224
2.9150775769386588,9.66573194109393,42.50031670523154
6.941786957424875,9.829199673350356,15.683967283781847
3.638471787672537,-7.30569031115892,44.69915498089048
5.8909624034636625,0.5503765421691842,34.85143501610567
3.279584698274456,7.925072872049853,31.63548895862303
5.988638827669741,11.041977068374951,15.04948961259732
2.687144820704493,11.049123717209717,25.91619388795108
4.931297216172442,11.268617616013302,26.880422211687023
2.8063256012851507,9.09680376591259,41.39165860412569
3.437099867969982,-8.675358656419046,17.352896876824786
6.396612540855495,-9.839607751902877,42.58591826721825
3.305228208801094,-1.4927662971299718,20.153146146201934
3.579448993541984,14.893125336298066,31.95396502494451
3.0583391381720713,6.701813144452995,24.64189662162861
6.714374661031434,-1.7579460591225011,39.827104400979486
3.285707933293432,3.1759769242356626,24.52627533715
5.561084707319832,1.451110982265245,44.546503629092484
3.662608665558125,6.129872589392129,25.0157632705493
4.1310181872062754,-8.477532005297398,29.590686424763845
5.462350380359508,7.9497755199526345,16.79011555351117
6.7875362663857075,10.31037452067763,33.42276779678054
6.060347218810966,-8.001893931364414,34.60516110075834
6.668327550083988,-13.960058200099184,34.913538332798154
3.3950977898861705,8.252482676224876,28.446971210629613
5.143467800938916,9.020422721491435,29.295159346064217
5.056187518956513,-7.856559099883134,27.749922479333243
2.6359406323428716,-0.5635842523998917,39.11437892872781
6.37533616473158,12.783516321206282,41.401298342566434
4.428779727800934,-10.043343703572091,40.33399539137433
4.096235317210668,-1.223460551277192,43.504309809144914
3.1110042650888445,12.567983954613954,43.97096688883515
4.996793392639085,-12.985915789429486,18.330357228335618
3.8030900977497573,-2.6572521636773736,21.324062241061323
5.9368500095846475,-2.719627370515745,42.09249261246397
6.075121399591713,13.65336083194856,40.673723148559006
6.525499302492218,13.58207677307104,30.15971075629576
3.9088792097797707,3.4793972222497054,38.807615357430535
5.715179217794049,-11.144351457806764,30.034969760044113
6.1954443144764895,3.247622837890681,17.321476148996062
6.4234165537650565,0.7844552445131665,39.2165142375365
3.1581815510944358,-0.4313849870953703,31.683315522987595
4.883603358059602,-2.008818778717586,42.79017537475653
3.5906103086394436,-12.990247258221032,15.247337506293304
3.4234710173810883,5.71767568290559,42.765523665301394
2.7096713323362596,-7.340630919854638,38.329277709414455
3.71490123276425,5.04507274295737,20.037944300576598
3.964716902203926,9.198622436264564,35.62651706204274
4.3993862391868275,-14.552308492364228,33.981446155626806
4.1427614068092335,-0.6945211599526449,44.0686541624554
6.9497097951074975,-12.575353251912633,18.379340005989658
6.890882378656072,14.730042883096615,32.788143818872165
5.911368855058287,-8.929363523833537,34.41580100811082
4.129169435196522,6.991286184775873,43.36295480049226
4.174918301149263,14.441787084260323,30.760251520506344
4.743695683142166,5.43257785178568,15.876918717192998
5.514929577025079,13.947595176259199,28.064564591495593
5.445901793025772,2.010494695531861,32.19353524029101
3.333632322618171,-8.238025796638116,43.271472996884846
6.199186204824469,3.0523312326897383,23.12702222112565
6.350197673167569,8.211342063729028,39.46919146862478
6.698447283044339,1.9307072736000457,40.398088713256925
3.7602991486171384,-7.423622445388519,27.08649289052579
3.0402849370072973,14.45090994924546,40.9000192220357
3.710697745726444,-10.920124125437182,43.6185645715925
5.321479808837353,-14.13572891427476,26.443637156884563
3.5571607925259556,10.004667611909838,27.760660908341535
3.107188840578246,9.623826439526042,42.490945710988115
5.768988447109852,-1.2115125910269757,29.772022783013405
3.824153312652082,-9.424780175042795,36.54439154508394
3.4147911533000483,-4.407705598178849,29.755744902671864
2.7952789697142504,9.366112322611325,43.662255846703346
5.0541406933074615,11.495905897258915,27.936675228297336
3.4487846984807673,6.786291292939502,40.122329394305254
4.056608104148016,-7.5669035151204325,24.264232429430592
6.904450816437611,-1.5482703861932485,19.1928539397302
3.696214900109542,8.508164658272317,23.495245217663864
2.6342015956050524,-9.658310981844167,21.899412570133528
6.325706837579614,-10.635559567928649,44.8036318967408
3.597436089162961,-8.925451427608115,27.19431670118533
2.7155205504154694,-9.067541916158577,24.653973765591324
4.439949948334767,-8.689305706015531,30.181572580554697
3.3790266619059763,3.3064781081796646,24.96569159198927
5.836337294914994,-8.810532142020003,27.146757402033245
3.6016106168447894,2.1987112188505122,30.601338934293203
4.015871018635628,4.094090737656121,22.852195571704264
5.778733923813247,5.228599886475493,34.56909957388818
4.89973284366525,4.493840927778042,33.21124456781199
5.171433857900288,13.216653262457726,16.49268114755823
4.688570547021614,-3.1155139054304737,23.11193100719766
4.952476350082653,-9.389054308129527,18.34633369095818
4.2261037688388425,7.325437631975394,39.41909855709021
6.528611619656909,13.857009034213934,28.244668023090792
5.402775402621625,14.69850145629606,31.67560676124163
3.168350533789302,10.216106679815894,18.746267500215094
5.892177060126858,-6.102232386287401,30.896613451693625
5.753129314108702,-6.384841372143523,42.699220641275005
5.666256714892487,-2.9579631732802945,39.385579299741906
6.987827638845442,-2.093655195378549,24.230637187857784
5.149349870845923,3.18796860143566,31.485340004065048
6.1579503680420355,13.328094701530429,43.40610892832884
4.956831141911922,13.047728521717758,30.148633312871468
3.6892360675680225,-14.918400460895889,24.586420821432306
5.811919712213488,-3.319102621035851,27.735934992583005
5.064990034075491,9.269402621969729,28.01448697685632
4.059541700287591,9.512732093006846,20.604829708571224
5.722041894236827,1.3934396462102967,32.67187562391431
2.817891997561266,10.412163512846547,38.351795225274536
4.055950501200292,-8.650006634915076,32.651613396421226
5.663040272757609,-1.6466643073713385,15.226119217883292
6.555219308422842,-0.17544238193454653,15.234172907625869
6.579031289236976,12.870187528410764,28.226872045594572
4.806023827001297,-11.350115882708888,34.133333928177166
4.3812788898839345,-13.713916983803669,16.23105416477386
3.746463361331287,-4.2583911409135595,34.75049012069552
4.406766247858834,12.133571957163543,24.11442998431269
3.2937026556296156,7.7262622535150065,15.328959539123627
5.753635893862116,6.95275422400892,39.51689546353402
6.035126897815106,-13.834867594618764,30.459044921445575
2.9024999999779646,2.80039133224874,37.107947735478064
5.218299804197837,3.3987214996132025,18.22816924641898
3.7129324901930625,-3.927965326348053,25.294913272912694
4.216108881698078,-13.719261292903663,40.82865808332494
3.813168100755632,0.2221581889369446,15.836522749982732
2.990563941594756,8.753754750013439,26.17393513961394
4.909710143352398,-13.007672504372255,37.60766541572323
6.399721967441673,-1.9734528365504609,34.78800317856635
3.901485049221308,-14.883751297107365,42.10890634184397
4.796985598515367,3.957823027853653,23.487359232723726
5.815383901164012,-1.1090642329643465,24.981114368745267
3.964162712457466,10.508977421424841,16.376506205773993
5.811362270273993,-10.091475744699629,38.31709609737437
4.355945530560417,8.266303204361929,32.51328486602857
5.468779640696395,1.2398160692908426,37.22218691221089
5.122709952979635,14.779095954001814,32.917084628546675
6.834206034565059,9.733303564410754,26.748205197812304
5.717892396731955,-8.999861467006316,40.05085465397519
3.7350060601058663,-13.271686432847416,24.845474338736686
4.241219830712094,-11.047015206152595,30.092606773222812
5.474859166883027,-4.74762869724027,34.23885849578107
6.930747105468814,-9.506950247476157,30.35225521709853
6.371191488726781,-11.893536991954655,15.177616145530592
3.9222917258353225,-14.509582856500906,16.01705050330106
4.915909227848541,-8.706954538274882,25.979424355027444
4.97754796380274,-10.587474887333412,29.10824165612663
5.645796337816045,3.2096956784280373,43.99953874446899
6.205873866599984,6.894638552026741,24.967813683255223
4.431082728034102,9.071905076331863,29.790794370780652
6.274424424054809,7.941369247808989,22.165696515424123
3.384857178794415,-5.2043660549182444,28.995135258138752
6.898169242653227,-0.17809520867575657,41.43950734571544
5.2238152513062674,4.41402060610255,38.870022363221636
5.955682357948227,-14.899519274575953,25.36024906819833
2.7030701881344306,0.3974079301136051,20.22865354127236
5.549171912572898,-0.5713812153105486,43.92396861911867
6.609097669789355,3.8235490338091864,37.58942067684646
6.76646808866238,11.50730568113024,36.92382983969978
3.0780853964221975,7.6675245840714545,38.88081413291947
5.250179948663721,-13.966969918228257,33.43021656675246
4.583757155227314,6.112816232231701,40.15207338934677
5.895280436498867,11.319051272077555,29.57286692699507
3.042572002836493,10.436964898688725,24.117341053835652
6.293739895244028,-12.782595669156715,19.12203367547232
3.8038733813289904,8.499746661988716,34.92272840957167
5.75940555852916,-0.3805574591905394,37.874126373322504
6.794757381576309,7.769831266767458,41.12172461350713
6.998540536338442,-7.311326681603436,28.83600651396653
2.8096701712422614,-1.7194297127015972,30.10095838956266
3.171246400109071,-4.895199585033396,19.50935912950168
6.740850723293422,11.187358318288815,17.351053626684394
4.764293364492989,7.54896113436763,39.7313049718028
2.899008999121312,12.103888229608579,39.37226899913956
5.747972898769811,-14.957712686657711,23.722908804299824
2.6811123013939464,6.403836333321195,19.832809036389577
5.08711534938003,4.693286290812566,36.9616140372109
4.405625879926116,-14.985705279995955,41.984859196852945
6.229529512757222,11.959884501489231,32.726390976874356
6.743858369797379,7.204757379432525,36.18076022255237
4.100933407065258,-9.526221612264663,24.023446016183982
4.3374594194272476,5.27085671656987,19.48154217723373
5.0112311288736535,5.467764480844217,20.0042323915526
4.241992077432119,10.399925833460994,21.41008878390256
2.6723001407619686,-7.245789329258606,35.14832773967404
6.69410128156222,-10.0419934855963,41.73204921834061
4.54254562164164,-8.432957585338222,32.480272912508084
5.745652742254139,-11.27181417856322,35.55925677811484
4.462217721946047,-12.317831920191951,40.948170257636704
6.818561590214598,-6.086128206826315,23.233136607874506
3.9106918011397407,8.199391276714525,38.958064430533724
5.704702756328653,4.096230434524255,37.453189565003825
5.204758643982084,-6.572762950259149,33.0013609529957
6.255640993849661,13.341396740772456,26.19903834316294
5.346467582121314,8.618906761158264,37.14490514635545
3.0507040378403594,-2.8090317147580706,37.055774954059544
5.710326504870775,-3.9056722324201907,25.253638220868382
4.410100427360093,8.351827247198187,26.613358985686943
4.473356140073844,-6.585620547114695,43.99014439112159
3.4546604036706294,14.171212482735413,15.618396703495392
5.7014119867009665,11.726145534724868,40.97617271606249
3.766114374441309,-6.463299152137129,43.082467571686614
4.131544418291717,13.927619405074719,38.23488653136241
4.7656186955951885,-11.427259581278943,31.908331041348294
5.381267689979094,11.275207480557771,17.795382962370347
3.030675812948255,13.942730517102586,44.06368057175645
5.196731550687023,9.974014485145169,20.634337090817425
5.581850760972467,-8.10042872657618,36.87200957830764
3.2007359158470017,-2.6684458244558336,35.470215685036955
5.23400407952823,0.7211558835776728,26.9390214413961
4.001939764473666,-1.6994160793959843,27.720948054445323
5.57368471636936,2.405631160263731,16.19572205092519
4.695354217248291,13.70692199172214,37.46677022975324
5.109867954850968,-7.2682023446208595,20.872575843515293
4.881311319741464,5.5629373043726105,30.25939978720774
5.786608417488711,9.040488680217827,29.648697845591094
5.953220284863512,-2.9072503118590873,44.56074994172948
3.355056428325463,-11.96317858078815,35.283511427442846
6.117515367843098,-12.632023355404574,42.87960133506378
3.8474363050262967,10.494995731467743,37.28029062481068
3.888134421022001,-2.3965082100556536,21.625864890113423
6.225856531692452,-4.376090195005503,31.365841699935014
3.6201382122643277,-6.056111118232733,44.220133850550425
4.963599206130244,10.585000139214749,22.74536778453375
4.331876299182352,9.20057173116587,22.942815507786474
3.215336336172881,5.681514605278263,19.722548015410233
6.415501873560356,-3.405707637266259,32.26655424684465
5.358852191559473,12.865520454452803,17.340105329125155
5.80666477846321,-11.17661106300782,40.59570700130264
3.6062386173749723,1.9793661935098825,22.89043132645664
3.0938017837751137,-10.533992016165763,39.96110768204926
5.7876122745266985,11.299820233451644,36.12711634961981
4.618726559219924,14.005710382203048,19.678203972359995
5.092631587361708,3.920505628322651,15.712641738330552
4.834785416275418,-12.440240181617717,24.223146964715873
5.213179710228081,-3.784684458891091,21.234604797836106
5.65112601559116,-11.162922548589354,24.16844820363886
4.249945381810257,0.06489135308216376,21.75707028772424
3.463798289234024,-1.8415128227028976,28.72800628185973
6.432449575698373,7.369788204895784,31.858048291177216
5.785688446709481,2.7067467702785883,42.132347095533696
5.839383712102771,-7.6586702630444226,32.808877722847974
5.330703582018422,-2.8205876102782828,19.19122197535804
5.487284524352698,4.217203580022307,26.951026758812546
3.2368156387576916,-11.533476673827662,40.67220169987367
5.556058850885494,5.076406051627149,29.048075095009917
6.925630196151002,0.7890021447842201,15.536367548656498
6.619817910212052,4.504852662243312,43.50089398889406
4.290171288367301,1.5258457125563467,37.796923231325394
5.587450059090657,-8.717854128470208,40.48902371544658
3.108475171744051,-1.1634927128292674,16.89600184551814
5.967594462587377,-11.41669473389787,18.549990774855164
2.9127589489356422,5.588589883266966,26.38135152589565
6.337783610486884,8.196058013886223,32.79490182765912
6.148208418655811,1.5472567827617105,44.73763239386564
2.787428384602407,-5.6240647403824,31.05122907866923
3.923080278279044,-10.99802789761408,29.089771405257135
3.5957055910410123,13.954543783356812,16.70403461346214
4.265741747872008,-3.461681361007921,21.753357651402652
3.283594151080695,-8.447431325016456,32.20285578713336
5.929808978607789,9.191596424082078,21.92020008153837
4.233284486985337,-14.484071806696281,31.831241654650633
5.698000527142442,8.480128476038367,31.631907873023238
3.4248142346930157,10.965824620036258,36.427763792773916
6.0405979532312175,8.788755170833696,31.086411633976844
5.766071423571596,-10.322947767340814,21.109257513321005
3.8534499401805493,2.0659849078411945,16.69764080092217
4.075776991686626,-8.734258295602771,41.93763607404213
6.499436492829052,4.599079609466447,22.240331098048735
3.4856854547540155,-4.533924143471747,35.534747836890126
6.137061337592289,-1.3797753325874584,29.095253397665353
6.24160340483385,-6.581403496106271,36.65215404147472
3.350260430068061,7.853931559589316,32.79805484493994
4.639442530110804,1.7187555261144283,30.444236268821324
5.772836926456209,10.709991233117272,42.503183635831924
6.713922391022903,-8.260542135293013,30.943498993761324
3.663033810592129,-11.021003624264097,37.41726147372162
4.220299064226461,12.249710199927431,32.75452353442854
4.192791711521872,3.755150083022592,34.95250680607882
5.013928018634233,-10.670743260385894,18.72433458078335
6.628095031143253,4.231887255892996,22.41992409271257
4.606987967336444,1.5744802430314024,29.731139904742708
6.238370042918994,-2.7698303067309684,15.907695314560382
6.348154033752678,7.588434605770097,26.09249888523366
5.4502789732499295,-11.642420237894441,23.297095716782927
2.6846117742840954,-2.0560478202654515,31.888894800684145
5.290299654811964,6.024429137618235,35.43112402454782
3.4118499685180206,0.9473354827198435,30.14172373749121
3.614126983738054,0.7605840190832893,18.317359085545206
4.710554110683636,9.888648069589845,29.62701937900275
6.1773849208487,-10.797926524545353,22.300589527280017
3.772654728405371,6.228767670895429,20.85591788294519
6.877204183389844,-5.308399787164564,25.94623398470223
2.928006944246074,-4.843573819643975,43.221953231035876
2.8105784537152023,10.011080802336252,43.680909320824604
6.917815708910465,-5.791232571391976,21.92957595508284
5.751741150145325,1.8934245213496297,28.589376755541657
4.902574519264583,14.756186626584995,34.151737919880716
4.706467880403511,-10.59133507614555,34.56454133796358
4.281387204620225,-10.18309998380551,42.13751777911077
4.824514888109371,1.1847168154468406,37.11189594644601
4.431771528530729,-7.402226926292347,29.958805769877976
6.466906436861726,9.338500423902659,32.75715971185704
5.946339796185234,6.274778159682953,43.82974781398782
6.094795956751817,11.819077352387314,35.33474204442517
6.751933733581222,-14.05389957621225,36.11101289147901
6.217303355764001,-7.337675881390156,37.228773475017285
6.888999632197054,3.455008545474559,42.24582153681331
5.647159965406025,2.0757278340655887,34.823844200823416
3.267760601040903,11.739861933301984,37.00758487779471
3.940624238005121,-3.2270781875944987,29.284136868363298
6.503617820373846,-9.303338223426845,26.133871206118684
4.904521881995355,-6.230555230764983,31.733111627315022
3.771080512657678,-7.898719249146524,23.62220608753427
3.198795119425855,0.39214443755134987,33.511272231684146
3.930583974005998,3.910853286035927,25.643824489396522
5.566308332491033,-11.825591233418754,43.579533061229306
5.2218116772920435,0.43770895547651634,22.808530737764457
6.213610405567685,-11.050778405930837,32.617855592869375
5.327263604925728,3.054977544799627,44.42536141161106
4.598912014947382,0.10444267091493842,40.14806317015428
6.724129680657756,14.338993127633934,36.86358971361787
4.306807608136214,6.8557425108160714,27.729424830094647
3.0024695039846563,-8.775317221601771,30.185759356834332
5.39474302915115,7.700044207570798,33.64906218480073
6.257002350252376,-8.095095274716908,28.887289635417712
4.339574177935063,4.906522680717167,38.548888051131954
6.142024033972138,-6.50415524469393,37.566619880541886
2.944416147005148,0.8686302454544599,39.61127147147267
6.030594094664302,13.11273100252517,37.98025166357712
4.09852320162046,7.050395489642707,42.37800571656099
5.322272507896394,11.245296410983695,19.068845308212676
6.684102912820859,4.271583118978345,22.071104393281907
5.0329091289853505,9.717358282021436,40.45025119528638
2.6343949099739916,-10.177296868319349,22.280270623513513
4.436050347535378,9.303287388035155,41.53286519185079
6.697115855090737,-4.73491096914481,31.81935472108975
6.610579749048329,-9.879163003932455,26.45794082311655
6.322243945642779,-12.602169833525881,28.385694700412532
2.7569098645069148,10.361464121281095,40.02018033731106
4.738532944354439,11.322820606918178,19.98682051144229
6.495334671535868,-14.453904595677296,24.82817969297492
6.179166888972873,6.2917567434491914,19.902433069713503
3.4932554859748097,-10.209518638583049,19.22775236393762
6.620303291004588,-1.7069983423188155,24.49076334829393
4.783052195053704,1.2154657154274666,41.326844995498156
6.635800522493419,-5.1137755908352,40.5571402816815
5.195431732340574,-13.182347609408271,39.59052612028585
4.45860967084348,-5.598016588925677,37.62767157110705
4.648887734073311,2.940410849340825,37.649011725682485
5.5556405084411775,2.1937683405046826,42.366322006554114
4.0516280218115295,7.980079223758377,40.882120383530946
3.7119532833696702,4.555553581998467,26.28146532485786
3.2947349368074104,0.4874672460249805,39.29356995678349
3.3820355122160706,-1.5343840792226047,19.421303452473765
2.994609669978071,-10.371004980456838,31.835123270939835
3.6132966632284336,5.671525378154971,38.53187394826676
3.443358315588239,-13.000493094321381,43.977086302723336
3.628872438817149,-6.40444270092514,35.85144552895701
4.78456733168626,-3.4716504076960657,26.510347143598647
5.29433031450781,-3.8958659469335384,42.2670835620872
4.8559574825523555,-14.554933638543572,24.54513303646732
4.548273583098106,-10.282056094658497,36.553053879586265
3.0189430524278023,12.469742706591319,22.514642559976394
2.871555198992274,8.451420401127429,28.768960913569728
5.781990153771496,0.7354551972023913,15.39649427184284
4.818828721080928,9.599771637076255,27.239535422258363
6.832345555252366,-13.158634681017125,41.4258172259097
2.7275454025426282,13.246340824298429,36.618295857144005
5.764601526476832,-10.629217675007304,37.5017343462772
3.8543505138707177,-7.375383552209908,17.700814330060716
3.4474884535176464,-8.557333891538985,42.2989729487577
4.302886064812305,-4.5155416292744945,40.07614285223103
5.618603517699194,-6.5321715604803146,42.28997327182825
4.358683817875367,5.029619751491175,31.508587984418522
4.503886456661611,-2.0176927994500673,36.21410004372051
6.477862009542683,2.5406443279407043,31.421834710128785
6.10984417100602,-7.134753021456822,17.509423419867783
6.660673968535026,12.351018694474813,42.997087163157744
4.556932672892227,14.272599827060414,41.96995720187708
6.860127496777449,1.058841934734719,37.2968992235564
5.730664695378556,-7.35424828794534,20.715044836735515
2.961770386708265,1.991365361415287,18.58437522924767
6.57605958681499,12.527658700122135,32.7120208310736
4.601218472533011,-0.13590190549867032,26.47794337539493
4.935610497352976,0.874995102930253,23.28044774467233
6.433380369280663,1.8845213310656277,38.26998241406716
3.2012315766469124,-11.46981499608401,15.997234850427144
6.88097329102017,5.591292808928671,34.29558526674674
2.793558805564848,-14.612281247335268,15.979043025505074
2.7363667606650677,-11.245531195244364,24.48401570654965
6.078696212347051,-1.6503784477310894,27.141579335483385
6.462133190880028,-1.9783665069312164,41.11846106177318
5.26128931852867,-13.296712223832579,39.082948782540925
2.8478429081784316,-10.873566426108347,19.53402969834606
4.286306102436461,-10.004196481701829,22.182827819586898
5.090583062828462,-10.73857853945744,20.76834522458349
2.9855212717219697,7.490540869801006,17.31346655486734
5.623083387207346,-7.689304742344082,43.56259980105121
5.561516643774377,-4.84526807140157,23.603449059500836
3.610095670092176,-11.477816624137255,25.23309700619054
5.401847835362027,-4.614134458219697,34.48953237972966
6.203677110482316,12.046833873206094,28.989467062492146
3.489402457525882,5.641963574743652,33.86737132122274
4.963096128333227,-4.435720687649532,19.5630739280506
3.458430702930886,-0.9182363260718915,31.266037632818467
3.563452192233832,13.800192141232838,19.860196896931523
3.9702369570871774,-7.492428480942713,44.38344110953083
5.608544388589841,4.564730018874389,26.868373142808863
6.670876124319757,2.765862357507455,36.48374582676819
4.453365472829213,-5.354289370316284,25.286273075634423
4.057387977803939,14.473338038609786,25.39990391693941
4.437862523711376,14.600974289344158,18.57149425066933
5.292097347170726,3.7818145193741657,31.4111432651398
6.707050109614759,-13.359086779635613,39.62046292835255
3.3822356117832446,0.7472924061987687,35.60840124254454
6.086452602692414,10.894682494390004,20.212894514651047
4.621531493449806,3.04738171802639,36.816366693832954
4.406336471548462,-13.850461084043795,38.47888665171773
6.937561249080755,-3.018846677156713,35.91099287857777
5.7430717670500595,-4.442592744468248,22.276191595678878
6.712568958434209,-12.989168287755858,41.03788508296318
2.7638559680027366,1.7833427018004997,22.704986357804053
6.424017421150793,11.704221417165087,15.669891129457083
4.668078913043352,2.6920217058357387,33.81754411681692
4.430451849137195,4.942430756514472,20.043849803403504
3.0607795302625407,10.13271612257737,36.9927233470159
3.72721662865756,11.848414587538013,23.941869264966297
6.777156684919217,-12.934972943954296,38.9954015924763
5.245893883924634,-14.257385101499791,34.02580578949822
6.594995818024556,4.60381890674207,28.91771357603401
4.605790318599894,11.89446533040051,25.587163551920668
3.962773916907159,6.512706421449675,42.46211961855015
5.945815560896696,-0.7622937191992598,40.494105441830285
3.736421705108163,-3.778881614624648,30.89121054693398
5.3103969020943405,-2.0228420969311287,30.248589984436116
3.380671749622864,8.324625617019294,18.286222983807694
3.928568600553943,-2.3420013907033628,20.084822308631715
5.2952980972079775,1.1807027176678808,21.156114688654714
3.0569585208924797,-9.729251576281849,41.98567087930065
3.208879670179574,13.022640232962775,21.39544161408958
4.701873306840506,8.42773538943786,22.9142716017648
3.7644471473275445,6.757994790431326,20.544777012535764
3.2338861495042535,-2.249029069765628,39.605779712780645
6.491704104604921,-5.373772509071452,36.377114197838054
6.858083894581247,-11.901379289190253,37.35730316924351
3.94846006552007,-6.591808212533593,28.705977519756217
6.160798800727743,7.616903741146167,32.62328417010359
6.401946993384021,5.8631056642007415,23.54735445160977
6.41112043864618,-6.55272999005709,41.22475747654659
3.725074696213717,-4.991500352650014,33.37329496348535
2.7809513657837184,13.337823382682451,21.698326679185367
2.780327486809913,-5.31761254716416,22.742135512643106
6.961334238319723,10.856700090653188,18.631163515911446
3.3635754890960987,10.949527095110291,41.62359200880058
2.834331444321911,3.4831854548034187,24.511757906728114
6.430555453346956,-0.327988000147176,18.816548838630247
6.113400740353211,-5.808212834707071,30.88181157835878
5.498384581266776,4.442304393824362,28.044362558866183
6.121605598826102,-10.641248133596342,24.51833356193277
4.808493048816873,-8.510076108883315,22.584582355082983
4.834181190361443,1.1490924148206538,23.523191168642544
5.795788672551228,-4.955536497685978,22.30663462734682
6.735498043921508,-7.517248685369953,31.793731017280624
4.704550105438489,9.7636104239119,15.969986561342171
2.739763736420913,-10.33760796198725,24.689796707746545
3.3736223077247036,-8.979422325738938,38.1718120344042
2.9989244088865066,-4.520732466648253,32.11008296362448
4.723625016889343,10.610615012750554,27.856262373509388
4.531166192066234,12.825029992886535,41.203198120432596
5.489917047078997,14.040937564664624,21.926018739486402
3.073140398671295,6.022078328450515,30.224716291479933
5.439344979222395,7.392089392696775,36.13486645188489
5.9011914526283995,-0.4846933101736308,35.701711372908065
4.641396135868339,8.457024915495492,40.25293790753051
4.32488432382374,-14.462460050785213,35.97541163111187
3.9994811693866668,7.258255383960783,26.117257667193215
4.825958056842515,-5.370186489898799,40.4165192254045
4.2374377024271395,-8.69703950678783,36.53528438779911
6.047004929298394,-7.90255470856501,30.500454106847446
5.831511577656966,2.5045099874863865,18.415466144430386
6.934303641010805,-1.1889127503614443,21.76493260610816
5.302192050261889,-12.628247325067996,30.82321727173857
2.774682433304823,-3.6551035142718433,44.12335172369167
6.8790898199576045,-11.692439988809124,17.14799865295571
6.0001535963462596,-10.653694969293742,27.5558350211615
6.73182202194425,5.0709611325797255,27.560320232741688
4.574935799897747,6.45429816333424,35.81330718963268
5.570416687727681,5.445971428858172,39.33181762878232
4.910460246378196,-7.734375118478347,41.10630393845146
3.652310316870488,7.244304391774175,28.897648909249334
3.7758594030254913,8.791411382725652,24.714040621438997
6.805401507399657,2.7274831020110497,33.16109271719414
4.169520742222324,11.179666952684386,32.57816841751185
6.848868539706144,9.02786468174357,23.644319448898763
6.715327563706282,-2.7553246728444183,16.849800478359047
6.151088777307156,-9.45341128077173,27.75197862378197
2.901169158560805,0.5202895017028624,26.642050316434933
6.783689310984141,-9.218199280367513,17.530900332780174
4.58281650320043,-13.465460351477462,39.087177441352864
6.349363601609435,-14.74155597922684,30.836222108493736
6.626871266147549,-1.669388784098512,18.961869189632893
4.564970317796441,-3.474398428938775,29.066615653186556
4.3162914662495435,8.833213669238443,22.578649167311877
6.677217143485701,8.493042642652668,34.14380360332105
4.656503720341398,11.973151449750869,33.725580150800056
4.138577751725289,-9.575668183486169,44.67113373930857
6.245533934627652,12.50936087594549,16.46792180806123
4.091417366283248,5.1345059226610985,15.323654752703344
4.643670582415941,-1.0961988856563725,37.72791788198937
4.750770289820403,14.948600022763607,41.846472394009325
4.358105266016889,8.2126847603706,18.95512001995794
2.8778216589098666,-7.161007138447807,18.921568275468992
5.583182339028422,8.344857467166094,19.538372351651113
4.467638794137088,-2.3455145614009716,27.91029479867941
5.627526522760333,-5.0792761274251195,19.213916604728485
6.5574175969466095,7.7524116379929175,18.7446174570767
4.988171507598407,12.836933575816225,17.40822623567629
3.0908968951929543,11.193562876891235,39.722731704314654
5.153527622546051,12.170780464291806,27.110850334733136
6.673475433794446,7.3454205969484825,43.58507289888458
6.142778844495741,0.07484475402530322,41.741577879905435
6.225653043250919,-13.883982307735135,25.389828224046187
4.500879006719449,5.743384262227774,28.62400519166612
3.6753233737933826,8.808951274768901,36.01236691543596
4.525803560505957,7.694503535337997,17.775240413697937
3.1229643987870226,13.505885241487107,22.992783118199597
5.8742184028901345,4.751177292390253,27.811434136650373
6.664164238128819,10.458252784875867,42.29594079055141
3.460515371626708,-4.460197527707374,22.145699867172418
5.721261682020177,-7.78129279742386,23.057617509719876
5.161592603195697,-12.03175202868039,30.87832573833552
2.905039913571425,-12.283717881024435,32.751516512133264
5.374629464404453,5.772518589527291,23.265526338069474
6.485365119386358,-3.7417035159610457,44.892160216743484
4.557099919705427,1.2478357833010065,30.550081084259443
3.0903113215248537,-10.233060110771223,37.31285536343053
3.970820959103695,6.462738346007853,44.562333071756264
4.716462777100757,13.730075362485685,21.58614467552426
3.4122875620461017,-0.2731103595538915,43.42719964623811
6.988048069059838,0.025440375782650904,15.284771411713045
3.5169260722627804,-12.945868916304411,37.066831108012785
5.2092679514556375,-0.030030233861499056,35.87803662899398
6.59127236268715,-4.660305332718039,24.493154507390344
2.622663816975882,5.388944451112025,38.2920397025142
6.970379106089456,-5.324163515814064,18.634853816393125
3.9071957407685853,3.234319525004718,38.59489705365109
5.386059638048083,7.462278103412352,35.10557866125896
2.9701582802371846,-6.920014218095206,16.124250481121717
5.978612045889428,12.984645161167162,44.23858079782076
4.900384376082393,5.195415783848578,30.227613007606294
4.505344895816159,-0.47820759190171813,33.231965251197934
6.616269702435318,-13.634247781736766,17.115968137999364
3.826556784525579,13.131399337204133,27.7928669735372
3.653632162265777,7.836541434309666,33.340027976604105
4.9088971530272065,12.84667665815882,25.193840585742187
4.502703766600236,-14.264781515494036,20.183922915527308
4.009159856059391,0.20587017517759065,44.24852683252637
3.0374325580287707,-2.7063579957395483,15.963523073762765
5.198131706502134,9.766815590318288,17.09576092060491
5.277543543226078,-7.7490433810091774,36.40361069565047
2.894475258605442,3.6318639995235245,29.50973834822359
5.163194849847514,-1.4866663908492335,29.308517090288134
6.3776107339340635,0.7815825838206649,18.085871221078165
4.940056478173666,-2.440997443885138,43.3852561744629
2.8816828397957734,11.091463552450474,16.17729327258993
4.9479951873223005,-5.6729075518443945,27.214714596085933
5.28368768123468,3.964682420172391,17.525717028273206
6.191680344241393,-7.641485922847336,19.47017423427637
3.3135370954467183,-9.649910671495782,25.06675501691025
6.018062771251548,8.744973368648743,44.391018639418974
6.912809929723873,9.899531777326008,24.26725649448145
3.9712473958111985,3.580721961327818,17.66370702048896
5.781615965808925,14.63798638421066,35.10094286298029
3.328192632617585,13.178549126686544,44.43906340920954
6.8718385536693445,6.812565411610059,44.07604103168684
6.377438760486013,3.1524350808123422,15.290689138264657
3.466184227042617,10.854972637903316,31.802653567997464
5.540852710109861,-12.543877482265732,38.50831814824909
3.8228449236289777,-10.102036752800057,42.73650561501708
3.5320796694172985,-6.76143182717963,22.87027429002069
6.331090989721962,-5.602855603921734,30.27180173186587
5.794535243557048,6.885690210194014,18.25252817814707
2.860004431902171,2.06770866717644,41.64834657966894
5.0662329842983045,-2.541451273461229,31.960267353262868
5.458425346430822,9.017079632186746,19.938944285088915
3.691509804776643,-12.912109979896496,37.24956169387286
6.900593518273828,-12.054080189115565,39.74087054766025
6.918060969661222,-8.014509660272402,26.035697495440616
6.72630605895893,-13.791374903323709,17.066628781427802
3.50825162291114,4.708819734406035,39.29221696039184
6.541646317588991,14.582527314169138,44.36485281444244
6.875778024228474,-5.4705020059224125,34.30663642459881
5.686119542669488,-12.905909470293357,25.92938578738655
3.064438508126934,10.92868383540193,42.050587598511854
6.902900480898784,12.337737268485728,21.828168457765678
6.703275229412575,11.238482991923604,24.40483843372467
5.2610217477618955,2.752146869024127,31.403136149499275
3.0207853126136808,-9.467174333106556,26.32554385710383
4.592391730539733,-6.019220327769185,27.152602349980224
4.844563800104136,8.62510187511894,20.9019043674096
3.900080329949019,-12.147034947319927,29.796379103352002
4.626895450652068,-4.603729538363417,24.077653764840093
6.063654358716558,-12.597122927977075,20.990866044517425
5.89765632829178,-7.285250543163001,41.527313503505695
4.692675029727697,11.674568673914926,26.52389161139012
6.378729324747236,14.59211063374567,38.74119412047939
6.853230648385366,-8.041416681593507,34.977138708794996
6.571572349039609,3.434154261875733,20.672091108464464
4.070411262539145,7.440255136585595,33.25735324177181
6.285045867216688,11.304177829521297,26.244875641023647
4.293803532246905,-6.941543989135807,25.057301065147005
4.845464934627934,9.677067887030109,18.362758753467055
6.466135176141174,0.033941878908166245,31.310216946435332
2.995776755434748,2.3939210971266327,41.47433719814069
5.656063092524964,9.290876246872674,20.741835983481597
3.9631036294620614,5.627608770094863,21.01905296961969
4.547202955850144,-14.426713320702296,41.27153756000013
2.962227581949369,2.28223885787315,15.011576494508645
4.967916110490744,-7.053055882415043,17.99185848335867
5.517817967062255,-0.11672719605978266,41.658452263277525
5.1038680197603234,-13.935686034996888,33.88171399239464
2.6547956981760517,12.360994661357466,40.27376186363044
6.095455200027412,-2.2367754161180393,43.33077388658256
5.594135348738415,-7.860474679957199,32.39846714312332
4.565819814207016,-1.4014001544539951,41.042819078247035
4.523125285551708,-9.994175077032793,16.411395009755854
2.977860084806627,1.5435702260569997,25.1551184885129
5.5232824696181835,-8.098380808452923,26.901669787299845
6.562289269893393,-6.848042691163437,36.0877434020277
5.996426977499083,-4.705320088247063,29.926320755398386
3.3331978986043715,8.124573801906035,22.843280349981804
2.800324484759411,9.344327708191425,34.5322643155192
3.0003343303769294,13.968079504145773,43.52267454950409
6.013323384621193,-3.746023438854767,22.819946318077086
4.098089123572069,-1.413300806743326,15.4687313406015
6.536076234436191,8.858536268317163,44.50785732357083
4.751422019128723,-9.357264654595124,43.96534142779768
5.643242361471923,-10.624544579618924,17.94744394059633
4.310412237536191,-10.284588819638687,19.117671890015195
5.862968239429707,0.03170222010496815,26.307474244353557
5.3563126542489155,-12.540093870875737,40.06957987835755
5.995743438220535,12.489843875153458,36.836991733165746
6.447838042032414,-8.757494290712676,35.12559160927749
4.90792853277776,-13.216440226976761,44.034840527893095
4.813266425259284,-6.675598228645496,40.34038298582685
2.9943081794882818,5.956312771277336,31.048817490826917
4.259416412290701,12.554084156181663,37.2074244626513
5.834453060533239,-14.3936175288524,41.48684342267059
3.1313650281576955,-3.1413636972917782,41.18794562066998
3.7020865613585983,6.1455172872458235,44.60870213541713
5.86875266430304,-7.787485668567566,42.675940698648404
6.94501896471634,0.16814555568384648,41.51855769906873
6.59428667962325,-4.251730356892974,41.96002160581809
4.107794147755358,-4.781421450946809,18.033765886431986
3.9369852060763226,-13.020747351348978,22.210478924154284
2.7358592881703534,5.256590062516445,32.69172851890684
3.415533757770424,8.687344496948999,39.62777236503227
4.177332011113597,-0.3310552179929047,42.17930050674613
3.379820885260559,3.1576046354326124,33.46694888320825
6.244028244437088,-10.21412833455702,28.819739012351928
5.295985752131547,-0.5621089910005015,42.64656425045335
5.863456373280821,-14.757688115407863,34.67334460896074
6.77505427583323,0.7419488122877826,15.186305806221622
5.061073465358452,2.1118928565267687,43.61328594614842
2.804109927745784,6.1865121493819615,20.60793946337487
3.4073135745050225,7.7082576153395195,31.17906602083649
3.798318037659434,-0.7994563442574165,39.12565903507871
5.692991972876763,12.712123838356327,22.94806853394938
6.973558000441168,-14.818409905781001,29.32904922597254
3.9745770558279236,-11.03940560707182,21.87909999731145
5.920332576398735,-11.391523341668659,42.76131992479905
6.572979753577323,-6.963366519898896,42.21234057831556
2.6620638863510226,3.8403962500714,32.48394507940358
3.1198539580607223,8.34315924847343,26.98346570225859
5.492934282235209,3.4589705189790187,16.841842615899825
4.397155917624973,8.222808327378068,37.011954703186234
5.360041656711081,3.7375501786573615,31.063019600048193
5.4981644483929015,-2.969371989239871,18.577876642228517
4.045420494629441,0.10079364767458898,37.16120968045724
5.3573125347407675,-6.905178913492389,29.264853869859557
5.918173213069043,2.304104596828328,16.88575149368252
6.235327652334993,6.43859288952266,25.98423479163084
6.753408955151594,5.960183688997944,31.2237278209718
6.69351529030526,-7.088050903327673,36.76661827852929
6.688132681547745,-8.828445747962345,26.821909186905714
2.7945951360578345,0.08921741108813919,41.17052652323931
2.8532819662181934,3.950424023677275,15.53495184964142
5.944313326534145,14.235412677918752,15.275946229114764
6.00909906426202,6.57632596268347,27.428106541605583
5.3106111015726185,-5.364333798985681,39.509988238335154
5.82083292072139,1.2034387208064388,23.951485899374255
3.256765570605481,13.825812798379204,39.111391484402915
3.390382248993596,-0.8208122095902564,19.704946194682677
3.9010419848341247,-12.178092329611232,38.36981679878764
6.402620268319239,5.1558629492445505,15.528363406016972
6.381752065914249,-13.99939264866661,40.09545125581488
5.649114548703688,-2.0826211288921552,41.433058124918844
3.2817523059781735,-7.888999850159183,26.588102575503896
2.8595083402007275,-2.465126949319359,29.339436691991168
6.778768475090781,-11.316741102755024,44.645295320610984
3.6797613970843104,10.818612083162975,25.770858902222287
3.422390112809793,-5.656142760247944,17.59722260541639
6.42257031803263,11.962803059894224,27.976347921207832
5.977728566168608,-2.787407098577024,17.819212569484257
5.485010780678362,10.289078482309304,38.838232748156585
6.464846427258793,-5.0222271269627115,22.79008868124545
3.2858670078266865,13.481727202299911,36.97695752141555
4.530074208994496,6.322844745321909,32.685863204318416
4.002850631612602,-13.033535512606559,44.2119364212457
3.3518284198542294,-11.934677468849241,21.428196326160418
2.8383822376380703,-3.5083808170263744,24.670289538662495
5.437532495457228,4.8425062273170525,40.17799621658513
3.4419764057651476,-0.4515614157404215,33.05208749556621
6.487446395571555,-0.8284311539839564,26.43505833465705
5.974700440073361,-0.8449201247877003,39.02774457574164
6.733414630244307,-6.313397764378358,19.7371719698598
3.371414614527622,6.771225275188602,37.75047906639992
5.121243071982407,8.205889647314628,26.625851782029915
5.983213596154279,-6.460431307558084,30.993222051126182
2.6711306438431763,13.186271735727445,30.3945858870301
6.6052921621706275,-10.910780212054355,35.1713672551164
3.546736223818325,-11.988063464374171,17.494475126301786
5.427636251937487,-6.432027752191425,34.40397767010711
6.847739880650595,-0.10859898562618397,18.872208004003078
4.780497757407513,-10.74901203101631,40.326784530095765
3.187870875908459,-3.230955480322896,15.853079472187163
5.27947068896405,10.382944016507377,25.483789255895186
3.5143980515972393,-8.893448997054142,36.9092699583463
4.0917819324385505,-1.7030622728430291,41.66708085747581
6.69040029363616,7.12801010463706,41.11487106136249
5.012583994287166,6.236973344792052,20.68106348726285
4.883045813624452,-4.337280533014507,43.41831611631405
2.8421687043586426,-0.15712215857711875,37.93697381682951
3.781298060687636,-10.85752852881349,32.84004535948901
4.476499347387153,-10.722690982002081,24.409493940529043
4.081664408148566,12.641865320443369,17.462993631130967
3.481714202771941,3.867328078634678,19.519265423883475
3.764105598995757,11.748986823554809,32.04598195638464
6.324859467565542,-6.388669555070328,32.76490936139835
3.9556019539582605,-9.14341100246368,34.05181463751148
5.431627074349601,-7.849314879916637,18.31080016588262
3.3257539161353527,-6.031330033316772,37.993201866551786
2.717886481065786,1.777638432880618,21.12216949362585
5.367754079316853,13.711805935844652,31.881239434021996
4.103412299295416,-6.197293677820197,33.38775057621274
3.0485115298936583,8.656862229081831,35.42565395957722
6.538657011287073,4.783893971899193,28.25725995074614
5.799565240412919,12.185993273721664,42.779527871241385
5.664459496329741,8.27782443151234,28.470026013650354
6.127773672758016,-12.159662762532207,21.241781111294813
5.772245389206274,6.772758989937056,28.612380790861813
3.4079970637406936,-11.084872018869895,39.36070450257682
3.39409166713354,-9.416737704666877,43.132822184414906
4.629279420089467,11.156522621572229,27.348723286976806
5.09840378987173,-8.291216859491957,16.312144600718447
5.130207427744379,1.429103000204428,36.16083764337657
6.311160012990386,14.060561077573091,27.316353706831972
5.84858031881144,-13.160959892361543,32.46313150008588
3.417938250584198,10.47003560715045,31.87702221040822
5.487939744201094,10.447390588683493,17.012970828091657
5.266561456499684,10.196689158020767,35.43791178550142
5.235119068639754,10.52345039936355,34.73819175524655
3.750129859922778,12.805254562891857,37.376393670044635
6.758741867693521,-11.776909321856108,39.019901921050156
6.035782918252026,3.0853253261494764,29.53719504833208
2.8150270501027572,-2.9365153211617248,43.79416180100705
3.1128234347246595,-5.974139574042676,19.331123664652246
5.835544406724139,4.459940844783443,30.081359549548417
3.170195012614991,-6.725228312312661,18.077799278147577
3.664491617312277,2.638383716784233,17.48690630490979
4.7457269915101525,8.43838091753108,36.7041283388902
4.7032258435180525,10.923619830302496,15.073196712745009
3.1626117190655165,7.458380664336431,15.437696814561502
5.7917337819984605,8.255183884960395,32.76867151883415
2.975113634290963,0.6552427519298387,33.805188991480804
4.990401905273853,-12.218009841731071,23.893871717377607
3.8619810312544116,-8.114713276062965,19.606306267606293
3.5606992567222653,-4.1387985662538505,17.25423773490371
2.760126530812666,7.3860117348094185,40.4342728071895
5.92343158175931,10.448159812878739,37.59613563313998
2.7886458680704997,-1.580479398194461,21.33550727793986
4.474906776384309,10.794508648559656,23.98976753672229
5.606190790762268,-13.391423144382564,21.012960292808465
6.395975960713082,1.1289547506262494,24.443114926561123
2.745944191056647,8.193080624876249,41.74557535148989
4.528299508636248,1.9832318017214234,31.729252868124043
5.974197151359133,-6.509186344305217,33.88124837431365
3.4187300284475546,3.201826187328109,32.253180851624364
5.668455134083833,-1.654814124657399,39.025833646425525
4.0886343296358305,-11.249966495624067,41.75221867699902
5.873079840964429,-9.676556213661822,26.798234526193
4.557781192470695,-9.322088549970438,25.42122957953543
5.986788310978751,-3.4094448212771624,38.091758804307496
4.074100236708028,-13.167579008962056,31.66751965543647
2.937860353175657,1.8169228906798445,30.779114595517665
4.4895051366556284,5.410012725039721,24.207602129285917
5.154334598198909,-11.41950099070867,26.681008124049793
5.789594808286813,-14.63195264310325,33.753829198976376
3.8819952246912584,-0.6316803043677179,20.460747553409764
4.5630496807378265,14.215218677473377,18.917063017369014
3.0596394157513194,-13.35629929751247,20.014649692689414
4.26846614958789,11.430263543313963,26.990406167924768
5.353646100328669,-12.4346611913064,32.97108329265941
5.17990725220287,-9.868973825954129,34.17787456554156
5.27359099060971,3.819343900174786,16.359974354569246
6.742931224698438,-8.544837835278587,20.958865256596532
5.196135167905066,-3.110479779292069,30.11633811431419
3.8167848747039828,-2.101241890380658,16.77103067510676
6.240330482132414,-4.339314184514299,18.217374322518
3.5358563636394753,-13.774365405654162,42.339753932193624
6.391985736602907,8.865604694003636,40.21400377773841
4.9667377102090935,-5.99394799793007,40.363533462421515
6.0151690282349755,10.883207229967152,36.10209543620745
6.630632051010021,-2.8450137263471156,41.76016171711933
4.161054161758574,-2.0433767747718825,34.27592295419048
4.590882576039782,-1.5075164820675084,32.02657955818995
4.955792424777355,-3.8908533763740802,34.3099906973158
4.917198333587082,-8.18074075427532,31.168211187553272
4.244501068226103,13.220199263734681,31.12781203357975
6.543300033141389,9.466482234387673,32.56040712810006
5.733983339979817,-14.791537346698803,40.32972531586675
3.189801789493231,1.4942897938012294,40.76771088261563
5.41062606239303,-4.570244676802329,20.577500267429876
2.836234586586689,9.34723095282762,30.481816482205637
6.332070377380941,-10.393982815170723,36.52473297541411
4.11018119067637,-11.72161550717322,38.86277025552797
5.6742610001291816,14.648501573441816,42.03712331311246
3.1794936429154177,-5.430101028999834,18.273852795635058
5.1999376381102005,0.0770723454407456,30.315293135295228
5.796783060383637,2.795715653705365,38.41559405849031
4.825196217783556,2.695088607124383,16.268311999900888
6.781442042507777,-1.0855822236308459,19.991252067809405
4.984514570942856,9.500146636603578,43.019051845284224
6.402681391815243,5.5977891885360656,25.828960222080177
5.664004964432102,-11.613359320813716,22.988552938011395
4.68476422344074,1.1989398635617299,29.940276285622296
4.367604087724276,-7.810202546758773,21.93832141992737
4.576803380630083,-4.622354701203788,43.212795048652126
4.050350901642859,-4.880878215778358,43.030292947356415
4.582166046365543,4.134328024948687,17.230601411338625
2.7655863542839403,2.6753235132410715,29.217211387040393
6.369372069293208,-0.8845849931340233,35.397780780826466
3.621817725741251,0.5651063749647669,19.847060629519504
3.001703564870256,6.843357384119432,31.948706488586534
5.334075607606346,-0.2576426237623739,25.837489768668316
4.515801053542246,0.3070204232746967,21.844446863216934
4.606423966823323,-0.22469528667885896,38.37507286523216
5.360509919486093,-8.091768861837334,40.03208732733243
6.8029837571445375,-2.1897996736858047,23.205240126022286
3.8365768148963486,3.714932383350689,20.829893779148666
4.572201343178092,1.6755606401982774,37.293154627410445
5.871978452518637,-3.639730477636178,42.06544542722672
5.268333921324446,6.82316456997723,21.550070523652956
4.961228761289522,-7.486959361247038,21.767942676749314
6.662961180553155,-6.860785183657084,26.941467087643357
5.731186221058554,2.6116570623643263,37.08240282282588
2.897750351059851,-14.659345487843957,36.58697775749079
6.018695271039769,-4.826817907293348,28.523357990780404
3.230346569611253,-12.513539924466148,37.444980448640536
6.282288848553755,7.792083123094876,28.7794619499763
5.7005357887229255,7.931543497388283,44.32835676182155
4.995030078823451,-12.778316499171199,36.70774865307908
4.581434810447058,-0.8713842152298739,33.67797186462792
4.063647437927038,-2.674161211675459,33.01369299708902
4.691964754840713,12.231114877238213,19.051107178878585
4.554870904248711,-9.487679962510562,22.041699584605013
5.958505660965182,-12.070834372035677,21.716486601338733
6.553941536284756,8.07397203565776,19.264929792467754
3.81253918148803,5.080538351650393,35.684702061145195
3.3442824323794387,2.4311433956394026,24.17319925392934
5.243682236995162,-4.788541147558844,42.46709869980266
6.1236945753193766,-7.865744260417109,44.33620411474826
3.9797997622771653,-11.949189320124258,43.34784505664993
5.219355652400947,1.7235139058814468,16.66611054531465
6.228488676484737,0.21001216658857658,37.98432232886884
5.4440905727134234,-12.525163269131825,40.630439777717086
3.3020427765989506,-1.7542261214856758,24.412677384547546
5.819886807129807,-0.8157890234548848,17.93587648026984
3.780474339164148,-6.40050705240164,27.338537390315846
5.315815110618778,-3.203672888995367,20.171868715807893
4.569809650195978,2.3163969024971003,30.979842471269272
5.63198409386089,6.491549322306415,37.817558283734726
4.6523342939633565,-7.533423688092983,15.447322869783678
5.989345365883095,6.989942512729538,34.15951930136319
6.642409379164835,5.915492051884097,24.257168630228563
5.020665798286275,7.530427116802251,22.28902845477191
6.099694444651584,-4.505080671151733,44.20574186650235
6.687520156447152,4.548872766512673,40.72751648394234
4.292514086656429,-9.841854115036394,16.066854528527426
4.165127452050717,-1.4659391847730578,36.931264072534816
4.941807941303768,13.60726898301305,16.355394031961204
5.013305279798558,6.094829109601488,24.803988129859032
6.993462938612418,10.130303976400345,20.73131583123681
4.85152975550478,-14.174144781281338,34.28422258256123
3.498586483396516,4.816260534960691,20.808695625910534
5.723029622831842,3.7291340683229706,23.419299833888793
6.8364321836651385,14.085773299158696,23.425562711364876
6.988975897904326,4.12298434152348,26.25218591783223
4.460647346406187,8.579629258852169,44.53302520498839
5.391449754836291,-3.194037997297661,15.49849430060282
3.3942410872517206,-12.085112705516199,39.30218571553871
5.014899402877642,-13.261112886473793,38.443871954879334
3.7506602770814887,0.047481745333533,20.370208785158184
5.699632664872732,-11.593908940027024,38.760909283613245
3.524047813473221,-12.35316669802318,16.26497353217988
6.052535637461528,4.118288874817058,42.07082746046741
3.67178268901616,9.287345273856484,40.89170005541082
5.9426523417215815,13.560245896002893,30.367481164265374
5.1781761675918005,-5.398870185193079,26.77746641839869
5.4332928075222515,-11.861376638197843,34.51565582690185
5.780613186498851,11.476233032892441,39.64176030064294
4.838791065712719,11.806744745278309,22.53707274831912
3.530203905175012,-13.223234711400327,40.275740601744815
3.745508832467937,10.211705821545198,21.542596916556796
5.6042756024374425,-2.2085780279999003,25.896532750426598
4.705116048694713,12.213217898805404,38.240084225067555
3.1955551689064823,4.188776077187356,20.30514341105494
5.343411447205414,-3.4165970619848576,15.686653994265294
3.210130170714324,8.714043413760802,16.74763743722206
6.668765790323745,12.480027911090563,44.03961290300043
6.522878431756952,14.757362949294976,31.51705363539288
6.552442331281178,4.3158448761466275,26.029609506505842
6.260046078166697,0.8220891870037885,17.303522417297895
6.41995346940646,-0.02928371021674714,38.21350829422077
3.438710203774684,-1.7978530719959824,34.481053940838876
4.242362651079693,-14.883006248866055,44.19151955266862
3.9425498743197274,13.890145971615368,38.121583141054444
5.593691241944477,1.0372443483418685,34.0294281073394
6.820488014609288,7.901095077204893,17.968746927816785
5.057453336090244,-2.078921190334432,15.399904922463037
6.935989571431505,-10.388665515575852,23.477483457491275
6.442548084872891,-5.484417928769389,43.05470803864959
2.786823929806222,10.138339823247534,27.063963791680273
3.457815873660558,2.9034307540279762,37.75593241375758
3.122267768798172,12.115961806924837,15.825832138244888
4.219430911656577,14.218398745673579,22.582457895083557
6.558227410480344,-2.3537280363353226,33.3433809847901
6.43686805183042,-12.191065847411284,17.955638032228226
3.573432148296463,-9.92418882119009,42.87556255076261
4.8118769506078225,-13.042751631523291,39.445032657603846
5.508437384176313,2.1642643863021327,41.63738442881599
3.2490338576052586,8.959742066253412,41.83161187871245
6.868788178415784,5.094006298407809,41.15236831954337
4.535091348856762,-12.505518167229068,44.043235441222656
4.353042625114568,4.546953492173127,35.90120151626486
5.318307025435971,-6.610317196112248,42.42378485758194
5.428151554012185,-2.700467641021765,22.362849153701298
5.532733600307077,7.9138139360956465,24.87461696948912
4.187735523930279,3.3538142027294846,31.511750965852364
3.4090688737153356,-1.8207724200823385,19.368544216962007
3.321522810304146,-8.316279713601546,39.288536045607714
4.74929335403343,-7.876924025078399,29.047499186220186
3.741481093000999,-11.498648684209606,35.2671158774086
4.454009549656217,-7.014418572064759,25.717614764614012
3.000705122813969,12.990670604339137,39.80067968306631
3.927316231719107,4.380210280699512,40.16553377005151
4.354359575731809,5.730723510328339,25.559298383100653
3.8636861374170834,-11.461190514466868,29.953029799560703
6.183779249031812,-9.244797434810529,36.5204995886708
5.091581386687848,14.138104214977705,29.59453937620647
5.028173632694608,-2.9247416457121993,41.23043685974588
4.008893570010164,-2.94952760933395,24.289878800038863
5.818815174855754,-9.105623698842486,19.269055610497794
6.357966352370751,5.808198352391383,29.125421054071783
4.570755076360272,-7.9209844535165725,35.358348025342586
6.841330608019359,9.606145352472723,38.27759354827493
6.380484901196914,7.806574805082381,23.23815310581496
3.982024118037084,2.258168564244219,20.05945471836353
4.003909985930375,-9.505523240064704,32.93554598378871
6.022373150841977,13.036896274583263,24.65067460247181
5.349941656821296,-1.296406882368256,23.96787452154713
6.985301908397311,6.610833993474184,24.357971892317977
4.5212403893853885,6.280373104458768,27.974922994236596
3.08109239830201,-5.1531953654898714,44.43406584103269
4.48023166501733,11.09704342571193,32.67718615701402
5.15813322536197,11.525622560086386,20.529828634423733
5.269106979838414,4.611896764832174,28.294035704320194
6.7906169557989235,-11.677758670432823,29.87669024797522
3.642608858780014,-9.614306533602022,36.41045028014338
3.3533687456751546,-2.431037727392674,41.498421394193535
3.075036756464936,-7.212123672717464,15.568207308604876
4.734022017552779,-0.9825817069953189,16.73625090454415
4.84330457874668,-0.5526904909743564,28.099705323930657
3.7677915440104948,-12.57030174939428,26.76292224435108
6.916567511065173,-11.737195417645431,30.831811576917378
6.560675331257411,-10.459644003862534,43.81355399030492
4.440700287588272,-9.460752526273705,23.050328604545257
5.421017027682449,-14.180467953395974,39.76616421859462
6.258481385036728,-13.119214166014546,32.371034567371154
4.322355023856061,13.988033006956677,20.646377985845927
5.0815433796973775,6.973574202368404,29.38842067076427
2.781304168125794,-6.890122894706632,18.65639378949047
6.788012060263764,-12.736486477455601,17.106799661317297
4.111620376797465,5.4437744818612614,41.46961181816433
6.403925851115211,-2.216782096960145,29.89309079049974
3.965936120408352,14.379428743804993,18.398939571417753
3.052905284910645,-8.240451642629981,16.416517695691596
6.882457442212085,-14.327791090229308,38.61140608858439
6.550716899361397,6.364989343896191,28.166469656130175
6.750870612175218,2.8216240264500385,21.81320524461158
3.4716930057570896,8.974825660241795,37.168758233957234
5.889051096743527,-5.944601928158733,20.81284656785266
4.649287568285445,12.917863600538197,35.938235934091765
2.639726401279926,-11.87707339835706,20.44223825843423
2.8993636340562454,4.35623703043181,37.33433010992846
3.2513210981475513,9.18654687685439,36.28731544569692
6.277832422616269,-5.3124930262468,17.26103012796572
6.353997582228498,-5.173125369625547,29.088420051022414
5.911858770098742,10.057640123761367,16.04780507890951
4.831985959691174,1.6103109605871566,32.19874157075817
3.519682552319364,4.3670913135000085,18.190772321775825
6.010574414734096,-8.528866581108712,35.27081075820922
3.9841392864546514,8.663474647898834,24.53556485639342
5.167520945455459,-14.077966222524,42.1032191263126
5.514598222523205,5.612780032763929,39.26612410300231
6.562761299863107,-13.165046619005315,22.74951628749327
5.008850368555354,3.625990616947462,37.57478928864243
6.187318510035892,12.144273496605763,40.10616268752133
6.536939607971522,-12.127156735233282,35.7728341772531
4.104248197940828,-0.5922371127258845,30.472473087852443
3.1338561738548614,10.16049785997129,33.86087328492167
4.078588889127188,-13.5592028940613,40.51505536640094
2.873285590092606,13.068511450716993,32.908350585237
5.9065144364740805,-7.760956776088506,34.38717049282201
3.5341462879910837,4.478177895767523,44.08518309892837
3.511110149784782,5.012085062446591,38.26351556472231
2.9794271727698334,-8.47012581556033,22.903688005773333
3.5907892627091575,-13.265570313668238,35.29687029263438
6.736987478012542,-14.592783348038202,35.37641404485143
5.830128499253004,-1.251221435905558,18.100024887939707
3.21917260534554,9.52188851393094,40.96206556032647
4.015322598855507,9.577615261594545,28.927553839011154
5.533600712061522,8.9934864051497,34.97612840467917
3.0013280361678016,-8.653990449875128,32.207064448909904
3.0692128946152453,12.267446001774822,39.13264226066539
4.462466845383149,7.831088877518905,40.302163158542726
3.8844555313002065,-5.419231850263198,26.34430249647923
4.484578062635814,9.055441268686465,24.03601854958545
3.9414092048252694,0.9812509110834693,21.661657136125122
2.838873334503002,-1.7810749563700714,15.267072483178465
6.380892514427393,6.445332890368768,44.0610939194508
5.257149496572238,0.9970111209735286,29.95673420909393
5.851868345689079,6.434830904648862,25.544625766440028
6.005127913240025,-13.276865494809808,18.15995388694797
3.736904063029762,14.78855065583356,31.463624583079984
3.4341595097928383,13.272040087761255,43.76524439075665
3.491854689978199,-2.9299428971220713,19.932811210472014
4.364177442718788,8.261232250835942,16.959013971495708
6.503388862824345,-12.595395110314536,36.38416178489557
4.4849057803266525,8.44494115744827,29.976718493990205
4.742945744175405,-13.338909772355912,31.71691725920752
4.053002554456193,0.6264519805814164,15.512314953250213
5.297755754779946,-5.4502596657525455,30.55430705752135
4.420884675976382,-7.946359969802657,35.3176319158662
3.182393740215402,-6.539174322869318,25.353494962735972
5.670084931898668,-3.017327758585271,24.36832619958883
3.7832450338611765,7.428475754398985,37.57731966449431
6.278995347047182,-14.948463787537449,26.813168683553513
6.047688906625693,-11.53569868906747,44.32223794990661
3.3036386262123703,7.140409852677664,29.4381877541567
3.816101095772403,8.952462090833137,15.293716263138291
4.21884965915251,13.14976319384412,28.022445485595213
4.95763050445445,14.667505076145662,34.834859612936796
3.144514294974739,13.591430496290172,30.99949221821423
4.626092261138145,5.0617745881460685,22.711246961268664
4.810493673860926,5.0984909512612155,31.323777013214176
5.923869429361769,6.440936422101547,25.531039153876335
3.5688984938057473,-4.326655102041178,42.349002824334
5.7938154968045,0.6369149557547278,37.12328108957828
5.3260899960666706,-10.710647101143323,39.995718004122885
2.632984582573785,-1.8596012267680386,34.47620609949149
4.167819290646354,3.461677498224155,15.725280292469172
2.8961178632562232,-9.521941690688575,35.31628605522155
4.991199988220536,13.26389280802308,24.395384061112118
4.97981309465874,-0.24974449441441493,23.320786824962845
5.349801587538314,-2.5060148213542615,19.640573570005206
4.627295865112018,-3.1510074602478753,44.94753106833653
6.074548383935273,2.009167985880566,30.4236563676353
5.582266261040564,-13.751907647261426,38.63931135205988
5.230371318250195,11.579977085520007,16.32422344966288
5.790575988237998,-4.636268435736566,44.809674806635954
2.7195318329960108,-4.803785791963067,41.3108085692278
3.2777210788276974,9.564817860618735,37.40843945210817
4.491312325392976,0.2095144350547855,31.015548682614572
5.955230057881227,13.184451493099836,27.288186446690474
6.44022871279048,10.618825959365132,39.63787374021645
5.095624135703501,4.3998599655203705,32.52966429058604
5.471964311087108,3.4659574940863607,15.250466581580616
4.033800533294752,3.922620425754314,21.284070313195695
6.6792940571384,4.053960816509171,25.596631300539205
4.2442972364667435,-1.0171073657232874,21.07233654682839
6.457541803491262,4.213355715776533,41.19913606686414
4.871955634575493,5.726517966740939,32.73644411241541
5.802016936697955,6.638315829629615,18.04100497534288
5.8771912658119625,-14.177736523085766,30.29456143467698
3.318533718048431,-4.808160757771557,15.018336413325004
6.481287508555206,-1.6601265818581492,37.900520383975774
5.370616243353602,12.197086281752732,20.91253051051621
4.613479101385107,-6.858642225826648,32.856201676761415
4.7569863970280615,10.365210818839078,39.044385600087324
4.616570884501335,11.66854133032265,27.68496796491608
3.010771371424798,11.622064784116475,33.30714891321462
6.492008626445527,-8.32626020438927,19.453687257224352
2.9668559712137097,-1.002286028717739,37.51325804606501
3.3918107263859927,-3.721516049958961,23.150213966694324
6.774485705603102,-2.4070021352683444,33.19322618123101
5.190994728190321,1.7730503430172888,19.690579190196
3.958469489812433,-14.317166702884123,35.540090646768206
4.479655987932332,-11.33445993552265,41.4476147848794
6.134603146840518,-8.393825237588903,24.307432747821707
3.4318969833157427,-12.939441778584127,18.050257289797553
5.407062802113991,1.508761238106878,33.083079701150936
6.649835967642368,9.688494501281227,15.596592589322862
6.613068577845695,11.780225886813124,30.805717878139326
5.601928913369624,9.997014952967177,42.075277562647415
4.891521409606989,14.965120342253972,33.89246802366523
6.4877324394403,-11.02253651969114,32.540581145594594
3.555909543054451,4.362353401404157,39.018537042826765
2.7964813351291262,-1.6113692072312613,31.567163071986258
4.016473381562761,2.4381451447448974,34.31695916959258
4.445951442193522,7.5750864196783425,24.06580046125586
4.618206777970447,-1.9945228176393286,25.348375898205052
5.909678211035201,-1.6064663812007893,29.258963448845478
3.511524082257813,-13.934438943072724,26.837075984952094
3.855698430239631,-9.258966505201705,26.53272785764387
4.850114172358473,-2.603714827055711,37.40211769233218
6.601779832120635,-12.725687157469235,23.215884527527628
4.641232396057321,-14.317579454279533,18.369548447862847
3.320741625907393,12.717600422133646,21.304885991526987
4.00068615387516,-3.6483467129473865,33.46251137061115
5.958977452544707,-13.195306027973652,41.76929251572473
2.8175721017892066,-13.428288837481922,31.759386678605996
4.906167798334615,8.286825378848327,39.18531991121242
4.16274262374589,2.733001037341687,25.104864775538125
2.7402578054905122,11.61692160552316,39.34625906399737
3.1008721321795574,-10.634550565924794,44.14456139010973
3.755687702984849,3.94805082449637,19.133587683126404
5.886247375376963,-0.18027227321525174,26.789105491168606
6.501020123150404,-2.3871855743210944,16.113429709713557
3.146838785393339,-10.843638115494741,29.27488495678562
3.4176742902204036,-9.102819581071893,28.125910265143833
4.051929787013666,4.125336044838647,29.287937845958897
3.7380234439824767,-9.633825239908468,28.41426742646897
3.0286284252230358,-6.6301893632635895,42.569987847491916
4.107177739208268,-14.519758704666106,36.2085541685138
5.3388761927083666,-14.807077118541299,41.084522583151035
3.6824320037679055,-12.345480873204412,44.304846209107325
3.5157495105355436,-12.577973813647361,44.90374839530716
4.9123447047688105,5.000319751525044,23.573922270685422
6.19465687710213,1.4223406263787055,41.6016939064818
5.37767112909158,10.269633043199853,42.06042294988077
3.552279820962596,-6.05853220711999,28.03871674810052
6.344592586147172,-14.059835388827617,31.98931772680799
3.143452122732114,-11.538905216384286,23.028398522386553
5.160196305471882,-10.90836574497106,22.029361933073403
5.678722652312053,12.888264680366856,27.698095618819355
5.696566927293789,-9.539738612166655,35.16213852082246
2.723698052894284,-3.095113157740281,18.488248403825136
4.5177957166614,3.1930482075802296,37.099887216797455
3.0840197473404256,-10.422718824099322,17.266353653213464
5.125759306487639,-11.561416461304146,26.28995014311235
4.17037804918971,2.233440992938366,40.480835098235595
2.882628553565347,9.20984327608451,21.933518987824925
3.3200378709978766,13.510962851702647,27.41079062589596
3.505595168192541,-12.192412305428148,20.272816704389456
3.239891656776148,-11.396298187151825,19.53033162077243
5.568089891480809,-0.3586885409699967,24.667214331577775
5.158344480999973,10.833110838931333,26.921273534796704
4.418684493060986,2.9136084436913805,29.91513146173481
5.451979839433263,-7.96927795532722,41.45077043368866
2.7385834621914458,-11.56558649004434,15.1411148037619
2.647399172623583,-1.8307163939219677,19.449851584100777
3.9320382976021246,1.5685553527358636,28.408853380862055
5.588129493243654,14.123127084032856,29.224719269273514
3.6838112194028225,-4.495781688228531,40.43896398484833
4.485359218741962,8.410953634516186,24.516173827595246
3.1149332139854593,-5.632903816911382,22.232591688948588
5.475776776577693,8.486613888525632,40.23245816057626
4.289774542903365,-0.6344952812698139,43.80551775751256
6.950200404997962,-0.4994070264030235,26.36954183650783
4.5094464632193745,-2.326350595984394,37.87856979035516
5.792425157114291,-4.769297163054292,31.721734719475865
4.455836367821293,12.000155016296212,39.23875735855529
4.13310663220714,14.884999943554604,44.62254912354959
5.1468557798905294,3.521945294280009,39.163906417854264
4.370418851002988,14.529953223476138,21.867671946965835
5.730207362998474,-0.04731078321831461,40.31537748486581
2.7208794326066332,-11.299279808368787,24.36315010479896
4.15962455020692,7.942850996878331,34.62892933805251
5.8174279019532165,5.481975876081371,16.05336100582179
3.059851006783624,-4.260548317286828,30.39008532112492
5.20766977262943,1.3786648622570823,34.67773752660121
3.5679228665764584,-3.849172157763217,18.136409379193864
4.577869735329743,-7.181631607958721,19.73546848622329
3.583244125854718,-14.098848815344011,30.477322707563708
2.697581374883239,-3.370064200062039,38.45708983474027
5.346599509813334,-5.8433491342103565,35.14213072484884
6.722742616045698,-2.483043017820947,40.940858792951985
3.5174982191569857,7.801400688088279,32.118973894872795
3.1951748342163886,-8.821434690311229,20.762954653139737
5.603024865869266,2.5378696559808276,31.172495946421172
5.614329789172334,-0.8100843908704025,30.50514420997382
6.477190288412093,13.059101521638652,33.38124919174089
2.8328566610343513,10.620599419528016,28.054559277635228
6.522548779641628,-0.8643780746426941,32.13579563725105
3.3445596322078717,1.7466004877312464,24.054745245579095
4.905168845176569,-0.7063521754674813,33.65859981963733
5.12846056114739,6.285165610792813,15.864486921460179
3.848912049172085,0.17439277676843012,36.580994967020125
6.238514652750955,13.15297627018899,42.58963955445141
5.272953050468774,6.47594541984709,20.350684595910277
6.482184512503663,-11.694043264153231,34.89672785129766
3.5034049110628507,-9.391027157674321,41.78474989681074
2.7836937174064724,-8.268482229940238,36.889467055950135
2.8198241713967374,8.67202684410287,44.58017152050746
3.4626731899467726,12.735116933822884,21.525410171398406
3.1570137304613577,6.62601554785293,22.958331288319606
5.942169049472193,-13.082694062888702,22.31550366114513
4.558170271035706,-2.59222059045754,41.287546504162975
5.038724481767048,5.843233307934167,21.567026576027075
2.785357728531405,12.375911544531789,28.249301984981813
3.9760917336205654,-0.6207180137938018,38.899787063752456
3.61482091439622,0.29469706600487555,39.030297585374626
5.956401582593159,14.359820028483583,17.779027821110276
4.725623330032457,11.317072832247991,26.50150805443672
5.418998171008866,2.5671197876396903,29.54238847683802
3.719911099854313,6.052807078109151,28.418614793895983
4.397487204715611,2.827656966986588,27.941988064491927
6.685643222126494,5.104324064989971,27.447344963407886
5.735422470194564,6.747111622196513,38.04689150208125
6.611195741304478,2.9449986686969467,34.716836979042256
4.035885144726871,-5.400057693189407,39.95536728110426
3.3648872487993997,8.047492097147664,29.68907159651615
3.014864045970699,7.716906516259694,21.068008755996747
4.945493579046585,3.914181147255679,18.477252936277797
6.9808588500510425,1.6166172751023389,37.13365496576466
4.603604076728459,-2.888312272114618,39.96896078435648
5.242258684096431,-14.08652778253966,36.307645703566784
5.430571494039519,-11.585982729454788,36.75994320597848
4.92357111653909,-3.2228817571416535,16.744811059040337
5.625073649999647,13.175296750332965,32.54275150928261
4.448245173903471,11.249729199349463,25.850130230458074
5.2295682756739765,-13.309194618290416,19.159559320548155
5.231089726924826,5.394792226969425,38.350625145558354
6.235710476576336,-10.35680896149406,44.419570478943655
2.6932541434063126,-0.5165283897230228,39.490593846037
5.507008423713181,-2.3067094036952263,42.266177310068315
5.742345651651799,-2.849536751670584,15.748697701338791
4.263851235701559,-6.4183650424426535,28.404155973586228
5.696337749906956,1.628470712971403,33.93720317131136
4.147545543370989,10.541829905245816,37.24197268569352
4.223737781100245,-10.131710499689358,44.09370878662875
3.063668612257194,-10.51176109015045,35.931787781150234
3.7407147856122505,-5.839897043381384,36.12100640092485
6.343353380982725,3.0319982869192295,23.861196139232444
4.693982875715081,-6.087884895874161,36.79686165703647
5.536279373005381,-8.27699190182975,29.151129992876175
6.0678997600959015,-0.018368488944052075,21.731494111757886
5.090114434971894,7.865084086745949,15.680953783143295
4.983040354005059,3.069315533071091,20.800502513130265
5.608104359622863,-13.70791840592598,40.33763305948632
6.723534216966412,1.1658688207315606,17.94778298219434
3.612120448396026,13.680694350939579,33.58623982083011
6.769150731579788,-8.887505633130463,39.351396580560426
5.539747804534222,4.858059838598475,40.426451635660804
4.6862680461987365,4.860446926822753,20.41008724057284
4.953979529134218,-10.486668084786775,36.76995175848631
3.192765564874118,5.296623749622306,18.661892621205403
5.0844520019127355,-14.214216091231007,36.84800793004976
6.372243787673581,-13.055839921681681,15.338435865300518
2.9078871141445535,-2.574470610670968,35.18001512909907
4.792285777280117,-3.359459898486733,18.92391040736096
4.080566061221599,-7.188050460934617,22.95313089094753
4.682863026891438,9.411247614091199,20.16760194269796
5.18567628581418,2.2636677434009336,31.709829288116833
6.156234414422425,0.5307302746569746,18.282904819019528
5.850546331989802,12.385447178442643,36.677946339742675
5.093968568550659,-9.798933510004595,18.87468517403472
6.643959464011617,9.008305743020653,29.980673386153143
6.626093397906529,-10.251619933189147,38.39250267231671
4.215268813730705,-13.153522854603889,42.891581876617565
4.258890130791342,-6.306963790058292,29.82253347132984
4.287448560839156,3.182544706263709,43.76092831139615
3.9295390687886265,0.6659635548614737,32.63396698575856
2.935020125437128,9.443161285117391,33.12462688506907
4.976118977108952,2.033036873639535,18.860672632650054
3.89738074092195,-14.39191483541357,40.63500860717025
5.044461759855192,1.4020832593945656,31.065669558089755
3.022034399861112,-0.9064033986108289,39.88572940007505
4.136597756183835,-2.744700276955138,26.87183153720973
6.166532125652779,-1.2209532250054842,27.883413716412463
5.202976884859364,3.5142949955430822,37.01307725919149
5.511259480926358,6.806822390653217,31.15755729947572
3.941679703237552,-12.617811782130545,26.060119060491836
3.2421983011435023,-4.4302367573050585,17.53697222615716
5.175098682742933,12.079168022562037,26.954684908535448
2.7907537219754364,11.933469249243455,17.141685977693502
6.1004541814238475,-4.625302264737204,43.6850679907683
2.9246505921163695,-0.22809228646330126,15.86133859830028
6.435412171433823,-6.723569568800082,39.406946750103515
5.099423239490422,-5.97232625197379,27.519505685171396
4.013275299494511,11.390164812749674,27.1724965805587
4.171047184166096,12.01693458375545,32.87184970533231
3.0360362093353905,5.860090840222512,37.90141269174174
6.760564507914618,0.7026295803102318,43.44608393084687
3.960184638714761,-4.85945575946352,36.034093625828014
4.938489655628894,-13.62518715245065,32.95803704433477
3.8480719506164522,-8.00767068361098,42.744792195414945
6.796016599514183,-12.707344042187097,31.78910747347398
6.8698551640955134,8.998305164956243,19.57932907830942
6.434415802807627,-11.66121729806186,35.732971192884506
3.9389297712057614,-6.048468321616703,41.351654372998425
4.405118313914484,3.6276525694308788,17.603527801055936
4.4996432116732406,-1.7398111723495457,37.32172936673979
6.79842503339375,-0.20654661695511223,22.64626062893186
5.319368591394988,1.7867119236416151,39.790978230117965
6.929360877837606,11.109170103540674,35.840565337795994
5.197364543905024,8.166652995154312,23.277436900298333
4.185991326447089,-8.844559279045516,42.931997164029816
2.929841998923103,-11.507545313697626,28.046691937710463
4.3212282670481645,8.228352215967888,25.82035857444376
3.8998267822419357,13.600213110511945,36.502070088154206
5.562031225999328,6.669989013582274,42.42931602598384
4.539425476068261,7.247504785047056,16.89027801851222
5.030644980636225,9.391974296985666,24.435139827831122
5.575512699376171,-1.0888953195626794,37.700153373471075
3.808109869166864,-1.4487390603912829,22.035547373254502
5.084899688615464,1.2994147118128794,29.13133165586784
5.69242636289977,-12.693779132633566,38.473426290911405
4.8655733230642095,1.3960585444401694,43.14749271404155
6.9388570804664305,-14.235497996714852,37.96501295229132
6.340054454831872,2.3195564105308932,32.36248746317949
4.049846564588378,-4.220361951339408,36.85802162508158
5.223103530009721,5.616416523090283,27.040560951219685
6.476737449554154,-11.781613973964674,40.58440339846555
5.299515732692186,4.284922568917995,34.74156307762441
5.253941443276772,-3.862848986257058,37.90735071774876
4.601878937227941,10.559209236675727,15.083363335476779
5.010033015159623,-13.77122012170392,25.252215797074427
6.086886609709884,-9.518966584602714,44.011162073455736
5.10114284518497,-14.004524284455435,20.248096401984004
6.242617821035549,-3.618905246193995,19.38199184559245
4.304613337499239,-6.8370895280182555,15.492293918969679
3.0408322574087943,1.0800354969051469,33.16525420098914
3.630466559200892,2.788636134377466,17.05817160298239
4.477494888549299,0.804974002667608,29.896797122581447
2.6664071814617594,8.93570816145321,16.54660390086691
5.516376772972409,3.3366368012039516,44.686797058985476
3.393598512403762,-10.19606231856896,37.536504658083004
5.133799565742965,14.367852955528058,16.810964076056866
5.362999258170244,4.747469423224231,16.715930004166218
3.904279371864756,-2.6979313455620932,16.5371507762223
5.589994124710728,-3.539800835975722,33.39885374219968
3.7079299363522678,-1.0490559901972372,17.71464420093438
2.992138765774147,12.30310521123976,17.21311989747213
3.766762092683455,-3.026421878546458,39.72377090836976
6.876695160060295,7.484842492892742,43.781599584353366
3.1183247593634524,9.356471885890855,44.76525039894626
5.947920636487775,-9.402365475854431,24.315636404140463
5.413736986367906,0.5025854418704565,17.800632475714572
6.570374690192491,-6.139701759809496,17.608798151940483
6.193543085326352,12.652466820542841,32.32995509070088
2.981404614602541,8.925509924659487,42.73408524189094
2.6473417964947092,1.1258351144614949,43.20270149635476
6.811483368752637,-13.767119240020907,20.291077556168542
6.363982327279487,9.5886198163509,18.89346923410033
5.687007061593675,10.79091106680972,39.33888400582639
5.516867359246029,10.841800708650013,38.0772432212252
4.08092356620895,-1.20522841922506,15.042495435893734
4.526646180231523,11.70125947953143,36.600334786127334
4.794124149131726,-3.309321832350747,27.951498790478514
3.5183601443721915,13.077944803798662,34.77683706954754
6.558911757631312,0.18264226208073886,18.89233716315236
6.835341056553623,-0.12268301735020337,25.581410938006545
4.225577833207625,5.428686686173531,20.47287711109079
3.507971295152129,6.508905201327035,15.712355821112533
2.64159008271143,0.14854326167834309,15.505916433909281
4.7684016781151755,-0.9609495956747587,24.09777438595188
6.061929267552771,-12.391884482844773,17.514761219709754
6.969593496649996,10.329615947671794,30.20706233572711
3.3555221923518648,7.759557830602851,40.13822802452361
5.993298379805031,7.857494435458303,21.366802927145656
6.18802134635812,9.327187627323664,27.306661666908198
4.882009923391969,7.168976954148025,31.136330666134405
4.759986349533675,8.188016246636785,28.32719792279276
3.8568810928436115,-5.275362292366822,15.261173508243091
5.84215096964117,11.058598400732848,17.389000269594728
3.222018714032752,9.493182768096975,36.71728863808299
4.879717107983751,-13.820282845691503,17.91481218480307
3.834993278102326,-14.025949026924962,29.495992582742737
6.0371556853777175,-4.712753233037144,39.117096075560404
6.196967490410245,1.5645836191464895,15.25459722826658
3.2094980959401282,-2.9115176599037227,16.33744768218416
2.94494756519335,-0.3775717546366604,34.59430249966406
5.598710957171273,6.3923771101977,43.44831261470165
4.3273287938213265,4.527431402916243,29.47663937843101
5.7253976852538315,-6.527006472096444,34.806814540215775
5.497005177071868,4.68168421361867,27.03350388079053
4.110928241564415,-6.32581631704069,42.153214599552534
5.316045826818027,7.094082332928949,16.930156468600536
3.135948771983107,-9.089947431293124,27.38278895794573
6.846279641405531,9.71447163609227,27.27028747737106
3.637101206739512,-6.933009638225688,24.695138173379814
5.491719322546039,-9.30898484307976,33.36562200146644
3.604953763280938,-10.13538768135615,36.73229473009192
5.676411536655829,10.51671560718112,28.593682231278052
3.703372480288163,-5.381086856752907,19.584997858095722
5.555087682857449,-8.30509654584198,43.55721013408331
2.9178691217933483,-13.519618941216429,43.30477711780437
6.670308476976374,-13.847711026985639,30.07012378318676
5.19574692594937,-10.304019073584472,41.22309198260425
3.319185028206112,12.693829109349021,27.443228313108985
3.3572128470673834,8.374437338682139,32.4434517025506
3.83189047161375,-0.9921618243295054,20.87954705503937
6.76718211209457,-2.817682295860994,38.525711536496914
3.0792929853980224,-6.540488751156454,30.217181797080876
5.326830068510333,8.609750981238214,33.25944823531418
6.025973728225781,11.649390338579042,30.675203979430364
4.803207662740865,-14.413034943035795,20.55673017031684
4.827967473137683,-2.1938825453203616,21.056694833845658
3.120653958485134,6.585131706809193,17.222735627605783
6.676660988089661,-2.4630410908623865,41.00431729828677
4.120039877681906,8.903421767126236,43.37412271308513
2.7368005196147025,-3.732560502738105,19.8794774453344
4.819679400472876,-0.8796294855892803,32.0547805685425
6.393381276290709,-5.5592906473782335,30.205375404637252
4.697371389972664,-8.87720786878059,34.800949781661274
4.602938449643325,11.285896956956748,26.348537102179083
5.590937426558201,11.628728929497552,38.01510575003893
3.839704042228549,-14.020419418224344,17.025126024358904
5.189654037671712,13.71734253486116,37.45517635010164
4.615416931521132,-10.26053433759871,20.450836906824357
4.681422591359587,-4.454885562393585,19.782872268478368
6.885747582160892,-2.0379846665487875,38.49293002316096
4.039479318399216,10.873006625877267,35.26233461980435
6.1739563777800806,-12.034038824406036,35.02008634705662
6.39457956557509,9.847984962170464,31.926355214107655
2.856930058430702,7.430582459646246,24.671526085040504
3.4880471068713623,-6.4484389229765,20.84467189564682
5.921027604365988,-0.06503788171326974,24.334549429469917
3.431371566613598,10.644205435224297,38.238281898846786
5.718533896083165,-13.735089973455041,25.845555101132057
6.907880831546268,-5.064657686649312,22.377700540192635
3.5476547559450733,5.235837375344612,29.768454736043243
4.054608262616789,-1.538055015483831,17.7531560437186
6.602232134365526,0.7764036565293289,38.77408780337993
3.480459983193845,-12.213095002819946,17.908824114700717
2.7997735479523427,1.0779667633784022,30.48712130685774
4.168713057048416,7.816482270972099,37.79363534061848
4.8076348903426815,-6.256382787268789,42.4147240417718
2.7426969503347847,-3.9397784128160165,28.039625477582728
4.495088429490343,-13.700894283557306,37.91547863980476
5.657437855812475,10.575315048615899,27.963399679675106
6.207586172137404,-2.5666222854595304,40.61840269482783
4.790047160705904,-1.7666407320373878,30.096087558231346
6.803576519112205,14.116269375960549,36.18642280896284
5.973207439553136,3.2790138527437342,23.244797137293258
3.9858903265162944,-11.028624303553713,44.56572248377849
3.552705430529576,13.364092514432329,21.575532719231674
4.779348503022956,-6.967816629170631,30.075658053904654
3.174037123302487,0.06108449937888416,21.317336239890793
3.7259036195899133,10.459829673400499,40.93310570909627
2.6852125622853684,7.026506848715069,33.11452924875911
3.1178154480265836,6.182520106107731,42.959851928501855
6.549973965023055,14.501963172047958,38.37322401322153
4.8693868205403685,2.8183909991876064,23.131720445126064
6.055247676412133,14.839205630355735,24.08688287470582
4.585153216527015,4.991792237082922,18.775083084815872
6.10816188796206,5.284857552808184,35.7632863963575
5.211299835274767,7.814364702229131,43.51017355791936
6.503975267067244,-13.072137816327084,18.98353234259274
3.2334408569313595,-12.003457140704558,37.96902254079124
6.317693415594254,-1.4969684034399258,28.733343788692753
5.294544274529541,10.235566550791543,17.815914589198776
2.664212895937665,13.46303815879062,16.673244056457147
5.230611288925276,5.6657744795901905,16.685853471398627
5.439965686312604,-12.394106497203062,19.468647659775318
6.313297549705746,-7.56094500258237,22.40660680556578
4.659068446442615,-7.981164148186626,31.55091036614983
6.1328560711492655,9.126655155557764,15.393205968883144
3.578468421271403,13.757658931287729,33.99451658859353
4.955225139734191,1.702319293907152,16.038451237777817
4.3658319611473555,1.0417469844140044,27.742929172327994
4.620648563372111,-7.175860996097206,36.90370698340601
5.826203062326089,12.97535689969444,28.906353431269036
3.853702077139418,-1.2097440531998505,24.662737719136235
6.781983171138791,9.934407248855287,24.2265411045812
4.648080154294913,5.382004236918988,30.69359061507156
5.31405712201284,3.5597032450462898,31.725047638232052
3.1713852058354512,-7.769464309600312,41.33927789369173
3.647287177766832,-0.040609071970637345,19.57412281594648
2.70344032602604,-13.380943238348015,39.128326837122096
5.072181709664072,1.4974015120414812,15.137731195524617
3.227809481278862,-3.729720563564296,23.09038256308461
2.690879096053378,-3.0468444850424135,36.62563812869723
2.769456972968268,-2.7257207131111922,29.173897306883497
3.683740121475664,7.564561165797546,35.779205690119916
2.6950539798659183,3.9029972778176933,38.50122186527794
3.729694219654812,-4.054943267100358,35.15082147772428
4.507704284684102,0.19794074954940832,36.46306830050093
6.953320654889297,-8.210394057909458,16.626874981790962
3.731969691264257,5.510634387856612,28.43058879429989
6.2735426284862825,-8.49664305022851,33.28004273348495
6.999311122327986,13.886519348243226,24.616461274979407
4.088142553318766,-11.057122638336725,35.45402335814062
4.295012046733483,-12.915075983046194,34.211375548847855
5.876837072254334,-1.3048544135001663,40.381843727849386
4.774003609317997,-13.533687118943325,39.67577899485663
6.920891335922237,-3.515383127133939,15.047914811643748
4.992892511553398,5.28885594112068,33.63170966319984
4.811290574686076,0.42695697460879956,40.37989391610422
5.6199542191203005,-13.84054081950088,30.956254581461383
6.756197235567515,-9.081836870875339,17.837448106956554
3.105501999240581,-2.9774299410627894,29.348861496261534
5.649635977317153,-10.219850026359683,22.77966881884091
6.575015229772777,-14.857279668798565,39.52189833245969
5.451583881201168,-4.026328072724796,44.18446797083454
2.9828511161832614,-5.884961018464553,16.030801472432902
6.49671091427733,-7.113660535690698,18.055615366479024
3.1063681339853497,-8.332681707272695,32.79147743800873
6.500566501984806,3.8650860341195106,38.475827699633356
5.769470277823627,8.900752899618197,42.468959192342965
3.559004630225137,3.6755260463394386,19.243962915133654
5.107395450509287,-8.712666005746843,20.853718315545567
5.00801126689028,-4.207565654742714,23.988060465880025
6.3123519469790965,2.762346796041104,26.914752722415173
4.2943419526883755,2.10171889936014,34.64433590448446
4.214810214212596,-5.216797293708732,41.48230745234983
2.6992621506197976,10.044382287425265,42.582837194630415
6.896787402954985,-6.913985485707579,20.691581885659602
4.0343074363894145,8.538093165876578,33.16337522696216
5.605610816448312,10.731997135699014,33.902649932767225
2.8635254552137446,11.688787293342727,35.38895259427052
4.730269114796608,14.066470429921509,26.743117338438246
2.950768430772879,4.1668032266404325,18.81192507509538
6.284875184002386,-1.9229269239634146,36.389216945737104
5.860426861376929,-10.895455772905992,40.20251080498531
4.419650966588856,12.700871508810032,23.063757553010504
4.853208073969832,5.3656510567909415,19.81694603616187
3.2874630200566517,14.164001565590397,27.255715850085465
3.9846366507809323,-14.580058554392473,21.864016510921402
4.228086033051917,-10.050165332535773,18.8332163931978
6.772250091580104,-9.643414748165814,41.12343970358408
5.391243644817864,-5.609535745012838,18.355713401268176
6.2098213983062545,-5.562620703551943,40.92884838553798
5.039796754306545,-3.572683799467784,31.04472530684191
4.303821909097352,-14.567330907667701,32.86643484038446
3.8626943773242433,-11.519727438090692,27.298475705451487
4.213268655396657,8.86159312031073,19.113469067357013
6.513584142244555,13.30795191843341,44.37748559833513
3.316598546776761,4.942779756094524,39.25586000809248
4.598123388705229,2.4154711189104354,33.50988680160348
5.359586579137622,-8.121922983626938,16.465794240995336
4.048545249748599,-3.623966603850077,38.81336618206059
6.122550040202448,-11.896325319513604,35.61068357776404
4.775161855739372,-9.134715126507764,39.710513577196124
3.3149607278482343,-3.56616094736842,25.21633508832801
6.495783934559546,11.093174070967386,23.290082403128054
2.7711636133033046,-9.020398666962627,24.236292844687874
5.426842025412168,-5.77302677036951,42.54850997584617
5.972461348661415,-7.6918879886543206,33.95972555773221
5.20411015714093,-7.0094594502656555,43.476410642053224
6.712093035723929,-0.8036205578115965,37.92709908917563
5.044165939721534,-3.961876760228348,29.384479516760557
3.0958490013348943,-13.116221358320905,38.935676101644944
6.254602394136722,-7.023603897699568,33.32482263801377
4.717404395903907,-11.012114648359116,39.56761182918849
5.891579934075745,-7.720955587664686,26.9797639783784
4.969267014665114,-5.811193333997826,23.16752300530736
4.774625383401663,-8.63768357967682,22.973054121864326
3.687632139820013,-12.728890177832218,15.412084648458324
4.408207751515327,11.137954165341988,33.71856562997175
3.2879587016787504,-11.404806239897212,18.165754085872344
3.3491318335328897,12.285462667240505,37.530613812943685
4.960776014049337,-10.065679904017054,27.514026972197204
3.441700028899588,-6.170471764717938,25.271602807540216
4.27008994133113,-1.5626204647205135,25.80986272541508
4.76300492448209,14.079788121348091,18.534343187490176
4.921513909419979,11.671843694408658,32.92814758674193
2.9337990251919814,-9.715348700954031,26.37458400894071
3.090291836156509,6.926926407077595,15.782344806375542
4.366024655135671,-10.731018522574281,27.53405173135947
4.611255307047639,-14.472272329177503,40.11525390614286
4.312826510029372,11.357395908799862,16.278636349313476
6.990655802067735,-0.08010477422679152,17.549512417229707
4.787494155208261,6.559039263695109,43.86389411913497
5.549924124860343,-9.968366270690513,31.291921808733065
6.5374774817483114,-6.875211303371708,27.911566655854713
3.3620212091299453,2.361103361151553,29.918271988546067
3.778039065365186,-9.313758364928873,16.92194005594358
6.353446559750256,-1.310934605179284,43.75009767126967
4.592933826715775,-5.953019954248262,15.821992279443544
4.334625392279241,-12.952288205821873,21.018732017619907
6.69631653531853,-9.834681071530811,16.181226561383728
6.689545557828015,13.585433617879023,21.221899155714357
6.280301872182458,-2.772100729270905,19.342181318276033
6.451392011375283,9.876970766339223,17.666654191662616
6.139237708342767,-3.486378029354775,26.360312173997205
4.9816349753337885,0.11463596810680166,34.91166734310508
5.166689212096693,-9.568323437494797,30.454511671042454
6.804009168938769,7.1957304210132165,15.523109845825461
3.9508359137201534,-4.689748552175381,32.76207041146367
3.0534674162721513,8.13956557983666,39.535618182246445
4.3079785360896885,12.031653003517167,19.088137323901897
3.670133003916477,2.082329730006048,15.552637744918977
6.104940484999405,1.4875601325475607,34.984752178176876
6.162506797929719,-9.88757794987582,25.160344772790914
3.088226674647356,-13.617114470250039,21.008206857312825
4.356551119557942,-9.49169517105799,33.96350800575992
3.5359772514658916,0.7530059866299457,34.3761915488592
6.439580967221586,-7.364671743546001,31.897985392884287
6.051028627772396,-11.274755682154456,30.37202160700093
2.653397652194634,-1.4798288536587147,42.19875629620461
3.066767641123731,0.40984593669245406,35.164370913546335
4.866475661647476,-8.590876972396014,22.511008226276356
6.19009821875113,4.866199459710586,34.07025376910148
6.553337354989421,-4.508520763222087,26.945442178204736
3.2066069487668063,-10.509327205207356,15.189768478834853
6.70713126339069,1.670552814977686,15.03537398450723
2.6859861788738026,-2.277306474842108,32.106941082244205
4.917724753554914,-9.785739572174554,39.01053890185564
6.345983962410493,0.4813718927799986,21.892046260691885
6.159383847368015,-5.957322040593503,24.416297708596396
6.324199708971772,13.805387830592192,24.154439136062912
4.652111415209207,9.84427696922073,37.223527518445096
4.617437846254323,10.673187783898499,16.15424066500565
3.8929122216728214,-4.590329404903331,30.99383666429661
5.813592520826845,4.164771902973747,26.316677048897674
5.336477599728008,2.951443794393228,37.939733977013354
2.9598718124024956,-6.437460408519151,39.380087740486246
3.4136144395545216,1.819858502799299,40.707050684294884
5.44317752029882,-6.821376689349416,27.115025939821233
2.8230002881846943,12.083598580167159,22.404478759137778
4.21588365601178,0.6375229860814748,23.463882465921458
6.978259316958205,14.92661226611429,15.154875352068476
4.683289872858025,4.798748021934049,44.96380130539091
2.676473383567833,-3.248011956987094,32.551060551725584
3.353864598002602,10.63467398141291,29.206731319170576
3.740954787466346,11.455688725397735,38.85765500675497
2.885078243403248,-9.915831525268075,19.56389560627251
4.297191959773496,9.449313634392094,37.03160583718768
6.154961101230022,-10.603379895007642,35.837428589758574
4.08192493303616,7.106270578320178,17.35556608765038
3.850729825327167,-13.540147848270845,33.75269992380295
5.4115572137969075,1.6339142569510017,15.743070625416976
3.6357305764568517,-2.8340132256035098,22.156112426487045
3.9047657016346027,8.304184646134207,41.991749303121736
4.537160694419197,-6.549970424287849,27.510317718324565
3.739311754823852,-0.6414595078219065,16.79717657329856
5.182213182627925,2.2062409896821507,29.177660361871418
3.1809090640534476,-10.697135372615923,18.513536459271066
3.906060237659351,-11.004256596516681,37.73416193097737
2.737402275660893,7.305965690467797,20.441064488941898
5.4166421454151,-12.668746654329441,39.15023323087643
4.247598716048115,7.585785312604951,44.82659824959835
4.283679762050187,-11.3532592301349,32.50642673841248
4.580942000389001,-2.558627005604336,36.43813959973251
5.519750932676324,6.6952508637338966,37.203014685713796
2.934795930230434,-3.7698774500770735,41.67011076913601
5.758301187829398,1.2589868649207254,29.59857279103482
6.73767916954162,8.58331080784557,24.926744160401245
6.0209971456168265,-8.562998378230928,34.274207754223916
4.952064947896252,-14.153663059469404,25.937458614902972
6.777177634840416,9.20620404249772,22.17520424860674
4.120930465203154,-3.1641900257514965,34.00930113618458
6.708653413988448,-1.9301696284865635,30.11459993768426
3.4379570063706204,-7.752077570755663,37.84701088400847
4.729356086788227,-4.739530005290309,27.420963383149733
6.450611472229273,-12.734473473646695,24.569208733856613
6.312165797693675,14.181289482239976,40.418193354327585
6.390471988880272,-4.0397711512360654,30.307183055429295
6.13046694058028,14.26266842960403,31.573798744258536
3.5089615023667937,-3.598516270241017,16.484259424829233
4.220396214028594,13.208474146515783,30.92906592724576
4.782312886683339,13.282516327619312,29.311851716679172
2.659281601616169,12.160491572710487,34.367601843370224
4.206897050713609,4.358185334033511,35.48553644177198
3.755248351933677,-14.841687902405381,29.79779281775897
6.86209843003583,1.9368176818275558,43.38066125952182
5.3414498892533215,3.8091568164996197,28.01845822180799
6.116023687367903,10.475937353870272,37.26794917669299
4.970863126596534,-5.138731047284633,31.1892615666202
5.136138270493015,-10.728640711737746,40.147393905068085
3.698307755360123,-10.018879738869604,39.42468039630473
2.688866506004478,-0.4697168898223474,32.22381523996178
5.633607720813274,6.6286970682682735,28.45222910639241
3.072433040453903,14.680379978813736,34.62027171851391
4.426615423497383,1.3866848367370181,28.78458098842883
3.9932214186144486,-7.945609654542878,24.785232227385713
3.3626485798922916,-2.7163505318284873,34.44702742932277
2.737907317350661,-7.6286108701035635,31.65487128339633
6.1924674868205045,-5.7425775037927895,34.31413649839338
6.042246250588928,-6.362912865691563,17.378169811288977
3.098754549429085,-12.235954670400936,21.799469621998902
5.9356595038634214,-10.75787789255083,20.652238127891685
6.38439556165649,5.421945060754631,25.26995510375423
4.51759886589067,13.957586450783992,33.275343743276224
4.065773887247243,-7.828842543141834,34.70294886753898
3.3850042567337857,-12.974376771442195,19.17133141468913
6.1518567680330545,5.756112752770434,42.751819363148215
5.146303591644504,9.336396864979957,28.896316797287408
5.026964545943457,-12.095007092943076,17.69536988152538
3.709834947284424,-13.412354829425594,24.773398439572297
6.668075370192854,7.0413488494362575,39.45093487753159
2.835036963075526,-0.49483637396686575,36.026743104462035
6.474332915504155,-0.6503259732514515,25.19031356243509
2.8092157988128683,9.480217715282631,38.51029661830967
3.109929181676093,0.37142367776507434,16.22405047113804
2.6228718516666603,4.176584784789423,33.64000654319439
3.8708618171617366,11.47191501985196,38.5303831419211
6.3583952490799955,-8.624068624910548,37.5086927800746
5.971946597969614,3.8822928912324173,15.561294961241472
5.932505209290496,11.659005322675725,26.667547790475354
6.339152780553404,2.5806687255108116,29.141576199515143
4.037570752614873,-2.8520665401412444,15.064819695466824
6.761816293100608,14.485225979408135,37.547704370062675
4.284120122900907,-8.115705708738219,36.73585393205544
3.717914862916643,10.22359105080745,43.940705093967296
5.598000011160975,5.291925631868715,19.551691719543733
3.3632466946273314,-1.1330345604881558,22.383931552778638
2.8048791385491714,2.76861491611972,36.654764799519235
6.000768783119568,12.988558851451284,27.164868647956244
3.7845312787119285,-11.488986918338231,16.2895792004905
6.19337611651434,2.1476262742434926,40.66077433639808
3.4400867852036483,-14.406015634030627,16.72307485142129
6.342004221264723,5.016600128338855,17.339742984819942
6.690069824191169,10.876629847275865,41.627488773971336
3.4512478118519194,0.2688189121155595,34.68029818291343
2.7409935619538723,-2.4457181709386813,35.09878550295133
4.683589465711803,4.661259434261275,32.282181528552776
5.8488946249064835,1.1755253526451632,15.75219866279765
4.25085320354459,-14.808873750549804,17.59287771701647
5.618779486808116,3.127027447199719,25.516674244501644
2.943728014897344,8.509032172769242,41.68934082549909
6.6116050950054674,-8.59764578466003,27.006346343488982
3.186650062465173,-8.473129005002827,36.6910151236552
4.436670886929373,-6.274012874789955,28.972198347049222
4.889523284416709,12.903651765550162,38.71236127796594
4.292614832974437,-9.09908036761821,29.52822918949699
5.621262006783791,4.030437691001886,38.203827702326365
3.0720833944736414,-1.0680517738311401,38.893667095040044
3.265054578373904,5.337132984051824,33.316031538723735
4.839252988873107,-13.239537108607148,39.58399240352411
4.118523273118,-8.055692531682865,44.78780265671853
6.347350006518102,-10.597620659250024,26.193654200604772
6.452702065180923,9.803625378622062,15.056945252630996
3.9128961088795613,-0.08861839275098582,35.08743556730073
4.328074582592235,7.081120161022074,32.15542729563366
4.300621844696421,-3.693245294575263,25.507025036652998
4.938864868448825,-10.470596642235872,44.522207057561836
5.275742651118913,-9.354417404086284,28.6779607488196
6.7596797026266024,13.456031500901243,34.06333711851849
4.761569539986805,10.025696349807966,22.696110733473702
4.858204748597707,-1.5756345469581472,32.43169886050993
6.268643321227681,5.657792004477319,24.872714562879583
3.0564278558107794,13.973853155397403,32.40708474854834
6.676137165823318,12.068987888246138,25.12108745916838
5.629717023863726,2.321568411766286,18.172134097950305
5.226570563428856,13.281463282083212,33.48764061110248
6.989395606121547,-1.8149145106589675,32.53563303526195
3.9731754040033436,-4.073535537099707,44.937036323827414
6.345403945553153,-1.1764708560729513,19.15587945202547
4.1151150196302,-9.158200064592005,17.16461942017904
5.126423308715806,-0.7299459378150974,44.880299709411766
6.431512539476602,-6.326937965150824,36.5621213665051
6.408956337168316,2.2962801330411686,17.1275655892964
4.696302724886861,2.336826043674268,28.658133371947358
6.105482794666859,2.3439329181097577,35.35081808926098
6.023436253883058,10.068623930116253,34.89069436436627
3.6181363343149515,13.566991079426373,20.621800556615145
5.3755644859404725,-4.934091336966256,17.902480382432497
5.6469776888532905,-6.694419783202761,32.80678782478643
3.989145288797083,-0.32342583419355186,40.70304947419025
4.853951418529296,-4.129563255907373,32.238544632367876
4.8331042649560825,-7.453497273765057,39.684020824322104
3.3530298740390485,7.103169923282845,26.86209442051679
5.12902330407324,11.413840497706339,21.715595076257955
6.374171934163405,4.632164154524666,23.825102488579233
3.180559783731364,-11.156268206764153,31.453314443547708
2.9408535687628845,2.1400734197187816,26.659783250410374
3.1999008013837167,-4.177402688340424,17.097647388449634
4.2436177344346975,-7.912552189157319,26.722063349215
4.790725238959315,-1.733014477768446,35.00499186281152
2.6241860359020253,-2.059904798368427,30.978463357077825
3.5979622683768975,-5.566346373994367,15.972383474677391
3.5995100329805703,-14.148945234847353,40.0931312353639
5.400223949415059,12.922818380287783,38.16572982555229
5.085786980290978,-12.813603918306892,32.36761379313457
6.025244641735531,-3.059673339473097,35.44582517972577
4.068291726283964,-14.499002787829454,15.301208817647042
5.093163284931121,-12.268735604914083,44.72568240571218
4.645322394506701,1.6513210200863178,17.542125742321012
3.6992995363907255,-5.7033453982686595,35.082510035789674
5.5991617457606795,-0.20196812720175394,22.771841507787073
6.084480524736479,-1.6160195817059844,21.02477997548271
4.299778385772314,2.4713923460179394,25.479643223326143
3.550734278679764,11.83562159896788,26.265180959979038
5.889998636062806,9.900770319395328,32.946326336578664
5.139573032740026,-11.445054212744235,35.73986859464366
4.934262153189362,-5.360059862894172,32.34637825976734
2.9536155067038963,12.890496011512912,21.806002975307432
5.111882089912733,-13.438103689853149,42.09917194846564
4.7548756262357745,4.885028331373409,24.439618872748998
4.637975807159495,-1.2767990564373424,36.785321872853665
4.2580756012857375,0.8461426519941142,38.96489486416478
2.892835964829703,-4.538875146631254,20.76646367030156
3.4844503748286724,12.609552337544958,28.074725277992716
3.6530168687816733,6.248237847690529,29.244601317551975
3.469432563201786,-14.341073829144491,35.25681838884968
6.657331192234522,9.454825154908452,16.55005236050122
3.1971305278278424,10.840904956569556,28.79645981844837
4.695737168465694,-2.8997403764509535,17.448621131474372
5.538299058939068,6.6870706089747785,19.35670958198603
4.138047328003606,6.348083132319239,39.06429792946405
3.8334536378432684,3.8344757226007395,22.720507644257335
2.7579010702807256,14.226323912160709,19.46412759464212
6.457175959397121,10.919600606244224,25.714717717467703
6.397004055000922,5.800236061597193,24.93008924932112
4.623966529460863,-13.29041569536108,25.70917514807317
2.9694180708965474,8.185053327370056,40.284742104204994
3.8862017871318013,-9.436800421014068,15.344906214293038
3.5771029148783247,-8.026820114584604,36.36514722260243
6.602730256035574,3.383692452091246,40.26773275450495
6.335471201407543,3.1541645060237933,23.361966329971104
6.996567795690006,1.2662454889197932,28.291496516836464
6.248043581394114,-11.166914130366656,44.585159958472055
4.39588289536501,-8.606178228855667,29.4604203486428
4.004925214203442,-12.116750855998777,24.170691438077824
3.376116262118169,-13.493319877101378,32.256294541973105
5.415097645672654,-13.982631855771302,34.87997713066106
5.410234532047287,-14.40102604921295,26.255640923682705
3.1657630499234983,-12.685632039039787,19.745588185217045
4.958076916093921,6.176644519115943,36.53846164798376
2.9315697906893714,-10.054583525768965,40.75749127559031
5.574439339386902,7.007013283559694,34.09581303833254
5.228235339028341,-4.5841767689012975,26.560680810104863
3.626474620298735,14.511540907518501,16.505003880117265
6.296611821131782,10.659608487974491,35.568520301214846
3.033001935299133,-0.23069971132429323,25.1226272104618
3.8798805401354626,9.61533245891128,25.924565864918556
6.075534851134934,-13.174674780916158,17.569250733892204
6.206347649534367,-10.52843296931282,23.51168168294484
2.6406947639072587,0.1910381990168819,16.262796469689437
4.803763556547762,11.896112434570838,41.7550330600655
3.6094327724841273,4.720435617800142,27.613571591458165
4.202978283449521,4.828947861414651,38.42543565490286
2.6317402877643774,-14.861850293872482,19.174922808303332
5.853774394736305,0.5795889923575128,43.516610664233625
5.933101146694651,-8.20196133363922,44.51232813945168
3.1776024310329354,-7.124538691161797,31.24974986084714
6.486927867030884,13.810076822960895,18.268445553460438
4.067018631641568,12.808490937653772,42.01895894642734
4.978487083723704,-5.124917664085089,36.415539361161215
6.80785399325887,4.639716446426366,26.372212482623574
5.729253520926056,14.156961810242539,15.991145323443495
5.140271365630783,-9.096202394090025,38.26617567916697
3.5124944444500437,-14.779873997119994,29.87248358305718
5.415989346432177,-3.6769717981326426,34.71867948583909
3.291093588517184,11.593695092416791,31.10257813553539
5.535830461473867,0.21434697403111969,23.45565867085864
6.363538430518323,5.463474866327569,44.89006721912802
5.777971722054193,10.733061306718653,33.76783244319353
3.9184031492303566,-10.52255653134932,16.581009487346467
5.1328622122807595,11.21067987460279,33.698197417348624
5.208260354759547,4.5175392330031805,20.496203238375756
3.376986822604381,-5.5537389870830385,18.14446271766803
5.277705115372482,-9.377174473245768,17.283515066586087
2.8129178563951798,-14.734284141597582,41.20724430391199
4.126170889439823,5.399854405471267,34.0125954208624
4.3010165111897765,14.04946104017894,23.615699597860257
5.186158905048204,-8.582865705705121,36.94464740216734
6.076147175428482,5.583762988311932,24.61406448760497
6.547601672375594,-3.466791703033829,23.900613042093454
4.770353113188221,-6.893500795306981,17.287326203176573
4.8924634356752605,-1.246992114014727,32.90517865985316
5.106448082882578,12.281578419749753,15.174289438605523
4.137335565694862,7.876787658242222,20.699682381497063
6.957566099356575,9.62689995082788,16.591741384733098
6.682644551035031,-6.167710489548432,19.280635936922025
3.997085760780466,-4.680199764154661,23.27114275722053
4.478441840933282,-8.13711520777925,26.796523477669073
3.6128175182021796,4.7960944311575915,18.92955127909505
6.008398097524298,-8.584043761065374,39.88162980527125
4.81461835444623,2.858036636671489,31.677245732440298
4.427632444107789,10.385727591169065,31.76692290317633
3.5105168634304422,-1.443880633627682,29.292719523940363
5.506782911727253,-10.605827857459246,24.285391233931065
4.795667826142616,-14.283354501044599,35.70642864553522
3.0605651457353322,14.256523052602141,20.946279235372202
6.069920396850506,6.750669093744634,18.790506701586093
3.129349074561474,-7.377618595140905,35.400988986295474
6.271564219014042,-8.077719037502519,25.735003719778717
5.018430653564781,5.978368830950519,28.94943012986531
3.1524841079539407,-7.765979431336051,19.695460993916026
2.7281994878281135,10.301631010501293,23.748736097261627
5.232603559452503,-12.431170347034152,27.594165512850537
3.45723640610311,-11.836582708332053,24.48207773436478
5.159725539823253,7.711876430830056,24.19252132979372
6.335910013560939,-14.306497597851328,43.11472880955594
6.931538248084954,12.226677219738335,41.76521571612005
5.653580536044179,11.580809196172424,34.51899026572919
5.709231763232374,-1.8004442099175133,44.87079446922765
2.6843767857176912,-4.561963982784212,35.277228894591076
3.668924296328629,13.656863076534108,17.751369514395794
4.815466061134023,-6.521348707185988,40.80302729770245
3.6487791301223313,9.640789037573821,33.537293736607666
2.9533865234554377,9.033371694453706,18.601799808593828
4.333750385372403,-5.252587649267111,18.410103789737548
4.687738646030656,-13.991169987406577,42.90029680588922
5.0352422036841595,9.650226486982334,39.83052811337391
2.625506286986584,0.32636698942265774,40.14104777943698
5.712479303073086,-4.6509945886790085,25.45975809116475
3.399625394346061,5.08245349480298,34.794945612973734
6.784512901897597,-0.8225964798040568,42.26234512834411
6.319974104770527,-1.4740570911453261,23.31747051196864
5.624671902378958,-3.0326444722067567,36.91706342464964
3.7578905718729114,-10.835974048543125,20.925763039315985
3.4278678956907926,1.0158058831102146,43.36016606137517
4.966516172106253,-1.8356082996327103,33.179351656485565
3.960908190525429,3.8496832691457072,19.28978751242068
6.172565040808343,-4.552863626869556,28.648618406528072
6.906005699249716,-5.9685432652432215,32.56771739080721
3.8776096294662494,-12.204854713544988,16.733026826856136
5.368160614439166,-5.094560085748,43.06308624631649
3.027837817721302,-11.198710060007446,31.278442927583235
4.852024619529274,-9.234659586482316,20.260009609901797
5.719640818335208,-0.34694427886980606,36.6145028267112
3.128386631618139,-5.253973901535092,24.57652101447274
5.399536436019714,14.76534808451363,26.053829959337232
4.7658688239119,5.945277073085908,23.888268179562026
2.9432224437814014,-1.3201897807020408,29.911083275566426
6.746317807988675,4.801162969467157,40.543454553006725
5.722328658781157,8.824065153788958,15.914892863759071
6.716501750617057,1.2300583993790113,16.508925431145997
3.425148145576298,-4.897552073592694,36.07139713675843
3.892062903792705,2.1766581899105333,16.970238481225174
5.19176573580693,-7.622134221032255,33.997745493762295
5.562452199277428,-9.631160411286936,44.49256215128099
3.149739651976157,0.2986744657311782,26.10366055881483
5.0236314855253,0.6598708166869507,26.598571682066506
5.835361752429515,-5.533618037874408,22.43143137607267
3.8188258594390696,-8.490943989639256,15.432704681513982
5.165355079876303,4.893749705546263,28.95282049223062
3.2904746601601627,-13.405643035111051,39.67340732954231
3.902769130212623,-8.208071765648178,37.53844323203203
2.6203548782364607,1.5825915815740217,42.58026268275425
6.1615104749076455,-10.802535876528978,23.735514783705217
3.8194118682119678,-1.5271683507426825,29.35294108503662
3.387938332065603,-11.873657749078092,20.232939226290945
3.0702218489436413,4.559674940561919,15.12379368589367
5.409159987565742,-8.321222876575586,31.29437469754616
3.565274018409193,2.088720978373253,26.52138641165823
5.67158791407842,5.213681477229162,37.66212993388335
6.854076521467854,-8.63406379111886,44.487556739492945
4.064581294470072,-0.2863500694607968,26.461640641233082
3.684603519363008,-0.34982875174372374,36.82854207083041
5.374099732517665,-2.367199344878003,33.45279387409259
4.820334469924115,3.359855624838623,40.11947685499257
5.919549482177388,-0.9788524155155436,26.453955189840133
4.890950233961287,11.500088010181038,32.39489552550583
5.501431847968238,-0.2784444281084273,16.78797931884037
2.9802538248422086,12.920835044686374,40.651145692206285
3.3137795026989245,-5.521872050898878,40.0289240510708
6.140387794009261,-6.035581576658757,16.752101546013947
2.997595092977093,-14.205323951243201,29.036163231209542
3.3690242310548983,-14.416444972965936,15.428568611770475
6.989934271631325,-13.230652717417776,41.61421216183272
4.657801585102524,1.9118633084641736,17.560952595730164
6.418361568537651,-6.181184505820591,29.255620608866067
4.932316073127634,-2.999509730146295,28.11823343787858
5.322710409126243,14.22780097409234,35.753485380424635
6.458874796314251,7.539349012576068,31.979860352753697
6.951120041910467,14.324767914322823,22.65915799872806
4.376785893347727,0.10842439549876204,40.550761757642896
4.114240373750894,-8.451640286124864,25.50794794951406
3.438416149794945,-14.147861351834251,37.81380857693914
2.7779872449766696,1.824899174194556,20.553526597781328
2.856404631539281,4.31917782011536,21.87455849528905
3.769366950052318,14.74412543508991,25.973712617015195
5.729137369739071,11.912690695928735,44.277997716401515
5.242885472567783,-8.442669972222916,42.5555494730241
3.3418635620588706,2.99012431671666,17.194806758097638
4.553741175519821,-2.9424733678495123,21.061590710615526
2.6796157979397623,-5.759055362245233,28.56647904232543
5.381706215589576,-3.886406220942831,16.835695434189592
6.264485218341414,0.2550083130692009,42.54254125363247
4.360761651002104,13.056902956558083,27.903985982978035
5.865970196308159,-2.6003899898636114,33.10841871662615
5.630676438748546,-3.3480485504069364,28.622822376447026
3.1548747580625904,-1.439690158163815,20.5248116870383
5.076182230735913,-14.866021655243943,33.487189004915535
4.59496342386892,13.443558465679295,16.63875940436077
3.894130937975185,-3.5430112261115774,21.20106143426953
4.450502022701818,-3.946539419248168,39.91104474232213
3.2134263100297167,-11.44362643379341,28.196084200644805
5.625372644080647,1.3314762519082386,40.297947606053775
3.8868827612381023,1.3148626582992868,42.51921361276067
3.7871140819398947,-4.346074675464733,41.182691581526996
6.12447385356309,4.111342086773789,16.94142122123425
5.854788166417474,-10.762195683555692,32.62890815577209
3.832444133475944,-9.434212520169355,29.63036454868989
2.858065861933272,3.6790079232871484,24.796382354374753
4.786432892162244,13.70617899175749,32.952235927332524
3.3696926563623224,9.270753361995325,22.986432415001453
6.546330421808747,-8.914714802357727,40.53560831311499
6.32833050849378,-3.2552503140889826,22.466247362657484
2.913355299429969,-9.346070499782902,23.923662409438283
4.959435486040464,1.5616297220575284,31.299334404727038
2.7344756488497035,12.586198826718451,33.62212539876043
6.89311847612729,-1.5549631483382527,17.880912654644945
3.7227266192889745,4.299828717253632,31.242994144717308
5.499315332332698,4.467171050543325,18.900230835182015
3.0160967651262798,0.11877176955909441,31.282085775893314
4.266228106175577,7.116347457725315,31.62551020943777
3.1232345821386893,4.922979111848679,40.920940471708874
3.9656664494441154,13.468507440636738,29.02111438126869
6.692312049607621,-8.680006553761746,22.506671955886617
5.0671300203118586,8.054747267370843,35.250484442997134
6.7910082944997,9.834493417398733,36.582084979637585
4.021125691130685,7.100737446109729,31.076969327176585
3.229164096314155,-4.981411926659318,16.539018158203596
2.6550781486150683,-14.035438494230421,31.628555510186434
3.055369573920828,-12.421534134931779,43.467210305276055
4.233574045485516,-12.262946032117075,26.79095624436497
3.7777474560757174,0.4423078203870947,36.74124343241388
5.096645884418917,-4.064249799132927,31.521801188639987
3.692612210816228,-11.840738991006404,40.00899821196511
6.793870223441349,14.520719254661365,27.29586240841271
4.822257522021725,-10.312235421199205,36.83270305462723
3.7909591094963613,4.787824627606053,26.386774859679825
3.639932535197203,-0.45500266897773045,32.171910011380966
6.556345025977848,0.9166288854075955,18.809298162024113
6.742261201549048,-5.40612951443407,37.708868767061006
4.34194618351353,-12.38616200471682,27.848636611009404
4.727752355394049,-1.2324227229839408,32.58099002627458
4.074332387856142,11.920248515884616,20.724663798186654
5.711941793393656,9.474257949610266,17.484569315517657
6.566888050350089,7.097009708289505,30.850812394637085
4.905766037401778,10.944678828849803,25.685874134137684
5.864281356999873,14.406691403166153,18.58506757749796
4.069582583206134,9.682821738124264,19.96504043666337
5.239045199710134,-3.5492464912773745,26.583095987840075
6.303905191400735,13.15734862217635,21.125147853167398
4.061171995680732,8.823603903344452,18.711507694296582
4.823507881966561,13.577455133121006,27.31239859685456
4.5462007009764385,-6.115259942313012,30.846276343740747
3.6382710635233044,-14.733441703086562,19.877620441935914
3.921623526220136,1.0841176576392648,43.090529295981256
2.644477185734403,13.29260752556733,32.608838184148965
4.211555061415945,-3.1076148364393177,43.84786437820905
4.53751129256681,13.867582490293636,39.861060158113546
3.3460947032290282,-6.251570692774527,38.724521629597746
3.3061353262173756,-12.841030144211388,26.041688421038593
5.323500049517728,3.9528344738913184,36.874491623363895
6.671525165024346,11.406342861030911,19.91309857777252
3.279816102063771,1.5185051875317477,17.70386855867624
4.163251010567638,11.35377376500907,34.946962156476374
4.9737317050950764,4.522643731675991,21.687474077299814
2.7254427179488077,11.195219102764142,27.54683899567372
5.779185148021607,-9.70852935340876,25.57168925983719
3.860844118696976,-8.133266646158074,37.41173730698394
4.4557243403370626,10.042486014369388,28.368166694606863
4.870323824449767,13.495435217912483,43.90795389470355
4.079284107439862,13.692139428018244,16.077796659872554
5.805229542207375,-14.74595784929181,22.38050857849537
5.114566103749576,8.698430731520489,17.15818862922448
4.744374969036315,5.820832123207897,44.28047082336326
6.817523863443125,9.150056467431206,35.62894540128468
6.074176616455439,11.719033033912947,22.311492857564023
2.774100187955572,10.698407696983786,17.857555211683767
4.246729444242675,-11.078731836068037,31.866398832978494
3.2915511325236233,1.7559274202678168,34.60024781605664
5.445054453887746,1.4684765172735688,38.80348027981381
4.646098065477,-8.15455147992805,44.119488521164634
6.2627063128591605,-8.41764959575746,29.715448305389543
3.958952205853893,10.000534393585792,25.038812754411595
2.991472613524286,-1.3188206000857203,22.66704687176603
6.667618240441927,-13.105634420284776,15.205572233068962
5.010458905994884,-10.24642719954521,38.03212987020481
3.0996089092181496,0.46525701303876055,26.21894582461816
5.5267852045663215,-3.618675293830332,42.22396132139943
6.439253562150958,13.015617249941315,42.1161227735125
6.346408763127589,6.994052503248675,20.272451993029897
3.7655257773329973,-6.546731121253057,41.089796807321925
3.802258638296167,-4.4397502387578065,42.6208281958941
5.192243777627391,7.778794675920697,40.804589082376154
3.8172716548808525,7.64763353442401,29.67336627857204
5.757792715542896,13.45214494677877,32.684411767909644
6.467734042563369,-5.330056931019101,22.636054700600194
2.6297317681494987,14.673576480905773,33.522121987491545
5.935041832051299,-0.6752799166040742,28.681584937189704
3.3032429001093906,-10.406222332379265,44.47431894322264
5.2114583513629755,11.337147263206525,39.31308784035461
4.488826120367146,-11.114094677293181,36.64314076621562
4.6780921814314365,-6.497339689230305,39.32193731414938
6.844625943180794,11.488620277527236,38.195972506536755
6.202192602716367,10.296279665436124,17.697672885765897
5.16512437517298,0.3704183464370647,30.814316776591994
6.255127405950345,-12.09901043185224,44.626671103254566
4.1974331954776645,-10.826316890567348,30.23330343338483
3.322727291166408,13.244666802503353,35.4911508617419
5.470052483621126,-9.908586809418555,19.61279187567876
3.8439854507081286,13.93783325568008,36.05004301222654
6.116366437836957,1.9901264388555937,17.648684993161236
6.957864002013494,12.072783699184189,26.61801796307593
6.579654699068018,10.244993321349327,29.154243836978033
3.7701531117371485,-6.439780065203104,35.68784962016816
4.5144788341483135,-0.606282640344352,29.471108824793333
3.349605369689229,-6.067418468428903,39.0526376728388
5.262006656574558,-3.07633147347336,15.894960705422058
4.320290258901231,8.328458352372689,28.361463414303294
6.824775080955808,-3.1293114693366864,30.006134882521152
2.854509112666931,7.950936078150651,18.373895382289835
4.389830138192778,-9.606872908553148,22.484401704075985
5.8905894545380875,8.121900351739683,17.70993498569124
5.646284586633827,-9.951196510059198,36.24956082302343
2.7830613866873173,-8.984155733437817,44.48340845379698
3.550159815160926,0.8829239431171079,27.833163614886004
6.2529250282112585,-1.0627083771694235,15.444023200096554
4.3487559681422105,-3.52405794795388,37.59019072635962
4.101741473651142,-6.7853256146101195,33.90622487036737
3.1262577306109742,-3.27231994267496,27.057102268859147
4.423867177369003,-4.281929877079925,27.703289691695133
6.954725116838178,-1.1306561626952938,31.5027020510812
4.552065835793497,-7.109758293345586,22.32645387484014
3.046558581520219,10.90452945512651,16.306032641489423
4.115781985451303,4.792223886617943,22.19823001836992
6.092550538351321,11.889465409189686,20.88539914847304
5.375869855650105,12.029517141405915,38.398047684438836
2.94908145804346,-12.869714796907962,22.99833175694012
6.05174640272017,-8.500742078896748,31.58408266967841
5.001719806295712,2.713683188076171,41.36990368576346
6.588506122091116,8.39655133255495,39.948934706895585
3.191332157218908,14.68526581777532,32.57586182175612
6.119066531917827,-2.1252841069554425,34.577983697146095
6.221248872770417,12.79609875564362,43.19177840000637
5.688532700953777,3.9444010254435717,43.32359880894914
5.574309538378252,10.96494344167796,44.099760694827474
4.944335108841486,0.9092425824520092,16.653985327263864
6.533011025217412,10.6274623356774,21.465343505933497
3.247397171971013,13.83561945392108,28.70881467112056
4.499483538384669,-4.773174101231563,30.61017276707682
6.202753186850895,8.31833255767583,16.38344332461905
3.487441428358478,7.286605724596541,34.170188398497416
4.838019577481954,-7.683770964147607,42.12052536416972
4.556218989212922,-4.234425467897431,36.696925657163874
3.3454807836794935,10.097595995175393,24.766891758768494
6.5355015535424315,9.781124539130708,25.03408349813438
2.801232209736942,11.548334732359788,25.441841761973087
4.364407882883545,-12.642398399605767,44.708449266678876
2.9080303251014366,7.557393129520381,30.756670473948677
3.5840794235201394,6.0293502708363285,42.2728099442037
6.6485912648611745,-2.1599081228911245,36.496929999106996
5.973488371051804,8.388658604284341,44.16514294109287
4.620325712919339,2.784620519369817,17.020244415240644
6.164409081582485,5.309824917051014,42.79856422742114
6.736241405860315,0.357639622359752,17.464451687604043
6.838075064471397,-14.737619118428658,37.835620383522524
3.0449314971158876,7.198750101276474,31.9018059276117
6.141356771642995,1.464389721667363,30.818828386620996
3.5167747855409908,1.2432670073377494,34.351578231777225
3.0178984763993646,13.522288271005998,34.37879999012632
5.926037874035146,-10.870767129943204,39.59730889745728
4.012406421797792,12.850785698854843,41.977010753133015
3.204888507663167,-9.327227452777816,26.411852668745425
3.542206216677545,-0.8511151819223368,21.945382011153463
2.692300446477995,-6.041249447091898,17.402394492736878
6.021948087369678,-12.176054469655753,36.49153422733286
5.871298236085337,7.282857365663013,31.481198364716693
4.588390016992814,-1.0093089524679666,16.3347920052314
4.341682708308493,5.53380028238616,38.94299172360971
4.438560289501536,-14.928722262867012,37.624704993136895
4.105008635829979,-1.1147616830739757,34.838570297061786
6.39080774235452,-11.346484476860745,31.108812391428867
5.387215864150953,11.56068552641609,21.139313415643215
4.357713122841036,12.629024542381579,42.87333797444715
6.02779001756068,6.296299733221289,26.473569539122074
3.957247609412425,0.33538688677357165,43.233095105166456
4.570238497550889,-10.160032965715427,23.022607641064937
4.139698400187504,-5.568922608326353,39.54002501443293
4.330318433989083,4.946976944984748,43.179304612666655
6.64416793957812,11.468916036002273,32.36485835081053
6.386059351507512,3.1351870771119295,32.657246696376
4.2517987776575445,-0.37499789395408456,22.529288204664635
5.569666395940388,-10.879623128509067,21.373249168417026
6.239752298285258,-1.3810817401860689,25.341056259133214
6.526954536169383,12.358465606286991,20.24226652617481
3.2638164859941634,11.804893822962203,19.708667373137963
4.133826354147216,7.989877917484137,34.968581895094005
3.8907046056135877,1.3489290151415716,17.125998308505878
5.898435809267108,8.573752313365418,33.78510975245776
4.833907591455118,-1.8489272597304094,38.154658114103405
4.335256672403288,6.1611785160393495,22.470700473652045
3.882857258027624,-6.117544197255473,16.059870543568767
5.610254842616651,12.45187216000311,38.89013207881332
3.322082825422168,12.436893266948907,42.7818464304708
2.9883659433393053,-10.079142476468446,28.369434919714372
4.689031871822118,8.23560413528346,36.2398298622864
5.42205720957946,7.88052800446518,35.65870052458566
4.785494143397363,-5.088619752788393,34.261904655702224
5.635489938668684,-7.74067768512307,44.48102139598734
4.760332459685188,-14.347373182630166,29.21264663334052
5.928843253228457,-14.336748040041728,39.42262343646596
4.751288842913809,3.768456398458195,27.99730851202231
6.9440664780377945,-10.360111384041065,16.190397216834615
2.66736935596378,13.07454127325142,25.140385283196345
6.200235351942016,4.984539146344908,44.555784516499756
2.841453493335038,13.53058731512198,18.01044636895792
3.616855399062506,-8.831980861852497,37.70571387386824
6.461361976112384,-0.8417882612421987,35.946515697880564
4.230301355492998,-14.488411780123192,30.089608438198916
6.894120228108297,1.108128635525084,33.97031026214263
5.073206142506646,13.407928519271174,32.66573878936531
3.743153167635042,8.23283462330923,19.286212069991194
6.038619954351214,-7.550686274605463,29.32434284804083
6.58212028109247,12.460217455638325,20.43492325355671
6.839520194862167,-7.077588913657193,15.889092236959142
3.9623208546469515,-1.2275885672340667,32.19386389319358
4.711770950818364,-8.542459037017245,18.4367181479233
4.949960265828114,-8.904267616532355,30.359310771384408
2.806143991326291,-7.993078763602886,32.40930144692119
4.964722246036507,6.111668818960958,39.26241306458378
5.626395736986684,-11.18312382204266,25.954312860550885
3.1410339797705333,8.435189411600419,33.44450823979021
5.544945711212227,13.721087500434699,38.51792864678683
4.230967460109173,14.128789789368867,21.29853151016607
2.810098747169483,10.762999446064494,29.710589226704137
2.6562143949274666,10.75062974337487,44.1117997745648
6.956954663563464,3.2048772456783645,38.18666179968914
3.39208048962832,-5.90295589323587,43.160570887987475
5.916110781204017,-6.375077471077299,24.388048295221978
5.344462766397992,9.929988594748743,26.694297825206068
5.889476510388183,14.160671517226902,31.142128160730447
3.4765448322405508,-0.009337429820474696,28.267497069427204
4.255597305941908,12.024946655624912,32.86180727940864
6.9366429120148485,10.671990324722781,21.836573043808222
6.252590827789323,1.7606902063939494,26.051175980745537
5.201798201949415,9.36856249502025,18.139609066140086
4.873852025202377,-3.6641298695439755,42.90904822218566
6.35479074619125,8.518635838817413,19.59939579963454
4.872709330598797,-9.53059486750459,18.401563195037593
5.212408881391674,-1.827156155654274,42.78440288998736
4.312171294829416,5.936347465382788,26.737159379752505
6.6429457454554,7.003835990291929,25.872322590104808
5.706260041897661,2.664365413973627,29.599678975145746
6.929423271933451,1.1871154211469275,34.884653102238374
4.915107216175408,9.955444182726108,25.80562912116322
4.637084408842917,6.320110515938989,33.95259615591146
3.1299375166757244,-11.145752081714239,41.54876782838676
3.2316851106728723,9.553614500224374,28.549056947690573
4.030763757885339,8.69394282921132,35.52001989132692
6.7677367571545375,12.46873846956695,23.918218976126475
5.1805669013250295,-0.38657391299737753,17.616568648232676
3.0685632596524206,-1.3156799595033828,37.31784828630942
6.188144729390494,9.576548038929161,38.427058886972176
5.771620019061326,-5.861624499129331,21.076944695773367
6.9997604296164555,-9.168419995104358,37.28777369821438
6.3293198129980865,2.8375795011967604,31.45956984067408
5.949962388863886,4.584637036358902,31.781136119285488
5.065273549146479,3.5392904135379126,43.36742615683602
6.6339181139491945,0.09542548662754768,23.20359204908881
5.6908833428125085,-14.804342239400416,27.62423699128299
3.312172864846546,-2.5785633996678463,26.64728997516551
3.8117222186125614,6.080463297114548,24.70314409303602
3.6603193802491303,7.444722124585695,16.908789611475644
3.07975844120573,-1.4900636001477903,27.331119375663278
2.8210801471517644,7.687172470198135,22.205441351423367
3.3160971635751446,-5.8236401700447775,40.19607970958127
5.448732322639518,-14.477730164050211,27.454765325563365
6.741506595254314,-13.145675338006924,40.64910452089677
2.7660213638610758,11.335076972595811,31.149109405388508
3.051735377582094,0.2749911330898698,36.6833442682139
3.76813417978381,-13.925207661339613,26.078804699261077
5.862048073508138,12.952495410563209,31.641790364374177
6.308190232910105,3.1400590489381415,25.634817547342383
4.441845738733489,2.4549400598811815,19.570088905294657
6.069254848248011,-8.43825378531276,19.33497173819305
4.028269842361196,-0.8313786963427106,15.804296527920823
3.5029748390451703,10.503096301285932,40.87004437525965
2.853199774819111,-13.602880402026418,42.02712499931652
2.7174046176923206,-12.367349177039937,44.11535655044182
6.120568783262787,7.028920914487621,37.88674059889013
3.5762805127475947,-3.7045600329975557,35.793617057261294
6.32804732292869,9.44060501622899,19.489245458214675
2.714922198471707,-13.725053043735581,29.73829266630063
3.4611729669172204,1.6981218373005333,39.689733508394795
4.713941460591442,-4.393698377057202,17.568098828916284
4.017367418289,-2.946245830197867,20.0004775668749
6.6537358998807665,9.432835195271487,15.932085532549264
6.033571565961898,-2.7925695302837656,40.97053346410934
4.62543391637888,13.448535056842125,40.53363278390154
5.021167955188215,10.15026771418389,21.96604900473826
6.1152789430418855,-9.85005033794689,40.95964281723259
6.184285756291134,-10.61402753655684,36.56582884256347
4.1558651759451495,7.405092919940191,35.978540481949445
6.458308218829421,-3.580378603832571,21.00197408765058
6.36577210536436,11.711081135751783,26.607100497585378
4.435065004079812,-11.623618748303688,28.21713225931276
5.874925612670927,8.446823800219512,34.94019804760167
4.864710500074876,-12.446664446299547,33.4400898626744
4.593966082458975,-6.476925591663312,41.720778695411994
2.8587896508648876,14.64454233438396,43.47332663797195
2.6728172945197697,2.93485764901364,20.280694964013517
3.2125887086007134,-1.8094669830149748,27.036821751958108
4.10127180726492,5.265837794059543,16.98440183746961
6.3101964250468345,3.2813827113632037,25.522376641709315
4.186529546066315,10.098803316568993,31.33324320839509
6.532494107505277,-12.460735595833853,34.07659542988091
6.631844405406067,0.6927741882782819,40.736811630686056
5.9808317441285315,-9.543936064027813,18.769639167317724
5.420357555591423,-9.298257465192684,36.978791393307205
5.801031428021603,1.1719158040359794,16.025633110058177
6.6135059635941875,1.2557113563765832,28.718856140903185
4.497832533833967,-2.2160428462379365,37.237604444751824
5.703275652772527,-2.9283978010386473,36.53098235510997
6.382384959855301,12.707685076594444,17.545165923410316
2.6800087303702713,11.291275665311517,31.694160384599105
4.0277388545808055,9.723005108296285,29.070761670519857
6.056135846523905,-8.86987579467575,44.512731853156254
6.852200769973907,-13.099142973712375,37.97831025410786
5.875662548463099,-5.98848380606927,24.62719904360329
3.477109987092898,-3.870890863901403,15.347471090654702
4.135298491718551,-3.974779602395772,22.34094756669148
5.61161880804733,-0.05361496965791268,44.86425889383812
6.110925027065595,-13.107257987687388,26.717584394811226
4.602310761168304,-5.350138496650242,22.46070670518015
5.480209536011637,11.114637108876607,34.934849192814085
4.937063142091807,9.542690522188671,16.204363563628004
5.509426902197078,-14.044789512870052,22.9213994051961
4.048221194832044,-8.1404990771129,32.81852241970843
3.3179611872582355,5.425146397733563,26.331457795163942
6.930203815273689,-3.4575413535305675,44.59852892115117
5.944734418316127,9.376089960531438,33.8007219703846
5.9504940008486376,-7.644657673142679,30.968724386833543
5.660639369506579,8.703408292051446,18.671484289521636
5.952910571820415,9.436452504115739,23.080794080053995
6.739466937537629,-3.065692704022087,21.93570419668349
5.893528459403992,-13.25704544719846,37.16391155291879
4.014531277340506,5.32086362510044,38.057861429902545
3.792833165487119,14.934317134167149,23.38706233712012
4.031152255606323,7.275534462721925,20.009367713213834
6.896320969520608,-3.5687038751827718,16.361892698006763
2.9053848670401976,7.488293680004414,41.57481966481593
3.370515016477239,5.763381715243405,20.26738543402459
3.3957828036711613,1.7064031965931115,33.294441129144175
6.723030701866496,-10.44331376972832,26.40781553614633
3.479885500556982,-3.1803454176736885,41.257954161456205
5.10224496074429,11.63583742192396,21.171865024868747
6.887123701310756,-8.200173835766124,36.28145128029425
2.8757074575471777,-5.827407691906071,17.36691377936208
6.169388232319255,-10.54191289691564,36.04190478470894
5.4742195408747545,-2.6420393042374197,34.13841645465118
4.3111271557142885,11.434496750787218,40.99349325442028
4.553957756226516,0.6242529083931565,40.46816371011193
5.0943529785263735,-7.585555940335428,37.65457348653524
6.7314105867754215,2.743087995635861,34.45952798892939
6.373186211581785,-9.135254652754263,19.00385755844464
6.49130938849464,-4.107398620825412,29.00592210010239
6.287813324964743,2.874141915617102,16.44828625808019
5.576008632093216,-2.6309205179073416,30.625085581818812
6.7080772448358665,-2.6605689084908715,26.063990976427778
4.210619529137055,9.084549213705,15.303935357716526
2.6898485104371166,-3.916936231107382,44.79090488346834
2.818329937702794,-8.746919150265148,17.80224139073998
6.755591140250629,11.239423623676668,43.786765761157596
6.963634915697325,-12.890377872676627,24.1056320805743
5.3990744395929795,-6.05100087646947,35.5018412593148
6.40635483748121,3.418729267035303,30.984378064730283
3.896563136661428,14.013340429526284,21.434855688277153
3.046268495239815,-7.060667154999779,26.805507475303248
3.64614049023536,6.170226783361517,23.413879926151054
6.36612873666709,-6.203123531862534,39.34343345617907
3.2168142382259086,13.044225884663337,18.668190988382413
3.60911106542938,10.809669885393365,37.57890752549314
6.150423319195197,-2.1063767866495517,37.15561793307951
4.2782877669564945,14.999921173840285,26.969102515077836
5.291483539703144,-2.496596352517514,20.413199996119296
5.237081452860892,-12.021307256120743,16.009561250543403
3.6545927604483346,-8.311904971603505,15.691427929270933
5.8251070989896,6.466635528779598,32.69289462129278
2.71966273920891,11.826830190327478,43.16299618607753
3.5646337885263404,13.411255877666882,44.298365128076185
3.7281056782424136,7.7202827847185596,36.1059933853294
5.115688716847571,-9.934003828901755,29.52092533849605
3.207428064362361,-2.7109284809252046,38.252839407968
3.9930787511305628,-7.80148356627663,24.471529214472508
5.511408941824703,1.1342205588871614,24.551125123231103
4.239032646642468,-6.234066679943616,39.31582406573322
5.097824502003123,-0.1968118311266629,36.233106119008866
6.997241779400736,14.91654841831318,43.610450405455396
5.301234412124745,14.244216216052013,37.946087611083016
4.011099212210982,-6.308777227130362,24.860129792510946
4.409397792804158,-14.605263382724258,21.77443787165492
5.613958635478552,-10.088764831849524,30.95454248800496
3.360938090478792,-12.923932189778151,30.842149054089592
4.464788601760861,-7.496758083806172,42.7013312662639
2.7734407666780294,6.681459616113788,32.6107036784455
6.058407758463854,9.372052691370648,29.785312705115654
3.5598244073425467,-8.619178955602795,31.753123995130164
2.9306681441856206,8.588774191411012,23.912669178137662
3.573015396839505,-8.40928489093377,17.407423513846652
3.721401045444434,-0.9142753751894119,20.05227082805819
5.695643641982563,-0.3173323665158563,25.258073734237904
5.962555025317068,9.858953949124292,33.31010704332688
3.0632722967359696,-12.645522082962135,41.886931215515716
3.491046308532571,2.514335127938974,43.75715871174795
3.0765320689831634,-10.086398477530562,44.91559994584977
3.2305377811159612,-2.0280833721284957,34.79187694613692
5.412399901072989,9.843559175700968,44.29476112632627
6.811835171967962,-4.2115313472126275,26.12888075263625
5.3129050217432034,5.651803461668447,26.23951302436999
4.5545925691302545,-8.429047868291391,24.944396124169902
6.419494370657179,1.529099034177822,25.905877760767172
6.809612409142249,-7.007383570734932,36.77549919311653
6.939490146413598,9.351554936079822,31.04050252640482
5.698409760624524,13.895052908144457,19.634331251052103
3.743986099468949,-1.8889113441888092,18.83008156924546
3.0260078270766204,9.839883087592423,26.013652512878075
3.967333666052109,8.879088037387223,41.902656868147716
5.280413620368027,13.316713841649381,23.685965495301524
5.308694306458071,-6.004915642509449,16.669699254097456
4.355468184183501,8.892066472561005,16.27483436550738
4.849846739682597,2.8442443864991276,41.02012367756501
4.433334604055929,-12.128749829664393,43.25695334127767
5.467789902952292,0.7093018281457688,23.7280865896375
6.861683677638514,-9.979343406507422,29.711611019168856
6.914883546329942,-12.039514473967444,32.06354337252925
6.543688834325211,0.22903068523020842,42.01448155265123
4.826711555150274,-10.683514776438223,30.46520605020831
6.765237941522639,13.349583999779778,18.995497839352847
6.150216490996638,12.099915096963638,28.199418102424268
4.599983074652778,-8.029524664380608,39.55066508476584
5.509059696341721,-10.23835500167215,23.250292508701182
5.0969742551009825,4.205606128062513,25.365836128871003
2.9167722830243092,10.395220671606957,29.471900252279674
4.483771901922325,3.701346936427342,23.657963133114215
2.6753465504318528,13.190265699387318,20.54166794166792
5.292352903611892,10.78054771747134,36.292460426137495
4.047701545474718,11.3870729348444,17.661347040559914
5.551525395981557,3.633998007550467,28.47950327129442
3.5750114274658458,11.160563225926161,35.48728728619049
5.052743870759946,-14.64232343379845,36.63384351616231
6.031613023851596,13.679734716410696,32.12542005461326
3.020262262816243,2.190200572041398,41.815509903451286
6.142468259073748,-0.544553136505801,31.930329140856763
6.45987806738504,5.526067450516219,31.620590302299913
6.777873657553642,-8.391097081955321,30.723172799347687
4.205760166934043,2.4989503496113166,20.416245556750305
4.157283356686042,11.556990995544165,25.03632752985952
3.8669671443190516,13.639467285873323,21.2028977651318
5.181256884482128,8.496947445082213,19.030973530083955
5.963085858495877,7.473738326219461,24.311590065856066
4.973617982116851,0.5935674537547939,20.252438025161148
2.8082866614263913,0.4322498173691933,21.666107345509033
6.103983376396821,-13.80731922305365,19.750444599768528
6.4043349584197555,14.727243604919241,30.340222110224133
4.257474961349099,-9.946119834236484,23.96061966076964
2.7499502584518756,3.364543092566315,39.013799958387565
6.196591148296706,11.980108105077996,16.198970313810094
4.93440192332498,-10.586187054176255,27.65091912266003
3.160732497523579,-6.984579221646694,37.39692636966838
4.585917991190943,-0.3604627411944641,41.50983445934074
4.9095040324742945,13.675768304739961,42.807910478659565
3.4868236610757712,-2.3717748054948693,15.265034534085896
3.5517430721243977,-2.891686585209438,37.29833652181458
4.526085788580464,-2.5239771886221902,35.9829833458745
4.897273912817495,7.838181558604916,21.454928613666443
4.392970182540211,3.753570175835222,29.6468723777229
5.5633482560851055,2.37646973840344,35.82514970525685
5.256089565884401,1.2232301208466296,36.90475774447091
6.617455573112533,6.156498020196313,18.34968877351125
3.7345765198220273,13.31126815889887,42.843603515191546
6.546975528446662,-6.095749360021323,31.43741391221024
5.029144238293375,6.413003792019097,33.723657594562255
3.91757260872968,-13.445506717239281,39.76044859604454
4.032826352748922,-5.054747331022375,29.66420477062931
4.49044996893694,9.421081539282024,28.815811033781955
3.1518764874995764,-8.695110734981625,20.395523589782265
4.5608609127447375,-5.535839019519782,23.612265422158888
5.600211658825712,6.203047847780379,30.284014495796672
4.225175708838322,2.036678287427513,35.13167266861382
5.482467368038181,8.355142809220084,18.46597797671035
3.450476598989542,-2.1622542967911134,42.85088734871883
5.6832739169435325,2.1893921845842463,30.744141962684555
5.405368344997006,12.390207628842656,17.644080943766216
4.254998818856299,14.490162162692396,22.730505309926546
5.94847850932388,7.545965608677658,34.684305203973636
4.254038236196904,-7.552844980272681,26.664719518234236
5.980435924855378,10.938028072218248,34.32613092377997
4.041407397434087,-8.532330680816532,24.810558411622207
5.613584457363219,-12.239544144599567,41.79811788486187
6.427005503835931,-5.7087293369030885,16.07147181220827
4.882471750136599,4.227987753528328,17.95371933693384
5.558607923859928,-12.209903421219424,18.162287683247904
5.270014787707834,9.869976668634337,30.04866778584409
4.61969326294299,5.160320462094312,41.697587162156836
6.488739552127836,1.2135210428753709,37.71746135147514
6.00203834885019,11.401127215305891,24.204122872080895
6.114251457531398,-3.043236958163911,42.52379921075785
4.699954759536995,14.391610659161483,27.432107974775114
6.634710744732485,-6.757681462672133,40.017425672032054
6.739253521238934,8.178392118399639,39.75675203753218
4.675058932143681,6.817723568188278,33.62377776834113
4.624795104300182,-2.509582648601313,33.76117773026209
4.415846712959038,12.27314152414447,16.99356828176822
4.448672585446563,14.902879097528423,28.245754691522617
6.527835486724694,-10.70828120706085,31.38637123248719
6.882977557797993,-7.092334342188753,42.96400342116071
3.342179741465665,-5.694446846429923,31.482594390256793
4.924424460962112,1.0293958546405086,27.925313891783176
3.036227936299662,-8.665869087586419,38.048392763095706
3.6256434648326756,10.68127601153844,32.32437924700278
6.215558087864505,6.187634955130161,35.18684524193529
5.874558200668657,7.631601645497977,35.935553955660204
5.226007584488264,-6.636745503806244,37.975659343948806
6.36868380175206,12.388900803290706,28.301118907041175
3.1761792210979944,-3.7891437631889637,25.08699423254746
6.449528534981863,6.938423525194992,43.799438611464595
3.256378270031155,2.6868357818751676,40.170524101531896
3.5391142855059483,-3.154414611487942,30.708579460408366
4.1748057588710665,-14.447177124533429,17.619635922123823
3.4237635950141434,2.2142288874248415,30.38358028027187
2.827628032726924,-1.7599147379324833,27.047465074641735
2.749557924925058,-11.215590950444843,35.24167229334535
6.584727060978947,-4.938763016286684,24.320918542140415
4.238552953217003,-14.36787898463087,41.89847968631156
3.7469356274798624,0.26265550934220094,19.559824848371306
5.928512193480177,9.425064390663287,32.83500624756763
4.249643593010266,4.4548467481689045,16.769248446451645
6.675024529887138,11.346035460026336,24.710636993888293
5.210118157112959,4.869004212887958,26.009712925549852
5.35673516302371,-12.200924545403751,39.305686423628686
3.8525968300053215,-12.398501855872363,40.317005277496065
5.522110823593033,7.14590491503391,18.839009125608044
5.799222345217652,1.8531849254962118,41.48298082763911
5.1382624947219275,6.601174784380731,26.725794993930315
3.148685632963746,7.478594937211181,22.351849783092916
2.970449658660156,-5.13719550251631,43.89252805985254
2.867604854506711,9.314210601099546,35.66158855955985
3.202149588210463,7.062005503320371,44.38849994167006
5.560556243882695,0.9694670083155295,16.681353983150945
3.5020351457252508,0.16372952469179225,43.4526800308225
6.867537708926712,6.478726986444336,23.591096504046927
5.581161203261381,3.3252872520941317,25.2452748480518
6.198992591806912,10.017392982140706,42.4520800186672
4.639874703539957,0.6963628639284618,15.311940869441692
2.931031690662986,-0.7821455187235173,17.886519598030617
6.4700969277421,4.045011398698403,29.061968221960196
5.029595937728189,9.107320289025171,19.335468349382573
4.915139186197054,3.3756558648171655,23.885963487372184
6.691264939166907,5.649061755111415,33.23447545458548
6.138611572222967,-14.242861046715275,41.36223573989391
4.245069967594609,-11.545774752531557,33.964121426047875
6.879902707410707,-9.692876820304274,43.39483194404079
6.368825638173655,2.962266022363643,28.849249995302394
5.526537588922811,-12.026461623954964,19.348768579568237
4.7770579103707576,-7.7365901269883794,40.713517654465306
5.151186438858893,-8.594594295259277,36.04797417298608
4.4729401162414675,-6.686381624546893,29.431675777255332
6.514129735040674,0.38909824837792684,34.49989084420467
5.666744403738466,6.690093864255513,22.130598387579653
3.273882314429382,14.439719077730732,32.1518418099146
4.876235371915432,-8.195551602056375,20.324858198113006
4.28920788331852,-0.6897940102918874,15.56565980476511
3.150421784993635,10.188178383129511,42.41026357158621
3.2120513008028024,1.8963268749896116,27.798409531145587
2.6941815247326497,-7.156041965504058,20.523493867529226
3.500892190411614,-5.829376492254463,18.36390220138739
4.617109876391641,1.553831344959697,26.233264438658367
3.296137135452941,-9.755872173654605,32.9587828686751
4.217112620771269,-12.061780404970095,21.043248302678684
4.504787257190045,14.608892080434789,33.200521517201786
5.915852208636242,-5.50657962595321,19.39832392854972
2.831984595059801,0.7947271468141963,40.95255023840585
3.9236638696590793,2.1796463635924077,37.38938846755113
3.295341514711799,5.88736276160515,17.031317035761685
4.074863338118833,9.819129676068865,38.55163618906471
5.741467345456201,-5.1517517041796665,26.764959779762826
5.384937905806811,3.4311336176781424,41.38268925186914
5.026298674307123,11.71545729371454,42.35537127891038
4.694996658575297,-1.8727371229422314,34.40248906882333
4.291961609287366,13.902765991976441,38.91895809419577
4.52014377636821,10.478448422476234,34.23211420340719
6.629269167474915,2.885749005545346,35.80025925038874
6.526149919442144,7.1239715568861754,23.32813243294484
3.5779571428698373,0.12651660453336078,17.589071280597675
4.209510839792909,8.68944680062987,17.587207248128838
2.8301557733178493,-5.705963560456913,21.52216401525389
4.008367605221007,10.033550383607253,30.50883541616439
4.605750709931361,-4.23037387981806,21.832593088450103
5.3151089029882375,-2.760360690764921,39.81993156758077
2.956494857500772,3.4395244080123994,27.2180648485798
6.578670374780003,12.11059516970817,39.229555271360695
6.096171148479417,-13.964628065592843,44.04908987330688
4.413619638131749,1.3908081546363391,22.187259815376734
4.504294780808845,1.8741280660401642,40.967918534695855
6.072725501651313,1.810014600804358,31.91875083854366
3.7568151262310896,-3.843066563513206,24.78951880972869
5.157013593943038,5.351386819608283,34.36136749034488
3.786583366634676,-7.570346472482865,40.082497911788266
5.049654240441125,-12.181590272593729,20.78791027709721
6.655738716794484,-10.44746893283092,21.982422050487514
5.413940543750067,-14.11626311478355,24.819958716873476
6.223656401974372,8.48504936090507,17.30229592018872
6.836873298017376,0.3078871945490551,43.69853614545259
4.272690418357527,4.7004805259482225,32.63873449438309
6.585562676397828,14.328833042248338,32.5048553185379
5.191120635138377,-6.48100350823637,33.145556503188125
3.7486364889490886,-4.627895167872092,16.945917628005557
5.803267682772871,14.830066267217155,22.062539937852893
3.623682841866317,-13.433212445496492,33.31304800861845
6.965536233096349,-3.4233837908392086,25.802189962558074
4.586228027276757,-0.7740695835948532,17.412734649551375
5.993000873562481,-13.282259018424524,41.02477352055331
3.2757690597116884,-0.9713559794766695,39.95812998863389
4.775880604398337,4.320969460675894,15.160525096001201
4.846345440782066,-12.942565250302053,42.714731432144816
3.7563793119324016,-12.613535042646856,38.493867920564696
4.206122110236958,-1.3865649652454817,17.473349827042753
3.991092924618025,-7.137660586104072,35.74536681082195
6.492908077773631,-12.770948246627151,35.43500420015234
2.827190154169411,-11.359037710376706,20.740241248090197
4.565757256196704,-2.679805397398141,37.47647853670437
6.85688552771949,6.683053339777043,34.706491916539996
5.2106844031773685,-13.877671039655414,33.603226561187384
4.841784656420256,14.960629885203172,30.20208121974683
4.154742431139617,-0.10953682038602253,22.319817936546517
4.79771839477613,-7.404799271139299,37.36800189886529
4.408049420905845,-10.005165151044249,42.594445562998544
5.465550216323839,-14.721289020251918,22.829686844786657
4.950620616441258,1.6800277240724277,34.195244262924206
3.7538018813522496,-9.129399156893257,33.688228033200474
5.756665308350438,9.852748993601274,19.42913675462902
6.518547742542767,0.7063177533793272,37.44815311751622
6.185882597544702,-0.002999167193795671,33.838902875443964
3.1668841024906995,-2.002581489632087,27.636124489610694
5.8552209114821325,14.293131351593502,19.839191237130613
3.210991938613565,-9.169284164936713,15.540016124899335
4.194898311798028,1.0454685173945002,34.87860595127148
6.087482291289496,-3.712620876276061,15.953853454395055
5.115222918560195,12.094708375318977,40.87510038813335
4.49701019349077,5.926367892484528,20.02245216188592
6.784223122233961,0.18723415613587058,17.045275801538835
3.411047584103178,11.564611517989498,37.14980860107718
5.855806094695868,-6.68529101618064,23.933335267424354
4.992440462192807,9.08714529604498,38.412098232631635
6.168132034395315,13.461388295301173,20.486026728304324
6.261515653099043,8.769248076175895,44.64961680072585
3.2790316754629827,-13.525251418272058,29.735278039576215
2.9452153754357346,5.777488454164988,18.7795610116003
4.286951047961026,-11.291630686727798,16.913274287967496
3.9498444350869524,10.42902360689082,36.48711427201971
4.496386587216726,3.3799256315449746,30.876760865130862
3.881738075810934,4.936578956528258,32.893703525051365
6.2561061719522995,-12.151928646993987,44.56945446586249
3.111834752219531,-6.77907215543768,19.592090542411487
4.4217267081299525,-5.627992440640654,28.423945253122096
3.8200867384118364,12.008874508363501,17.111734003827117
5.877702884795484,-6.146200287279768,20.985236298936236
2.8170871898781327,6.875291304379402,36.75664055894808
4.707248665044752,3.6200344815256464,29.492952268233537
5.894503712021791,-14.69080530774946,36.959765323949114
4.728792496587632,5.5754040635952755,20.965241375806947
2.745860440089032,1.0749988854875383,35.12681432750889
3.1843061982173526,13.430522974209602,27.604549711888378
4.914505205094507,1.664413954593396,38.78385503270569
2.857261956370451,2.388279073509789,21.096247090148232
2.8837981711918363,-0.869538104295069,44.10014174372516
4.352135957992028,3.641214985415729,40.26205102936274
5.568710096737557,4.418919651070173,31.329982623713015
3.762980286497852,11.313160059058703,44.21418146465559
4.70857820686168,13.549705463048209,38.1902743601992
5.3924500740836745,12.442076287576597,19.587911762485007
6.998277931827481,7.57907999232928,20.080645797440347
5.590716281215268,-5.18277444195691,28.231020191664204
6.269733337148116,-1.634879914599992,17.238937847310225
6.057760967920391,-4.9427062281266,25.237934939504363
5.552199939216114,-10.143072297656568,18.2290783136168
3.8006676745856227,14.853772422934167,15.795679903157165
5.4539927015326715,-2.6540927336858093,42.304728085740294
5.4077533931861534,-1.5010677218501325,15.96609048706117
4.324925850132919,-14.469439652041554,38.243994050838836
6.0190994476221675,-14.620231099408581,16.781960818629294
6.490542068897806,7.203313860522989,44.76824133915356
4.356788280406519,13.269047554105217,44.090001732169
4.053438809494663,7.35193427852472,20.683475741291172
5.27685756752941,6.097922099519632,15.032809816416913
4.943673953120528,0.5835041314817264,42.53172366165834
4.171966279147745,-6.883575260917411,33.0822533222817
6.257671130280469,11.078848530948193,27.86612391684688
6.061056086304468,-13.94549387988351,17.723092459846846
3.097588170596374,0.9392201522069303,28.690706348096185
2.9871449356431,-3.239824331681744,41.08803533589678
5.1478558268911065,3.4476277986465256,31.94308796297113
6.826425124309737,-5.248858593151617,39.28454426153883
6.737865668774067,2.9763992030042736,23.69143214068631
2.9554036927198553,1.048458186593404,24.85486058188615
6.225087718527912,-7.830363178013724,16.87458683971218
5.771071111671438,9.100038766774212,43.673033542411204
5.755126985751579,-14.824815120861775,36.33409507432306
6.37024638625112,13.004878411177149,24.136058412122015
5.461603555629623,2.8127372875198624,39.32900248320435
6.6866164904019865,4.874976543009684,28.37983487727572
4.791580352178723,2.594510947388347,18.116944291492988
4.742115412181041,8.132681032883742,22.864209186470454
4.829915677767985,7.332650057221052,42.76931563175704
3.0708139083925605,-0.1423506121581184,40.28183939139841
6.241830390166321,13.1175324573917,41.455794952360705
5.629362502916669,-3.0067602510927305,30.154170131066177
4.344148993304694,-11.374321554061067,38.55762935401839
3.3838098866808846,6.589958936578277,35.85428595633633
5.628249624803139,-7.744184534327005,31.69533148699178
5.862296839869633,13.574905149439164,37.07658355931239
6.405663498341346,-12.895154471870937,25.48738342740306
4.596738521053063,13.82893036650313,18.06028320058185
3.325069951087992,-1.0547876157226295,37.11800384191545
5.9572172004837824,-2.4910004821492464,22.402333962661032
4.911270354553876,-7.6681706001524015,20.263863808970648
2.7583453731929675,-2.6340939274849937,37.6041728164085
3.6041457600868374,-1.5917404742018615,43.894472362159334
6.224694896592483,-5.1948364290585705,23.154202084995084
2.951910858574819,13.842416567423271,38.00380887659168
6.244909266030103,-14.572675740305593,36.20400592128338
4.323686746577727,-13.12824328074848,18.821684647765302
3.2390586037997817,-12.649136685338894,30.948628705267694
3.0444390528871863,-12.47938281170386,23.565423433159886
4.864142843963267,14.365918003761536,26.437574220849136
3.7896639421341067,-10.94812008075992,37.051967243411966
4.297882986436845,1.1541535227692954,42.49727081330779
6.504823966599636,12.343258465729626,39.45554140194932
6.475791599514927,-2.092108508635114,29.165000258504172
3.6905961331353243,5.688671598143948,34.85313610284544
5.44157384356944,2.308067198149768,19.300730152076977
3.474696364654477,-13.139290415456932,31.007154895293258
2.75276888578675,-2.377652477830729,42.954197482869596
2.6212756015555403,-7.872127231185328,41.32307532382069
3.8808093931820116,9.281820532400786,26.740377927471194
3.820500742220891,-13.235016350064605,15.518549576332875
3.916371933069958,5.833626143679126,20.98182558754292
6.352870461767475,13.81982667993288,20.938492890993963
2.732706128562732,-11.551920775087694,18.18493090629502
3.596280427562342,-2.580840165646384,38.69444117975537
3.7328773709665963,2.718647833136849,20.063062943927743
6.30340485992627,-11.36711347101446,26.781731315772866
6.316037761403213,-13.909364115989202,30.06318070862465
6.083093129254739,7.611390397463431,24.62106293141712
6.3272869017913855,-9.116257009336387,33.43756031241024
4.690691050705835,-3.49741968221813,23.667431101335573
3.5509298179802853,13.55303303034778,40.429190020635396
6.672431881325678,-0.09961337243665724,23.748826634463917
3.5668542196296595,-13.243529196524957,26.380265816289224
6.878520032996477,9.057580932190632,20.478490868945975
4.998340377804084,-3.235047389276314,36.65784433600021
2.828223486992477,11.93629903304626,32.37713095243565
3.4048254680506256,-10.189591889675498,32.80354386568908
5.397080454932674,2.4812198267719943,37.638207007529864
6.469257230071434,2.367275314201251,43.49830263028506
4.350358276860865,-8.863241894746025,43.30609541450044
4.003160309249631,1.5343571514535803,33.50580220651025
4.509076229594416,-12.773562895378541,31.346103114776273
5.691670999023493,-4.700907900413677,42.00595786527873
6.72212325038966,-1.96692696816622,16.501331825739342
6.111577829820577,-2.1710923098629245,28.18105623365708
3.2458918133777455,-0.6679876695046207,23.552248251918584
3.2573590669330907,-3.316808883756952,25.897823839174514
6.785635936927753,-4.038554550976219,30.01392533417611
3.0344957925661817,11.15560493594349,22.22707182079901
4.627920107723696,6.423689057361578,27.5263524849108
4.841025939937467,-4.984790763971951,41.781694461159276
6.36473966792493,-10.289438375742488,35.14028885071184
5.5959615039636565,10.572124420962872,20.93457385112878
3.5068316195302565,-1.1477394906222642,27.458604093457474
5.371455625263403,-10.516799701959416,40.99764874247316
5.679012231330692,-1.2376124305989027,15.453507332085717
3.2633080017741785,0.7444403126208581,41.242071116528095
3.43047359668241,-11.82155532969766,24.954754228998507
6.983814413411183,-14.529015014345646,41.50371008293107
6.117119279299715,-13.826539598495874,19.094912277454238
3.8055208408794945,-10.70514100191691,43.003346274074886
2.912304583858916,6.361401989327909,35.588784420735266
4.372687344021622,-3.632217539820118,29.93977567842223
6.6518385582243145,-1.404890546754535,21.236828252763132
6.740065542503719,-9.283307317831923,39.43397905858684
5.339683741988257,-11.423232239070195,40.35735875934947
6.521479448046701,-9.893195388434192,24.028888757714387
4.563123442461955,0.9338936490431387,25.019953190613194
3.8516837414894596,-5.585020705979209,41.85754445241414
4.643052676017934,7.679289863436672,25.201781525211334
3.0439558951150834,-10.579685261443373,18.46322414382219
4.432724657628873,-3.3517555161912043,34.94260857757703
6.658750085866193,9.571151216508003,28.802717485388712
5.925119263501415,-1.8964798314679836,16.954797213779607
5.9428189300176175,-11.11016552265888,32.97996020815697
4.0402249446230964,7.923108148882914,34.26982760624225
4.1661604597066475,-11.907351243315109,27.04350091502844
5.725760266342789,-11.574288876266321,23.54509031965584
5.762721840625966,-7.334560312186754,25.98825978352056
2.749044589278001,9.187588282850694,37.34222137072036
2.86395811118998,1.9681118773262085,27.844371279621527
2.756590528256911,3.7840733679687517,23.75761508242453
3.558811447756997,1.8141698096340235,16.118957334839447
6.791693668692263,-6.156716866038078,27.229465762128605
2.8254617882821345,6.765267432621254,24.977373592311523
2.7819943384445436,-12.322228381289046,42.61363433011414
4.085197958628772,4.149139928760199,35.46262384611016
3.126544280867032,-7.430265537623644,44.83596222976311
2.743681036025821,14.155565074753696,37.66005222375992
6.223364774337165,-4.9076304791646645,24.337969713365005
3.159333309478581,-10.11159633169423,15.471353076822018
5.328771099076613,-8.07585538659853,38.094485315337415
4.458106288553831,-1.6743215861385483,21.963250886424426
3.7923473130008536,2.4285936555040095,36.57306253156513
6.760781624970408,13.76074096703806,17.4547317562519
5.984241084998449,-7.232778108231542,42.417549368048796
4.409192631167937,-4.775763798035863,37.77249371034449
5.134644632980918,5.036239044930333,39.76254247608168
5.607449448124018,-7.145221945287386,15.985261967488361
6.177927717653711,-11.7959939940148,16.227933066019222
4.529647743616917,-4.8241660322335065,29.743759187374643
5.168193534574966,-10.144750109527356,41.64028429968731
3.004054814543986,-0.6292581199450602,33.54581214621047
6.693137924812887,-12.349784181394828,43.60607128012022
5.6420154737454355,8.706603923691311,18.19762851821856
5.229227823515764,2.978084840730265,41.635698107624165
6.295109310359835,12.822893561860333,37.870980964405355
5.082101881608077,13.02645319999733,30.791590623674697
3.575538075511129,11.384680242507443,34.25345534506678
5.900990077268026,-14.648126862648143,23.254749058100415
6.3572727303870105,14.172748631941158,15.619916770142439
5.383969682838432,-4.049266836110995,26.150442634322843
6.237693610269264,-4.161910490956055,38.220110653793526
5.990067983528238,13.087017814480301,37.351165917324224
6.2839676311971076,-3.3613999129759833,32.12923695971553
4.884252615796399,6.2345633628932795,37.552573425284194
6.497526951099285,12.537430765068077,15.658972310398921
6.53511085762856,4.932545509801255,16.47291271519224
3.3359367508746636,-9.239863130290914,42.625991950672514
5.8993417942718525,-7.651431173203662,16.46161862813758
6.821073659019547,7.16121345257314,17.50827657291992
4.121592140153934,2.87169114519266,24.345664730440724
6.980371426076727,14.21238507270812,29.96765944396757
3.1090820887421504,-8.17171783280142,35.300265377497084
6.585475094803465,1.4730425499445658,29.011790901354203
5.546381849629783,11.42345479606962,28.98400178993724
5.90935140751377,-5.796855884145748,39.98836780837854
6.240985122669583,2.505699380226517,25.0280848568993
5.518273946989071,12.853396583657123,39.511296317826954
5.430277233400365,-10.979716634266126,31.615873737596814
5.823106827725378,12.18849322402031,41.191420991898504
2.778312950180567,9.979128174310752,35.03852211232157
2.779081930937338,-5.669610435252197,17.079861049814358
6.51206473938117,12.79330222844407,31.16431388063766
4.277328658938293,13.547919613289498,28.353763768938947
2.6467429592981118,-6.236800425670596,35.74484073654382
3.569592490776869,14.35026186497516,44.03235606245292
5.1127227600427005,13.636380822922177,19.824634198980696
6.967807637190192,-6.099819267681648,34.218945833558905
4.801348509527948,-10.414253183202565,28.28733400894417
4.046077273822268,6.631691296854431,35.076086920230054
3.059070128430781,-3.8239037822376165,33.53191211475218
4.336701889472558,-6.179498502408693,30.16554779979404
5.276355510228097,-6.853384447855035,15.355252879550694
5.264701639411544,-6.243932044320161,32.03371146989969
3.859801801676988,0.25249834666074733,36.721894033287754
6.570003157467756,8.283624861386848,44.976569344508896
3.348184940059607,12.42847354970429,17.793506497029735
5.099645659966711,-11.501593586799887,16.905376109492245
2.677601974722463,12.95824570339084,15.087967522260993
3.5541971341410026,-1.8691090078034716,43.43225616850618
3.015539384172596,13.315424242730806,40.8090284472119
3.672415703393866,6.3362085506756465,28.983281898967515
6.977777036309774,-14.017478363729309,43.98056435642215
5.556497987605484,-10.347157982523655,36.03896598269288
5.537773099305416,-6.669735156426812,42.7596173401981
5.46596362698628,8.526102988446066,23.483826535351362
4.60754468763552,8.684781838702612,20.667319978761306
6.672619409240246,8.371939118980329,27.504579176279748
4.378545766510937,13.061525711290646,38.46488505206696
4.318686351737355,-9.639107370019989,17.456962612152786
4.402239746928584,13.286959750530503,28.150449278277364
4.762197900368113,13.479078507597855,33.711823889165274
5.76023746237791,2.018661664284501,40.83142597478016
3.903086153403547,7.353904731345892,30.131348714521295
2.9065626095824784,11.81558227494719,15.319149606257627
3.935632969841944,-12.245168208800518,26.297234456839384
3.6444462324955205,10.422022132672943,18.0027784421554
6.131641686456602,6.337968446928539,39.158065061108005
3.5257096107194115,7.809604618603984,30.718807859766983
4.971876931028811,2.522107258393234,35.27436356483847
4.038464849205298,-5.510716778963717,43.94980614541244
5.924232321082663,-2.0340379430954094,19.937148769846466
4.821991020381558,-4.595390462534112,26.974216769577872
6.065599319802779,14.549139719099575,21.08322612722312
4.559036737941998,-14.997273262721105,44.79662102313918
6.24916857631407,14.496194913681684,29.989123517584524
3.418969913287597,6.673344341115008,24.293138588145972
4.0539273496994195,-14.983720473019334,29.788116320133643
4.6626681046152365,-10.96295437793232,17.435716231456382
5.9568630127016515,9.870022216772902,21.703958146285803
6.8083877095711705,-3.719937237986331,22.200902088786336
4.758551785517115,-5.833604736319501,27.732359210134646
6.798999186500556,3.0193120417798944,44.84576621217177
4.332477062497214,-12.818614197353154,23.579573350930406
2.8720577506188008,8.841384496380329,31.68657962875389
5.144836531777382,4.714426227766271,18.82589090054653
2.751662481815966,1.1131179878453707,27.37472920457931
3.094266435073329,2.720780773252482,33.47952682386777
3.1035733384743716,12.817318374887126,34.780640804444104
3.65723417531415,6.571146139111146,36.173146922300965
5.1722888917436345,11.148406099870773,41.24846664350667
5.570833151352624,13.170277547476221,44.85226527915679
5.735206914225805,12.714219910878665,29.580394719124588
4.513472956492347,4.43021526178854,25.37152128969739
5.403831714038668,-1.2607512675211705,34.28249552741744
6.416413004463999,-10.735939897345979,44.773841978617924
6.683788437816202,8.654799044424522,37.33566248629138
5.949569139943513,-14.86994289542218,30.563335372146458
6.234214112948951,-10.563830502259494,30.782542100734517
6.800524407995496,14.319950656944496,29.039950601401475
5.002468166320991,7.014283339743081,21.47214276607467
5.379583274726861,-5.9965030272476305,22.323518624822814
2.936183848560297,-9.723222623647445,27.762863577375313
5.447265627574312,-1.1221724357520415,44.175692611867234
5.930769324827719,-11.030353870444735,20.021199427550002
6.625109742432621,0.6893543680774297,17.041930771027815
6.4441538903793685,-14.288105319378985,19.511640536691075
3.092188116672182,10.34429478074367,26.54627784925878
5.824092073994828,9.315174950875537,37.666920816735335
4.5840445364820175,9.080978869728252,40.4567183755456
5.6546388553891,10.314940809685375,42.331072728943155
4.390308732316747,-7.776338857613278,25.61130357308423
5.817010800884031,-13.897402347161893,15.57151544282045
5.073949889827051,-3.4547011242916064,44.63363367809429
3.8761256721357924,-6.659419076108129,34.61946332071763
6.6948350329114685,0.420566691031798,38.38557373899548
3.183247105060495,8.294727922359446,25.49379520705981
2.888521595030979,-13.62814826402202,27.2820545644721
3.7622995714896934,10.32091032670445,41.153711745766714
6.7570306954984005,0.6688596257710522,20.294477817319205
6.289096351543827,10.607695314923358,42.63351727756391
4.4835841327556025,-5.527804587578403,41.251896259591604
6.674410516243195,-14.771719170865996,17.139823589378718
6.452135760183055,-14.677050986999564,17.100801500300037
3.7218723578687434,-6.93890169285045,33.82231849661767
5.829133306559825,13.88062884090122,25.2243045144493
3.368632386973108,5.171657214325766,25.706121526093092
2.967978427829349,-8.487088621558101,20.757531253751942
4.859980630206007,-3.556573383909713,35.57714473683693
6.6220082567670815,11.87688453296829,33.13238409237546
4.862225052993773,13.626580421192156,33.169073068955214
6.880328195745793,-10.40718377210976,28.558962447437732
4.700644074056788,0.04989108626887706,23.017550419131553
5.259504532967081,5.112129379816491,15.937899023358542
3.8447668238399513,-3.4875498431951577,37.34504624018582
4.276035063106801,11.833630122337045,18.239178295943834
6.416127445920354,5.378686680212738,18.755258078249547
5.432147697382982,4.1402822467889,28.465411872109044
3.4616866662884496,-1.622565445264998,37.6521672346489
3.8236379346917846,7.90475892303273,40.90845764258947
6.502644105082907,2.710701759980168,38.58896835833545
2.94039462671095,7.56188921493273,18.004039266783906
5.652469897261135,-13.951249650461675,18.07252708526103
5.708692286029063,-12.369919895964236,23.196318123835262
3.7882505272388007,-4.2646239116929525,35.21358404512873
3.378032278109056,-5.860532042285488,22.113768256352405
6.7466768860411035,-13.550185467232135,42.96101275232284
2.8648423064567985,-8.048222201094468,37.81950223822473
4.480980500913795,11.208268280791373,22.125041109021854
3.4438991976468976,-3.5912591486698258,34.61292891977716
3.6518424584126987,-9.496858806242065,15.671353331254938
3.472298284218271,12.053969067089401,28.32844588222137
5.008407797364195,-3.5760115233560406,44.26040552328224
6.060584778031128,-13.886871962100114,27.549175403484636
5.884463006005813,12.598853791155811,25.744390509300736
4.573431573648966,12.05200604461999,23.73758327169307
4.650141054886509,-12.455131687496522,28.38007693263333
6.21250819240173,-2.0538807124407867,32.099776847233954
3.04953015883327,12.9948942824429,42.47290585067903
3.2941299705148843,4.20993041302744,16.726969374793928
4.610283657166324,14.475815981240931,38.65729399960314
3.2706586331696266,-13.561869988454726,28.730890646677857
4.522314932686132,9.066524202760384,25.878293768071238
6.085612225284526,-3.9887159505682224,17.9757022251771
6.747995127274428,4.1570649287570305,39.21276059198408
4.894324759841151,6.713554136993974,21.207326994815933
3.588107289554656,-5.640888633811132,37.42869230544114
6.004169973347077,8.611136124521007,15.819494776347264
3.288967717787652,7.303069714130178,18.651445805176355
5.80784364191828,-7.348621653213972,43.9510831761841
6.857432872363174,-0.12949726574958653,18.61061414367745
2.9968572211346123,2.9017542199533075,44.084683812444425
3.2260112518379334,12.727358527621348,39.325488517808594
6.6361846309480255,-7.029979398312351,22.055331004355413
3.1475108696970358,-9.01246786132063,19.84898948328164
3.3434128044002107,-9.616419911246568,23.643530970428838
6.9162280351985155,-1.6306849470613969,23.125772605350587
2.979051313577175,-14.842888071578137,18.65610321491365
3.3728786686570276,-9.441560717324421,38.84515517256688
3.378807011072497,-9.698743014213294,43.35022020629633
3.9959308633809885,11.533349759173902,29.92136212950932
4.7695833952708675,14.480550773657086,25.463899408797733
6.379840365832987,14.468621000475316,36.953363039912524
5.774539514527909,-3.2162388436244314,29.849319266608337
3.136750261516994,-0.5028687794338538,35.72276059099486
4.047081807653222,10.416307217959524,39.56223492662019
3.728467632231469,0.5513447389121868,21.331835766089878
3.343161088673523,9.699728298336822,31.797591792068168
6.002687687029477,-3.289233822121094,28.58366298397674
3.4949739432675457,11.51645872247811,24.539299834085064
5.117656012517923,6.118734869878541,27.303009909289102
6.344013014365645,5.245291459256805,44.92269571384138
2.7701767266771675,7.750123341357764,44.72712617235624
3.911714284188119,8.290461010152082,21.3771113516555
3.497399622933966,6.553084282239219,36.24447876988906
4.402087194590013,-4.790422893472309,25.26514689751388
2.7112596853893103,13.683897814549471,29.526263467586453
6.097885459982232,0.7308714404055365,22.653758283341425
2.6865659716642942,-7.025782051579546,44.75332831617261
3.163351131637823,-12.665340074668945,33.49861204143356
4.962748907867291,-10.849315209804757,23.81389112782199
3.532990736695477,8.172724418067094,38.107826823392855
3.6911416977557474,-11.555067089450098,22.438514853111847
6.7969356376841015,14.723918656866775,33.61059278970414
6.259285596851586,-6.753467612773218,35.54927572899896
4.145124867418209,-14.291777717493549,26.25787730284376
4.0018487303769,13.224136781921178,28.93812981439897
6.013943050562537,8.47456715074052,20.949022395684114
3.389155525490148,1.4763644471657393,25.32636766825226
6.05001011514652,-0.23629680270275877,43.48164895672731
6.445090631081248,4.376863645481045,28.504916306192655
3.677688276337447,-14.974503529649677,28.962641645747386
4.27365459851958,5.138606713744515,36.34392986770477
5.53041871914583,8.00405230396337,41.298119947112895
6.833023429182979,-9.819258713318167,23.187862369923053
5.070796360810166,-10.023853100514376,35.67969741643988
5.917736779952174,-10.060505987867607,30.748792851071236
5.449107968672553,-6.926399316217026,30.858098804225037
5.100608709852469,13.738795496420774,43.57495064906503
3.806324914707336,4.386932500390984,23.742765852687306
3.7339554848902257,-4.362987727878485,39.89939040694854
5.269631083426386,14.297877637704193,25.131802380730164
5.971788527254498,6.04953971499739,42.708616412512335
3.195997217932509,14.058320673523173,25.78321783817281
4.55552980675125,4.0734693315004655,27.184324497517945
5.050034213780261,12.24573765533454,15.896895667161678
3.0955655735008407,-4.386026725431858,31.197062670055185
4.560946742214357,7.118909702208505,23.77050806811969
3.9603341976735145,-8.933344717434014,15.389103548382993
3.1398744529017977,9.949549916533137,24.274848927311176
4.349991938793837,-11.984003457966777,43.932360927723494
5.741020886472777,4.757853895043315,25.655513935327438
5.13532426271219,-7.274073099824125,27.405891123726928
5.715721358857793,-5.4376562324054625,44.9527378375727
6.148939355059547,12.332943456977581,22.91118469432884
5.580858534189793,9.544837810245223,23.70400657127405
4.301373635844044,-11.135586370995753,38.961336482491994
6.178423604869555,-2.9546292912070644,19.669076946563294
2.8111851395176055,-5.167175722272399,35.353301866237786
4.1669489393323005,-14.991406445470021,20.256059104132966
5.363637177165897,9.232639312504194,34.93071899084762
4.6636015525957255,12.347294497045997,24.19959387526564
6.325174325396782,8.644833735334856,35.98585148489208
5.929494007443293,-12.761993691058167,28.55576318882983
3.8870262508194093,3.8763815365681253,40.22953875836581
5.127387132181218,0.31869477137595936,18.799515416802958
5.825955736423614,9.775904502304567,43.54850693585394
3.4849359405149225,5.604725141910002,15.785923713334647
5.307340300930475,-1.1873109461188314,31.817339610857896
5.613043781062739,9.415845381952415,43.89999509728911
3.7769714264806113,9.610818707290008,42.37450991852633
5.401688998339873,11.713186147634737,30.827277542406247
6.577541652522777,8.757076572073736,40.49703112470337
3.8959805216946752,-4.300288104026038,19.225404246968914
5.532595644067152,14.11966774891441,21.949288889001124
3.054195253422147,1.6418950945058768,38.28441993209388
6.536665546968889,-10.885759078033702,26.074231336254982
6.591629231714608,-13.570054791524633,33.457246136582434
3.1937145723940548,-13.227606568713746,42.25592334896981
6.547851342331849,14.640285840407909,23.216950424485226
3.2142591828269826,-11.922577036308073,23.796615816936452
2.851742691765239,14.922230548028296,35.5813845714782
4.216769233210151,-5.901218544377816,18.7199405511961
5.2404358612836806,-1.7478298995447563,30.510385406556153
5.440238542595697,-13.507691265211013,27.465839333640783
2.635017890245381,6.3773712050479965,20.3778797195884
5.527666540502103,3.996704304424526,35.90362082717576
5.075693308563861,8.360274387197759,25.653009424326253
4.740480344048201,-0.11530839584038866,26.55221648459375
6.747265763581795,-13.907718447982695,42.042821683724036
3.473135072337575,-7.169707156436906,24.044978748593955
4.974356982942133,-14.065718792276384,16.795558034764042
2.6637907713772804,-8.25100859823075,44.6574300387388
4.615822599957664,-1.0716897793358324,25.982705688328405
6.292122343011833,0.17213342251183406,18.206579455400018
5.0003850014898585,-5.68823922942688,44.866299005238965
5.672273980560202,-10.09606131624956,15.976092259957994
6.687212987356314,-11.975483069022962,41.866078077861935
6.597124806602703,4.084858464317101,21.511955790757234
6.2071701559749295,-8.882868061669221,29.062777093451672
6.032118857439286,-1.258476994894023,35.226381621668246
2.8748619354009604,-8.360646958985509,38.685895583816375
6.6480988150487175,5.5028602798698,41.97198655394561
3.7378174724487105,-7.131342226487135,34.695306873463736
4.712794605047416,0.9214383928001002,21.72172949492419
4.486218509112732,-3.022881322999618,40.365826054612484
3.3245055030559882,-0.7684141678619412,38.42081884841704
4.464301754248501,-4.1548407945085,25.125052417224413
6.421832714918653,-11.919474242383126,39.86558454266455
5.98716035007962,-10.818378368452283,43.46346294205341
3.5118876390617206,9.223949077200974,18.09624438768193
6.727108114921375,2.0954299663312135,34.52893723627018
4.227983923172088,-8.913164308982198,26.147797556975668
5.804503597846313,-10.778428754405624,33.8318184828526
3.050142709598197,3.7583550936983663,28.16245578675665
3.6745143244430567,-8.068133787661282,43.869678679989
3.995262845113419,-2.71197700544975,16.126528271232498
3.5913184297402427,7.139122018272932,41.37429408079766
3.5447865675839108,4.6792950918314276,29.465824839606825
4.936869767520731,-13.503166233757748,31.50667063326672
3.1373088232546085,-12.132990020952711,43.195361016921396
4.693856185689421,6.558150031580656,15.8401346368564
6.81443473093757,0.8787241451622378,39.99311157864182
2.7595331457765155,11.361530199544973,30.702336137821064
2.886753930018591,-8.558735712149135,26.543686022446167
6.413959760064223,-0.7047552394812957,41.64709571484021
6.046751916441211,-10.259324548702025,28.0712492773202
6.217748883969034,-7.68242985159538,37.567944281917875
5.37204484380605,2.8390162475572573,36.63107961545774
4.360176157219273,-10.855281406132052,28.285568094937528
6.204351657460341,10.55168848479228,42.308473891876744
5.909927523785907,-10.16462419236778,41.57153932582736
3.450659123467745,5.745099315971892,37.858623438776505
3.680866486452143,1.8301993254432674,39.85602631578347
4.80452959174571,5.58044724038691,29.567217440257693
5.016091349547792,11.25123548214956,21.17733934402744
6.326669775763736,10.766439890636505,40.39988521078798
6.545681124964154,9.960975366581934,34.783257408859654
4.314002952312983,2.6349630998014177,44.27391724617691
3.8142424363512477,5.7013647187166505,36.401065334017204
2.9722180958331093,-0.700516333545055,15.641943492292748
3.7051740952281733,-4.854830728240195,36.15454203499842
6.374642083673435,-6.501520355198259,36.446075289567816
4.070108111853158,-13.498716945597234,44.23430487691248
5.61065467708525,-9.780280703403683,32.93208948870374
3.354213432056003,14.865564180405972,15.516888904757852
6.107021182863111,-7.098453523508282,24.997837935013763
6.854540015946866,3.072189392810621,38.78825398471291
5.756244348429119,4.002979961976347,27.66352969863585
4.567190974769964,-5.288163277924808,26.320883763334347
4.641943851726182,0.8288656971406514,35.03186565513364
5.0275166055286125,3.8118409816321304,23.391877718027267
4.463877329227735,7.97426615822587,28.182071757857184
6.971340760651038,-3.641263108812945,44.80668928205643
5.170674420607009,5.943297456988123,21.7854599703604
4.0569472265916176,10.238934288358912,25.429105876364883
4.006411115559567,-8.338593455543815,30.17858985157944
5.151685903720439,-4.811735603431565,27.852827609088745
2.646017125315164,6.317917688578394,41.61225908161465
4.123990067405981,-6.870410886331799,37.25680294016301
3.606601806364876,5.009554376720754,30.65214165927044
5.621824492919982,-2.981544497835392,24.903009651801163
5.015727291770784,-12.377992829823105,18.107141023009525
6.596053962993391,-5.122492510118958,21.4051348849911
6.816705445921515,-13.750927266100922,23.034523971860487
6.517053960587953,1.7376832532106867,33.220437487652895
5.782625996866425,-3.3772679849365606,23.444521037904217
3.7750620084089936,-3.660925903417157,32.74284748239416
4.567901383927115,0.604022962172003,42.66336752710111
6.9743485452422975,10.727090124323958,21.278772460382807
5.559494802714523,10.56828773630263,28.38957197067949
2.9025487958194254,-0.9555428793585659,38.20768820861052
4.874580817146815,3.8283047825935697,34.8114805818406
2.8453059371504774,-3.8013612792214637,20.978143472249062
4.600802017031409,-2.6735986283141777,16.638102464513903
2.93943929004012,7.233270267826086,34.75185437458974
5.244738030160779,7.468683750912927,21.444319235048635
6.029596297199322,-2.436023229239167,18.977461627334794
3.8665317159258867,-0.05032012783479445,16.824138042595617
4.456696127258575,-7.976964987486178,16.777672873869612
4.898762556413782,-11.494264748866806,23.045909354304015
4.89694652121638,-1.7458324976557478,25.472583787370787
6.855714977087651,6.652552595502126,42.182008748204694
2.9017695004278496,7.966685627512916,30.335591161047645
5.265953303629322,9.508935792507984,30.151785891542012
4.708884704514642,7.046747692543537,18.30716199719289
5.557506447986307,9.24156827865444,21.638167067363078
4.802824636239537,-7.893518983341685,23.87343939465156
4.132704468386092,-8.282028219515562,34.59191555280373
4.569259443604296,11.068985899398662,34.55324696828343
6.556763123876328,13.660699606553042,34.257321321842596
4.320737095125631,4.483249438427258,27.653380656799516
4.066205990578519,-0.21208579224869517,42.125883318799076
6.044191215182853,8.089567225541153,39.77148852419726
6.478808160584785,-5.03031187405395,35.118265447095446
3.249488081495805,4.268467216346444,31.395493144187068
4.987651111136804,-4.31201474559742,27.17410288364895
5.389064865274887,-11.43598051878877,33.20566051970545
6.779651511730676,-5.7170053673048375,43.64889832502432
4.789086961737517,11.842571948711043,16.136709955154362
4.942708124067266,9.55995938896362,28.19062861662941
5.938905689687108,1.62449277228286,23.87878680863738
3.2723105915443944,-4.938139125635235,21.153073757135132
6.79242200188556,11.907686317700165,36.19825932581784
5.9338877073878775,4.2017874201697865,37.641029935504136
3.58222301916528,5.053011985613214,34.626701386197716
4.465395597020914,-5.422627219634927,31.26199251181197
3.611730173117764,-8.725222600804123,39.985616952507954
5.995203021839066,8.779655366785317,27.498545509352425
3.667351320737938,-13.210588514958694,32.030748510241935
2.959177950489543,12.666484613462163,32.646674188848564
6.810609697556063,13.439086941321275,16.86062114399586
6.762767926388317,-3.101870120666394,17.316981643330518
3.012083784403442,13.516843380764495,38.86802525375929
4.655493415625564,13.16568783480269,43.52949676830633
4.445807748782843,8.815682574062564,32.16533225422677
3.158441542091813,5.242349853939924,17.42595201322596
6.9742649705899895,3.2557457732768462,22.895898054571628
3.5201388733354007,-0.26546148339370035,19.7207799532324
6.842887478924425,-8.81606494895593,32.32845060006033
3.4256289865205396,3.3692245936417144,18.766477035900373
2.6681426575394447,-12.052206408760968,30.40232948577656
4.929447527096306,-14.873663666098242,28.79541804874087
3.574170850256418,-4.707704711418025,17.76601899274697
5.424548649674107,10.91526834467179,30.64152020367159
3.115018601053262,-14.285772420058692,22.368422975735424
6.9016929388756925,-12.76855673318981,26.750682104028748
6.996019652396079,0.9448623476205906,41.0744638683838
4.805225738560658,-8.071156342542224,42.02523116661615
5.274342323655973,6.142362454179999,44.99443537319061
5.985648688356701,-13.202526044517573,27.092180187794156
3.8918130214053317,-12.515653997082563,21.437095299792656
3.160212851971207,-5.033715233113751,23.58270021219049
3.84105697459197,6.043812018714252,20.904275030176095
6.653181876495094,1.3418117835040206,16.755451605856138
6.131831166764364,-7.855801044053662,19.77803377065397
6.243068380201969,-9.656062737514668,24.716909996794307
5.86978233130925,1.4529138250393672,36.32500107218634
3.7360012264353477,-3.8609123287140132,42.97573468282029
3.494214662355538,7.6461421074935885,32.26040063501016
4.796164332888605,12.953535027329881,28.448780229350625
4.457173273280796,2.244914804720132,22.095220149974427
3.8602835257235872,-13.584724014084571,17.37400686133345
5.147469607911034,14.626898849696008,38.64419750144174
6.720318967246024,-14.993468487731315,25.099951282952517
6.389140310472586,1.3063863057392737,26.85303272070118
4.426888051173042,-3.344165127884134,40.0576028729028
6.750167992386228,-13.221598984096783,31.711095296488207
6.2747360192847665,-6.277532293539936,18.430831817787116
6.493550123487154,0.926944517976283,41.46179416282568
4.549082837757583,-14.562300028936816,37.68910230485743
5.3698325244191345,0.9548366890042921,27.77098472856928
5.702207175164167,7.527528928839203,34.29868766217421
4.559977673248353,-13.879343568348474,33.92587772320573
2.9035003505779806,-11.223021670712104,18.693755214824794
6.593590162918301,14.713756414754368,22.258342540108096
6.463740609420169,6.581574074476283,18.727871557162693
6.831006522254406,-10.395606730863681,44.82892722790238
6.5957548258728735,5.933801648419369,35.46403035689603
4.799041925662129,-0.011620722252809301,28.6563154594713
4.604778410200028,10.892707338293619,21.728519206487345
4.028868160334098,-11.228903637670896,20.750934154388784
6.992978603518106,3.298639288265541,21.11705090488347
3.3055697209046233,-7.29653844788257,25.721374905415285
5.173085645100753,-5.8682626937780995,15.093591770883135
4.060361195299611,4.923890732408058,44.8134812101343
2.877178952264035,-13.196344514743231,42.85373626042637
6.11247597250626,-11.225906133794568,43.960864458448555
6.376578154858089,-6.330199442918417,23.817421342249627
4.534560920364526,-3.9930457819593688,17.397641734345992
3.5376451895440706,11.279117021387048,42.369423447244216
5.693684072838959,13.16722140080109,24.56549314168965
3.2237002982681453,-1.4076954387618539,41.60344619802306
3.383100008997741,14.703758137856816,38.77720740155049
3.5045754166602885,-11.385450697461119,34.84299177234495
5.674711736070816,7.422157963156401,39.430323418172016
5.37646143273763,6.284109444073259,39.10552663488493
4.471356405022053,4.076401731619757,39.38961838358087
6.964271374851615,-12.255188975089336,42.93496289815903
5.838174653902435,9.062487666387902,40.84765898844343
3.8103935567653666,-14.853696350884983,37.52841800104066
3.959643658804559,-14.506404850658372,43.28501748754078
5.456199714129508,8.269607303332936,33.28377829424282
4.274787047143667,-12.969407254953152,42.92056409273657
3.520979895746425,-9.343515871191675,25.422342383527173
2.651286983272303,12.092705292883476,34.150187118100995
4.844046474334505,11.522578441207948,33.763790995431584
2.9996768170475887,13.35319992910049,21.98605607191189
6.952772458428675,-2.736908615342495,43.56701547303053
6.980264786422303,10.258437775811622,17.185298123989984
5.405009236990306,10.752140360238108,44.75633662593227
3.867263490147768,13.860842992921107,43.87387744239359
5.077120816199212,-4.476892591305042,33.08766539905088
6.297145780673123,-14.596050680486382,31.39105373720871
4.885616564811386,5.697259955185288,15.463834464110851
6.804653674875714,8.552135243796538,40.197719552385706
2.6249130566353127,-6.996676304497768,19.021737290273222
5.116801410223746,1.3658036211227156,23.100186767786866
4.659667965905125,-4.05932948770552,39.40289065301174
5.499260325126739,-7.279268116699936,17.71897234749805
5.8449747195426855,8.013424657240925,24.541941001921906
4.489869026235548,6.063138472214952,17.658487259323124
5.459506766882059,-14.623328514299947,40.10935794625664
5.644948247050982,11.457564960027913,25.275228114823626
4.757442579483126,-4.197337358672968,44.544333130768074
6.922037469033404,-4.619937196902711,36.06547449355014
6.102494575578611,5.841085020047952,19.29458941123633
4.130065087489696,-12.845202182140639,37.92931654856063
4.45466871957831,-11.80759804232789,39.411306965983044
6.555716457028154,-11.809455367457439,29.777743060808177
2.8331443566479715,3.805544464617615,38.790978791520274
6.949468918807081,-5.392273437293307,38.63444143232181
4.670105439116284,13.135579646998437,43.92082490186798
6.278736098522971,-13.757292406745332,23.032354782726465
4.482126629625185,-14.066996451066059,24.91587158034567
6.348736294523279,1.0947335370428988,15.384593961227475
5.390568452192026,-6.185475080309489,42.04744490389278
3.871952119407406,-3.8696626680391386,30.49496662175505
6.80113298010007,2.7716308832934686,27.196177625753677
6.603594330772257,11.954688613037742,19.694530774345736
4.896171372049725,-10.752590084553002,28.502286716696776
3.877575262714986,13.595905923392461,35.696764793215515
3.8302987686007364,-9.884896673116716,16.144914725039822
6.079721749150185,-12.48586304349509,41.75714816492925
6.5272327585609595,-6.20179541481026,21.70564312768543
4.030285251198686,2.8818483163909647,17.55548164672572
4.510772205979507,10.164311085014205,30.66975819307771
6.189665363859325,0.0033130024968244243,32.21337261167871
3.7723106478879536,2.254058154620534,20.868394450137664
4.800502093728209,1.864357785425991,23.712483614328317
6.218898570667481,-14.228832509521698,44.25226272702311
4.345162596615958,6.580346310930519,27.95874424928622
5.800169683118023,-6.208034181436526,19.258465935817853
6.1265288664816335,-13.467715968049852,25.99986845805368
4.7097643484812455,0.9237205788960328,19.42762648066952
5.7134686483741675,-8.838937649579137,43.74061751926793
5.006484656172555,-13.07529055508404,34.72848515221585
3.7247460198819646,-1.3938453861152258,30.77487293467481
6.654048858548045,-12.274441795675136,21.03101292854605
6.087893894109142,0.03815885951006592,28.14350930545983
3.6347819244156687,-5.765719157012043,34.04137211712263
3.33837991693102,8.239543929145729,25.285054293295584
4.173889047816226,-13.593805407506071,40.34987403624699
3.885340453110748,7.249557356207589,21.38058002629729
6.977112744719646,3.55479964886252,41.56733655025753
3.584731828080236,11.280675078197035,25.69788524656947
4.333052629466954,6.735211918546053,22.644219165289496
3.5603836057212472,14.332993729802439,28.75295003986887
3.0322422999474967,7.572590858904185,44.2163835671938
6.599577479217354,-6.128521351369635,41.77384484030216
4.28560609272091,-8.537578440675315,35.204904942951444
6.779260691833316,4.0877007054182535,43.9290110577263
3.3718857702791265,2.5540148387955526,40.74569836833211
3.99828332010251,-0.003862859539827568,44.66865152663043
2.882923936145625,-4.5803297805003975,39.70299947023376
2.9226656222203586,-10.34555557437416,17.770980118101583
3.0089056212822762,14.578415288696466,42.53974767687461
5.894674237574041,-11.060582345202468,34.539231464377806
4.17554294977827,12.215580451749268,22.26072067316619
6.450231859648657,5.123773814594841,35.22817204926541
4.15250632503739,-14.355971592728668,19.16464400816712
6.341134472830518,-12.847875554330049,38.24841169603782
4.331401571885056,-11.847806340135438,24.393282523817696
5.123192485456517,7.84585642646983,44.61155840484555
5.5254310528527935,-4.354884825988256,16.161737568269245
4.118446760670407,-13.808400055545846,34.85987437374277
2.8034857427691637,9.659428729940853,37.46369001589275
5.808560464004714,-12.49624932731911,19.643608525467037
6.109200787756485,5.9118621614192435,43.70268025321138
6.9621939491067435,-0.2472059516889864,37.44332470029161
5.268134308300375,14.147167719819631,41.90707107059231
5.8306988328488245,4.014802884246123,15.90442483862011
5.744522698559081,-12.27051329233329,20.056729554123468
3.644222629874934,-6.149895946798834,33.946288425318244
4.689860838780376,-13.90486777796213,28.224575132549266
3.673417145790164,-7.636748783542418,27.461361086581668
3.4600746027373006,-0.6176484433288802,20.88117984414247
4.447001755460057,11.232710769279102,40.57107192109319
5.2399424911262225,3.168834652444488,26.017978903344822
5.765402774548566,6.067658912942651,17.86239794509627
5.425718635696738,-13.670909654265918,38.665366422609814
4.288571228119538,7.407556190905119,39.71482399974262
4.971081841710625,5.561069639194113,23.017495084675673
5.926507699427859,4.644851972150612,30.072340526295996
4.468309506990439,8.727613153086669,32.341431368741254
5.394513808215412,-1.2711194892534277,16.062357312373283
4.058358137256251,-7.419232840183898,22.786835132832724
5.4263311891186135,11.903563430351621,30.41195615060105
3.7594681277193325,-3.8586674191629946,36.84271179285689
3.9865804896262,-5.259442368821258,42.194441205585434
6.604357333766613,-12.723437287898054,37.89060423124369
5.672386434247835,-13.97216936721251,23.939301021208546
5.795448088160001,-5.497855373826916,31.98556700958172
4.771641901611517,-2.283636504701022,34.501265802211606
5.609404163361264,11.213939825848847,44.428483427286665
5.120462513039072,-5.04383814854987,31.02699063384025
3.9451932321849883,-12.654903357034687,39.78489033616967
4.536230093537829,11.204221642150998,34.970449625778144
5.484150141207568,2.335513622659171,31.99803853944696
3.271165290687406,-14.696866888808453,19.88700606605507
3.2348047505598294,-0.3946873139777747,36.19425489613511
6.086091007364953,-8.859361162480946,44.31175608304164
4.3398411355979665,4.237978906320901,16.612484640374653
3.439077993956144,13.14015683073153,32.509256209514845
6.822546402763405,4.336481362816819,17.985858483726908
6.810399647914622,-14.783056167600558,18.791736147585333
5.9492825637087945,-1.0261971809697936,23.355632245748048
6.249646220320217,2.1525784429673784,20.824568747151464
4.612209841660924,-10.418811903713785,35.01640363044372
5.401177093744592,2.0573485602317554,44.779656022965895
4.857278672635651,6.720603735164691,39.8451343800903
3.0264491231803246,3.0821625354435582,23.525811211855235
4.640529804270043,-1.040602573135235,28.868636978468064
4.094997001977653,1.8438410967523282,18.846066738397575
6.382994852367179,-7.2284853206557385,18.566077009584415
4.889215991823885,-5.660512790603557,15.49012848132147
4.97870983275367,-9.853853674559641,42.868764277091856
5.4808735555353785,-10.328513194186254,40.74985494737567
5.464347807695402,-8.464979961730172,34.76073660610542
4.6714420238177725,-5.890839561549154,36.441239959994746
2.7864305297568794,-1.8663569413257832,32.211381451336834
4.265181277468338,-8.013745208123808,21.03920233861679
4.253192907488398,11.00207661051342,22.759127113148885
2.884412276137808,8.726122768223682,44.45938378358861
5.55732828945472,-13.026804977122692,22.002187281023733
3.2720270485489085,-4.134662811142789,19.517016018252832
2.750677803945933,-11.63267790212684,21.650191631924713
4.777494665483362,-7.408966233370003,33.01627436500384
4.5977904996383225,-7.265893359358488,40.729407685632765
3.98226803249788,-13.140066051080968,30.043297301272844
6.062518969693455,-5.691959038799224,22.62347086514896
4.837571821873613,14.150254586881076,31.861744713175327
2.8953485730636865,9.791948459248431,41.06423635179514
4.155538176220523,-1.4153775189598292,43.83898090391859
5.323623625491048,-4.74051197551738,22.554526288958094
2.6298903862588556,10.519951445608466,43.851827566870874
3.335151810372742,-13.05083652500387,18.262721013767504
3.1101874996440797,-13.661409587598087,21.265436530305898
5.531905337391305,-0.4821875288647117,20.705759336874557
3.047137695511435,-10.693851308336924,40.61101138815968
6.210028528298499,-12.022645937544205,32.29848029257153
6.730467130569127,9.690617590411403,36.06026559029178
3.2501775083448194,-2.7311178664080487,32.18578650838595
4.887218255641591,-1.7423633954476472,32.17995611284796
5.982462912688652,1.3271378895784807,24.23322979180464
3.6485979678769,-8.805264482256678,29.859269622460545
6.107129083856302,4.675982016231146,24.754165189911664
5.903913362958964,-9.682098719774494,42.44056158989576
5.979284858024232,0.7989848175681331,30.22927802739608
4.656709626758506,0.8482014123664552,27.801330886335826
3.9861911979958666,-4.316955017119163,34.918367621881636
2.933111165148892,7.892444026737532,24.70572521343027
5.856475387966206,8.365935351407877,16.614203747005686
4.322066292041975,2.5993777418511854,26.171054722560438
6.137565713751734,-12.790871548689523,20.93101878603178
5.672996492742412,-7.179001216273709,31.854912412334187
5.918871893012579,-13.343935252252187,28.342291378111213
6.214885715041497,-14.90558389639095,36.28035881932215
6.3010755410239305,-8.151582485644338,26.81211944131968
6.299986460984282,-10.957550130398243,28.401721327824497
2.732871757284763,2.0914651946360614,34.42548841640325
2.7662168654865584,5.368759901369849,36.526888225278526
5.50471201217608,-11.510388882721372,30.909822456097046
6.307694886407425,-0.8902917862678432,30.26333203561112
4.207548403847772,-3.124542905677581,32.61599217266965
5.348710708957885,-2.766212432972427,31.56045327219484
6.665600575594219,-14.637693764509264,16.074954920990898
6.300704135689873,-4.155171435588315,22.476677387748083
4.076734849467857,2.510449881835658,44.319617633013465
4.980913867632441,-5.490224771123465,19.19974653456461
4.771856216828937,-9.125626462226727,30.903472126589527
4.57962897062651,14.534145573577284,38.879511906573285
6.830309725717689,-3.7515282684730114,32.2620392975665
4.012199762252564,-6.241496607175474,42.402466658702124
3.268615822021678,-14.88977956106613,42.57206873984025
2.637571021182409,1.9139246514631552,21.182644996568754
3.604705928492303,5.6187632192037,15.000965789700226
2.9934920399962275,13.236481950628793,29.890538939511305
4.19530129116648,12.618317735629141,17.67330375633146
4.99939943139929,3.974393608054818,15.760898154458527
3.9198680045255045,-5.775359050541072,28.542408414825193
5.492353859023783,11.784283083545937,34.347648321098696
4.17239689672109,-9.69505269012349,18.417516218804803
2.6684059006725507,4.728175300605336,44.30943396198665
5.080186047438078,12.943928916916306,19.789306255780666
3.3415456450002505,6.368668555826243,23.226082240558796
4.5217460695655625,-2.8830003867619762,33.41196669456883
4.646466066710913,11.774672161957579,34.33457109406527
6.053408744806306,0.9588138524046421,30.873230656542262
6.605214866901591,-2.1307138766525746,24.809646898986372
6.16391467863629,0.6414419870798191,22.37080598226009
4.6971441277170225,1.7128751520626366,42.67204819829138
5.726625874553344,-0.26014940190210467,41.68222683520024
3.4038366182858546,-13.972715476827204,38.67672865075857
4.1247725687909185,3.7633553842665393,32.96679038260801
6.323175614452877,-6.396034727911594,28.006845041707336
5.522643486225309,-3.9851650979783777,41.88157217557202
6.016149637387738,5.085415171125032,33.64574559813849
5.7756591334674345,-13.014076251307173,17.168589704120397
3.047633713515393,8.71627697363851,17.04907520306452
4.49396189581993,1.9988818133585227,18.786262227691875
4.982914116748372,-4.5029295706745405,43.044024586222065
2.9736499863298533,7.554785843280818,32.847486274593486
4.632039006320751,13.422890918231303,25.84300293991273
5.377079064932921,5.971609488880851,31.31600775466613
5.361065937999541,10.2462393197784,17.533685025794718
6.5204939187628135,-3.080033948938535,27.64611613048089
6.219802760951187,-13.02937364886423,42.91756884332064
4.185699869238324,11.74148228226693,36.30086209717659
6.855406124973894,13.83826025746663,22.41676589381084
5.393864318532301,-9.59408119657624,30.528391404761592
3.831378687608752,-9.480564466262539,35.185931307216066
3.9283486293305767,12.655323229249674,39.94335118620492
4.434600943136858,8.873591950254191,36.09783737124785
2.8889449168099945,13.618820999918025,19.18636289114899
5.5969148022851805,6.3022854163003466,34.08201190355497
6.721441528837224,2.577304917568263,21.362948729793963
6.092859898332357,-7.083191096767402,33.028977075820876
4.261624394719346,-3.325728620138456,18.803868974039265
3.4817997215057233,8.068506713291079,41.36331710325554
4.160497787038032,-7.198269292446769,23.67535385418047
5.330002322876604,11.697696217835198,16.142106179945777
4.020652482259935,8.33224307826325,42.18787758877255
3.186085915474696,-12.045074293281537,38.989883253341006
2.6308504283322076,-6.738386048928721,34.21819732520971
6.8235375525804765,4.061663583499509,40.063098578889104
4.866196912831509,-2.1279411558736516,41.274572281804424
4.31173076036802,10.714759961648756,40.794167337977896
5.88706462281035,-1.5586827519853461,37.37135805566021
5.068979238346626,3.077372901577867,32.99820601507439
6.696037045941237,1.549130255957401,18.121095263649586
3.9033523303809607,7.451663170822076,19.166431152229684
4.368254770732962,7.318671345185191,21.478436836750078
6.171309366438837,-8.838289654543644,32.43591055479823
3.717127310105001,-6.511156754412379,23.408606783465252
5.266913718630761,0.5765936629171691,37.92335778482074
4.8304438918987,1.1046208252102474,44.88533476379689
2.8861238694541083,-14.22434477968401,32.988726189555194
4.282906497108169,12.317154963029235,44.67961442476398
4.232910086080361,13.919657320750762,27.783373796839072
5.354301986389686,6.064534451344631,34.39315180866353
3.2395471389634074,-3.7620889466220806,44.0214289332164
5.166129080419172,-14.95335352617277,32.30304437967794
3.813757393388931,5.46493874848473,36.068860776720896
6.001215547158225,-14.373854154406148,42.079330939986335
6.711567097795814,-9.429824799985518,36.689695113034304
2.9099409779072185,5.37257487554805,42.44990502137859
2.731940487175542,13.091400752660192,41.30739213343624
4.712235759469124,6.342234773050688,21.757640005968884
5.404104672582676,-4.178645317780926,19.376402451876615
4.748071137557073,2.3405124665610586,22.971053169131668
3.0487221760149863,-11.978273535726085,31.34746905980249
3.1903306473487634,13.323588680363827,23.555718724086482
4.2458974010029475,-6.885259612771108,38.282436668020395
4.276207672897727,9.75968539592926,16.585769560819
6.247405092771487,-5.732488803728071,26.43111135130229
6.288662428249623,6.712277196968184,33.40131542349165
5.3614263664896535,-6.002926278711987,32.337222530697574
6.842802302172477,9.218375928079581,34.11729799930335
6.024851756214388,8.885693703698916,16.813948867278953
6.943559264355617,11.768796143852835,40.04780848779646
2.623340285216625,13.922517982306374,40.79795976371864
3.3453111269793383,-2.1407409264275987,38.97543833578894
6.794602823766379,-6.79041685327287,15.756090826843762
5.396311385065104,2.9290480061233026,31.748839700061353
2.842434568953321,3.548228429025407,27.983289602832034
4.753641856277701,-11.307840773809234,43.03968138545396
3.6821285899872267,13.249278489436517,20.03557693782424
6.674173916370141,-11.671952571394318,37.30982583639218
4.79955677041176,-4.523386619944246,31.43044242812394
6.9285375935749745,11.681078652496009,28.261446541800694
3.1431190853980384,-5.070221104239952,25.172648862579265
4.263003722381181,-1.9701468431952236,18.201757126436142
6.072368227796138,-2.746125813710547,42.16967046265255
6.2976441736991795,11.081353630216046,37.80460333123749
5.664782386771396,-12.470254830031447,34.551069026212204
5.896228577250316,2.3007418095891907,38.15918755459583
3.29314819359737,4.035955459330779,24.839566197231676
6.175392882266592,-14.892126338578864,17.036992127098408
2.8020676451263293,7.229034234487852,35.21841653336712
4.507923013809215,-0.6107489128907151,42.686782437800844
4.145498721588336,5.222562057667854,38.06167801087719
6.375183568408535,-12.307659383926307,27.275247612588302
6.038317840497378,5.778983683716632,19.41013268072517
4.398045321763471,-3.683680473709087,19.494513540532758
3.998796652495897,-4.070231882382675,18.456855424947793
4.327036726114394,-9.806826093160963,26.16016895819446
2.9513115731952944,4.538763142539118,38.39150227942312
4.2526381235448465,-2.859233968617156,33.77929766501249
4.603083746796657,-9.2141963659836,37.64373005290126
6.733981735864352,7.5952308873255205,25.646937848906042
5.751086415624027,14.288387578812745,30.596428310299142
3.0295189923097414,-12.95784885671413,26.425462963267602
3.1535100629122823,6.263554793984881,25.08948869209086
3.7731275298425713,13.238659616709104,30.176163273873975
6.424998895744216,10.173497917830137,21.743851934759537
5.255030814562705,-0.6669450934331618,35.86369923689092
5.405989647487086,11.789787261618471,24.327550474166017
4.240752076762792,-9.084098274983223,42.794787802828495
3.752167326162093,9.495005523934395,15.769027103786412
2.91602508371482,13.991817459629136,36.752784409888676
4.235597270391153,-10.993587171226352,34.64658871783943
2.713632630904262,9.176235103550447,35.386844549712436
6.764788682294707,-14.037103666592486,31.534385202136345
3.769156020734533,4.989366939448541,15.21688916396238
4.73952796777451,7.191163710580458,41.809581646795934
5.397951655571682,5.856279753549483,21.146643076302222
6.275741239251992,12.77585818527421,28.39733316947437
3.782382876202144,-4.66797104104621,36.13677193636356
6.768745654297582,-4.065995712826236,41.34073811050666
6.569150830268002,-3.2002703569033812,19.652725256370047
4.254670647364956,-10.617295044198155,39.46241742253356
4.281853384461413,-4.818348950427241,33.84319739717064
3.6294481105237226,8.060443128273814,42.37920962247058
2.7078142604685924,-1.1676719749992692,25.19921082245802
3.2182967639196787,6.048646527679111,17.731518137559107
4.691461424515717,9.16221417162453,26.11159090822696
4.122819224668978,6.228225802994739,25.33181020777812
5.33806379768966,-7.8852025919231306,28.484652963468
4.205138101079801,1.8600309497483103,37.68464029830304
5.382714406784109,-3.4398152548723555,15.855582912925163
3.190834735132219,-7.261351914035369,33.8070079313535
6.563230107343327,2.628941965962891,26.39407804926451
3.062240086174983,-11.23245657139705,33.24438373397987
3.074506633492442,-10.227676567501922,26.299712396383242
3.562035904766573,-11.855897093857426,29.696877687692684
6.9333901348612885,4.3516046946222176,38.969394724342685
3.3126938498848055,-10.577228509795361,30.08622962405909
2.8941555158578414,9.549399451635363,22.241846834449863
3.300679290838026,9.922531524072948,18.7009256468205
6.5824689092051365,6.803375541054528,31.362622502692325
5.282729747631205,-8.796460498381586,18.302826713021226
3.770499601185425,-13.867983799162582,42.68586650306584
3.0653417844480417,12.840481582156713,37.1365348544556
3.9428146001681332,3.34256137302123,31.98164051150634
4.651191310808407,-3.1795309560528953,27.68047287077775
4.613029535589134,-11.074108006935433,18.705085289253674
3.884827891268194,14.006503326577281,37.864468954022215
6.519410495351597,-1.3256455945404308,34.127930017786944
5.866460822799361,-11.8524048329836,17.85206411892779
3.9102649250389043,8.433168988984676,37.79006435588698
4.019952456439998,6.7007383399222284,24.962082369238765
6.012511910782958,-7.390638313172251,38.033457778705596
4.393630163955089,4.296612836499072,24.299094751911223
6.453701299754951,10.152778784524354,38.25811767119494
6.272556096427145,-3.9220031455980244,20.955953445000915
6.532028757916157,14.341190965601836,15.165318831649165
5.637988635558127,9.596065798648162,43.12069459277534
5.2377832301937755,-13.760954614116782,36.0025157421738
6.868307611471271,3.7202349134150516,26.83222481339768
5.727466187585945,4.1035362673040225,23.836094603203676
5.457183629833946,-4.328355946201658,17.979525931979644
3.482461323164805,-5.301976381923756,29.231456398203843
5.108468244669842,1.7678268256329872,15.40579042189458
3.791664053760165,-14.606696005072976,39.234261656414866
5.502933432463039,-9.155277795239968,16.43704332897159
5.4164230741513055,9.784505762397565,44.82009177101726
2.933684060815488,-7.039855158756718,40.50739225760546
6.412183303869792,-10.458128225487542,29.857187622993692
5.8412637431932755,12.066184554487009,27.242473714150673
6.790010066169505,-8.225264238330569,36.71581403311454
3.3776589293654995,-12.809775914853695,22.6010439120342
4.34130257353574,-7.286567093076567,43.93736061081591
6.729635096850329,14.220724609537314,20.43061437166891
4.528965937964363,-1.0431920502402807,43.6201964099493
6.91173768321872,-7.950402404226892,38.79889413116049
4.136364568069046,4.75375679787091,18.899250613622648
6.763421308649084,1.6794268488954636,42.15933039414712
4.630703184297348,-9.073384688961418,39.58094467294543
4.372544886348033,6.072316942061843,42.359535583054964
5.344098589648102,8.98254466075036,20.373932281503073
3.7573455493851093,-14.276338400638188,38.08075509272919
5.0792120340492595,2.6670615789933443,15.728207849369337
2.788059648905584,13.345288227584824,29.558418850983276
5.819430645048694,-4.314732929397191,17.639726963970666
5.283241794774108,4.833108219644718,37.30399844952292
4.6328386764351634,-4.203239894527565,17.757182690487024
4.109156712429844,14.775502285076989,15.100268437267692
3.2972887965932607,12.677900834959424,25.43492959782797
6.0344070971783825,4.589722009678322,29.81566733740444
5.477645058676927,-0.4170074095644942,32.5271028835077
4.698919740883142,-8.047164146815803,22.75526292332423
6.70614956739548,9.232160377245311,23.679050187323796
6.9665951068770875,-0.5354458795485826,20.809980728404533
5.5599445967081795,14.889227570337063,25.969146925080423
2.8653329389721476,-6.158725879901164,30.5170684563331
3.635290508058871,6.272039597688828,41.789534852547106
3.406189113570567,11.868056305811095,16.446426747934055
6.77168256943465,-11.485696173207902,23.05134243044973
5.61261845854583,2.4646336446735013,28.139587934404588
5.4383540158584065,-9.041077960902976,43.997286484341444
6.011280985591187,5.786185195858582,25.993829002189273
5.067450871484468,-7.043188871662117,30.951638898805953
3.2410978704172564,-7.234256567616888,38.856477989940615
6.426093282821585,-6.663934042281454,32.71509193928709
5.840735461164323,-6.125124989207153,21.03641864157658
3.0339227258144885,-7.984623310542655,38.70638169265062
6.884821565331026,14.517607451891823,43.31768267167874
5.543458656985429,-13.678860677939449,38.522061237397295
3.6921249974719275,2.144875484275115,29.5572943680437
6.795355792894742,14.869760712788064,25.078720340089475
6.250344267999752,-4.305737456124218,32.01704792094427
6.406799947887452,-14.670844220754214,43.863518340234165
2.7129956538594273,-7.60844170142892,39.57662096032119
6.21205639171461,-12.561523649205899,40.71465440309691
5.4578548252028884,-2.866165853984807,26.405542555106326
2.738939293485947,-4.401272588127032,27.281165856965092
4.077040338015796,3.748493981727254,21.655667715649955
6.228672487681517,3.582058951475826,18.248361214614164
4.6382498856941545,1.5132386771638835,24.244907405532054
4.867698280979123,8.766383776294965,31.64833499817314
3.0081081266440077,3.230311947085813,34.547194165661274
3.662003634110151,8.45332928231274,37.522237722382805
6.933009105689042,14.136169506050901,19.357834512492882
5.441124875308606,-3.5937552195162006,27.567913299660123
6.314027071706402,-4.972582909454848,23.402807048642007
3.339432329144096,-6.343765666704249,28.058464718965986
6.862848296228019,-3.287525367700466,44.35246531725892
3.786042745087296,-1.1810248974745914,27.837599463505526
5.41329538392241,3.775214427384796,35.32182554503618
2.70534170704954,4.656786333268574,30.320818573192902
4.580102252593761,4.266464493777306,17.932240578249612
4.024467675560099,3.360618604017855,38.87300586462672
6.04183707004904,-9.974345622062232,34.03645899009494
4.404092655277626,-13.373092063040207,39.202867262336184
5.494200088703477,13.095369001940526,31.527825168381632
4.675994667427741,6.881446264699992,23.895216473901804
6.253815166943776,0.3454175775500694,28.001757078364164
6.675588198546172,-4.607368170074299,29.65756884318736
4.120685383204021,6.920635742827251,44.13588015118222
3.178410189247712,10.106207468033112,15.211638904242148
4.0262404565514895,-14.6282323482007,31.186189873198536
5.24465521987372,-13.794808808784245,35.24782999043387
4.752830976603768,5.5786958514897265,26.264436977609257
5.034213377656407,6.869101492353465,19.978760340406723
5.54395695775446,-13.076808548491284,22.067484126970413
2.909358610122224,6.944455897787744,35.00868016373233
5.062268726069587,-4.778155332977233,30.3782515263741
5.00370889282228,1.4584262025904629,38.024818424774466
6.410262390482551,8.967523081558408,36.727210679269206
6.984338194459152,12.477825776535624,41.82640205603879
4.629776364145702,-5.651412617159783,23.308926489469577
6.1335928917367735,-6.264453022318261,38.915532413670974
6.083500552908848,3.00236482829332,21.822074765091365
5.082461613692457,9.308825739990873,28.809987543378625
5.825057120182315,11.00366363000801,15.660235072669684
4.267470098166734,0.5370169770218993,37.02183457574122
5.84312684610833,12.981922422790806,28.146726209998583
6.608078529789738,1.5334077271548558,19.766470582643954
4.975577564251551,-11.140136360957612,21.485626699923596
6.51731979802121,1.9536411075865487,42.980813487447165
4.868683530055321,4.180386664260258,34.12123649449593
6.809025529733807,13.621041268622399,38.89781458308165
6.785077942829826,-0.30158909162307346,38.10425357838437
3.5062844592391547,-13.24733619137169,27.129050377767353
3.0980392973711512,4.670776606498482,29.08337696742953
5.105210483698579,-4.121238595557383,43.411657739162955
5.5057269220198926,7.8696203289465,40.85531983345921
5.788052864784374,4.685113957479771,40.63137941792022
5.249456714678278,13.645809153185436,42.14008791685971
5.482987142169826,-3.8271356200594617,41.9794845669321
6.427553639416289,14.232945584097592,36.8242135176114
5.724311423406616,3.401627276149295,20.548044956670964
3.9366269155776528,-4.449348020225244,40.844663771914185
5.221451455930512,8.882290378107822,18.146524552030158
3.991540488413201,10.7025833728643,40.1769474848723
3.8836484353653136,-0.8874305529065278,31.122836896380672
5.173573926703156,-13.89316919957166,43.83024661915065
4.480622012371181,10.598892483309243,44.20216025101028
2.9001092663484274,6.000825034100082,15.695812126267697
3.0167209805346307,-7.194293830300801,16.529865733805778
3.314381212466315,-5.471962761064615,21.295605971993787
4.147425223822966,-0.6410929686397644,20.894568785766097
6.195972201764425,12.89972313449973,34.00321245840789
5.406637666055106,-14.09550516755714,27.955588428245388
4.0649672466789735,0.13026510888611043,31.843467637594557
5.278294566911999,-1.0820948037496443,32.60469141087553
4.6696674187778235,6.676615043212813,43.20907824050654
3.0272846944305822,-11.9548868552317,43.05840351280864
4.863104471539863,-13.286066483703896,30.02186276453729
6.752717119708683,2.3835386566611376,44.432210616826595
3.5627846569239474,-5.019780950167942,41.20928787847604
4.279480768886211,-14.924437266112909,25.439443460267324
5.373582992355136,9.043541944966698,36.02487582146106
4.66584118084727,-13.680996044069259,23.78571558704884
2.9768928755999133,-8.508162532304318,16.403600203883176
3.599349340013115,14.353889752303058,21.49812780376265
4.772895627091744,-12.981725915618235,23.39593009977517
5.442279374694003,5.451549853182801,28.35028878577073
5.389843370376043,4.051516504990875,19.20053064722107
5.7382230498255185,-12.857802023901172,19.06020559628461
2.840503790659959,9.810173926317269,25.260409218707483
5.5583319986282635,7.735831336096574,31.532982151062058
5.331287924361975,4.034128515899635,28.69295561392434
4.318901098913279,10.653179331469367,35.78332212539337
6.027322103325531,7.637593471381859,37.19096884024125
5.370714173536148,-6.700783759595351,32.82113341716904
6.23004175154076,2.924583741941241,30.751142578872106
4.1980449367596355,3.7178116083941646,20.74614687654923
3.4348968474378028,-9.147174147655535,23.44663301018238
5.946745818912525,0.08225151845831746,22.854108370210405
5.913834010181628,-11.311738764196212,22.236144993228546
5.703574954751566,10.190968243983331,35.99547753500941
5.449937260209811,1.3800804900911814,23.33533080331787
5.064489547836144,-12.313416113993307,16.24106327939811
4.719915398933239,-10.653938172201435,29.042607356059364
5.814487395282129,14.281042301757473,25.795185178175387
2.7849667024331253,6.976198367444127,34.19822367854047
3.876784787767414,5.311450539441431,19.553352687512092
4.211803056862107,-8.764452659799879,20.7097818389513
3.1459487941114,-5.587665817077873,30.710366739345496
4.531655915604263,-0.3195507423306587,39.00357412526471
5.885312141229596,9.320694747422202,21.644558707356296
5.324986223158693,-10.811090569028256,25.116101217897246
2.7124200817879425,-7.204639253306817,41.84207047679246
2.8492345661471425,1.995029709740816,37.80917573203459
6.990773287276211,-8.780306877477303,19.420876579772496
6.143989907372763,9.001579895671995,19.325107593046457
6.4470756725240514,-14.081659508293615,32.28726316795391
4.717688953562174,-2.192263455686035,21.95263455780237
4.306107093539429,-14.602334883292693,35.53561139291948
5.594721861652955,-9.474813949712447,27.44202677335397
6.8471737725154815,12.601478130890776,17.073231138588294
2.6830857933482632,-6.1614982391241995,44.173898468053586
5.571981278906584,9.18219857651269,34.56170459389494
3.8252501897586786,6.872634518234456,19.680638185517324
6.870823872043404,13.749304246293207,41.29281608124578
5.488448833271667,-8.145147657728376,38.75052329116562
6.398018601495267,-10.410626097732191,38.75711827228072
3.5577953792507158,-5.081362571410265,24.90497010230085
4.317135189563617,-11.726171308732155,34.664176156659494
3.181823849880912,4.623760190837867,24.25915148851044
4.6349729104981146,5.406708986922258,44.83144789087119
3.132243301875648,0.9786705275082266,18.496925760263892
6.393085531656878,7.01018558930954,37.26588677254358
3.4086918496689855,-12.011491182125129,39.743623977671426
4.571484280109064,9.728049048180026,27.601053353626888
3.075865549152072,-12.066059021615171,18.132710686750222
5.328352406465109,2.896132255259591,40.155038055015105
5.976119863487204,-1.1107625876388827,17.382993143156575
5.910582430553067,7.664363645533175,41.49177073655939
5.510703555316555,-5.911972793595536,19.81330427870622
5.2875601937548655,10.665577572359997,19.10283335829145
4.968369388088943,-5.894977126088023,20.38601837104616
3.901973901353555,-2.337845172551182,40.16782488759836
6.0685587730024615,6.957178317393165,19.786719094432485
6.466324532689674,-2.4036605165791745,20.822394421449964
5.263204559689292,-10.207421264713131,23.062137082269935
3.1386895323387507,-11.803023249370323,23.428396646271402
6.849020340967684,13.648865603050858,33.123099163553874
6.505673380023072,-1.5738557239147841,23.62082294976053
5.479272466705691,5.989179182960907,28.76014768558352
3.916487410663742,1.9391441399699545,36.817821858218764
2.9717207927544074,13.873431656731611,16.86543818105412
4.223377756866862,-4.016823685626871,37.098582436868355
6.704211828587524,-0.021087502715982254,36.96460628119902
3.8466498439115995,-6.755429605645835,23.50590986265977
4.95974776913428,0.9650052370562392,24.146408032880974
4.391277822639381,4.347745207377976,30.381219963023632
5.482319727351501,-11.188166799903255,25.136056575739488
2.8738537267023916,13.372989297597062,29.457106626293157
4.697917944096796,-9.627676961552876,42.74067225839464
4.369831514689616,6.307677891051355,25.227365845706764
5.213745063388876,-10.499429640170831,18.88176926861376
4.395149157732437,8.522049110808275,36.2289279530558
3.414071309062401,6.457712706633831,34.06636299131745
2.770806876775306,10.063104609067153,41.23193029541892
5.238513969419437,-6.288119192330511,25.354527769886474
5.419872147073953,-13.912888432027895,29.36194460662652
2.675083051191022,4.397729511543073,30.573750161258403
3.2239563881986655,9.917935284224463,39.93390651756945
4.732052518081019,-4.747380974713435,38.13062902857456
6.125370724101667,2.372911440436553,42.56390598130352
5.971186380202646,-14.667854366026923,29.27034018443011
2.761060127146366,-11.104197454033315,17.771444323517624
4.2790578278668745,11.199329157382017,28.489850787728706
3.9253534828624463,-12.821543317297218,33.816304456001724
4.2584837936464774,12.21961117045431,18.34413139670315
4.59018884119679,2.736953327539517,28.275078236092604
5.615535318291669,7.349989481687441,25.736645428198912
4.715452701275335,-1.6788599715221295,44.5419055374892
4.731252838271457,14.654316337909012,32.700488197153504
3.536882297324201,-7.06277812846951,29.104991085896742
2.734211261593136,10.723300233867388,15.425933242274064
5.95145644475855,-7.834937349228915,23.474237815515636
3.2362971368906335,11.219346918637761,24.247838256370592
6.2373206142295015,7.297081713516199,41.7086257546128
5.643968135296095,-14.535938073802342,33.98393073536135
4.032360990086433,0.33890548399492637,16.51158540174348
6.647749489915629,-10.53853321981717,15.816323135649112
5.255261994351202,9.007365612489263,16.85353257636728
4.086711955587123,4.456442405453608,33.73170058858006
3.3990689289607574,14.909123970833885,23.719012964510632
4.552621943375768,-0.3698656120188275,20.042506308456545
6.515671043829434,1.8053907728177698,27.6087188328935
5.408534132538621,-14.144334720576765,44.37926668973712
4.022547329496733,-11.332181718174802,27.894642896436295
5.335754095249147,-12.380498360554192,28.639447102187958
3.2900418542125416,-13.01793346529238,27.4013710025905
2.871004382886288,10.992353022871846,18.818625084003845
5.1669846033724705,-1.4823115103058893,44.39804565249557
4.924767268146309,-3.1236458369705318,24.278021581488854
3.400141960145382,13.115435128774127,29.411371713059104
4.667124956777661,3.917266731913564,37.95021383133404
2.862963813876143,9.023327207514583,34.81049074426652
3.865991875645215,8.203417895055285,20.208626487785747
4.139003361522967,-13.65121801709664,25.363781774743927
4.8617260603230426,-7.845137829816631,25.150240795122954
3.859334096548066,13.733844967783575,40.2160415832729
3.255616962275802,-1.000573091228599,26.024184191651198
2.660083171569441,1.5903615824369268,20.09662401327398
4.0268580819110165,-4.413205295463815,43.28249249648233
6.392651546809859,-0.6589332612959033,43.495712516344696
3.729041614088893,7.492983506821542,23.694596678364178
3.988176185738692,9.705764815299432,44.26344606108894
2.8029232469793377,-0.8623743226082095,35.34240552919029
4.591668461274804,-13.485387887028715,44.60357180336236
5.336817846469812,-13.996725150712606,25.732144437975318
3.2852031478209422,11.853010686248268,25.174993840676002
6.362913530649617,7.746954869116813,33.40787520289001
3.805012103455988,-14.87663801248668,39.9375778761499
3.807460294122878,-10.198395685877628,42.49344570080344
3.031421956214766,-5.515674754771837,32.00165722976105
4.540273115271651,14.857684560179177,39.65098275070257
3.4163184484464892,3.350912098115945,27.710414963393248
4.817519731045932,-11.2197736129793,23.709760103458265
6.471596071378017,8.869405234112037,41.21838109139326
5.446428031184462,5.6954051947968125,22.412542665999528
5.840373864266885,-1.0378245896536242,34.03271148627877
6.216526902626466,6.418586257180838,41.96470577008462
5.606924873598179,0.043120949243419915,28.011134769270104
3.7192866487342195,6.40615469121882,26.606053975300362
2.823335764311619,6.4262931283102915,17.4437599147308
5.682698323064267,-9.178834025557691,40.1282817859273
2.6281160710441234,-10.788576204542577,17.550567218673876
3.7905335924241097,-2.1127899334732625,31.68785567688014
2.66052789724266,-0.5256396395378697,40.83982131602252
3.1850430214555936,-0.06900556039437866,20.151911864950655
2.9576512621140516,9.169415662323509,33.68120101232759
3.292082423694178,-6.795878497013069,32.71937736911968
6.5771482308174125,-10.264446466229714,38.22934352981993
4.156719355009557,-3.284014254466447,18.48388444688499
6.70062184501155,-8.728943989302028,29.841342628213557
3.462333159389112,-0.7473702114879703,34.17724928244449
6.9036334802668105,3.1493910463989288,43.051571930836644
3.3962033494945656,-7.5099663309534765,40.307513925816494
3.587750434363108,-14.202494116388921,23.007276730150164
5.358458697334398,-13.090727325207418,39.193326360384134
4.5596255739752705,-8.896846248346458,31.417967241605226
4.793142289351502,-10.776079227161738,38.72802324314205
6.792755221231266,-9.454480210687155,44.412735566378146
3.8223021127291004,-14.523783946141434,41.21447068325642
5.564105786613138,5.474176866213295,42.05334868475706
2.8525162313747625,0.01297339716673207,38.54448426663123
6.9240614641792755,-2.8548160395875737,26.857081880677285
5.012328966600668,9.697276816190367,31.578679211100898
5.365570555334553,-9.745555533304548,35.32899100142362
5.915399373603565,6.717379897939399,33.36054368696501
3.111221210792579,-7.7314528331933134,17.626885401384367
5.420773391419644,11.943914651223245,38.922453311790434
6.605851594983161,5.067598288771322,24.802291073127847
6.2092967807333626,10.868718913043391,24.778359084186242
4.661995023046194,6.487357235277447,28.457207818281667
2.8125752545831424,-6.638268010652448,44.591389874460006
4.073591578574359,-3.9976399686857107,29.3742553399188
3.208206893860041,-5.211961553376675,42.618735287964995
2.768138195057944,-11.559346370576124,30.965194851111058
3.463537698190095,-6.017251062906556,28.743777531259422
3.1744433542855144,0.3818969097602025,36.26944764411313
6.426354499780642,3.8397519233723827,41.92840935699118
5.129388949017937,12.153005870344511,28.95593588255361
6.4561922984070685,6.908860783955035,31.498392433063515
5.501713635210891,-5.478692202193255,26.175679935469493
6.911073599340252,7.075791161824213,31.37024642027956
6.360715729446019,-3.9317285630640058,33.27332020290735
4.954148420790042,-4.005394807080744,18.388998835738764
5.1365574111604655,8.988733496592769,27.122798291369005
6.4142536732751,3.0150179639520047,37.17592446418773
5.281842582636407,-9.115097495136482,33.56846300649549
3.787489482912486,-3.9494134584249814,20.832156667867938
4.000028039500081,8.991369932542462,16.8020481659761
4.1340853480064546,-4.885287209966416,20.42026121522365
4.415337042861718,5.157326375812346,43.6277603646316
3.9676834094019924,7.996576701973083,28.359221650393213
6.101289627026233,4.474406591365614,33.35800878640702
4.335445268468323,1.5380140574683239,15.414636880761842
3.739975330175393,8.414646688229976,39.13656601999624
6.96520553661068,12.947137767278164,34.9357678018724
5.617771746034495,-5.339512751878004,31.036943556370158
5.388080185261804,5.115671202980408,41.862898722271154
5.659256997102888,-7.459989503813212,29.56372954983324
4.097697722584918,7.338663572885473,24.584708348481694
3.103393888887709,-12.99610411549379,30.622123708226944
5.082815535769342,-9.335067208199073,21.17365492270804
2.8556973109851853,-14.092120450766519,33.48210128839465
5.854153577370774,8.845840372633369,18.682237952575377
5.435962672141874,-6.623469162244556,17.07679065783976
2.6694875871488866,-6.369026172518316,42.665192331178716
5.251019558876072,4.909162947650739,30.653287479368313
6.545127945193039,-3.382026030406198,30.585376055898063
5.694848662444809,-1.3889518797968456,41.143792350840116
5.586604525291289,8.624793024918521,34.05521412156524
5.572817842140801,-6.091789287975903,15.986492173545003
6.159833552186536,-4.724510909439498,21.27362053311875
5.357796421969484,-7.257638558350283,22.841066378778095
4.102383713832415,2.005511704301373,38.809859171707714
4.196875059240757,0.14102951476787418,20.14025905644077
2.874492767001566,1.6029673055483578,16.93745090886485
5.070234926078781,-8.48218840854755,36.09525297389691
3.078693361069788,10.48271778904731,19.435088306625282
5.311488340565241,-2.3122451201429453,30.302692864807163
2.6395758803492586,0.019167365765946798,27.920695589738095
6.754164411934886,2.917331345851565,34.45203192143953
4.703477459223771,1.6449448788090777,33.26979657271136
4.192196239838494,-6.289749808236412,36.8015499077068
4.746289889047372,6.449312757254997,16.210318390751844
6.789174142181226,14.413881345768253,36.466969802590484
6.334330309566642,-2.48815574523962,15.220335772562779
5.36900919412716,-10.877594100141408,41.01542218802025
2.722167075761272,12.260036118077863,43.654349957427016
6.266912589907294,-12.372187904831344,18.15418505972229
5.0232910171510206,9.295490105587952,38.27351082497871
5.821576420712627,11.349773811595153,34.96023986773582
3.022980068235585,13.254156798752177,29.276377293881072
6.332044691620403,13.753507362363859,21.055125473206424
5.40295112735704,-14.349622448871639,16.65757427008235
6.624320151251974,-4.205884670561254,16.71945292177868
5.813116378084056,0.902205493220114,26.311642952823252
5.873758615689212,-7.576199234865827,39.10381090841337
4.252795899940981,-2.758691131245685,23.08215815942278
6.02407659433633,-9.052767864742775,42.6343314715768
3.854760191718196,-11.04343763923892,16.571579828327668
3.2751033583013807,5.055362635056074,29.996450091236273
6.923598301565389,3.854037283412527,26.16520432294735
4.888202072239576,-11.126077228132269,43.17697347174584
6.014581989338556,3.372755119264081,17.738330818754417
6.73842318834814,-0.09478062403017873,29.482313200578027
2.687410916877579,13.99546296159387,37.307350714418234
2.9166033258905673,-1.4551739590240178,15.62945977218421
4.933227584804331,-5.939977567847354,38.90986169589951
4.346842879874581,-1.33538302881351,32.533181960444416
3.973603896493961,-10.40022929670739,37.597623380894525
6.08247009663066,6.985958706705365,39.87539703556967
3.8613952116089494,-3.213185066785801,29.38928097519967
4.994114236482535,-1.9972311395468818,16.292733217497382
3.3158208378806404,-7.5977345680002175,31.229673196726267
5.202290908079774,-0.9396382274274817,20.27800041169577
5.0377752047317745,-14.330221338920678,18.25521235822413
6.758293390128641,8.30805359840108,40.7518342197839
6.4698962905706185,13.161934349974313,35.84309781691955
4.858159088555767,-13.42959983194124,25.02339394842928
6.864049835531169,9.149330425515629,23.037967160726684
5.736001341422238,-12.15594965483346,30.018068852369346
4.586756523417174,-3.781048040861199,35.95214664811637
5.783305722021417,-12.858784220152833,20.99554011410485
5.182700252853749,-7.954629382056691,20.243037625803748
3.5494419652212064,14.447312938232596,42.72412429341735
6.507213844289365,-3.4948634351111405,37.41889839665359
2.748047434458624,5.5650551731352955,17.630901429369064
5.007522997892361,5.907647192666975,16.216358942184034
6.276520090014061,6.0846213894943695,26.277573973167904
3.6413689709923895,0.9835109613126498,30.92183291537304
6.173649057376444,8.142946663770182,22.93504336039832
3.2497157543019024,-4.947449760847583,15.454957656350299
5.472773592851144,-11.68700441012098,25.857048187172865
2.6206379780478866,13.524236980876033,20.891122373117128
3.3680822079697315,3.427255733928856,43.104585839174526
3.686625331304481,13.379460448742982,33.26252845402093
5.9474101878034595,-11.741222903229964,20.51127002658758
2.7972430962086814,5.413475975515627,27.292496170514426
5.668632396758193,-0.7718888941874589,33.95184009560721
5.752477309827961,7.134736409240414,44.01424729055654
5.896357257217968,9.331148273657025,26.227993356143408
6.18119707145312,-9.584449562554084,40.98956204046382
3.8329317800153104,-3.6088833483350893,39.69624289958843
3.564415308930247,6.734760851449735,27.89705377695389
3.3928583182752803,3.2647408576279773,18.6421353786432
4.893764477344478,1.9036440053289567,38.140565726219236
6.4753973689504525,-9.140857224884337,16.430440728399564
2.7352000068769167,-4.167674031813245,37.55966127696988
3.2536870406496545,8.798235284065626,43.73829102753609
4.340469067097147,0.010394156868558824,43.26661880529004
3.4103624766861107,6.649408750174256,40.40782140613658
2.8439500767242696,-1.396812510922933,17.96230237706109
3.127327249864747,-3.424420164628456,40.762990737053286
6.429431654152085,6.980674608834171,16.285959625170115
3.3869741483620057,-6.221623637455103,38.90298110688589
5.962042239676299,-12.408412790956518,22.54273589609022
3.6997723340791424,-3.9775432229990297,40.35258547405576
5.383348854540839,9.795427765009393,35.47869600739507
5.976370653277732,-2.728983762918384,16.477920532974302
6.508602380171748,-14.755742699450822,22.391634176548276
4.608075875443706,-3.3393984307338496,15.009992483611205
5.445147581868316,0.5248424603229154,27.740073222666947
3.1174672019337932,0.45568727823782496,39.84798658712137
6.82371641910976,-7.881233679217207,32.438724551434234
5.92263773229485,-4.953392090104467,30.52190650874435
6.597995256891165,-8.024428858679997,27.35451332777638
5.161373319442619,-8.945008368155623,40.25194609370359
4.425848834152667,13.629488931398313,44.68915161141095
6.2519048896107865,-3.136365969191379,29.929363316903974
4.161236704773069,-9.989051645408502,26.601613139471546
3.5093612469415607,7.078135197975641,26.055228140049675
5.30585333761803,12.690520784908038,26.51977314049158
5.285022357667957,11.397343722098107,39.63683535607394
6.394015059469895,-0.520741367163227,26.571998772400324
4.895281565095287,-11.733374910814707,41.01141550887296
3.7480631030697307,-10.216225268249929,29.55027422923647
4.0783043053662675,0.5969952903203506,28.604468892707352
3.3468771968052495,-1.903112699104165,34.86674211819132
6.35633029797885,-11.413167924108532,26.99937838246075
3.2457186942347,-9.048561423763685,39.39753036343092
4.314981121348679,-13.112730451426621,29.402651560974483
3.240627959214646,6.518472320655505,21.99508781748085
4.843794022562879,2.132756145295577,40.91121079609805
4.93267039256591,-6.650217309160601,44.416053908745056
6.918716040538716,6.517176543385958,29.407714762445373
3.1170371199891638,-5.940139899010774,28.41166436488702
5.870833271932232,-4.276699301623422,20.405574060321737
6.329125003979034,8.72172244039087,17.176511222498128
2.7990493658753257,6.89818308304373,28.85630030838297
2.8340123479696677,14.100435140568099,26.505974166460888
3.155369491381902,-4.98986420746572,23.439453051358583
4.345840972641572,11.408608800807059,22.677556551486013
6.398328949969782,-5.207927969310619,30.429168020602603
3.513823633497598,-11.602816298792558,36.5126933133014
3.4027957130689286,1.261631226587376,38.65124483382557
3.0862317243504163,14.805072526516845,29.238305988332073
3.421277527917594,8.080429034882744,18.941435473435387
5.965916206501202,-5.4131442927468285,37.126648086243975
3.788444117637393,-9.58759052244523,27.106825669249375
4.552799786556671,2.026071825268307,43.13661662852168
5.828327198811683,12.72134781358006,20.23673583671463
3.355893428604047,10.803762532467893,19.611437912982122
6.718210586953209,5.72098402679665,18.092569067687926
4.200047634037049,9.430731888657203,37.894383143650145
6.014008534859144,4.372134640389675,37.84347592044658
6.4897516784097915,-7.054830977416094,24.73985292717861
6.036266669573351,11.760588812932248,15.884037126804312
4.9280217856230095,-12.6582542792491,18.35855369923261
5.550974319398865,-2.545225251804016,39.545208533417544
3.7527665284850773,-2.3581318919795393,16.236964927032506
3.5688029337821545,-12.718781495383709,20.389484822216566
3.5350986562242737,12.166046683620955,33.5176290189099
6.486116300315237,-3.3836443105794114,26.562817980196463
3.9114729233932373,4.8400944674148505,16.701677451664672
5.662725508299561,-7.967811916617261,36.794427637373175
4.011588525293966,7.4337839768631895,27.948497480005617
2.9038578859092317,3.04157450833371,26.220084314381566
3.388566958027058,-13.575075969890742,34.32088220884422
5.019626758280268,-6.4447407055146595,19.30357919684113
5.327913451238349,7.704714606318387,28.6744458679041
2.9875878592850533,10.99633856037713,15.206979195196602
2.6437673092237888,-12.467429710708917,28.561831821567402
4.5741705766087275,-14.437001746978451,29.006619264301687
2.8076005832912605,1.3099789721194455,42.773903687024486
5.807216180382744,8.773131034975993,44.71783230034505
5.868315363876152,12.17697524263097,20.14665566773013
5.7043477662614945,10.119565333010538,15.507231526807098
3.5469917835862477,7.956968972266353,17.430586398302424
4.649839353156137,14.429998204035847,38.06849578898168
2.7899209852761895,12.52498027168799,24.7324161992425
5.542970226135003,1.294591303246733,15.53217194390816
3.7302877101191787,-5.436398667914736,24.98408452675784
6.711086850339799,4.153620016208073,26.858659337288632
4.749963012601485,11.39520351951619,30.78887820133899
3.0927755677493565,12.31462133451122,16.490059026301257
5.8326725960625385,-2.099338729031265,16.39078041627882
5.118199528454504,-10.866443994770393,38.13610012629709
2.6598789588564413,14.13146443367459,44.240591076455345
4.096733832283274,14.993910152987048,23.833943417672586
3.4894372767984816,-6.268988882275719,23.340134159664277
5.314761273365125,3.6915251675846434,26.77205497697159
2.9502603496163444,9.557193424431535,26.985588487028785
6.8325357543850105,5.385489113711685,24.039435034131735
3.440526544925987,-2.995692110621805,17.232885612203898
6.0823886436828225,-5.006848034414613,40.37177582261357
2.998343969632688,-0.6854874520535805,22.456357926742115
4.379497975168891,-12.224557218368133,36.47122694626465
2.8474431548211676,6.5017734682613515,35.67080675846677
2.713461529436165,-8.453962506264745,22.889457960810148
4.246387781325161,-4.469378747903342,38.405594421235904
2.650962284416505,-7.521840396842078,41.05424712022671
5.820165765075135,-0.75369237039558,28.151899078811617
5.051880385236949,5.018819149573261,40.045853313607395
3.0895740581552333,-3.533606733423264,22.44473022004513
6.705382427850804,2.073322673388315,24.64633389887537
5.636599446887113,3.861963119093094,43.032983833462296
6.319361365930973,11.263490842568622,18.514348664365812
4.380048792498844,-4.358007709827632,24.44834274345643
3.631781352054933,-9.621376835175914,32.939182437374505
4.2086500685498365,11.465659210375215,29.0165543469369
3.023611697025874,-13.011247520995326,27.233778920885822
6.049142551167243,-11.09398063976716,37.83190490300127
5.675301648955708,-13.420617069586669,16.41921246182087
2.984853333040709,-6.517369524589004,41.2673196353416
4.777996793704369,1.8274845219293105,27.15467016912266
2.910930780674139,7.033820549819904,16.679555172785633
2.878421748235178,8.158909401866303,29.531424357058754
4.462988873070806,-8.005030781327825,37.67661131568185
4.766656732451015,-14.79432732923992,36.093382360495426
5.737827389174667,1.7510781574993537,34.70239117734856
5.424021904410196,10.528430194632286,41.80314585804668
5.575007734763926,11.44182296591083,32.97442247405042
4.956387735031822,8.272860387466011,26.995430329722982
5.707349296348383,8.391060722203207,25.902518195473537
6.819999385266412,11.543488551828215,37.99083632240951
5.236361634437135,-6.619968659882819,33.73821240187943
6.551636418788709,-0.44814353790763484,41.06016671549334
4.154321092154939,-12.493655034400152,18.52350579539627
5.705659400935933,-1.4404036900375523,21.400738481693594
4.988538819956505,6.166550866073841,30.488117597718272
5.046151244104612,-11.098494959362188,43.15556741369999
6.802025820022823,-7.988849263077056,16.44175828504837
6.5899951874301745,-5.543201134961304,23.172464224343123
6.230841743703165,9.827214689756708,33.17282685726664
2.9654054819009934,6.530486160645783,22.92377651165775
3.839262508497198,9.47697804192251,32.017659115867176
4.674274603266136,-6.864221308721326,40.38818753168461
3.5672053597737112,-8.459389512735388,39.15563694326168
6.091299374735032,-3.242394263329892,29.76731171454695
6.91294750446295,-5.854206695113152,30.496977301816877
4.12987588518436,-10.102553250765096,43.65251232870354
3.7014398485794837,12.914712680187908,26.959813804898516
2.644779403896139,10.594836677750806,22.88090663789998
4.42205726687336,-4.922894535009606,20.124448779703556
2.77176654375312,-0.1015350986598147,38.847456428138386
6.944493624319961,7.110376300054572,40.785584724233956
5.740319806431996,-0.18965623011918353,42.398650202728476
6.828191022540851,-14.545806168659329,30.53859910406983
3.627697146275317,8.559571070396753,22.450311231731487
3.522854281405923,9.822552394063695,30.558155230693274
6.908985410655357,-5.161102762866815,24.598011109162584
4.062747794119312,5.875284252205567,26.34167443883664
6.301991499112267,2.483392355793452,35.169041504325975
3.2520892113065814,-12.086318249642032,39.09290871051485
4.786741720589005,-7.671453786861037,28.630302548596593
3.228782534731687,-3.386303332574018,32.98321774529673
6.23290850617505,-10.76701568955976,15.807457721662963
5.77052047460997,-9.189787117546182,17.624208593685236
6.468791407223172,14.660220203222512,27.86668234917683
3.8752755471932376,3.131679245629627,18.597963370601764
4.993676572015,-1.782056696972159,38.11723593507841
4.7466178355920645,3.669349704903425,19.969976854038485
6.942123735326393,-12.888484594290714,19.71513191036267
6.524414845919635,-3.434760083324882,37.232535490483045
3.234899324366089,12.631218132353677,33.34534604819794
4.494610035859884,8.830133377269313,29.616950532908326
6.847817939286436,9.140812882858171,22.848308481553527
5.194809075943729,5.846675825785972,19.602482825484593
6.152417118889922,-2.6213318126415732,18.622150410595253
4.532100530773718,-14.726180256250958,23.63502422326537
3.4532998834597266,-7.926753340679642,32.81610049204533
4.9023373534183925,5.23262800614096,16.1836905187037
4.769170270167912,-1.9242015154709247,33.66838006619015
6.441434859660278,8.024702550372872,41.8458912028881
2.6624081973414637,11.930919469797878,37.20911287738777
5.475696968283845,-9.831683587867271,37.247616841744936
3.3068228461018934,-14.57943247631521,15.287878418278613
6.5711834920641525,4.100861247167305,35.89060883213497
6.981554781394695,11.599694117816128,29.139531389625454
6.637124100118443,2.40249024746009,27.390886521084965
6.0461469908242025,14.761600972824546,25.952606930096135
3.4288196612537125,3.2959137157540574,43.5216628288464
4.623671538478656,-8.227847257747467,38.1791219708316
6.080482086898477,9.537934782570748,36.95044013306037
3.3092312792081753,-8.719479098625413,28.667427373995455
4.7145037925493885,3.5121342409367635,31.46963055271768
2.9299837125408983,3.74220523162532,15.147687790057923
6.3613740299885,-1.0298222572765123,32.647973992488815
2.6614946069947156,-7.444087871464231,16.520428399853476
6.926394325346242,3.6542390853164264,16.525614460208914
5.585166589668441,-6.8347291140569375,35.06966594968151
2.907082513043858,-9.855628466609627,21.08753257870277
5.058969636237023,-13.781410074731145,16.617181947366532
6.44659994227748,1.8785776875218048,22.557974906355987
6.3352170368387775,12.078575984973426,22.56676615205552
2.9770202574771236,12.611568354457184,41.40657285979043
3.702437066086835,-4.088191921305688,20.777133751676114
3.2263148456134862,-4.241480842338969,30.68870961061625
4.734857477106134,-7.614328813474053,35.19837735778314
4.1416407491587925,-1.72604761611694,19.957711599041463
5.631576076139542,-3.3975560460579928,25.823764560298354
6.138183762498004,-8.655320086641506,22.348256599053787
3.347615100261393,-6.5205048338898575,15.92383654704061
5.118291347585718,4.780199399451874,29.519486031324995
5.550754394164125,4.513317392323135,22.32768310904057
3.4132137996759506,3.4441524848696368,26.93470043441995
3.9882634887128523,-10.845968916019752,38.97229688877948
3.3382604767517194,9.076454243343253,23.415312059947652
5.216540720395852,-14.933945199711005,41.306167920377064
4.0846254022702855,-7.222190338555779,27.008989878412557
4.5936279010188175,-0.6925099738287557,38.43548067421493
5.565802760969744,-7.501817565586949,28.51570337419969
5.673448756460203,5.666663490742778,19.828200581257946
5.680587375282552,2.029671676678568,36.888181304225725
6.122031288859624,3.0967116438371853,28.56977245993574
6.3331121488656095,-9.542407738566398,29.759472398859934
5.395499378115637,-12.451390281466082,15.021963977555908
5.485208338484835,10.958438794499472,19.54448002115787
3.3875170859462465,6.326670366834357,24.933914339066945
6.935579809877371,5.691666151689816,27.199309378479175
4.995461869077365,9.740589949058997,15.460019694632416
2.7920327520195842,1.5757204297167924,17.728737567826553
3.5003412242139875,-12.299300171143667,30.240537480917112
5.9058870419424,-6.427583210953772,33.63384315502788
2.831451947584872,-0.5108890014899483,20.77199773711488
3.4325343188316415,0.890704423670357,18.701684360683398
5.0597916169156925,-1.8997144222814946,16.350469354234505
2.7669718157530365,-0.4156704883603446,37.003077899947755
3.3677663953851775,12.7709687218736,33.46053518807789
4.9190880801875245,6.543951123473608,38.21049100581236
5.18896648378869,3.8960322634929696,30.73675516434875
3.2619934464301767,4.022238923330935,19.918409588465757
4.441337788150627,-3.1858120118045026,21.194166767862725
5.867556256135936,-4.050886770293795,36.14143395249215
5.682747520913285,-1.8911973874422365,16.97996089668058
5.350813146550058,-1.2724992009425549,29.184811132688132
3.440834558272801,-13.384338309061565,31.823269586380523
3.0093296708199158,14.252826207535001,22.123505581723364
4.109712146431458,7.729500326958689,39.66505005214741
3.329201331084048,0.6457405630406701,17.42664102166696
3.523884289847773,-11.579319319450772,38.841012608209105
5.8060612673577925,-2.9850925745160843,24.883438716887085
3.8744784443478233,-11.727267579474294,41.73900991905744
5.075392520302019,1.3705432951172654,18.690295896477217
6.456489067221746,-6.732960611208329,36.390865308152584
3.1659986097316017,-10.18754354731217,43.22272696132506
4.338183225740547,-2.2000923592162565,25.043682698043426
4.491730824350297,3.0923539932300628,28.97332681399003
6.833843807417604,-1.3577535631360078,21.77138287550354
2.7825490813596296,-11.430381887101603,30.331412950350483
2.9176472962060522,-12.488028375549552,30.733888826481063
3.235862582071291,-6.190917719644981,24.005205383937913
3.0878931391150446,-4.646591760487258,19.504199106981034
5.059547066119066,4.131115964077189,19.084511548264235
4.224521719555195,-13.001844844623022,31.71861343307202
5.366539621139992,-9.773586912295396,23.286960593222062
6.222118060365942,5.264707071077986,15.316637466843332
6.580530474012129,9.453260465070766,20.401194340819043
3.2695478190341247,-14.430397842783695,41.948394848762405
4.164895346327411,-11.59014314189118,42.43150888826524
6.568298248395211,13.496917834021907,43.480884793283806
6.401332704680157,-6.831140445436015,36.63766296841953
6.10180033941228,0.2873906937791979,35.49386955234553
4.8091635960523185,7.43815158778925,43.035691867002505
4.550403499484506,3.487635461187132,41.160863582880644
6.656959795948282,-13.655658129120154,25.616613398798304
4.0899204132349,-10.596777677345399,31.028523389919233
3.6083542431395257,3.9892641437102725,20.58076757981655
5.233709135031403,-13.579133263591293,44.13115519939505
2.7083253541136894,1.7525373383286933,21.44034044680789
6.8300569936356474,-7.482048568961991,28.885244531505663
6.091763978176989,0.6138610538558549,25.698852327066145
4.575489985329539,-2.0142536655741523,32.13238996940328
3.7808463493928395,3.1078573061191257,22.5915588644914
4.128412669967308,-6.974523970882968,44.351108035523225
4.412770495210027,0.3538759041310069,34.30433707488746
6.539233338196606,2.950247881514258,33.287433181855675
2.8436252650736162,7.824499437982347,25.496679034636454
4.989579325429586,10.820889822418948,26.42804960641586
4.76826337953935,-5.989032645687763,37.996086802780496
6.524013724617385,9.176948249100509,21.252165870478255
3.5293936794206635,5.919865987497612,33.11699498787812
3.1556685644794538,9.247953433659767,17.678516083649967
6.994680874744195,-0.7918225070215126,36.3558061852742
2.989186311791596,-13.318920815692247,39.90281290677973
6.096827060743237,2.9848236905700425,29.448358560530313
4.179203758054541,-4.303974860880981,23.765209627674324
6.684832721928301,-11.070700532911797,29.547349145889
4.822619356786008,-12.261369806337093,30.433990931536627
4.679680754369299,-8.626902530499738,32.571719896252304
4.1346348250958105,10.701780160274758,23.24678389572494
3.804433217984638,-11.646729471722276,18.016820955593364
2.6483029258990602,4.613199515319337,26.133004714469124
4.732707705602747,5.531155217422963,27.58679971462042
3.9053926966100154,-1.6186266166760372,38.310394341922304
5.3730227809830495,-4.763216244339137,24.952108666620695
4.720717332712649,6.374186850255622,21.384979212633226
6.831414825362035,1.438646776872055,15.150502667264076
6.157857949436627,6.660780751253387,28.433014686254843
4.568410412381306,14.203743080815531,28.206405347111843
4.0873814936190245,2.3502598932234733,32.00666265266359
3.2159918832530066,-5.69994509249633,34.207528025687125
4.401038248864296,4.9171175440806785,15.603541676253323
5.2708464028475905,11.331800068653834,15.887157295671965
2.968677683798421,-5.6175345572142525,44.87897352671751
6.005332477340188,4.628828512442272,26.831117939666317
6.248738064025007,-12.42418089220061,39.966402143779945
3.9778140589775495,10.738196068670678,44.33746644695203
3.2582280013306737,12.731245982461715,30.51862393039856
3.276380435584999,-3.29479375063797,39.91269330484411
6.768030569922675,-14.96791696448972,30.798906711554842
3.2036827093431843,7.266463083411445,30.24495973924506
6.437994074096002,-9.58030650913195,31.78539067635088
3.5010040171893606,13.781111232379548,27.553589628517418
3.4490278565419246,14.277050076760304,33.88832224276927
4.739035825024342,-2.0510885178554084,30.533580952622806
6.61699240168883,11.926561624557095,30.974718902333954
4.459991287276466,-1.5978818862230924,20.189187314499193
6.045113670301962,-4.909626467220102,32.78105964337752
3.0053347203201546,11.604067378608708,20.92294342872939
5.337530167734231,13.30144659130648,39.87013290210898
2.9207873467740533,12.128671939261814,33.18585975983654
3.0968895806454726,11.427957175892665,22.79995586867632
4.737032947126163,-1.0526478074524714,19.943018460629283
3.3285235823600097,5.551644245825539,27.329514319937037
6.891160850627978,8.955096393685082,16.2491495407099
6.079352520824936,14.84391143911347,33.149994893138825
6.359347729159834,-13.348657532608385,42.834158928591
5.622324917488681,-6.336747502214379,29.801510199346378
2.9141128654815587,-0.5825634447983798,39.56361225633338
4.87128186574467,13.79848848058657,29.1456704404552
5.595615366658857,-13.313296797841971,27.021740818044627
3.3758556158044977,12.906695695664002,38.94881590729753
5.291075754930111,-1.217325277259878,32.67817569867522
6.861283665071877,-3.9664775343119096,41.13622809766983
3.5953042351162154,11.416226447216651,16.09195847829776
3.4016890727691695,-7.06799150391971,33.22464410388348
3.0541261161380455,5.709693650785251,39.81174563294644
5.181007265779639,7.5104676689557905,17.491053062162617
5.63414005912707,6.950506225265791,37.429814778054336
3.6365758264613595,8.423702232798817,38.74227641730428
3.1530384507225806,-9.750352993621181,34.0225473579913
3.3481057652190316,-12.279051574630074,36.379998531647985
3.664044596530208,13.701397994562463,34.2505799969589
5.913377301536188,-13.986328808342362,44.17021902031382
5.693390801580653,10.299912147993538,39.63223053534105
6.780000293165295,-5.677317630146845,16.487074453073085
4.8208316069613195,7.888440847530333,39.41516022860399
4.343306874305031,5.6752980561019015,15.835452469988045
3.7459624468676944,3.6168853553464864,44.475297635827744
4.510405689660514,5.103614695239738,23.18333167560519
2.6738460246458784,-7.814563297669422,26.731740643083352
2.742066972871,8.677170984490495,40.57413270445331
3.540058479713591,10.9116784975939,41.72533645501355
2.7843217705168657,3.8563274713854945,39.974465368178194
3.676274445645338,5.198735946441854,27.888522369214144
6.607221058178441,-2.299359014784752,20.692661111637076
3.1511214283903977,8.74792062248428,23.664339509300863
3.771519900312875,-11.973238075989531,44.443691661929094
5.9941069544423256,5.554964092791433,32.48626652643607
5.240965758667391,0.7339213429547584,15.705641526343554
4.704118806182091,6.498444219029203,34.861162540617215
5.133509530679783,10.233534623466447,35.92287208092233
4.76774614481953,8.008733821029548,29.395960445390998
3.723747569762969,7.680519749728408,37.73822133592097
3.9897909947290104,14.917834572317112,44.849137177246504
4.0620722328348995,-6.747020461105759,34.202361444628515
5.087895452877739,-4.477665605755398,35.96169431637929
5.90230483730004,9.970290028230089,29.242087477936842
3.6261908515728267,-5.1594940974445915,35.63433002612119
3.6830022091849166,11.121200936040175,15.48079378864843
4.684424109054856,-13.039762880177138,16.082507700586262
6.506285853153685,1.8369066925798307,39.86800098230653
4.343803480968931,12.928078909055444,41.43484271290589
5.140924398778761,-5.265460972460046,19.057097553576014
3.2016362657563415,-6.937398391021146,34.43122604870859
4.374214012184661,6.01862758454541,21.32042348687306
6.858379910682301,-12.501723024947095,33.706967134066886
2.8541668839886594,7.826955300980146,27.77429980883522
5.978186262189998,-0.034412395228287096,21.747010823141245
3.4520532695514694,-5.1685396338458105,24.06781397506398
4.0183701115361306,-3.7564736401771803,43.25465267739348
4.647204994120475,6.7630309814312355,44.04509763865864
5.21518459436867,2.3124557785415014,34.05878780633441
2.823935043156999,6.903528871087843,20.217768340182637
3.969452715373915,-1.3630594821228765,19.37133472452604
3.323195517876935,11.731284960827125,34.18269199706964
3.827766822599778,-3.0374152198799518,34.75831740939718
4.83594689615161,8.554231955093115,17.247552185712358
2.8755918387640422,11.683300343738058,35.37058350434053
3.428455618884607,-0.726941860786404,29.05275115298521
4.479247860665215,12.484408064721617,32.31690654201725
4.016813835010133,-4.4143566063027215,32.39149165313296
5.991242767067157,12.741650951701505,19.460487093380717
4.869683823551142,10.746895383510424,17.295433773743394
4.582756762316825,-13.461304044269548,43.09875877509944
3.5988743942590493,8.169155210394837,15.952206065011506
4.380686094937939,-2.2291848295151233,16.554935358757987
5.677523957634502,7.224799216513247,41.35654852997665
2.7839255402623824,-1.9834293020932083,26.705011025413672
4.457938639984338,-7.464879384490995,28.69705620258127
2.9290169741656067,6.744338400934705,35.689413013837395
3.276983372239668,2.891057972172508,34.38057825271046
4.931751765699075,2.866194334510979,44.025041177788296
4.39077549574871,-9.771722611800584,42.21514093130719
6.71797160644567,-1.6849938535344382,32.5854310796388
6.567154570034303,-14.109306992687703,32.704736242811585
6.172031392783172,7.380106664751736,42.552020821240674
4.879387678501956,-2.6138370611764046,26.353898677046722
5.960010518243029,9.404956808973399,36.17019152292074
3.823071665521369,-10.179959334973773,35.52843749208006
5.02192348367951,2.1177882102746715,17.083709741471893
6.153468404322125,1.9539612351437654,21.472808587204973
3.317370309601062,-12.091377784030058,22.480709535849485
4.0893389551723445,11.608357501128467,30.439835986404262
6.283816291140493,8.598221712666788,35.208682750023456
3.611301419826936,-9.560154797066398,31.890824569344293
6.12010319690243,1.026305086969856,27.714222697733742
4.148622899080167,-8.380791187798849,31.556109258706243
5.212587119818725,8.261409988118903,43.14288451424986
4.204822989027065,-6.593449451859978,17.8746006589971
3.4782147357183333,1.350154979588016,43.883231219101546
6.144623468864097,-4.11272045661995,15.231643122054786
6.84591416843195,-13.949508394734682,37.27756282745639
5.724353145107815,1.235227238933529,31.8397489839474
2.8669873126211907,-11.818715934826562,22.091657235434297
4.1783538171549806,13.011735667787935,24.071494577928185
6.112615718176842,14.409392805146219,20.620563494068165
5.870143732502461,4.309201146113523,34.578872958609665
6.201721878034521,9.262890080364865,19.870221334060105
3.6437880846654425,-3.686698181798869,21.505757867463053
6.538400325248952,-12.107866686541037,35.32788031341906
4.196371788815857,-14.006473030243646,17.46803647455522
6.14715943228769,5.540669752776896,37.781561185381875
4.119417774760621,3.606307486184381,42.91179429364351
6.75448213230039,10.616023404387004,23.673700412545912
4.680879593747221,10.404429515011312,27.7176608897332
6.275580268451451,-11.70570336192798,31.09706254765649
3.931598229700465,0.9521195434395029,26.91873250080517
4.07122388071826,4.913767983581636,38.12879387794983
2.960819676681157,-14.651413060253278,18.15310096564617
6.0773704612310055,-7.114785928512819,32.241595428440554
6.1564404395577546,6.816726819027494,41.66056456022491
6.480455891431699,-5.489613559508053,31.319523205002263
2.918716334430681,-5.728165624291076,35.645558687794974
3.8294289393234053,2.2367824107252083,37.143668271937614
6.518947381155154,0.3145829152241326,26.450179202131658
5.004879225889562,-7.000161997290755,32.87260103548738
4.014061977457599,-8.40393249258031,27.990509552746378
4.307445421706436,3.3285885614125803,18.058652481512528
6.552769349265954,8.846611654311623,20.675740536688497
3.442437251862146,-0.5772336305005243,26.568749191746342
6.268300811602744,4.771930942479209,21.514253808259717
3.3653613998470724,-9.21313801402275,25.18836101236972
6.246583655049385,-1.5704950408925153,20.840733667057922
3.6060026605920195,-1.96408291682069,37.19560952277022
3.561465773037447,-3.7738044113432316,38.111506409483994
5.300419827975296,-2.7515767122755808,29.607719572529135
6.622292509320187,-10.379508323344403,29.89901657010011
4.180203217936725,-8.797829683721934,44.40146010170491
4.2078224987506765,-13.038034556215996,33.472607758589604
4.389356947447998,-9.423573333061293,41.79379627641172
4.977198932262713,6.305464259771693,32.147895335287906
3.828109213516991,-4.875497457608297,38.67093124284976
3.214999135783685,-2.361369093932403,19.89585634263958
6.405085353821773,-7.779669070434886,16.40626457998596
5.62901351079047,1.1691295454808461,23.99897975824071
5.961605293460696,8.775725938160065,16.650777242822215
3.7591032102742217,13.962072037324862,22.91651871380938
4.159467574429903,-3.1663961426948113,24.5091523231267
5.784592713669681,13.005057395688109,27.664431843110272
6.2988247917085936,-10.36166984791291,16.279692232071216
6.62066649854125,2.6207092364956956,23.909167287501816
3.71169711242438,4.0058459283784735,40.64377408827255
3.102723036520532,-11.81290024523831,41.994910082885
3.1427250539516556,-6.42623392420588,42.83240893502372
5.994470487710451,14.487090643443388,44.944848373439484
3.1238270333713056,-8.193733582946154,37.584599159622115
2.986523311012166,0.8522453764521227,43.33167278131427
6.932588718233543,-11.764711728610777,20.565745224149904
3.534734886616369,-3.8513543086773225,21.509344513909483
6.516297430943114,-4.5771488740325665,16.318314784500163
5.960779535603282,-5.368458108037796,19.955518805188778
3.452328895147299,-9.231657514974712,17.683866341445356
6.709452375360002,6.568143966839969,35.024879298588644
3.022575418360596,12.754396728690807,22.806313772571315
6.446172179528362,-8.368737129085533,25.553180525524752
5.736439681458105,3.9279052803356826,27.67012965538462
4.222553568232877,12.583025766034748,22.088527762984945
3.2299123948952304,9.515657130700234,29.18835273496166
5.886672581945129,-13.3707779663541,34.64008995491749
6.043928812874988,5.120141241837331,28.99483308491702
3.541330840481476,-10.648071193123004,32.13836198825582
6.870337061299422,10.45140013982607,17.50073073349715
6.77569131293841,-5.906626925501564,26.689276923713813
6.745662531283347,-11.302663745949246,23.09431191765428
5.864903929065389,-9.26334637570411,33.517137439551675
6.802740053642897,8.835560452344566,22.285035463566615
3.1412575069737025,-9.599530765270343,35.338165609806296
3.563152651650159,-0.1666682159628987,35.54476230390166
6.44831266845188,-7.799887045818124,26.092640915813547
5.090913560699956,2.493405972248958,23.650445895482676
4.495313246916556,-11.790262586631787,30.02814925960719
5.641056284052004,13.35938413277476,31.702874616329364
3.0715098516927504,9.742937075657451,42.46037563516161
5.325636826303062,-7.102435740235939,40.54615081067381
3.3523284512348703,-9.0261636228359,34.71109147098184
6.425137875496198,-8.942407294614664,36.672332546949384
4.9228343618840835,12.329942193964492,18.423221660241264
5.461298517761422,-5.17708960647963,34.65623964522413
4.878294610993807,7.963654472569726,38.703610663646515
3.238125406629206,14.461916128663617,27.87964712407429
4.989926461519735,12.445320929626593,23.19819384748388
2.7757011948707753,3.099072678478585,42.65473614436694
5.057898492672811,14.751161927529697,41.04503934813121
5.041621436276137,9.03549915010587,43.18405851528834
4.928383684842409,-10.71754451277852,18.526072865938644
3.9900681893418257,-10.158004552604327,20.80297418115032
6.829225176072462,-10.243013814538637,38.708822863273895
3.907029747540638,6.84735658144977,20.366306506220397
4.98407089561433,8.400586614577506,28.305371678189594
5.366934169307817,8.110824424296268,19.009634341771605
5.662095534635032,11.86180475837406,26.179860520687264
2.7202886856549977,7.821911395273105,24.750203846710704
4.482854847922196,13.697545833995406,20.86089542318009
6.102749587981164,-4.387948142536269,17.479502962617037
6.419071157857129,-7.29245317487325,28.873136493899807
3.6341516482982366,5.486040007012704,22.21874267647148
3.064626387568765,11.991177236253506,37.282557339758085
3.5814131210607165,-4.861082394977201,28.829441141284235
4.760962882190137,-7.070773579386812,42.008483747951885
5.178546997510785,8.761458168926055,18.912939378982607
6.4632170813003,-5.146406213651467,43.769037531150445
4.688013994664988,-4.0858268191858045,37.851054883795264
6.860747671092054,-9.381141125517985,32.474137226971706
6.612445140887019,2.6066278981307747,16.91897076500587
6.1248306044845275,-5.441776706988483,21.72590809229786
3.8408453225746246,-4.283909529137711,18.973769102496906
5.469539095846228,9.749433610018073,18.93948266929617
3.0695617387388467,3.4095132008988784,27.165447489426548
4.591505741209962,-6.782182255911588,15.49969412798981
4.806681983982877,-0.9242647297964428,25.68133862843503
6.729384208712739,-7.703824698740801,30.868863664217784
6.089411774099281,2.061966608381624,19.38830079563147
3.827170923141246,14.453312213921155,38.885583110518546
5.716482231116515,4.951770307906532,26.338620459650812
2.8353798161140036,6.86493339167323,26.24702028485401
4.930737648095308,-9.275242839392355,34.10609296596293
4.1062902313387335,-3.7653368076212104,33.29956834552135
3.46896433267464,6.7248072802710155,35.193307148117626
5.017643401677918,-6.373357708824251,32.62723618007732
5.580265633680032,-6.629997092953767,33.671998239293615
5.372528623700169,12.040132584727957,25.02733572701264
2.990730226090551,10.957177494756273,30.388097334506504
5.616650962303064,-11.5811891601373,19.249128857354172
4.384351276163812,-13.08644883352667,31.253135318676666
2.7766938771870517,5.891164665739296,37.560531080252424
4.072338533362819,7.418647708549468,21.621410847432937
5.260538184617067,5.634527813904487,27.726220861636023
2.9463927220163955,-12.961181842755487,20.17965282447996
2.763314442856363,11.776089797184003,22.009818196419474
2.795136716084078,14.45840781368322,43.56766467801406
5.120376464901449,-0.4903476433072349,18.452122626175324
3.742389961979253,-12.044308411891238,23.338624770552865
5.647916531763955,8.546633753865766,31.643614856903366
2.7314781337636758,-8.051813358415817,41.31761311580318
6.299532652793519,8.669649009876402,36.94003146869893
6.690779616087271,-13.994698489159452,23.490683314818156
4.359345320927246,-14.19726367413394,36.57635768924246
6.568783344713914,-6.661738035722852,43.732127097527865
6.362234072982913,3.659374282210667,25.234381957858773
5.838348933282399,-2.5285673111832807,17.809554696645886
2.6880677274425526,11.377283657022577,26.874484287378834
4.487561392958487,1.4250264051928632,19.87229665652268
6.066036165022214,11.969518724875694,18.68853302634718
3.246376778804382,-1.8257331620824662,34.35573087081861
4.506646976736085,-6.210562899758838,32.313474109436754
3.537228390340363,7.0555831204312724,22.266914458686287
6.281184160365549,5.178865217624754,18.103508307694064
4.189083740099485,-0.05652283889511445,17.890495799544286
4.652893231574506,-12.08080122071853,37.67252530916218
4.824063976652733,-13.330023427844903,16.10048028408789
6.926994366168581,-8.760347016311906,27.24695580359394
6.593030186577508,-3.5529450266711287,29.983685336973554
5.308904305260571,9.398726133872323,22.213908482700383
3.221633503633141,10.464607376270813,24.300551528855227
4.387447880838531,7.363424502008993,22.111864792047292
4.929354499691456,-11.117804917769657,20.118722152691788
3.913320484742032,11.618432332600083,36.34757428514547
2.8694428250050614,11.811356040840597,30.568242507246246
3.3262835847271446,-4.726840420372437,31.212235381379163
4.383433959723819,-0.8756889444167992,22.66436726842475
3.9361779682354956,10.356166944841352,37.74048549939992
4.445009280584289,-5.736831357182744,22.434192196413495
5.054630887140542,-4.028917785045923,25.628853440500073
4.538412047100327,-10.137223229147743,23.399925833002
5.637189967289201,5.208051019395114,24.68066057925639
6.522012223769456,3.407290490254397,42.85941015239265
4.622899363312248,8.751509339816675,42.92993704058154
3.8445330642309066,-11.761518653369583,43.543361060206635
5.252923344642187,-10.125903400109102,37.05973879414374
4.452071720964013,11.075886500761381,39.71732631274955
5.109029617408998,-7.3139869234042925,19.019073686544353
2.731048746175324,-1.234383585486155,20.470510301844683
6.5318734758309045,-9.824239047157903,21.065428302417548
4.516222970435959,11.448794908880974,32.73024755556087
6.867367292366064,1.5956511585782245,25.591209808184303
4.15782475177227,-4.926750192767587,42.800423684848184
3.04288985925954,-1.791638809184855,39.2431726977545
4.678950045083763,3.6086973857365727,29.58522498031013
4.025828389683992,6.61207881663039,19.0239300682266
2.9484069874304737,14.718673116356715,36.449066667194074
5.141645037439606,12.908757159685663,40.83376797058888
2.8874019404399807,5.110535225199744,19.31653692039933
4.116797755935826,-0.5509532550971397,33.00958410699424
3.915167418165895,-4.031582644153421,30.694404814639412
3.920541168333444,7.516175028067764,36.082194057406895
6.323748623182276,-9.406967778667529,20.010105572457253
3.666282406037393,12.544722593043161,16.202463339302827
3.6300733459395795,6.040911285749388,15.788960779020554
2.801027942268187,-10.926304501157595,17.924704058210995
5.088718985134824,14.74060859064744,32.500493419786494
5.08421902474784,13.786330299085673,24.531607793890146
6.3218384949914075,-8.271272403986817,29.62215245801597
3.2774943227133235,11.142771162279004,37.85546597010151
5.305025653856911,-6.949238356063233,41.13193213459407
3.2982708914435532,-3.9821083005178846,34.464205495103016
3.889465661424502,5.037293334714686,42.154720350952154
4.941111657519157,6.802312210157883,17.905785234091244
6.211353396982275,-14.6953166930821,22.737898426109247
6.70272599352004,10.637496324786024,31.55797153815408
3.6224860736661486,-9.74160598579783,38.440340182580904
3.7974387666183667,4.496324649165878,33.78170726087106
6.30734187293919,-9.444164208110145,29.507149210495044
6.239011329211953,-6.4745117013344355,31.66948117889252
6.180491210084762,4.047147772556073,35.40420544356615
3.656136485554586,11.174613707257663,40.22460471818975
4.388740064407462,2.2412220625923176,37.6693048546049
5.239330766419087,-9.052446383652695,31.34184716159004
6.472587760020307,-4.887415211432678,32.33386938556747
5.916542315885767,-14.789793390877968,38.503745116243465
6.925433490292625,8.634582733406777,28.75703453942655
5.94508079211168,2.8794592932961116,20.34242327469946
5.9977855114527285,-9.164972025171386,21.1986656523237
4.171427264169699,-0.995485363824951,29.907591886492412
6.615550290696957,-9.296057992023812,44.002935534639875
3.2821123748327463,10.371012955152796,24.735735303952367
5.620649613045552,14.912281413005466,32.643103144957486
6.435816653110107,-5.770084302361672,26.287093388583894
4.958506317245726,13.53865107433635,19.668271757841666
4.731105081800235,-11.93708715170683,34.9970641796834
4.73787421581555,-8.7438287851961,28.877757121673604
4.595576296072492,-6.718304219142031,44.89613073222379
6.474946906172747,0.5166542780186862,24.94638563722566
6.367126320329959,-2.68221125832822,28.0272183834788
2.932349461895721,-7.086424235476253,27.86044038732729
4.845961299494986,12.674754945230465,26.119165079960602
6.0299374383157165,-0.7873175856339572,42.48711763520542
4.901957561391957,-14.684158316622563,43.17263628264933
4.290735251035683,10.09476178532221,26.49212699520783
6.894909581712231,-6.297732431567315,24.988779000056418
4.776385507882857,10.227234595414348,33.250347507560356
4.064050409416472,-10.173599049121231,44.955989951631764
3.8735498710864253,7.765238940195779,16.950071625618023
5.1982914614180356,8.415226427671023,44.578788508844355
4.000830779226653,6.0886912474883275,26.81892514227463
3.0055746454818,4.0681483312532905,42.24854201025795
4.150785110056466,11.298185405566276,24.39910800846789
3.0626008273209413,-9.932772966549372,41.85725765134647
4.991705475601086,-8.126035460116135,25.37531891381412
6.073176414851488,-0.1918912774707895,30.90438740112403
2.8665483995540697,-10.935395714779748,21.079209554139624
4.005497026619305,10.980420890439042,20.573465772287832
5.072284977496282,-13.448006241425222,40.677613803642345
3.600738753458981,9.38552938818047,27.570524732332984
6.429893794410987,3.9629341138509417,23.995465779095294
5.025308393934477,3.5277370614202113,27.365916606551025
6.845273325311587,5.277921031419588,37.999756564597234
5.922441100840848,-9.24771193959987,43.39987818839447
4.899979139367613,14.824110322965254,39.24997851306688
6.79685451278396,1.7936497548906551,35.63749506383904
6.398936891436353,-10.621380560722177,34.82136576076631
2.81481787255728,8.907416868038212,27.39783254881289
6.13072704013555,-5.799975980936427,18.235505181118953
5.366116185254031,-12.703469289265131,28.170020604242104
6.524846206567338,14.200652950731566,34.65138151783337
6.090386904557894,12.05899592826357,34.39787870611787
5.316840666021014,12.688121533306315,18.76200412224485
4.473954595094439,5.703824560395098,23.732822368805508
3.286421541673648,-2.5046440231876357,39.14902474028257
3.5263220329542246,14.683420466743542,42.22688656425689
6.959310656358372,-10.467083455796175,40.26468969975434
6.365210084955553,6.906429404363969,20.58498860047137
5.8849337267373585,12.149368060583821,32.46493468830521
6.903991096136533,12.299718086992527,36.22223877751678
5.737184076747594,-6.315660234137557,42.32732854855348
5.215945198389573,-11.883298236365986,40.24757883361951
2.8263357186899754,-1.331704342518428,33.2146416975111
2.751999277203989,-11.653870642850942,22.58745859563454
6.221640573243218,13.125095518790005,40.73490053817353
3.5245450212496205,-4.549384826066005,25.312381981802105
4.299347721515184,-7.3579951625337765,19.57820657532696
2.9757100774379057,-10.893570514904773,42.97193427434316
3.130362290675816,-2.220345270535919,23.862147675256196
2.665105449012229,-0.36597764467296656,44.36065978952519
3.266969689904916,-5.750351688230223,43.11289928990715
5.5927554472105445,8.15601920627416,40.09006073941058
6.497371569595968,-1.5516953241829956,23.829193081844757
5.709802235378081,-1.582665918381279,31.874414300405604
5.047414983824853,4.275200716530634,19.131672987497645
4.126780785628078,2.745852652332406,15.183543638345057
3.898660348856094,-5.305035375343831,43.15403657177269
3.226848458962552,7.254149374752334,26.783165917179048
6.599117490005257,12.70327635211408,25.01117724846801
5.888131357398423,12.998534959423854,24.74749975330201
6.460686206084893,-12.102675877845058,40.56397318698235
3.5152842795923656,-9.174080974186658,35.85968420485699
3.0112891083774356,-0.8070366536446922,35.04444901358425
5.641523341957091,-14.101497354626686,31.587496305473127
5.234689852522157,9.912322906975703,21.554076487958117
3.1922420174840793,9.110905353031047,30.663254203172627
6.397489604472167,14.308441085551827,37.62343611595813
2.698209210115271,9.589714763057255,21.48229010810351
4.772483497363947,-7.371450403618219,31.060501372959997
6.5764377463067305,-11.768725731501224,20.223005461023412
6.841919042113041,6.997989193990868,22.609527984423533
2.898651266912894,8.916493083634567,29.8846466582606
4.852569520745579,13.814449076675064,28.68729797570464
3.811265308789343,8.887896446569979,43.67692201431631
6.294679597371826,-10.548895123536681,22.722472739970584
5.679447846921829,-6.644685454876276,32.89000593930145
6.382499606175271,-6.068328448204978,35.5185629643844
2.701628801206301,12.884696322171514,15.202171675158581
3.01359974867128,-11.452744073992248,42.42029376536053
6.017398946629164,-5.014319397437291,21.684865367016286
2.8818408497657746,-8.37439087599985,41.941923285739755
5.111252562072857,-8.78986878994279,16.90002677449641
4.636614116677432,0.8208706709280271,30.00806710728019
5.201256012230948,13.485570348156209,25.786263615032226
3.0136770839358618,1.2188217055238724,34.510719200748085
3.1789583594934347,4.25563410519478,21.790959814255558
5.76694674313385,12.620442626060406,31.765980039719317
4.328274999672427,-11.911665356540997,42.534685191462216
5.700054991654744,-2.0627525323434757,27.80949180010943
6.106124970720387,-6.358123740685032,43.01567098901957
5.220292462141952,-8.644759869793095,40.59820677364287
4.985407387209952,-6.56303382751199,42.812422449218715
6.1943827110549226,8.116610317073341,27.988583967149633
5.582697071665126,-2.9058161635267794,24.003068556059258
5.392899448458008,-4.079474233528437,17.034741969085587
5.617235191987184,-7.93437406680064,37.74497045188942
5.717511095190368,7.615228615983593,34.234184014711914
2.6528652777155357,0.8353070252533552,26.187723896540106
3.0677201502010005,9.243913566900833,24.764244475188338
3.6393998457563264,-14.97177298959333,20.10278841818129
6.610065524288943,-12.443908146517337,24.817148017113052
6.951495075851176,10.759540712709995,16.87583390500926
3.9125119909121038,-0.7596381483045924,42.17446400175898
4.493163171147085,-9.588791337367905,22.17779605013168
3.6937120186968055,-13.52763625329379,19.34466660117001
2.6659031336522316,11.901145285634136,19.821632017022534
6.032680288433916,4.710749420457525,26.422467095441476
3.8341819457973925,3.345699549553853,21.260019587892398
5.110147755401748,-2.8845491698568324,35.62088598033861
4.298695373436858,3.17684307092534,24.473202781733487
4.010316615949478,-12.535764679169443,26.905181063947644
6.9756716340990925,8.243450757646013,20.596410185354863
4.475429290287181,9.166388150261973,35.210541550291815
5.123963324996456,9.128288983688282,44.10604801243683
5.334857917918022,-14.242054380469,25.939854075456417
5.57733720118533,-10.367654017362169,27.051634070590804
4.0252651416997525,7.89727696635558,28.086455342007692
2.9527570073776515,3.487472011975484,19.3749867497327
5.7650872474576484,12.580679731566857,26.964147759572587
5.468183819979072,-0.4263000555840524,41.38037118546109
3.4229996391866875,-1.6904187283659997,35.41228055652671
3.646793003376149,5.177985462692217,19.92750402543474
3.9301518173103527,-7.475736987703672,20.79412980425353
3.6154990671349614,-3.172424026842492,33.7463234407149
3.30958977263683,4.850258471308884,33.356039675337065
5.131003420812398,14.820107891079715,23.564067096096316
3.6682116515023084,2.5584374968394457,44.899046294854955
6.919666692433872,-8.357415771991082,33.1368236323972
6.395165256758094,-13.517068198049465,30.286286853342723
5.105672081263261,-14.491178608338101,27.499590348073617
3.9082859475464233,6.254429920592365,38.38456302758419
5.810374951997334,-3.73846683605006,33.920291749678995
4.140643203412029,-5.109158212232835,43.597779489736396
3.4993177209397537,14.20546054131161,40.28998295119113
4.113264002271144,-2.973332881374052,21.13204045580549
4.639115096809073,11.537521949776984,36.21984763122627
5.320590752734011,-7.841822971190128,42.577434161265295
3.8935428445954496,14.09920247968698,43.487345683222756
2.696920685313766,-12.243218673826863,22.87796198301852
4.4816815858520025,3.569233220106714,34.471290962568816
3.4166268149766927,11.10699867279886,24.10361350854769
5.62363843939937,5.326053743122099,42.856535666379656
5.8372054421962485,-1.2990945313416304,25.3145058200198
5.878314830393149,-14.829920713788598,23.230106873080352
3.039705263871345,-12.60891684741957,20.515220032931868
4.251320837840684,-14.253238246781361,22.681271365012144
6.391509786860504,6.7060421604127995,17.74489087768149
6.097657075567594,1.907279018655185,40.88711646553175
5.665582713492544,-8.918931140109402,29.31580267594331
4.875139694150803,2.422985859125319,22.014773219729094
4.794007406484644,12.254113084525446,43.45503117425798
4.470624494987426,4.302288300481038,26.54165980249836
6.895502244111946,-14.766860242990761,25.918829045938182
5.685291542511139,0.7558902834496752,17.82376411553045
5.174366428065276,-9.998244433227416,24.868230452953735
4.946537804429363,-0.7409783286345384,38.5135333487797
5.271752150030057,12.94074217905224,37.80079341107984
4.536438122615143,4.760495602715949,24.18164815206449
5.101312516445673,10.200828697757668,15.118098059452395
6.468113207027477,9.878967396100748,15.623285280976155
2.976179289825616,-10.38564513933773,41.51540149546368
3.7043256002099483,-13.059202093625675,33.291919604795915
6.789709783706049,4.069804612822431,35.989808126744414
3.543911811157847,-2.6950904454834106,19.92025494262259
4.72642682463219,-13.387523356188382,36.59259008872986
4.671792124049572,-5.753435192722968,21.314733079841805
3.4363954790644042,1.440229713267076,24.551719933499474
3.6784073067626997,3.890168037203832,35.23764853233294
4.673225940339641,1.588210039751683,21.461320698188466
6.946179085438747,-14.140389186599748,44.81654716000088
6.265672111706671,3.642170186435674,23.111183189770454
5.634638605683729,7.37855584173645,30.9384467369613
3.245073732257077,10.627786977595846,31.92366041573811
6.282084557058694,3.291834142753512,41.662823928548455
5.077593155296849,-5.357684857352675,40.78987135356654
6.900327965537937,-9.462885748708425,31.775699521441094
4.0449980470954685,3.7076190723663345,39.615201362655064
6.643193256858821,-13.47895122967281,34.340948925771926
5.287242253591195,-10.86303127818827,21.23233765480096
2.643534726471575,-0.08270217488120757,29.335827311365016
6.744631976747079,-14.561146696671985,38.20042920214388
6.909929181782704,-10.491463718692575,34.52498321634441
6.320167015238013,-2.874123857608005,26.46638390535999
5.278934261703921,10.082366920547024,15.88090618424655
6.253502563890947,-14.961845525496345,19.440176834398816
3.4481679178799505,7.299286291269979,17.218896525557167
4.9508461727921595,3.789684612920432,17.998156309051033
3.5131075932977365,14.803307941605539,32.86099605979376
4.317494841982084,-3.4381571486199114,15.402923676086013
5.103029630951416,-1.9366675855502038,32.272170874127475
5.222356433759629,5.133081001501708,18.385315398899262
5.565184902715019,0.6212128529186796,39.59275978092835
4.614609097197225,4.543362519702171,33.74332773126116
6.095664182631784,-13.87227452706702,33.033367147055344
5.821814599311734,14.945278822379493,35.30872919085081
5.969041822383356,-2.2892877129229596,43.53423933930999
4.037459903357847,-7.103738278846076,30.124964926856517
3.927595657791822,-12.51969920737366,36.60735569657978
3.466868139135621,-0.5954988717585596,28.31764711756738
3.3311543955810974,-5.852286576029492,18.044371271163925
3.260110486293346,-3.0380324042248485,39.06860491325823
4.8981655996064895,-11.323066552168672,44.74316903520983
6.910476455066266,-11.339055872864247,21.092387577898407
5.0228703892999285,5.630496834928536,33.05702712294912
3.586016595932872,-11.19347127987519,21.614434172566874
4.100036514064444,5.184379051354888,31.96276381792971
4.447015689484793,12.513955043093492,35.74986319202266
3.198270447468689,9.62240283318308,33.9924702206732
5.748457406137224,-11.609171078282484,35.062384468360186
5.852926153064908,12.307424312542924,33.854813219629335
3.3751872284066695,-3.1610496883337422,42.81983955893261
5.839234735815857,12.233366326019311,19.211008475694797
3.5826301711512603,-1.9578972783927568,40.10186006390808
6.921427791818173,10.146147130924131,31.569754898308364
3.5277818223193176,-10.166999850115097,39.78124568330199
6.366593742776767,-9.762900558684397,25.13867887516711
6.54485043005487,10.211083482049755,18.470041758669495
3.8151860454269597,0.2703294896470698,29.826378397167545
3.9945332495499573,13.106126197955899,38.36039318157933
2.8611370265012033,13.723019452440774,36.805045564885056
5.056476131397705,5.900870158320004,38.14965845915888
4.385453110032996,9.362518659360571,36.2726554848684
3.091468305254737,12.154304479281873,20.336627490052532
5.967104867735198,-2.3312173155829363,37.73175575171578
6.316297698774029,8.04351703393419,27.06110686946908
3.22332932431645,-11.209589998206113,16.558344177317874
6.1622135642403215,-7.546242654136317,39.36467288302885
4.90331369172301,-7.909932035860796,31.302546399752572
3.921205382342302,2.518642908015792,17.788916145876154
4.6855844110159355,5.828441994965839,15.334366063511903
6.629857529892764,12.191549013002483,43.5963197829344
3.7057325831347434,11.642529622043735,21.30208738700515
3.3347788647548406,14.957097962585873,17.83338876593468
3.038918430470475,0.9738683193982993,41.93094532401031
2.89727956747602,9.052271100559434,16.084303089235345
3.114021520209712,-9.963917150768822,19.762195958702144
3.019925624828997,10.349537289190856,38.83369306600375
4.3652390611415415,1.7995321155982325,24.42843608841998
5.267563453538131,-10.569800537089218,26.29336720810827
6.87392022411177,-8.95426277932076,33.41395198983339
5.199466582122821,-13.249862023352286,39.822653073239366
4.082911134919176,8.964976824620823,33.94009156398502
5.389502111434034,1.9597271647052423,17.640380538319086
6.201155556135072,7.622833679796138,39.48080413249564
5.982126955008036,4.281839722242228,32.02339275088972
5.4118649602510684,6.525177515441335,30.193795966958987
2.850033863708415,-5.038330486132896,17.736888026818036
6.310100328721521,-14.185232136411054,17.523148073246883
4.614423438443961,-12.976699713803054,26.804764707594455
4.375475602801723,-0.8574655190805149,25.931713192838096
3.138114502957312,11.308271045464728,33.697004166834034
2.7158209000755575,13.952383569496078,24.46015619278731
5.599837917778624,4.333870397044873,39.46517199475582
5.159180715535184,12.670598095503244,31.659704349361768
5.463250963316625,6.968456840412895,24.017069420074193
5.409910175269502,13.298917970359476,27.36930036540044
3.1076587728028655,3.8471276761286823,36.40634465303044
6.154186084928788,-1.5413588096830964,21.56201753045358
3.1539920486053585,10.990068631292747,42.515073505218595
3.4902157411526606,2.6448466672672026,20.638907630223578
3.596928690736161,5.048848633547216,17.925820637599468
2.879805048414366,-10.448034492678797,29.87453336909895
5.116140925168736,-0.29762280477939385,32.59592105177954
6.306368152365087,-14.480287248976472,35.03460158025514
4.573997344745286,-9.727340524444882,41.030559097775495
5.658423823229747,11.91497610059072,20.816777844438974
5.433886008644322,3.587501600408739,33.78949064613033
5.966396493421412,-8.127238324985488,25.79775711164722
5.902897231830893,3.4960690819443805,32.879650212466686
5.667825298837796,-8.16370249370709,26.402873100583236
5.205584552409082,-10.685511066856547,35.44434966709031
4.052561189319977,-9.056403409519461,36.03111460278717
6.9827066148935515,1.687855909653269,34.19150532051363
4.144207836605446,-2.183051381199494,29.03041997212489
2.993181303962688,3.3192044634763995,44.18070357249854
6.87564363647483,-3.3301115327217463,33.77419275513451
3.4560156954859034,-12.231840343752838,21.529456739433286
4.085750196394683,11.183680930677909,30.68206979093054
3.30152148202182,2.462148822206643,42.99024530934634
3.127619023245649,1.8522769848368874,32.050904551077224
3.2997150125841586,-11.394473529094565,39.22091643528366
3.628185416538079,-4.081460288548708,20.364113124194596
5.170149997983095,13.776649123572476,26.096917948012674
3.8933506246458105,12.879948428175297,18.79836817838382
5.65796648101461,5.341207189550239,20.953493096402706
5.208755655649792,-3.2200972935212295,24.477254121071926
4.733623051575359,-3.2749864212632875,32.21766316340327
6.473423459607039,-10.912937067164105,32.41308451350024
3.7539250538753444,-3.3296158587309925,26.044587733493003
6.630996710334277,10.108417318707993,32.741003776958635
6.912348336406705,9.503271061456697,31.942326095600002
6.618653526172459,-9.240100359525627,27.488255149086207
5.030420733806801,-5.198556473103681,43.40996783310824
4.399167359501932,-8.752979230538159,31.426323759299258
5.151057523812078,14.10442083981414,42.455981806702084
5.809148022571101,0.12307883885775794,41.09415056294295
2.9090144582242417,-4.971630077695586,42.92277414310406
6.039201701528364,-2.546343370019013,39.646682030602
3.5704967023988923,-7.3528900543733,27.41868989226097
5.90789340811015,6.222564960537049,23.141873133177743
3.5935371722834804,9.418260845725307,17.2121997472454
5.798704380967994,9.940890426718312,22.812250443187107
5.31866895116171,-11.888439108512706,32.38064859212715
6.42044189677569,8.530511468928765,21.63691199712074
4.144617543979314,-4.396315202470532,16.594109760352328
4.920457441781183,-5.230266490035145,25.66729927826571
6.813927971498514,10.98597317779847,36.89391497290575
3.7964398423214947,13.883791478875231,19.660854714064058
4.7981824529817345,4.766184644490945,15.578083780548303
3.255060869023395,-0.7434159377186518,29.66773308710991
5.667212040760292,9.069782580212117,27.344703402997133
6.90955777360401,-12.46146526170552,42.22937497656649
6.57375371667721,6.353093979567557,22.006683546097054
4.447764881892219,1.8010843524783589,21.615809778373027
3.7492367055820113,11.821508340347052,40.719909488225966
6.211014282786158,-12.74692762961015,40.91270889945282
4.654875188970697,-4.762199285617291,38.57539569861291
6.308839109027853,-12.752353291122365,19.08244255292114
4.110836737816021,3.010110460226006,15.29941075963812
5.8973292536765,-11.637394542952359,42.00104049818289
6.765809604515712,12.222008008733773,40.9572608199485
6.375900710588691,5.299748919896267,24.179557587267432
3.37393414212631,-8.26451728625728,25.839624487980007
6.316934987013749,-7.325227172454687,15.630744718312158
4.2090831770075825,7.449116682756969,41.069356239877706
5.734305271598219,5.9232172965412495,26.84270773742209
3.621105643955532,9.153787516520577,25.81516249032689
3.963654651044168,-12.88190239652505,43.72783783787638
4.221926200186147,10.084987045142384,17.839511455613476
3.696639753682853,-8.020813448481256,33.32049088112714
4.112917617950776,4.02528627506366,36.05353386778573
6.0201229227281265,0.4165902979316236,16.706905947999566
2.7645676125232734,-12.902638272104236,36.42676454126154
5.442630317610744,-11.173563595707316,38.08151491518603
5.513582124865916,4.594058462489841,24.186101858141214
3.5900766578071255,0.4048500431319493,21.388937737241566
3.779301817350058,10.657479323135377,32.91093526191583
4.853502820001474,3.33942377540232,33.68330947342506
3.5946730626035697,-0.28922631720817726,22.7533943959117
6.301504463797661,9.160585800219213,26.392121644416207
3.4452783216166942,-12.164765871094692,22.453269527034088
3.5788922646640633,4.225547608382726,22.357014129109068
4.960213198641419,-8.733734739633094,17.274799224770874
3.8455572157754245,12.422985457673864,27.475610786230476
5.086589435456592,13.33339059478179,37.4612121457463
4.52734592771069,-2.069355280270841,41.585706792235044
5.596476271216154,1.227415652748622,30.39969492509107
5.298456046473395,14.358048721287371,16.56975524138923
5.49994710017082,-5.8362345376592994,19.837333589968477
6.661196525864717,1.4089303993521654,25.524031303004392
4.735114939038443,-6.673669859145646,25.763763112717186
3.3314894266622654,-12.85258137089448,27.357021391164327
6.7976455270513965,-5.664992221248191,21.368218972661982
4.1274245727598755,-7.44779880968114,43.73619510865291
5.124633099782837,-6.7103332079478015,22.09974118870365
6.603752751635824,12.405313983556884,17.80866996499137
3.982738164347917,-11.969605450853742,44.342793359269145
5.214969089418371,9.738023105403801,20.8358319554426
4.381353466492789,0.9308451035014862,42.89534454500259
3.631019256535536,2.8532343603702373,38.308198541021035
2.6935930958136782,10.008016332911687,32.49392006982994
5.519436286692184,-9.326183237330953,26.587106876603187
3.135265188553297,-3.6041137898933755,18.559232964358415
3.172953831622957,-8.15721874541142,22.92810081623567
5.872456093488205,-5.283939419891764,42.63872504675889
6.472909725111778,9.814475343212045,29.399130740617622
5.4479248923823995,4.344804498483889,35.73703191749745
5.548456148938646,-10.612104645129683,40.59321444001859
4.2022370512174945,9.468929153545623,43.9742963617283
6.048139648730696,5.767978817172473,34.991375029421064
3.723957322976762,-4.186739185266228,28.45913761589172
4.664475950987661,-9.902320572355615,35.29266308693012
3.895073178260296,11.84114577816407,32.4037004334847
4.518431134539785,7.237821530636811,21.159222107869148
6.411977490449193,-14.35178559185013,41.38808078430606
4.41952192466903,13.262509268216274,15.330940588561564
2.6374318520588913,0.2467661214499799,33.390386471634784
3.9940881906044883,1.8580203183907429,19.47612744469914
4.285177435119117,-10.277292731888066,37.48892273812769
3.9771817169919172,1.7347270934169927,37.17296210932675
2.8685728851277172,6.925486416547866,28.163056178730038
4.72813997887155,-4.381178173946418,28.428229466411143
2.884627036541575,14.111464516215683,19.595404967285706
3.4261313527019577,-13.325774076648136,40.35844315841884
5.515314150102448,10.265042988596402,31.74687935412473
4.309787777877967,-8.387998017453038,32.178199744003564
4.759343146149117,4.116322113140086,42.23529974244126
5.341935904639499,6.789470345946249,26.847896949890796
2.7297892925494676,3.494043495858328,30.895697185946656
6.838842810415746,7.087247940902952,15.240858470887595
6.968562904670921,6.240027990319511,29.748526647226406
5.69112161237309,3.9676945693252037,33.794712579120436
3.6220410992417396,6.13814802177361,39.20209966992009
4.2179914952492465,-6.561801633575156,39.03806455832358
6.413506117794549,-10.23715699892835,33.03818088269509
5.224799281378405,14.929359285428333,35.96951728283683
3.4495000690721307,11.366814860041789,24.139309790416057
5.049200981669791,-1.854149193157621,32.01318464007251
5.780087995124809,8.019641002531682,18.721865214191254
6.655089476304264,12.935335273615355,36.25450706031828
5.438995951260891,-11.75557044625432,23.137683826313122
4.190039573651138,-1.6401183585288361,29.845352530460147
6.174496617866561,-9.862657436630375,16.29705352718058
5.033805403698759,-9.22344511269679,23.041997927633204
3.6540926713650803,-4.144141658584729,34.90251712308567
4.18948275180413,-4.165887620588025,19.742470563361664
6.482719640215225,-7.119025074508897,35.654921412617405
5.790163363839762,-7.53487449992048,28.309005749529742
4.831113355487604,-12.873703594514136,22.119892784232647
5.005190569272745,-9.891533019551026,27.82717073893074
3.4838426894672305,11.95758302225494,22.66968145762531
3.9575794841923684,-9.266757743871562,37.094826300284254
4.911622411302744,3.420609751424596,40.586484865861635
5.298334122077879,13.381869369728328,34.42423135023126
3.8981267570371765,10.16851447899657,17.34510428594999
4.506060639669653,3.040482187329868,32.897838408964034
5.500458375613585,10.075201865802818,41.41503591125431
3.864882470409415,7.413600846681565,20.196091169440702
5.8655306883471265,8.513693316473262,30.406618553503513
3.0128708458574196,-12.41586388358988,28.314563646300687
4.848682316418555,-7.163856057869297,33.07796391281107
6.09110142917028,-8.397662194920503,20.996453488271733
6.385506248298825,-11.179749469424204,32.95103261683718
5.740138275666094,-2.2702640040757736,28.155871000607704
2.8374585719787473,6.387413054273242,35.83346871278146
4.6983831478892695,4.737156650763044,18.84261822050985
4.939415116167629,1.065327131328381,23.865585712128706
3.4830363639547635,2.655163209061616,25.773886920047737
2.7772399642510472,-12.016078048198427,40.23555938398498
6.975948309922901,1.2491261075381566,23.781119041751843
3.1286993430262777,-4.547793449908385,27.82054608918971
5.271281472161488,14.110769283537,16.694077943354
4.117857297232508,-6.617062329867803,26.210798120107167
5.431026656443148,-5.599726161651709,21.67961364671214
5.78712157338428,-2.645844410708367,27.840360818669172
2.7007623105853624,-5.933616336012465,22.034157191675487
5.655525811308927,-3.8030339824743002,19.636978795169867
3.71343310666137,1.017355634848652,44.25428531763936
3.2735246661626944,-13.766241544670555,43.85854463447224
4.177917072934859,12.409022788749485,43.435230329648235
6.509497209266651,10.78643761113976,18.56713636357747
6.338584931138651,-13.414900613418766,36.21352485202791
5.757294239180656,-9.571564678151901,31.771323950507085
4.8716642781667066,-13.667416373906574,24.213684299737565
2.755447944590403,-4.4246765441702856,23.324276995276094
6.3337736745323046,4.170218951206035,23.53004304721609
3.1893384365067217,13.388770715107736,31.257272167387555
5.296923836108935,13.766274640860434,17.61255792932517
2.9862645686446125,9.22590302657731,41.999500330426955
5.187356496103227,-1.5179292579646546,30.933917228790804
3.6034900344981886,9.137234970621147,26.273606820516843
2.7551999365254587,-2.2613896843846675,23.571486421393573
5.144054466231275,-3.8764996008123713,38.064155913508614
5.785154539629648,10.27451529299439,41.821592337742615
5.524223457127592,4.9822604368557855,44.98513577086869
6.75510652899526,-0.9365400701223159,44.46025558483064
6.494918005888249,14.241266708322136,21.04739599003593
5.659863859276405,-0.04362620087738556,38.69133113687167
2.6962143260277758,0.8381054324279056,43.02515684550034
3.5150345689822315,8.350944921540794,25.963274795658755
3.9323820021637435,14.603432622928342,23.871940580442846
6.266302866421649,-5.232935026751585,32.72435272705468
2.8805690256882706,13.51381577226897,16.089931943594202
5.720600491304809,-6.42362874177088,18.313094120271895
4.812726004544587,-11.09070891641269,37.88013580639812
4.377367354047859,-12.55121868243972,28.466797960346423
6.050119581981441,-3.995158259541066,26.632594486804642
5.650758881371223,5.99360084944723,25.533957628930715
5.04844272102658,3.9057298209441633,32.300701562424116
6.512192940038353,12.87492751257519,43.00675617887889
4.260740150650912,13.665332183426848,36.84741499043496
5.2740104076909375,-2.410441899000144,18.855892697028278
3.3583681252488575,6.120658801360619,24.7006663525057
3.2223863434544215,-2.5361013801880183,35.88009393122238
5.70603178080362,10.48806168991564,15.486220940415402
4.303321774907076,-13.78033437285639,39.28005686030042
4.112457761896641,-1.5865410556973192,34.483884861081066
6.066839638734031,13.473492011510178,32.08788197709855
5.859614374371088,5.4938893287682085,15.372652629668769
4.654246100753205,10.694037658461962,42.361784037301675
3.801346987047501,3.5003088498674444,44.92074857790988
5.086187241178257,-10.66432118123274,44.078016405795495
4.018969612208867,4.406235602316432,30.449909615989615
2.94583136855939,1.6937423846538167,21.901894706459064
5.518562096635534,-2.8306524675920883,32.66824987802858
5.053598075229189,7.639733565467822,25.183445654141593
3.2203848020972905,-2.739325668062328,26.484819388545976
3.1755705323929226,7.476638810411973,27.765422154939777
5.538830775360394,11.729265578177746,43.31575060188193
6.8876034035861435,-12.56898498840669,35.66751268626287
6.027088824955397,-5.7112859900272355,19.951963086730004
3.5800536998766015,5.313816106014549,36.085899033200135
4.418166005514928,1.1615326562314081,25.210671105430634
3.270239010969567,-7.443039823344247,31.215483377062586
3.7077105924854297,11.035621740542002,44.36813293524741
5.661415976410433,-1.956634329562462,18.179350190198527
5.471774843443853,-2.429283378001429,19.6549279302415
6.973043877857823,3.9978563819529747,28.892953892126144
3.409868916550361,-9.066856650729711,26.89142192918372
5.833783455853225,3.602796980214997,41.52303040535155
3.6333627559163277,-2.1479288094328766,27.873704289709785
5.016687298420138,14.50100047687026,22.653612484119744
5.775106332031463,0.6859114810018365,20.068575082482134
3.361719040845678,13.356014563790886,36.59712801167611
6.9411784271015,11.16445784219811,41.73507517195706
3.783674477341645,12.296166630717963,39.97715854584495
4.940529521565928,-6.365683649442085,43.53990624569592
4.514113316947744,-11.844579161616226,27.900820226647923
4.502084967108537,-9.018479018687461,22.390906375327788
5.170948764408381,-3.050560816221674,16.888521397896646
5.377782504115659,-9.73321176240906,31.541773493367316
6.960740093591677,14.563972583428715,26.06885795770538
2.676069900033183,-0.07640604577965071,32.230819764306816
4.492334579236964,-10.062980051700407,27.82897997034504
6.448952420235275,-9.942264446651393,24.958989028856465
3.509698899917371,11.736812627929915,15.902500049603164
5.113874788816201,0.7689719400048478,22.81586419571341
4.181601917636536,3.2232198463573702,19.974903863565373
3.799528045907371,5.303231768166437,33.81362034414235
3.4934280974099137,7.771982214771565,25.673041936137732
3.1678455725530923,2.4959146333840323,15.655635765842188
6.0075089957219845,4.1067638481820765,16.344944269074784
5.001458502432378,9.801978324725386,25.05803337888371
6.003181626463958,-10.431305373579866,15.634542912758576
5.188844183658016,4.326539357064789,22.906900599936357
2.824956010484721,3.0339876161246444,28.866653752671525
5.457020929706948,9.75004339770361,15.028055930734974
5.341015680712074,-8.413964364239565,27.210004938166378
5.502322367146121,1.2696614396496813,36.543673469298085
4.2322391880566625,2.9689308582543283,15.732834961559337
6.064937663675321,13.998834169244763,16.21203631338046
5.788831938516902,-0.3833040296119439,38.028712877046075
3.330431066975238,-9.186960294619077,20.49207759100634
4.519376453834455,-0.4726128669498202,22.017860530896602
3.1770860357816932,2.1365053361603223,17.574451854094445
3.8426802734150423,-9.192582589449117,43.250375603513156
3.0614301520030214,3.088508678610804,19.802315831911493
3.6678901425421095,0.15773339566108646,17.97173421157846
4.280241558521672,-7.437561295059835,38.570536262348725
2.7959820649871854,-12.8305829222303,24.521480996279266
6.756392327610597,2.4349767061220895,21.25814220056794
4.908374038800632,-4.376876155050903,22.29151314325942
6.421070119536912,-6.557685344674118,43.790770672051295
6.243438263018875,11.653288065430832,28.812276608108757
4.511334191033687,6.108314879491129,33.55392817468486
3.5658195664554926,-10.840771772789763,34.245260668887404
5.677018651343713,-3.414421696029475,40.62441003782361
4.451272341215115,2.3533667329238313,21.77754056571571
5.028599510682013,-13.592965158596304,29.545635094706128
4.210470442450178,-6.809290885006758,27.134717716769096
2.972613923323005,-6.319509516226113,41.46499803562022
3.545941438492854,2.3266622242465047,35.382282376233285
5.01898262985246,10.047487527240097,34.26418727165498
4.985843536389142,3.1195321283145567,18.406726905666346
6.534275960439821,9.921652433569285,41.58033717019546
3.4362973647087607,-9.500867626085382,29.45541168338514
5.694259914772654,3.285588498590279,34.493011674980934
5.576696424617559,3.976978463625013,33.238371768340585
4.609574998979078,5.028364063186018,16.005310729779364
3.0680739861712785,14.313228253233994,37.499313715298086
4.839607689871437,3.6512509920019482,25.693619858538952
6.953552868933897,7.506448074876257,40.035008072676604
4.999943493677167,2.6421965299227494,32.417210584042124
6.663671319580638,6.8302621633080065,15.867904326838667
5.802397955764653,-2.2046249828155275,25.68844780888693
3.1969573464383587,9.525773875298789,43.29797740291406
4.735713969804528,-1.8381087039939619,32.45742083317634
2.6704794645010113,-12.874297232645588,18.278383152168747
4.238302243705693,-14.297075431139584,41.60995766186697
6.651323411365947,-2.2434410352668053,17.564288825077817
5.912270376533673,7.521681165214414,41.61849920096299
4.713141481774701,-8.513400045109297,33.187730124414784
6.6238201302107855,-3.278127371210978,35.92017174108772
5.345626419716684,-11.631002796491604,41.67660469009703
3.105958665863211,2.331569184145444,30.580374125809172
5.8004360397614745,-2.3510424232507816,31.489060849772823
5.601530642390339,-9.415806385742911,16.633587474119683
5.727908318004383,-7.708582695780877,24.570219124983424
4.986447686689165,-9.360797198777018,25.10977554404279
4.227086761319565,3.66315169301658,22.50297151117307
5.585731568385128,-2.391500051492402,41.83547111074702
5.455150400157282,6.878394166725421,35.729962054700366
5.281004178101453,-8.520188626236797,17.27676649944842
6.96299295110831,-1.6979218115059673,15.558191126225829
5.30097424134095,6.293059097178904,34.44337060394888
3.4566232267457804,-0.9892742407121151,18.433350353193426
5.466839258057282,4.243870339316402,37.94648251621591
4.184627485306564,-6.9547892918366045,41.53038060332576
3.0949710360330522,-10.474413931082978,24.46289716749466
3.480870739127732,-10.11465081961105,21.185061077334264
5.9004070750314215,1.0122447263946057,40.68402278650516
3.754582739536724,3.8705111136050547,44.67591323079753
6.266609960001954,0.8259164903442979,30.630322644772974
5.206070583160078,-4.496999523404256,32.35167441955895
5.248496720635462,11.015871646844452,31.66292108496348
5.8224012091631785,1.5983741191358085,41.17908725440023
4.153007082351198,-13.364430789428035,23.80835055179402
6.840939489362537,1.0527638352809632,44.96642772227566
3.010323043694809,14.269406747843064,23.330166574682195
3.926594363347865,13.214989014891618,23.31061986888438
4.471669016129147,0.2504400077205915,43.55070016695648
4.1804117753529635,-13.123554373445312,38.64334125873273
4.2878455427473945,11.171112482993262,22.76305226312111
4.050820465061591,-8.332090266779415,20.89515209680758
4.7625718476413095,6.963367156820244,26.91216913592045
4.414469521771317,11.010571643902665,39.97888215138849
3.9155997664815096,0.7634632781380741,32.03832036159224
3.0856215478869005,3.5767834141268366,29.621164121379017
4.262078474006317,13.559627484240231,26.927361176601835
5.03448930359589,-7.939219269989915,21.976078610422032
5.685626801884984,-1.1974873714736614,29.247159310324015
3.102029841088501,-12.964548302644413,20.45951800750754
5.815774301359948,12.60408410658648,40.52660023910177
4.953332758416206,-11.267151655737369,25.869129960370792
5.512290141172066,12.753389664744677,19.77518098208459
4.19924822627145,-1.7722753236919395,22.834657437046474
4.543724331250595,4.389933263153239,37.778911307993035
2.9659214902228364,4.3057499950293305,29.56999299068353
6.6088456439212155,5.506538274318498,38.04082848192307
5.4559713899740885,14.61197777673101,40.16007921707847
5.7640995172834595,-10.930099558872758,23.242425604480914
3.492256793579609,-7.4274631956215185,41.85239187726919
3.8702920067537567,0.32075990383024156,30.764567537041643
3.0845282900771243,-2.1488261726049664,30.343992747775353
5.883424655498532,-4.598255503730092,30.91372396415948
4.42302352787094,14.972647565316937,39.945684810957346
5.257873961218761,-14.388299198369147,39.358152879848205
3.6599328835462543,12.648553786836509,43.23577451300536
3.4649345511296734,3.109099082860048,15.716920261640302
3.066039379971521,14.398841334190212,16.9272732635417
6.822009059235999,-13.401451195531013,41.28560225555389
6.465497460159813,-7.589961572898251,16.820446576249218
3.977313038433826,-10.036009007977617,19.04779008977559
4.527910471046432,11.071873300219092,22.85737541906873
4.778599969015553,-11.12653829371252,39.50315157665611
6.4800368396422465,-11.667375516061247,21.853771590929725
5.880160907649319,-14.16060615677057,35.69391563742183
2.868262364081577,-14.914732593502324,42.4361873803284
6.339631851051086,-7.514347267904524,42.90700356787238
6.859150796911442,13.586272866883121,43.34254256952093
2.990056032665745,-4.273945179479362,15.647333464737097
6.530439606850524,-8.774869117782321,44.8002823729021
3.6401001771164836,-0.18381519249349232,28.077830963553122
6.574545245061002,-5.05886991037522,41.244886213266
6.128727593004312,8.313283638203522,42.24239617267989
5.564734697864078,7.994671807157221,29.43680319304235
6.2915996699626024,6.124627931146456,37.062412949551415
4.635383855038147,-14.248777383681754,42.16534868207681
5.541404447622318,12.013351367885285,20.650060361593077
2.657206085689452,-5.978247417314858,38.61695357045227
4.09918067384075,-2.0018046783348815,34.889723900559105
6.788272089920556,2.3897781430657616,32.52146521506518
5.317581997558108,14.59013313026292,31.24622645666688
3.332069586807692,-2.4449449653250834,22.08273986170776
4.892889006127579,-1.776755995278224,30.962217149986245
4.377763181232451,-2.223802966539097,35.71056317326999
3.592326704013902,-14.33329857902599,43.27845682766714
5.263374378507368,0.5907604844214447,20.20153155012768
3.980400339027171,-6.580467992819525,29.15801655462678
3.8375032955632493,0.8654588218640242,30.416690112996726
3.6246844522653516,-6.2826227976443345,42.015334115004784
5.853494050506637,11.985766008969094,29.17074401955589
4.266920946109531,10.639982930353142,36.55747196380921
3.4948300203910616,0.15666535598051468,21.520137736782875
5.182944005603684,14.18394003823019,31.525763248178837
3.794627873604364,-2.4993144667769336,41.877330333406384
3.836538196066959,3.5922343568189845,19.89869949573243
3.697862121810349,6.258484125383887,37.037690749299315
2.8466154924399287,14.873928378361985,39.520437862168556
3.3665440748485342,2.049993404225809,24.343055855602742
4.81849162698569,-13.600339650170525,15.382258074451183
2.7472660953080394,-4.821048200246754,32.24608095165816
4.231523407139661,-13.37760342458721,23.626237955243013
3.9191723374931144,6.666623488191171,29.196912160113303
6.203003551525121,3.198448514530188,35.37796317495399
4.541049900370444,13.017463537041877,38.76663803304726
3.9448924192980854,12.859598807098148,15.584169316983813
6.773299217696105,-9.25588892878968,39.81701934834669
6.287325240806588,-0.34058518618574674,37.21202659017013
6.143578691293909,4.010710843710719,26.364894482656517
5.104950975917867,-7.3027268964797,35.4187874860513
5.931973237251767,-8.213420691035935,36.311524693148925
6.7105158747328995,-2.2330737862220182,34.33826896880724
4.6994242572189915,4.997819234973349,30.664799357597104
6.330687661495334,10.055827198320252,43.65806549248501
5.435775374303839,7.689453999874928,18.394880157337067
6.208206105506889,-9.003115406669831,41.13912069513853
3.2841961389368692,-3.191225390072148,37.04471413944986
6.051273368293053,-6.924229286809828,29.83318790510277
4.325725219635966,-4.720143833568793,18.202661993003158
5.899596422158238,10.801696613782127,17.325999773879275
6.279597299388886,-0.8519717873566464,41.42671891107882
3.0417377820688376,-12.113036512956995,17.866645717504937
4.305469350673787,-11.168973128356802,37.0168536042999
4.752352706903399,2.591118338828153,39.52611257479198
3.7820672360997616,1.1024225538783519,44.992389704249085
6.118115446277605,-12.170235944123274,34.72204756036801
4.218394450085502,12.592209469027843,30.43593698646783
2.652098365206157,12.74832182687063,20.452528037284537
3.507312432784761,-7.047586747257249,27.25168604430725
3.498860318653165,4.057908364402763,23.536918332245257
5.943842564205334,-1.0929397876249602,41.346593022973785
4.442692371451079,-4.892558213993276,35.05306124136061
6.0847247640356645,-9.6612838275921,27.530571799260542
6.329982878778248,13.228965099810413,19.526893777841366
5.250192126133362,-7.244494433825257,21.859006125469364
5.042570015455331,-12.69879663091616,21.855112147567457
2.8429810143376657,10.952426321198459,25.413181807164246
5.362478835622216,12.242539809788067,33.0995232843285
3.374851018254549,5.8653112419417575,39.00457525994875
4.756373682930764,-13.514771905048468,42.70928895840146
4.828646995143085,7.341822112151334,37.15206318383482
6.352398282581433,1.970042199151088,40.81689446628242
5.652737272883748,-8.169418621734554,28.97845453647389
6.985841701869515,-0.6460823803792106,29.48918450614495
6.165920142431531,-10.436857129919211,19.91063063129824
5.037103715733166,-11.068361836662199,18.174313304312633
4.969848405919741,-2.1777856194998346,25.75238482550584
3.3114538670013967,-9.777020746018943,15.609038742598328
6.7192868662217675,-6.486505992816761,18.441579534684976
6.464407892384113,3.2464823387416715,18.96663548026646
3.617862328006235,4.809208754435165,44.34631331347036
5.671090463676353,-4.002555053149861,33.36897903291937
4.410526684989032,-11.714056589663155,39.53735605113481
5.96558423980057,-10.149396219102933,27.874134455419515
5.177736816194256,-1.1000410914418062,26.57274595319287
5.856944607209836,6.056809995921956,21.35959712196551
3.602566447280494,-10.972227518622272,44.4951821034105
3.5284146573794595,8.051162659043474,43.80365148751429
6.146041368845929,-8.960737251047691,16.14988583145569
6.417614981886306,-12.195850160558573,27.599116277134282
4.512080153946524,10.849420926271819,34.328797901958296
6.8692490507818,10.02953682165365,40.054772874570595
3.006153377919685,-0.4285877728378509,25.321328750407012
6.632472883010311,-9.797811704984081,41.34848224906647
4.135851169663615,-9.977375839279606,29.851293072807135
3.47382066532412,-5.26961372819213,40.69623692609933
3.695667351694884,3.3307384087379113,30.73992110119523
6.994266317950515,-14.77849320335547,27.615408332723057
5.986535820164324,3.6112582389482384,41.4087902534255
4.176024412358846,-6.91006815732705,26.27120151520218
3.44411669249196,2.0459329849108734,17.89291574228355
3.659294036279837,-14.197785534118957,39.052378173189155
2.6918948415502917,6.551146500094095,27.36289334468438
4.417282020324985,8.679433269200686,30.65894682258389
5.43509893342423,-11.698065242346743,38.02067581261237
5.797241317776496,-11.5481754852868,25.89100295672982
6.8648075461852835,14.883661840277721,39.928275860785305
5.687932560275738,11.364254707837187,37.072510948503044
6.68220756975563,10.117185943447826,16.602195128393983
3.7225228535400676,0.8429582339146169,26.57984494373864
4.36881068939917,1.3730042039950696,28.475541736268994
6.959496539229634,-10.480564498901053,25.760579660221552
6.341604182135487,-4.63143370243637,41.59425135372107
5.904546398830901,6.035666592684091,25.455903664860994
2.751214809974819,10.089106650794367,29.222072599118665
2.855151243013406,-13.86210028794171,41.2357344055539
2.8391602829509623,-5.921667339718088,43.07142199833045
3.458982110166019,10.498516673225794,20.226290995344346
3.1202221936587393,-8.900985147065331,28.932297089755416
5.687188887189511,10.97539783753465,37.10308197745193
5.507596969250194,14.513069064570281,44.14686176426652
3.1342250504670393,2.052365742169183,30.368067190179758
3.5488439639414913,-12.62399377325136,25.852852276221263
6.897755598379755,-2.4720174024565313,21.740721792608024
4.702674559006379,-6.026630206428564,29.19238926306918
6.807137826238253,12.504146097818253,33.020193758519454
6.9048543094066925,4.742852806784466,39.04848755978773
3.311630700695451,12.518217382984453,29.805282423275067
4.901104140239869,-10.124168928828812,40.56074767028123
5.591596436494134,-10.902969362818023,16.620723078343314
4.568615438554855,-8.803052406186575,24.91260222252557
6.581567024703469,0.1537135066468256,35.079030412555426
4.4043555842200925,-13.930220611185224,21.648079924373576
6.476449913246203,-1.328276570974655,24.27013583994968
3.280775425820826,8.246443091755328,26.89088935708888
4.9722335590984645,11.566721700183031,16.004731261347846
3.7204742105613704,14.395948117028833,23.162069567306464
3.883615153009636,-4.288791006662487,39.27665218665064
6.226478445875959,2.753981392577227,32.44938046373187
6.58321450920733,2.172604709390093,32.564649597766234
4.477713188447051,-3.936267981485006,22.106100979586415
5.304881003905318,0.1998934852874772,44.15238766523136
6.270412891056074,-1.5254457888219353,20.106726242700645
6.4095302498333595,-1.429451079724755,20.31870851308228
3.4742327606763257,1.9616606648362946,27.930128954717922
4.763946211409824,-0.24033676422835804,22.733195693097503
5.258468173753734,-5.647065863938435,23.847046639041174
4.1881510345371,4.290886367949334,15.677257989681921
3.297196871767796,-3.8813233312317887,16.401298854517815
4.813848670191271,4.24539375871268,39.601401346869295
6.654734332810573,-10.081166760203674,21.419688773598125
6.2168677341505845,-12.362238503930051,33.57605692232216
5.150237481141686,-3.9588919037915495,27.136923309664716
4.544401633504243,2.7394239884364495,36.161321373052516
5.465126737732947,12.969185765955483,21.162983619016778
4.113977394973254,12.47477707225342,25.3776947190856
6.7737268809153575,-1.6447052312090662,23.371476798447425
5.303379854816961,0.41442329957023105,25.336868423332046
4.434408401959126,-1.281138004909307,21.793028328537037
2.788144370332222,10.377147191437828,43.207129392964774
5.199184742530045,9.613257088127288,44.78530620070275
5.812875276224853,-0.216356900013718,44.93444608337069
5.0960619761405415,-3.6689098819869113,15.079010916696491
5.000984560922985,5.735037432846376,35.4594904570846
2.9803182823307677,8.794772380933384,40.98103072776395
3.4532787135911667,-2.9194526214868404,37.72192873094497
3.2584009063884745,-5.457452660534628,18.88853934121514
5.639443911834242,-7.63456181670906,33.35105246858602
3.730643734493883,8.587209832997093,39.60818907928274
5.417521730303935,11.514093283048414,19.52297560128158
4.816054131678355,-11.524462763742184,36.98771516277156
5.265308817525522,-8.2205364583352,35.30449923382383
5.454421173203103,-13.736742019424893,35.7577591471959
6.22752301038388,-1.4186169950373912,43.295209795938376
5.794391415475054,5.949562669709437,32.42749572051129
3.9402161263616184,9.529300123543841,42.64128635609382
3.244278548874173,-13.352141408679241,27.145870573996568
4.578790649524715,11.133227602733726,17.061388044845007
3.021394230936033,2.2495098199574493,26.027356314109007
6.783188645099079,-6.107496204454767,33.065906934075294
4.5325349241878,-10.453148938069113,34.10834762297333
2.9631544968524635,0.4643575342787756,41.33400749539338
3.7740294638847693,8.16215231985576,38.21818668745881
4.86337796204044,1.11820809662564,34.830638782602314
5.761452862635638,-9.825693295583354,25.56870746528898
5.063686711732929,7.358627406515929,23.463043314568637
3.3022485082692574,7.984228267050831,19.765958284917154
4.191225469326337,3.312861550253281,24.758692383447936
6.9457439994908965,-0.4362806245573001,25.072539653846203
5.003109764871624,-3.145202835314974,44.40407493887423
3.6576792703084786,-6.3810746888399485,21.099511198517508
5.3805052225309264,-0.1329972857684396,17.05129874681499
3.9342290431255464,-1.4701245418413382,34.84849252682202
6.123048645325765,-13.564364588767951,20.502850093965986
4.106603893289531,2.4868913244214745,20.07097258153697
3.96666580622286,2.8636308377966735,23.786562954937988
4.263394083353223,7.656454849310791,20.164154572516203
5.6804038605706655,9.27770014321526,34.22461345764238
6.501986695514592,-6.8963052378931025,40.07985663699671
3.4457335606755857,5.976645871602422,28.804890303106824
3.172990981079344,-9.486532096861723,27.248910272056698
6.371735578014009,-9.078258184759893,30.86179246449627
4.349076977524511,-12.63937519406907,40.93552021153863
2.710165990812988,-5.950597513492532,36.93465124752208
3.675694974973685,-10.033855242622902,22.135758112585656
4.467220528485748,1.7756820704210057,39.751412534329816
4.336197968090529,12.557441044343573,18.544081953006156
5.749389452625717,14.853567012076066,27.998163129124315
4.62555398305446,-8.03534467114999,41.54300964685462
5.227089299116004,5.802415894960326,28.572566842591748
4.79666592229632,-5.387171250861256,42.11858141162243
3.8435219873009476,9.259231578042545,15.194995017957389
3.2135944513669,4.489306707333014,41.59669075899926
3.6894694581476597,2.596003524088591,21.989711645514898
5.881712545360845,12.00590287747426,43.879482792724616
5.453074344008963,7.4022014728876115,23.978191691513036
6.979655444232154,-12.86390913057597,42.4428153582106
6.489486805250517,12.894084370896742,24.992126268353452
3.9852934819730255,-0.6123708201962543,21.219177871350453
3.922898719024782,5.3291872277093795,20.112861163861492
4.918226820537713,5.9876689122999665,19.443888459766374
4.836365273885143,-8.462438810297849,37.71281587976323
6.176128296140341,4.520713348387584,38.60864189334487
2.828610847565094,0.5275882708943485,44.22955698925037
4.847940064498541,0.7963596260515864,39.44917268408689
5.957981755394704,-4.117291954535753,42.3946141919783
4.172778279791029,-12.326367463867706,29.63379874237301
6.612332871255374,7.183945978438601,36.74454998651804
3.6032053648983333,8.07104293101538,44.66004345333708
3.073802521128184,2.6053964227918023,23.639047944147748
5.4536125480341395,12.96487866261268,22.691331938832747
5.089430348746497,8.594823505651238,32.307201252305894
5.878815193220006,0.4528338185892711,38.996706744997326
5.079715224925327,7.798084792591613,35.56176641071265
6.826660624691118,0.5065878274855784,28.10401686251872
6.010108443452078,12.11825061665877,19.260380012630517
6.759520395639582,0.11185888334810734,31.601691665037375
5.566751132690502,1.558274375217465,42.32054258312034
5.4604613188882105,-2.80753461853552,37.69564126099753
5.25649388562359,-0.28415528697316006,44.2857541205701
5.2899541576182445,11.574196398447238,43.81098401991059
4.836920869420247,0.7663701054920224,17.87843485898579
6.954402292244189,-13.683785443488757,32.07801709317924
4.628632061348517,11.75257810057526,26.107040492849148
4.146656294018788,5.374001491219229,23.344683287260473
6.736097132742795,11.885628386470348,25.62594687278547
5.2365264291547975,-5.582621241978888,23.18008707229744
4.307178469236157,-4.514730604128841,19.152280097478133
5.304091013016732,11.175197811835176,30.136108576071752
3.7988792054023994,7.592919747438113,35.04907936637009
6.6800585738660345,7.6262471871830115,27.097348489018692
3.400309246161905,14.024416489282835,37.48723038095087
5.656509483643401,-13.068136303543254,24.593529355917646
3.397461988612046,-4.195965071376245,15.256507340914787
5.219969348337337,-6.770118373507238,40.983821024656635
6.3880678042289745,-13.615224976144741,15.13114094861223
5.604879618115948,12.856420980206188,22.605084408384833
3.7981677424061555,-10.900189112025197,35.40836830532558
3.337264937421895,-14.163752860000237,18.11161003703628
3.8492693873090795,7.185322728931769,18.319111356073307
5.350996273264901,9.672227454640083,27.31922495998921
6.717283943814155,2.532837286425938,15.637584642882349
6.749689458552367,-8.573425428651074,40.50185620550028
2.7305320318037736,5.811773638795721,33.097362451006525
5.039156390559489,13.080615079855587,35.50045238478386
3.9460719746723787,11.151593098525964,31.470662220734983
5.905540230995296,1.5819426340006117,20.96705697132965
6.400473966193113,5.458662715107401,21.286157980862612
6.70894150051307,6.149757259407327,31.076159285294878
5.768238275006635,-12.799428176460289,42.31293947456595
4.520652618710846,-13.605004197955987,34.66895275450773
2.639062637135592,-8.567600901499828,36.99994905804955
4.476007005152899,13.051658072670552,27.435006879381966
5.7468670959361745,9.669542398461036,19.501242904935904
5.1544193670427045,9.353798144180764,35.71216733100145
6.922672279541736,-14.908625268058895,15.54752231599288
3.98379720068121,1.705780466548326,37.49415491039412
5.217728545511298,-5.6801553316775415,39.096937348612556
3.2832650744428014,3.8880518383061684,17.782829357825072
4.413558180701867,8.460383241043512,20.325510355179716
3.2744904926141536,8.97916589442551,43.51221880933573
3.6410412425377015,13.029687930867016,39.73577906544732
3.4596680297818287,-10.028242796169089,37.71871639635282
4.867111508456211,-0.305845497752415,43.00041217278927
4.176801722738672,-5.281128481805503,30.1446655191291
5.536859451159338,-9.709219422786727,26.13933192805601
4.850810517782659,-14.459830092011995,29.836904130759216
4.005839018630031,-7.1511066792524804,23.503100801274837
5.970253712424675,13.66480804477818,25.540328955124895
3.9437895049479956,-1.803754746077134,39.706195975033594
3.426631132330048,-11.993169293438104,37.424261207400434
6.512863802127061,2.4524293965415005,32.2495615168184
4.754682651795749,-12.11007041043626,34.513126043707025
6.011843642108145,-7.237656484495895,25.92038757244869
4.921845140550483,-8.670381242415864,19.141401908695777
4.1157597482933,-1.293016142021628,24.241191455129023
5.999343539104354,10.052775172143512,29.380242356068845
2.9586452185437846,1.2929354661183936,19.399476618962034
2.8781960028299545,11.059255626816068,19.80750821949194
5.87613331753589,14.525282007273539,41.19653430637965
3.8358482997317966,12.974113543671464,25.514021914950998
3.6741492188025737,-3.097805944063751,31.335020408918417
3.360501709129645,6.219472191961426,31.742177043414152
3.954131631075935,-12.554713644789967,40.62249314621263
3.9440507190177163,-4.103934678181938,18.335854994767036
5.52918887122587,-4.402552049099102,39.060394958761606
3.6073150496460706,8.540442679307649,18.340180245204266
4.522801245324933,0.33311631237243056,41.33204808310727
6.008651078122275,-4.352560842232254,22.874095835288358
6.296036935661103,-10.553578092864855,38.450593584171216
2.928693122983015,-12.523473681999342,24.62533530433103
6.883514455356326,0.512191319906588,33.14161137466333
3.785574146450057,3.226959021558308,36.11596887946286
2.963646641919802,2.151200861121268,25.29362294871091
5.43288484517508,-12.89650036876632,15.832168740524411
6.264853489742821,11.480623447195192,27.938965595879125
5.418392993955062,3.9402913115985,27.695707731111547
5.846050394786304,-14.94523928261127,18.62511889722513
3.5325749328395037,5.571874120465978,16.76369219841478
3.205560549069463,7.309564945756065,23.820805876221776
3.3212682427099804,10.880834315883718,28.965716714064392
3.2624412091845505,-5.41837853431379,43.63549479169472
3.366165413402883,3.0273580532264965,15.077779162700228
5.157586719676737,-9.333627851899461,28.11100881613499
6.304241960614631,0.23521173236730242,28.272724831842268
6.883946354454392,14.976315549697528,32.9211555636089
4.996463768607773,-13.211318086591321,31.353854991508637
6.5892643650472085,8.002035480502549,15.921299231042095
4.877310518640067,7.1323619308142305,28.342541122822652
5.778207182616263,1.8383849402683268,18.493640264482764
5.142934396094967,13.926532862938593,35.58639865912399
2.9843178001297304,12.204662710939619,35.36854085333442
5.040879776165748,3.5088512603651623,38.68029559782074
3.2275115653397006,-3.061094395782135,24.920123044462954
5.733457226497651,4.666900906408838,24.31093117043376
5.037480260839315,-11.38020739837626,17.964832252483934
3.4727788443173093,1.918176418322581,41.540003337354634
3.1688911127814565,9.65403926686042,39.502412765478645
4.375225093237714,-13.177594025541023,20.02840966501824
4.78193839429499,-9.340567202198045,26.479731421401148
5.385738110238506,8.632230963688805,36.505697393175836
6.7740315910778035,-14.584613865502504,37.04151456782789
6.342668194636875,-2.5613525423664836,42.670169318559104
6.133969041273209,5.896351826645198,19.184599671864277
5.701000500904787,6.481372201972821,38.605100687800444
2.824720376152444,14.04552434552955,33.337432924638996
6.948031843972187,13.610278943413803,24.743325253008877
6.991477902774053,-11.263195558781057,18.741181998234577
2.851057533921531,-13.322882041237836,16.01468143590381
2.927053035815576,-7.321355140470661,33.91273512095438
3.9529262484690957,-14.270638099541392,28.214048476612582
3.842381052993974,-7.036620496220502,22.074637546351777
5.188209094404227,10.898395498839925,23.222075060920837
2.7245238070011433,10.249083554580327,16.4255641718957
3.8216260318304824,3.300530340411143,40.47419415393246
3.9559533117752235,-7.82244226280329,21.213237137265704
4.469656001510661,0.3238608031532877,27.689395040043394
5.762191293112842,-7.398409022532843,20.130025392676153
5.998106973166428,-11.940615556229016,40.776836364368634
6.732943360876979,7.782796900612496,42.59714072169281
2.9612885000679796,6.738948119764263,22.189842880573813
3.164762243487716,-10.98815104214555,33.49153021208747
6.438668023682624,10.111650508964438,19.311421750312412
2.9253527910569175,-11.70244505472827,33.86492072702137
5.045920816010897,4.536911153970262,32.11587537519632
6.572804053263406,-0.6790020075809586,16.42281618177498
4.63324721273665,-10.715459897184733,38.9393736418249
5.9797905126880995,-0.8952138853465961,33.66528429891697
4.544470709878388,-10.151802672098325,23.519540637723367
6.907119673310714,-7.210961634428897,28.578241763582042
4.964183354908104,-5.186302109892749,22.522986819179046
4.033257739465934,-7.466441934464502,30.727853570772332
4.542872935566599,-11.682912619844213,20.284654513148688
2.7614925509993076,-0.9699247462372007,33.061336233155465
4.653763843170658,-7.385237470612344,44.407735478587156
2.6814001320975756,-8.921600376259871,24.55830765357351
4.437383812904619,12.680223751072461,31.287978076901208
3.6697269741799974,8.897728572313696,44.05545895451303
3.7141525391678893,12.500764435243525,24.792912102085477
3.96830830858376,10.020160536354275,22.540826899157018
3.9331248735622517,-13.659550112022592,32.1122797745613
5.4796936645849526,5.544674843466655,28.765312473797202
3.0852795365987946,1.5203852419356174,24.095482253244207
6.407660171709728,-2.26721222434068,38.40181494099525
5.816559319530338,-3.51835361334369,38.619884663826326
3.1216725713947056,0.22750144087441093,37.55108108986333
3.008564831518312,1.8805825952691393,16.566821702304736
4.7058869456695325,-4.5283575637271145,41.05725066389772
2.900849382883912,2.4567804649009126,26.554926871927833
3.5533703901703686,-14.533867225867768,43.878066890919825
6.192057891138914,14.284740873684939,33.303547267284024
6.897389795171525,0.47359011527756145,44.651534127751475
6.96229075777423,-8.967315630014678,37.525447333966284
5.611035755413807,-0.5692594601430336,42.84512950746215
4.621851282259747,0.6158738025497588,40.00316727162229
3.586437237992579,-8.61297931825429,16.54348978065764
3.888584795439691,-11.203350926731291,43.693093953582405
2.6574597423389124,9.910417402828053,24.14567767411956
3.890924818347337,-1.9337703486422892,22.255619987883705
4.841227721132978,-5.448662359338275,42.128483608372676
5.776651568833475,12.931012974981432,18.906945356763863
2.667013796234541,5.678598888493607,21.73681220324663
6.1889832376924225,13.601910703604577,42.08459851237519
6.213074761852246,-9.31616076684139,21.910653350395208
6.636487286191822,-7.816574712709231,18.393200316954317
6.56780363390937,0.26038528949025697,43.81808876780565
6.780564301915881,12.106030347522061,15.915522970013871
6.383552434141176,-2.257966134939661,28.3727610922288
3.865470427750401,-2.13489946659481,16.66136344067406
6.167344987031484,-10.326978245503845,42.34540364836764
5.289126978255821,-1.2830980609988814,33.53278280908266
2.910507019899421,-2.285819535289537,43.88988479254891
2.9580137078822433,0.241247694099048,41.09791772889225
5.2255217403771415,5.143950404614259,16.38694902521999
3.954371590964012,9.945335180376262,37.681796404000885
3.8879927111511954,10.824185489912125,40.65593594648467
5.380361038674669,6.075822751136727,35.55745180993112
4.741941534854936,13.07160945013823,16.74000974949796
6.8157331410607975,6.196864455915428,24.782221755725583
6.44447588653588,-3.4041303372498106,31.967605889772845
4.718722537598943,-1.7319871776633402,17.008972472375127
4.630170499077787,-10.932114568539212,36.36133854682909
6.669416492510732,-2.8632076446269057,20.347011024975213
5.200373272804715,-8.950078855239555,16.760164106693537
4.077468501802702,14.584947101872952,41.88900830313608
2.710548995518852,0.34161398670551435,19.676063624688613
3.918119744209684,6.468985551616111,37.08491406693314
2.7622011271557345,-7.319221490708595,43.16736775789638
2.9196181903340235,-3.0704074955605556,37.11448191627582
3.3402673474502453,10.077804791266907,23.59308254307959
5.317410914201515,-0.8999005769234643,26.702796546402503
3.8415199258283184,-5.221094254699226,34.34472555294696
3.7086335309270853,-12.010217654075586,38.76774504195658
4.301966339015449,4.408048626542758,30.93173607143641
5.364829832624652,1.1449284077906512,40.484189304866604
2.6282633867047,-9.00688333169061,28.636988366425918
3.9874572085138995,-11.741727954476444,25.242052878123907
4.512778526977681,6.854117545562371,29.202080394672066
5.044934579130869,-5.801449089514906,35.77798622299309
6.4418497792798455,2.5739198062995285,28.837589514300227
5.533901815494604,-2.459968595819607,17.153266635884588
3.1672494680372205,2.7795141472688165,23.882722380296094
6.607975971726104,-3.9430563534419623,33.771325983612506
2.8408305988091893,2.627813449065126,35.09314251142905
4.946254614323534,5.253346109849588,37.02498818971324
3.6512220239163824,14.570598259567909,34.609676241102925
4.815954204486102,10.336021366110206,33.0921641649188
3.7497594306126523,-2.6390456502340562,33.84582945470804
4.068771864191628,-13.299165542784399,36.608522126470355
2.6787326096398845,-2.449315062654504,33.03728425710588
3.2426136660394813,14.55885680756807,27.067727316921875
3.0829717071722134,10.41879975796125,28.9597760743734
5.796503235293932,-0.06283429841123578,36.05758973062434
6.619019918769838,3.8967939269750147,44.502623172582915
3.971921560415331,10.547297308129743,15.272827522703862
2.891841699190736,1.504916301744455,29.36784986659071
6.29059847200361,0.6988349962621356,25.88686071512605
4.566384460648191,-4.455993144601555,43.853904399140305
4.749027334237732,-2.551844789455595,34.6048539425629
5.025072496702439,-6.991145517482581,42.09487557595777
3.504990731445323,7.9372165494509375,35.11896604403746
6.725460086518211,4.501437586701272,43.341871598080914
4.880482559600293,14.9000275455506,27.789609960603233
4.127895348385705,-5.6152419598845835,30.324747267331905
4.269581363639669,-11.382353737174599,36.478701447066385
6.948815700580254,-0.9312658885365899,38.03870758856186
3.751434717749983,13.615575350886207,19.218016108134087
6.528193846832067,14.41962901985211,17.37071894678928
3.2255176002707637,-9.208392678671583,38.33551926886079
3.004470836756837,-3.1469660343455956,22.61709568956601
4.676638050113194,-9.550797619825236,34.692135332284366
6.021314723708647,5.321947817060664,19.9644828178163
4.693298653864965,13.490795181418942,33.07207028178949
4.8078280821173,12.54079201074929,25.327755184247124
4.770804165253208,-11.799304456827322,41.870998706554616
3.397066942665752,-11.259201010797868,39.4874761095203
5.293332410026172,-11.152625335192592,28.10802378726867
4.7832051920383964,5.209350282834222,35.416939825485414
2.7763275006000403,-5.7600039574109445,27.05331558708694
3.0563440166089855,-9.042251642345516,23.20885912266114
4.690192343291772,-13.688681641344289,15.060392307920543
4.2370594774916,1.1145669373959457,37.75357575856507
3.198042633442328,-3.0004793257851894,37.2713558779845
5.190057323418486,4.582265723272222,18.222110509361897
3.2690936706925857,8.803456065459788,19.98125528346146
4.249111120978706,-11.481401931362033,22.36090524649754
5.520358909104491,11.291180117726878,37.18713069600622
3.8500968649183074,-12.620800563944496,39.77875738596896
3.557930003307467,-0.1623993732621205,42.30226115395647
6.540784521914599,3.5568360746470553,35.83019896480495
2.793504676046891,7.602440117143171,30.291621837875873
6.119231817067574,-4.4736020890342,16.158304787332984
5.262557539581648,-5.011693500501385,30.121718220353777
6.624742123389673,-2.8970001168928725,24.059510011861377
2.702417772723296,-6.27013694124059,34.00685020546416
5.828622670412638,7.737999154112931,15.765752905023707
5.881098764037166,4.9285754193694515,33.835823840823195
5.1457558095250775,1.3231846673660428,20.53655430070536
5.632695254648837,-14.360101321789584,15.278176438109016
6.471745856526475,-8.28519635167433,41.173214796273726
5.8445876097069664,-6.193827173226671,37.769833955278614
3.2785398234880065,-2.5343657778161077,32.321196790807264
3.3004145551932473,7.164750298531992,16.999004034850557
5.338972739544671,12.68293441807075,44.68446088076679
6.147650415624927,8.70765043611977,32.08153157268147
5.964792052767345,-14.496282102156638,39.394591886154274
6.986855396871541,-3.4808369883497043,39.19871125343067
4.469356945425381,-8.177874672921526,32.554053984742374
6.098308629444061,-5.593547494065339,43.36890786462125
6.059618268880936,7.26254594646047,44.49773406890333
6.960335874718936,-10.351407777888351,41.50653158258925
4.538711877370943,8.971768576852476,29.11366680541335
4.4439123181477385,-11.708765887331344,24.833868570577177
5.716937587313309,14.574483946269524,36.3736726305207
4.361280210423695,4.252067354480378,25.218786975571433
5.689606569130053,9.396792530460544,28.903698804351762
3.477498057381414,-13.711840410461239,28.915515342293013
3.5425751163014243,9.893504117718606,15.999058161660537
4.668490622905853,10.533285451321994,43.09383762165293
4.28082396874686,-10.953952122142518,31.47723082768776
3.610442772005586,-12.605971368260175,26.593797711039656
5.490333458819389,10.507377019325133,19.236173799640863
3.873051532851021,-2.8390438254502097,44.55146446338255
6.372951737184085,9.891188608439794,40.57895717414242
4.353541123399738,14.303952257617517,24.88855728429538
3.655679356722445,4.876989188983369,16.82756544369839
5.681613883041443,-12.226343950404774,38.38124151330993
3.051024190088683,1.845276324866738,30.198442922201266
5.707944267818682,-5.504443710561004,19.015929610936414
3.1330997291576392,-7.381109977197015,37.25600156982091
2.845702292420473,-0.46533330092917247,44.907879776492436
3.003441504938091,13.970122466086028,25.003533586345146
6.770014686310783,13.98200280697738,34.43916551511724
4.579258145944538,1.4898262968328524,33.55565294215087
4.658386240180263,6.313245717435958,37.54304713546498
5.309565589089159,-9.609472177416867,25.40774258084317
3.925859747403125,4.444823507581965,33.563222758540405
3.396534355948563,0.09320918283757074,44.9713787461343
5.021646270189089,1.2824487932669832,33.72815273052567
3.1877303623518998,8.137292203641618,25.083518355520276
6.062864963783603,12.55105576368511,38.16144336580417
5.602405349710118,-10.773712727826464,40.873313241840535
3.4341233816105436,-14.76180661052308,22.980016082386143
3.4679318232829868,9.958669230063933,31.738838617098263
5.48633510196243,-13.440026372849152,25.501200276704196
4.323203325346017,1.0572536851605427,43.43741833215419
4.644890739785853,-8.86737276650988,29.674638217020032
6.205158445105783,-12.475528068107922,30.030567060004245
5.57222568587402,10.015725785225388,19.991154358373855
5.622761428227392,4.195562034139755,32.94014458787642
6.565183255892693,6.795609673444606,29.602686269936235
6.646423717652412,-9.182562047950809,19.11711361649825
6.625701784993913,2.8346696571503394,34.766019623124194
5.851149973037937,11.04744374173622,38.977737077656975
6.621514775763821,-4.757253136052693,26.038357647622973
6.818019350597562,10.388314749341653,18.026549071479018
6.659693008830982,-11.401884634776756,36.679402231738436
6.36192052434523,13.770446198110108,41.444484860521655
6.19060508972328,-7.6041082008349274,37.776633960024135
6.662344195691198,13.784049126451748,40.69317703871211
3.6616791929703245,-14.26678547509377,24.13441711707758
4.248541076921019,-2.110772595523569,25.77999914463752
4.400066736438259,3.058383724922084,28.844939013956093
3.3326988483147524,11.97552346484137,39.586165041488684
6.057243649403153,12.123442196341013,40.184417322006105
2.9042231021096567,-11.917488472733908,22.343206786850686
4.804089254945039,12.18229852538045,22.141141894124573
3.803425222324768,-9.271641687612412,26.53068599867526
2.8445767038767293,-12.302788669584931,42.27678277083345
2.7333359455063784,-1.2656182998280112,18.75158602625169
3.9384969120475697,7.6725075248923,24.840700644758424
3.0662620752952576,11.02174556008725,44.446927550969406
4.158652989612272,-4.874076298844635,26.759954612027265
2.707557496142274,-9.200119932637978,24.59109159524062
3.4697854451031156,3.79272864399033,31.182972670977573
4.040945537705394,-11.665146063102473,31.804018485226216
5.253214710510676,5.492545174793879,31.021620898029138
5.1136535927657825,-14.833969930604267,28.508508878720694
3.10055821078876,7.036683644845642,22.107342917597855
5.279994071496949,10.717759902966318,29.966094059578964
5.40806471037912,-14.616948735765668,17.294225574661805
5.483900303216921,4.6226854972032605,21.971235574596594
5.951764887482865,-13.636373922186678,30.426216077438525
3.2044712412634917,-12.71338015753997,31.11110564285167
2.988986247482086,14.54354020520569,33.025984483481096
4.584589123980518,-10.375533077915382,16.96422252794519
4.354584992115033,4.4868095516906585,16.034732003713152
4.270370540269554,11.828023679570641,39.803063319540314
3.796935383706299,8.098067756180935,40.68154327081396
6.355746967022648,2.683476363715201,24.499362716111712
3.715950323950948,-1.7636281931468911,19.62278587959658
5.33038235068212,-10.832907265154548,29.02226874849461
4.429951787647203,10.333565991912348,31.590646089592713
3.8308593760262237,-13.338021693298948,19.095142697383686
5.969400055427837,-1.4618984883686572,28.237471513356027
5.584335320476363,-4.731221365124242,24.331874173406586
4.904104555330221,-2.087690555947935,16.98138210849089
6.305003389076228,-6.061065177699753,32.35650879495387
4.422842104638075,6.5246340608776805,24.602820066817458
4.840348320635584,-12.508177554339861,40.29714784777577
3.7450379116985806,-0.7368780281395857,32.963320219506784
3.6731282791094975,-11.946029337793426,34.16405859174195
6.938215048306912,-1.007527555896969,41.314425965121714
4.0834875871983245,-4.245839516288445,29.83070305651051
6.022746542039066,-9.898680581652364,38.719188185780254
2.670273430415224,-10.014744369868364,42.945829101606236
4.748372662655165,-9.034185392736505,41.2638514855761
5.649869540234375,0.6633276363531344,41.576469398313606
2.753150259601333,-1.9428701989989605,15.84696411420094
3.104082224401889,12.395467888162738,33.64125832939459
4.347505935518328,6.59925831630277,23.14664186702734
5.13518541167813,-2.9903875549053858,34.41124419252371
6.715884196442094,-2.65086971629864,21.42209746229296
4.330462193089163,-8.956273078102425,40.007578191172314
6.837814229146286,9.708781439065618,31.23373525909408
3.266169640314913,-4.011364112366298,37.96414397598511
4.6224024856025245,-12.418184555758256,27.641672796715156
3.8738021003953786,-8.819131086192892,29.35563761423593
3.1452784723415346,0.7247793777608322,18.426933608722102
5.71285220731371,7.38830876162768,44.39450531282604
3.951750633844867,-1.0140269366522308,20.38274499216888
2.7058722862873723,-10.765722880507948,39.7921362547229
4.675537425432054,-10.07568921042941,23.003674084723734
6.186474606574496,8.659769592485802,29.863168143200518
6.814973200760785,-13.74359439344904,38.41028688903732
6.878347496563057,-8.886710537629755,32.8500061301859
4.795094786001529,-0.5072005015492085,28.942508252636333
6.9561081784039205,-10.644024506602527,44.87262939681864
4.182831566531841,14.142762011220775,18.648502269303936
3.323888013356747,6.936008346194875,16.185990627877796
3.264536179885,-1.1580477555623645,34.11092134925999
5.127558114331672,-0.6231518813162271,37.919519804272994
2.8604104946017084,-2.0299655843243976,21.690628797460427
4.949319433662511,9.779614651357612,29.994114956984678
2.938252825773522,1.0974140844799294,23.80209565640817
5.844220674061201,-10.919365735733233,35.1958030706264
6.267873325837444,-4.958368017435642,44.57334569749351
3.818373435194284,-3.5060704038111457,22.545623326076427
4.789599047539957,-12.123017670381861,21.348786906524076
4.935148412602315,-3.65086158670176,20.199592444589374
4.261249804647196,-0.9467697488280304,17.174059889919267
6.530877838138074,-0.20517373453952636,39.79773838408184
6.157223314647519,-6.259098600481691,39.836575995140635
3.6947092341125893,-6.121767855106366,40.34314504688135
6.560952296620082,-9.384530834557237,36.296456968157045
4.755657370475734,-12.743780130587488,19.45761914360026
5.7547791926150005,-4.295627322619437,38.56600196151297
4.361694611616003,-8.631557425576723,19.890796047393746
2.7446573326574812,7.929685533917272,30.560025249153718
5.0558166332932934,10.435828876365086,28.73853643246751
2.890576068708581,-5.040775984538362,38.07364177327004
6.849836704417292,-10.887648035338216,36.41713830786058
6.149198883351373,-11.885050516762616,39.52886128236046
4.229676968692698,0.28196982260008063,38.585647793468254
5.4781221793404296,9.25157322438546,19.125283395972616
5.3786262489228704,10.566257105688624,16.99709141798625
6.652617322487356,13.85552404064087,15.132331289028901
3.0192354173808713,-9.665715316187843,26.908347503503773
2.728911848321199,-10.972943259862177,40.191167805199456
5.040421686750641,14.19362028984947,25.468336297856595
6.872320464439374,-6.817516195849686,22.574878937333885
5.032609389307597,5.966909976253923,28.034669572823937
3.4067939297689276,-5.132430936748047,37.03092476075679
3.9499572623225703,7.513258234137751,20.734827764722283
5.767654440636248,-11.989220142667383,30.18937846980773
6.257162862294053,-13.36666593371831,41.67958867280343
2.8859894856725443,-4.224621017812941,38.29938760902648
4.0138679789741625,-8.55088628904315,26.7531080200636
5.940740427914782,1.064744088824071,39.84256104587919
6.901356149354584,12.278253412003409,28.845818849345683
6.233927461463551,2.217859234627575,35.2435104945839
6.647106138955063,11.269219501219482,43.771871168815224
3.8683393476929586,6.39451199384672,38.91277981508742
3.24389701493313,-11.530620404120214,33.71496361651261
6.877820088654973,-14.451062722957912,36.97210851507742
5.288295993589361,-4.215741544918771,18.507368522158377
3.4977823408011233,9.70241905928621,39.14054746790971
4.1509350908069695,-6.87750024457417,27.50910633905054
6.016999726848167,-12.53951539964131,24.6926171344603
5.368885925352304,6.850419302979162,25.151536228192818
4.093431645400036,-7.592756705197963,30.308444400793306
6.350776514488214,-14.92907389849205,21.88620143163566
3.4888373762870355,-2.916588432152256,39.14588786826242
5.014345470871618,-4.267778194211822,21.339005124451482
4.535178629515441,12.021910950131538,15.104541932573861
3.7050499133768544,12.425113877597802,33.18002235343046
2.846963373936089,-1.2538819538835888,39.254953995564435
3.995424113844006,1.9448905207621614,34.0165583059383
4.888684056458503,12.256546164643922,25.58394940049807
6.58632816716068,-4.966339650468775,16.098254276903624
6.51784445622131,14.621026702017158,35.80985633567805
3.1328182903665933,11.227038997034235,23.600324722174218
3.533277129203068,-6.2947803549018335,28.854578646496137
5.272169119398649,-13.978612409256293,44.10802778129669
3.5562405990470873,-14.441888199818072,16.870248484396864
5.2490636232553625,-11.103013209577435,17.439299293323835
6.460850652303051,-8.986180678671511,40.3734108039579
4.828439899699722,-14.311237691508609,39.034727256884196
5.5034307861917675,11.88080109909503,44.631326995378544
6.164596355020214,-12.38897364753786,16.45162278314342
4.298309231841786,8.938855059691939,28.664945999638068
5.104326184222421,3.006556391465793,22.774271411654045
3.658677310288513,-6.61468244721504,21.808189621231904
6.340641828790373,-9.765557010394648,35.507153735329425
5.530988261504199,3.3921038203885416,16.103863000125738
6.728310503388478,-8.104930736572328,43.5546036445034
6.41070966021184,3.8788132341448645,34.87419891457842
6.432019948865926,-7.695315610660838,24.109023607645533
4.359451018071223,12.266207503280608,30.23681286692232
6.700330457587886,12.49382399329864,38.6665946059284
6.922870001319243,8.477554259090898,27.82167623380886
3.654948642873811,2.420424199632926,27.378859957858054
3.7068483708320015,-5.919424550032177,17.418478129533348
5.035818863107416,5.63969264654747,35.34420560744836
6.899318254547317,3.645954158069717,22.68660667773232
3.939578221741697,-9.400777576655074,31.15919057761859
5.332704141951121,14.97815051312919,23.84122072254503
4.466036228302602,-7.202381630147298,23.34750722794921
3.687164168444854,7.3207959112200065,34.42019776133195
6.78600383410663,-6.766451988546283,27.45057994280011
4.0940778552782975,11.922356132905794,40.76021427283939
6.764200420449544,13.909144852333437,17.690454114286375
6.0638359089902405,-0.6624002793172874,18.04550355739006
6.7199694126799345,6.487926249484264,43.991574078381404
4.634193427636556,-14.546513844394493,29.13708080005567
5.59302712314615,-8.608023919129522,34.50592693468286
5.38230451869129,-5.576915803921548,26.00541165789081
2.9259891737733636,-6.791690948515495,31.270736571367138
4.539700875406629,12.818867769610417,25.167905428051043
2.652417638114479,0.912765354790043,19.85900812556154
6.120761063353884,6.429149616482366,21.10463574676222
2.641278592132052,9.631595403119345,35.67602390218264
3.1565417049294675,6.82734469108383,43.12386299007511
2.8026804592603343,-5.180545944150422,35.95689473620916
6.554514878100939,7.170786724489922,37.364034633992965
5.998788735217898,-14.128503927701294,22.046407149270323
4.329344028950427,5.826558276554337,21.130873687314885
6.350079449307463,12.574482168144808,30.888476904874427
4.980748750524417,-13.573583617693973,18.376806856794605
3.8000746542182746,12.399537541589012,42.65238264187043
6.220665571895493,-10.742117887226875,38.53622956584094
4.635905837088995,12.31925382950434,42.481453909730334
3.5416400695679044,3.062217642468159,35.10901476502496
6.937858145383246,13.54214846647745,38.57873323064648
6.437353192322423,-12.828523190319384,24.453356478783537
6.286807690098898,-12.680727945104984,34.09192650560041
4.264528541751883,-12.672564826974419,42.659412547437356
6.74328720708252,1.1395563992653024,27.350086003562588
5.1757818623341265,-12.07224169745007,28.30424996861766
4.8000135753421915,-3.2972955594552165,42.19645076746483
3.3672620863492835,0.48757010007680357,35.4284626291971
4.4026767184310795,-9.992767186525546,22.023510265444813
3.2828478803099115,9.584474617221897,24.43447206818808
5.7391187472905125,-10.788833258501477,15.367675870150526
6.218264927353893,14.028037417898613,33.629293935004696
4.222441432269814,2.211019926937862,16.30342458218964
5.726342692550551,1.4622767155962322,30.47416562439345
3.4056241151336644,-6.6481099382371305,34.668049243819766
4.228612520734115,12.869665704227565,23.539461308323077
4.8938024668910725,-3.3555521242864224,21.25004606669098
3.057756680954393,2.2032703455308713,30.64610564140341
3.479027117324081,0.8585965638470299,39.69932704331041
4.860519109747816,-10.81144527074126,41.81980968179803
6.650969545133783,-8.767608981549191,28.77396809990304
5.194192766721166,3.315917670018287,18.67700354582818
5.254390870467987,-14.514787659970686,43.185570067648044
