0.023169912363656297
0.08752884083515738
0.15188774685147433
0.21624662722291546
0.2806054787597704
0.34496426169562167
0.4093229841843305
0.4736816472028601
0.5380402118350028
0.6023986666574471
0.6667570313735691
0.7311152806776249
0.7954733580488375
0.8598313146768
0.9241891473708758
0.9885467417608003
1.0529041805125772
1.117261464692007
1.1816185011900693
1.2459753122747763
1.3103319381472813
1.3746883197264184
1.4390443933497545
1.5034002511194016
1.5677558807513614
1.6321111071150098
1.6964660869816064
1.760820817157579
1.825175136937893
1.8895291290964038
1.9538828409178466
2.0182361661742036
2.082589060814173
2.146941644468158
2.2112938781669396
2.275645565471912
2.339996911139252
2.404347911971741
2.4686983263918214
2.5330483242465087
2.597397946610438
2.6617470268800405
2.7260955670886466
2.7904437011472605
2.8547913502252737
2.9191383229463925
2.983484858854714
3.0478309547482
3.112176275081122
3.1765211029853404
3.240865460206452
3.3052091067335265
3.36955211677044
3.4338946254518063
3.49823650112231
3.5625775834187374
3.6269181336827603
3.6912581414428463
3.7555971861150246
3.819935668073288
3.8842735841076204
3.948610608018847
4.0129469117715475
4.077282618911797
4.141617532263182
4.205951547898529
4.2702849362276325
4.334617641953047
4.398949259546721
4.463280219134849
4.5276105174999115
4.591939729778767
4.656268150682688
4.720595879656043
4.7849226416261255
4.849248413888648
4.913573463507001
4.977897678087784
5.0422206917371755
5.1065429520224335
5.170864455717323
5.235184667178293
5.299504028136976
5.363822601775929
5.428140023126231
5.492456374748908
5.556771908315551
5.621086442458145
5.685399674718862
5.749712058180033
5.814023589605532
5.878333610868474
5.942642734173619
6.006950974689011
6.071257865979028
6.135563619059658
6.199868458588623
6.2641721227901
6.328474395559196
6.39277572400668
6.457076063998324
6.5213747463497596
6.585672453601323
6.649969182502332
6.714264354063873
6.7785583299851355
6.8428512967654544
6.907142901287835
6.971433035723885
7.03572213021973
7.100010070560353
7.164296253335184
7.22858136536138
7.292865403375663
7.35714766528708
7.421428684636527
7.4857085991523
7.5499869539968145
7.614263770439898
7.678539451217798
7.742813801829413
7.807086305113405
7.871357641890709
7.935627808884293
7.999895970944852
8.064162853434912
8.128428535285233
8.192692450166621
8.256954768058277
8.321215854443565
8.385475424954342
8.449733067911314
8.513989448484446
8.578244563381745
8.642497435085774
8.706748999473708
8.77099926729263
8.835247551613453
8.899494189416638
8.963739499746175
9.027983099464723
9.092224700256482
9.156464942658278
9.220703760547242
9.284940213873252
9.349175277881036
9.413408949257455
9.477640412082287
9.541870187201262
9.606098538743334
9.670324976632967
9.734549352339238
9.79877227351053
9.86299358920737
9.927212454947359
9.99142983518151
10.055645726579007
10.1198591766088
10.18407090530894
10.248281114183067
10.312489198836115
10.376695165374267
10.440899581083679
10.505102203069999
10.569302296786512
10.6335008086579
10.697697735334469
10.761891980880819
10.826084478208386
10.890275359305083
10.954463898917163
11.018650270962013
11.082834995725694
11.147017732079027
11.211197868068563
11.275376325712141
11.339553101639975
11.403726950599363
11.467899030301249
11.532069397201738
11.59623719954602
11.660402790449501
11.724566637450826
11.788728295818927
11.85288728703162
11.917044503226084
11.981199920246107
12.045352200839359
12.10950267528268
12.173651340178544
12.237797212580002
12.301940834290843
12.36608261530009
12.430222002875151
12.494358660834443
12.558493446921835
12.622626252259323
12.686755835409755
12.750883515501506
12.815009289114272
12.879132038423986
12.943252501407208
13.007371026701044
13.071486950194029
13.135600084916152
13.199711250721421
13.263820250945113
13.32792594621327
13.3920296413198
13.45613133282042
13.520229765389843
13.584325878546352
13.648419956827343
13.712511222442211
13.776599642355698
13.840685996106156
13.904769997270423
13.968850612605591
14.032929130472075
14.097005547400384
14.161078469055566
14.225149039641494
14.28921747795752
14.353282891365506
14.41734540323058
14.481405751475283
14.545463559094442
14.609517900754074
14.673570047423837
14.737619995607872
14.80166621162379
14.86571004516986
14.929751648833445
14.993790015147333
15.05782542397524
15.121858571504298
15.185888990526822
15.24991586299575
15.313940442729585
15.377962726204885
15.441981041279647
15.505996941510453
15.570010514018009
15.634020637766367
15.698027746738576
15.76203249650236
15.82603433128519
15.890032537194896
15.954028352390267
16.01802177331904
16.082010991548177
16.14599776030135
16.20998210325233
16.273962788353785
16.337940398741186
16.401915551769484
16.46588760605222
16.52985594609993
16.593821797210044
16.657785122967855
16.721744080651025
16.785700517796265
16.849654430812258
16.913604480549743
16.977551391631643
17.0414957469527
17.105436823831965
17.169374096699677
17.233308782152516
17.297240788412708
17.361168310862443
17.425093214220567
17.48901549486425
17.552933711859275
17.616848720842395
17.680761075401865
17.744669977305406
17.808574979578843
17.87247729569611
17.936376784690662
18.000271667864723
18.064163833126564
18.12805327682059
18.191938463007453
18.255820364944803
18.319699513524586
18.38357504218566
18.447446568273058
18.511315309188973
18.575181082447937
18.63904212010291
18.702900340748048
18.766755740693824
18.83060669729384
18.89445428500347
18.958299020140473
19.022139976571992
19.085976818622903
19.149810776202912
19.213641634528678
19.277467618138665
19.34129068535418
19.40511083245051
19.46892635994635
19.532738423929985
19.596547535834734
19.66035272030352
19.724153668127403
19.78795163188682
19.85174637532834
19.91553609400353
19.97932279660253
20.04310647936421
20.106885377474043
20.170660705835637
20.23443298231083
20.29820119431193
20.36196503529663
20.425725792319085
20.48948322014611
20.55323546055131
20.616984584891405
20.68073058936767
20.74447165701944
20.808209035383626
20.87194326174253
20.935673299973374
20.999398819003567
21.0631211538594
21.126840064536754
21.190553610809708
21.25426394071136
21.317971050404196
21.38167308570982
21.445371297140202
21.509066256124992
21.572756918459632
21.63644289783507
21.700125592499646
21.763804783661385
21.82747841733103
21.89114873399581
21.95481572977816
22.01847753000782
22.082135354925168
22.14578982662504
22.209439910088395
22.273085129442084
22.336726963213877
22.40036523163761
22.46399773154218
22.527626813470825
22.59125247350471
22.654872835061013
22.718489051161356
22.782101812930634
22.845710113672695
22.90931334988894
22.972913099307576
23.036509240888563
23.100099383093635
23.163686006004053
23.227269105658518
23.290846824050732
23.354420206223278
23.417990032599324
23.481555345869406
23.54511537300167
23.608671811765767
23.67222462149126
23.735771179207592
23.79931411595272
23.862853427721628
23.92638729753993
23.989916617784868
24.053442280405825
24.11696340052674
24.180478989715496
24.24399088860052
24.307499093145175
24.37100090402511
24.434498924510628
24.497993217930414
24.56148203282004
24.62496606016625
24.688446327688748
24.75192204803107
24.815391967421352
24.878858094197103
24.94232042427588
25.005776317952417
25.069228189054257
25.13267623062144
25.196118783257006
25.25955628367953
25.322989921696198
25.386419034652448
25.44984204931139
25.513261168659547
25.57667638856745
25.640085157006048
25.703489642487913
25.76689019557651
25.830285277636126
25.893675013973642
25.957060784930484
26.020442081889293
26.08381695372345
26.14718782715491
26.210554698005932
26.2739151321571
26.33727099258775
26.4006228173666
26.463969219506065
26.527309951378076
26.590646614491682
26.653978885812066
26.71730437348464
26.7806257592567
26.84394303890096
26.907253928674518
26.970559921344844
27.033861774694657
27.09715828652171
27.160448770245686
27.22373508142031
27.28701711640582
27.350291975253754
27.413562628287103
27.47682907122782
27.54008920546712
27.603344084307196
27.666594719737574
27.729840129786076
27.79307911829435
27.85631383003885
27.91954426070489
27.982767398862592
28.045986070658252
28.109200427968645
28.172408594424667
28.235611109920576
28.29880927748677
28.36200237319091
28.425188615947526
28.488370477292083
28.551547952857
28.614718256656232
28.67788369521223
28.74104471445225
28.804199699757895
28.867348598868368
28.930493045087992
28.99363261275645
29.056764855673734
29.11989261208651
29.183015877573073
29.24613213283226
29.309243082560187
29.372349507693002
29.435450097337196
29.498544123410152
29.561633591179657
29.624718415969795
29.687795401324838
29.750867794628434
29.813935591403435
29.876996582778613
29.94005178442008
30.00310235572844
30.06614733403039
30.129185226719283
30.192218455230254
30.255247015046308
30.318267787473303
30.38128355576099
30.444294621451526
30.507299132410523
30.57029732295333
30.633290776955842
30.69627892703915
30.759259422219174
30.822235146874505
30.885206096430593
30.94816951874811
31.01112739629994
31.074080464709496
31.137027277506128
31.19996719010036
31.262902259467417
31.32583236323429
31.38875419291834
31.45167114524824
31.514583215590548
31.57748806916944
31.64038678636824
31.703280587392545
31.766168483040826
31.829048846914674
31.89192426038437
31.954794718774256
32.01765699074435
32.080513898322096
32.14336581652951
32.20621088148234
32.26904916472938
32.33188242427221
32.39471018252041
32.45752972289597
32.52034420518982
32.583153624665314
32.6459552358765
32.7087508222341
32.771541311333706
32.83432536648889
32.89710193811949
32.9598733780082
33.02263968137453
33.08539721532186
33.14814948706024
33.21089658772933
33.273636316076974
33.336369300620625
33.39909707950318
33.461818902379235
33.52453248057819
33.587240818479025
33.6499439112381
33.712638688578195
33.77532746619566
33.83801096397006
33.90068758602113
33.96335668394648
34.02602046728164
34.0886788340612
34.15132813277797
34.21397208211133
34.276610677153165
34.33924147348833
34.40186546914877
34.46448407565889
34.52709636662611
34.58970028883328
34.65229878698461
34.71489185612572
34.77747620135246
34.840054471207836
34.90262727708098
34.965192866640805
35.02775078815235
35.090303210662285
35.15284994437829
35.21538739738679
35.277919316326674
35.34044569617687
35.402963958223225
35.46547525327399
35.527980974100295
35.59048012971581
35.65297068044556
35.71545562176779
35.77793494861361
35.840405256522686
35.90286929774692
35.965327689243
36.0277786399252
36.090221660343225
36.15265899573241
36.21509048881024
36.27751236759885
36.339928526008734
36.402338958902135
36.46474107729104
36.52713593773336
36.589525037239326
36.651907446930764
36.71428088830083
36.77664853326481
36.83901037663561
36.90136303483734
36.96370910398743
37.0260493360037
37.08838203419939
37.15070640614568
37.21302490536702
37.27533752662626
37.3376400962063
37.39993674107345
37.46222747231554
37.52450983036287
37.58678449919706
37.649053218692096
37.71131526453435
37.77356783553666
37.83581442143434
37.89805501691822
37.960286405614475
38.022510735943484
38.084729040020044
38.146939864674636
38.20914181734198
38.271337707866195
38.3335275308865
38.39570732047221
38.4578806751765
38.52004792641213
38.58220689989499
38.64435759638867
38.70650215339619
38.76864020988822
38.83076812565673
38.89288986586864
38.95500542508892
39.017111916849764
39.079210717573886
39.14130330116052
39.20338862355039
39.2654643619692
39.32753384705106
39.38959707330776
39.451650452223404
39.513696715803135
39.57573668428193
39.637768641215374
39.69979156016877
39.761808147691156
39.823818398240455
39.88581803260803
39.947811115867786
40.00979782574712
40.07177578528755
40.13374524085003
40.19570828656987
40.257664470079106
40.319610174380735
40.38154943232223
40.44348223828406
40.50540556790573
40.567320914320135
40.62922977215883
40.69113107257261
40.75302238358064
40.81490716936103
40.87678542423882
40.938653490820286
41.00051408047577
41.062368102497246
41.124213886453845
41.18605015578575
41.24787982069568
41.30970287545259
41.37151504526973
41.43332022867992
41.49511876506867
41.5569083986011
41.618688975989734
41.68046286943132
41.7422298651465
41.8039857118575
41.865734837638364
41.927477236677376
41.989210085206714
42.0509343184782
42.11265178794297
42.174361744650604
42.2360609604282
42.29775337527608
42.35943898332479
42.42111441165341
42.482781646705114
42.54444203775194
42.60609432000504
42.66773624994388
42.72937129861334
42.790999460085565
42.852616832390346
42.91422641316875
42.97582906940173
43.03742304112515
43.099007028359864
43.16058405364154
43.22215411098327
43.28371279080899
43.345264059287494
43.40680832233379
43.46834334681752
43.529868732500525
43.591387075198966
43.652898342364544
43.714397719118715
43.77589001527548
43.83737522476309
43.89885066465557
43.960316787934886
44.0217757868463
44.08322721429884
44.14466703822229
44.20609970001799
44.26752519355348
44.328940410854784
44.39034660885173
44.45174560074172
44.51313655022009
44.574516157591034
44.63588852094653
44.697253634092746
44.758607990147915
44.81995359793482
44.88129191751607
44.9426217501014
45.003940475139856
45.065251873913866
45.12655594016755
45.18784879565987
45.24913314623771
45.31041012614761
45.37167820225656
45.432935377101956
45.49418514306868
45.55542749383813
45.61665820878237
45.67788063305832
45.73909560383653
45.800301283214615
45.86149623790334
45.92268370073003
45.9838636653127
46.04503159904831
46.106191425813414
46.16734371587948
46.22848635759419
46.289618420037186
46.350742907261676
46.41185981282155
46.4729643240061
46.53406087991268
46.595149815543465
46.65622877797766
46.717297273937916
46.77835811094611
46.83941128249128
46.90045172909359
46.961484338632715
47.02250924393987
47.08352388478503
47.144528137855026
47.2055246478583
47.26651338006532
47.32748914751189
47.38845713299083
47.449417329898175
47.510367006147675
47.571306337726725
47.63223784173927
47.69316135195098
47.75407190009872
47.814974581618266
47.875869389839245
47.93675345778159
47.9976271870532
48.05849300386952
48.11935064809062
48.18019529520191
48.24103199063376
48.3018607276486
48.36267854286074
48.42348598676995
48.484285432942
48.54507656646291
48.60585462855232
48.666624653516294
48.727386634549404
48.78813755188997
48.848878025120584
48.909610414935116
48.970334392325285
49.03104518313674
49.091747850977995
49.15244238897513
49.21312576257776
49.27379857752956
49.33446322298522
49.39511939808639
49.4557622290704
49.51639685083669
49.577023256442104
49.63763843970864
49.69824290647456
49.758839117259114
49.819426843178604
49.88000102346937
49.9405669078881
50.00112448942167
50.06167083501552
50.12220626135871
50.182733344826175
50.24325197393002
50.303756810322625
50.36425326377796
50.42474132721227
50.48521818705167
50.54568387838262
50.60614113953017
50.66658996336902
50.727024820363965
50.78745114687386
50.84786899581124
50.908275721062466
50.96867098041596
51.029057721861065
51.08943593820074
51.14980027094356
51.210155772136744
51.27050270778621
51.33083864885694
51.39116277686902
51.451478298826345
51.511785207459425
51.57207836589941
51.6323623409923
51.69263766214648
51.752902168678986
51.813154463563926
51.87339806382231
51.93363296211136
51.99385429542837
52.05406604120198
52.11426904421401
52.17446146507853
52.23464122260565
52.29481219650481
52.35497437935935
52.415123235957125
52.47526204673388
52.53539202549421
52.59551170878224
52.65561822225275
52.71571586266019
52.77580462251329
52.83588035001281
52.895945517633365
52.95600176354655
53.016048056563974
53.07608061678769
53.13610421407546
53.19611884086068
53.25612078609332
53.316111599893276
53.37609340185468
53.43606565111526
53.496023546387335
53.55597238840869
53.615912169536685
53.675839678537656
53.73575542532418
53.79566206969666
53.855559603967755
53.91544213699285
53.97531550905896
54.03517972939402
54.095032147395514
54.15487211142408
54.21470288201461
54.274524451402556
54.33433150017931
54.39412868503576
54.45391662687257
54.513693298297184
54.573456761248096
54.633210939284325
54.6929558245634
54.75268673302539
54.81240701082881
54.87211795386894
54.93181822232285
54.99150446327778
55.05118132738454
55.11084880672206
55.17050291798242
55.230145566276974
55.28977878760536
55.34940199587169
55.40901029129009
55.46860911746592
55.5281984663987
55.587775122743466
55.647339416437305
55.706894190498616
55.76643943688029
55.82596930422641
55.88548936581992
55.94499985723064
56.00449840011207
56.063983611453736
56.12345921002887
56.182925187709806
56.24237654606097
56.30181711374722
56.361248017840865
56.42066778787069
56.48007318642539
56.53946887860775
56.59885485620882
56.65822704566921
56.717587387426
56.776937971706076
56.83627830864887
56.895603161274856
56.95491821344662
57.01422345687324
57.07351581669587
57.13279519778006
57.19206472702487
57.25132439609118
57.310568540616046
57.36980221642443
57.42902598884275
57.488237857422774
57.54743554034642
57.60662327658531
57.66580105771711
57.72496431362182
57.78411587395523
57.84325743576844
57.90238815063636
57.961503395142906
58.02060859763231
58.079703749598316
58.13878545389148
58.19785415685557
58.256912765679914
58.315961271808945
58.37499372653538
58.434015651734995
58.49302743050293
58.55202691931772
58.611012020211646
58.669986930852474
58.7289516425995
58.787901483104605
58.84683938465341
58.90576704336599
58.964683651953685
59.02358440324599
59.08247486767378
59.141355036510554
59.20022159751322
59.25907472620544
59.317917515156296
59.37674995558888
59.43556622918405
59.49437149651041
59.55316637104547
59.61194898637188
59.67071659013288
59.729473756742664
59.78822047733722
59.84695240512056
59.905671721574045
59.964380547528634
60.02307855010562
60.08175987396791
60.14043066275996
60.19909090752998
60.25773782188558
60.31637043078759
60.374992450971476
60.433603873433846
60.492199458898796
60.550783111475056
60.60935612150833
60.66791735391012
60.726462495650736
60.784996949937984
60.84352070767951
60.902030209635484
60.96052596465226
61.01901097808657
61.07748524079373
61.135942771105505
61.194388896410246
61.252824225824
61.311246974275114
61.36965406741875
61.42805031941758
61.486435721036756
61.54480609540143
61.603163125653474
61.66150926014393
61.71984448958495
61.77816224812945
61.836468970857695
61.89476474302582
61.953047289960494
62.01131445608107
62.06957062603966
62.12781579045702
62.18604531823201
62.24426174083149
62.30246711215807
62.36066115924192
62.418837689119016
62.4770031218997
62.53515744811251
62.59329807213115
62.65142342069613
62.709537616738835
62.76764065073366
62.82572760907041
62.88380152896522
62.94186424072632
62.99991528705305
63.057948784605756
63.11597102784578
63.173982007154095
63.23197898297954
63.28996061119394
63.34793092916512
63.405889927219185
63.463832589375286
63.52176209919284
63.57968024264861
63.63758656049558
63.69547511512397
63.75335225685161
63.811217975910054
63.86906957434415
63.92690556699374
63.98473009030093
64.04254313444163
64.1003397697373
64.1581229496276
64.21589460354332
64.27365446123962
64.3313961498255
64.3891262655333
64.44684479844307
64.50454928632313
64.5622377156173
64.61991451507393
64.67757967471672
64.73522854849136
64.79286346596946
64.8504866964577
64.90809822992318
64.96569124509028
65.02327239757732
65.08084180572838
65.13839744588373
65.19593637129744
65.25346350496483
65.31097883675548
65.36847821032424
65.42596292011214
65.48343578047471
65.54089678122418
65.59833964313219
65.65576988234578
65.7131882142587
65.77059326546723
65.82798073358266
65.88535624661161
65.94271979426748
66.00006792487775
66.05740046874594
66.1147209993152
66.17202950624089
66.2293204706007
66.28659783347756
66.34386312464436
66.40111584158922
66.45834988593685
66.51557181040846
66.5727816045593
66.62997674534756
66.68715515195557
66.7443213799351
66.80147541878264
66.85861273717792
66.91573524748469
66.97284552020943
67.02994354478956
67.08702279433471
67.14408914910078
67.2011432071291
67.25818360707756
67.31520589181426
67.37221583111896
67.42921341432731
67.48619533417119
67.54316100234459
67.60011426558324
67.65705511316295
67.71397830585263
67.77088709637546
67.82778342225625
67.88466727271074
67.9415314909728
67.9983831420685
68.05522226860947
68.11204703310143
68.1688538560874
68.22564810528718
68.28242976981302
68.33919514725547
68.39594436544698
68.45268094958669
68.50940488872597
68.56611063124457
68.62280198098702
68.67948063620403
68.73614648428676
68.79279244537949
68.84942566231769
68.90604612404795
68.9626519235784
69.01923954763883
69.07581436671401
69.13237636968898
69.18892187218586
69.24545089365901
69.30196704910571
69.35847032734912
69.41495528410206
69.47142543672415
69.52788266206717
69.58432694889213
69.64075111096072
69.69716212775599
69.75356015580726
69.80994364967208
69.8663083020261
69.92265991530385
69.9789984781594
70.03532076192576
70.09162580418301
70.1479177455345
70.20419657457137
70.26045739868135
70.31670256192676
70.37293456222207
70.42915338809519
70.4853525027577
70.54153751735292
70.59770930673784
70.65386714288044
70.71000501456703
70.76612961014726
70.82224091804027
70.8783366278967
70.93441387210464
70.99047777757559
71.04652833266468
71.10256166581811
71.15857801093881
71.2145809544735
71.27057048471318
71.32654119051057
71.38249636420065
71.43843807323643
71.49436630584444
71.55027413339567
71.60616786257384
71.66204806380928
71.71791383302887
71.77375942344062
71.8295914342846
71.88540985367614
71.9412123259703
71.99699598714797
72.0527660050913
72.10852236785045
72.16426129169275
72.21998274854539
72.27569049827441
72.33138452886442
72.38705965248829
72.44271862917556
72.49836383462619
72.55399525675885
72.60960632815676
72.66520254808573
72.72078493244035
72.77635316223066
72.83190023599568
72.88743342181768
72.94295270750197
72.9984564645159
73.0539402907898
73.10941016439735
73.16486607307723
73.22030510466041
73.27572540480094
73.33113168732454
73.38652393990301
73.44189799315703
73.49725448775777
73.55259689956279
73.60792521617662
73.66323403795815
73.71852644684535
73.77380470752881
73.82906880754564
73.88431214446562
73.93954018669496
73.99475401508242
74.04995355453462
74.10513121552022
74.16029460937375
74.2154437235162
74.27057735524335
74.32569015139134
74.38078861437432
74.43587273154498
74.49094020149855
74.54598784976697
74.6010210986046
74.65603993529558
74.7110409891783
74.76602320574291
74.82099095637729
74.87594422829662
74.93087861156155
74.98579511181272
75.0406970793995
75.095584501468
75.15045195931765
75.20530245785716
75.26013835676252
75.3149596431104
75.36975992049601
75.42454413113393
75.47931367493133
75.53406853889516
75.58880138051583
75.64351901626726
75.69822191773423
75.75290966021957
75.80757522215552
75.86222599523748
75.91686196635246
75.9714818470087
76.02608032554234
76.08066394737048
76.1352326993096
76.18978446215948
76.24431556814214
76.2988317493276
76.35333299246145
76.40781638127234
76.46227982474862
76.51672827509478
76.57116171898528
76.62557647726867
76.67997196747314
76.7343523959724
76.78871774936952
76.84306362038
76.89739086573412
76.95170298056479
77.00599995140342
77.06027667813785
77.1145353862466
77.16877889476957
77.22300719016617
77.27721451536303
77.33140439301185
77.38557900176744
77.43973832801686
77.4938759941552
77.54799674730668
77.60210216201133
77.65619222458368
77.7102599738825
77.7643113076731
77.81834723321626
77.87236773675356
77.92636531117087
77.98034692990777
78.03431307034855
78.08826371802553
78.14219085989355
78.19610246705142
78.24999852561541
78.30387856775876
78.35773547116065
78.41157676937834
78.46540244845433
78.51921162632208
78.57299799330852
78.6267686843859
78.6805236855227
78.73426174010893
78.78797727188916
78.84167705678374
78.89536108068692
78.94902775272105
79.0026721496598
79.05630072848365
79.1099134750122
79.16350850495783
79.2170814665721
79.2706385385885
79.32417970675165
79.37770283480609
79.43120405976182
79.4846893233819
79.53815861133585
79.59160957742918
79.64503876353797
79.69845191631768
79.75184902136229
79.8052275651565
79.85858440937236
79.911925148009
79.9652497665846
80.01855562747286
80.07183982588896
80.12510784621799
80.17835967390198
80.23159259100771
80.28480383885316
80.33799883584493
80.39117756734865
80.44433727952489
80.49747527116129
80.55059693891772
80.60370226808308
80.65678851391154
80.70985294282987
80.76290097458119
80.81593259437739
80.86894511216761
80.92193567098487
80.97490975908642
81.02786736160671
81.08080588939534
81.13372226985126
81.18662210577997
81.23950538223835
81.29236965778838
81.34521155074218
81.39803682509351
81.45084546582126
81.50363522662117
81.55640232204813
81.60915272453265
81.66188641897537
81.71460140223823
81.76729338922657
81.8199686086667
81.87262704538068
81.92526698804349
81.97788355479095
82.03048327911762
82.08306614576672
82.13563078448954
82.18817161830005
82.24069553454942
82.2932025179017
82.34569158906693
82.3981563763474
82.45060417065756
82.50303495658196
82.55544819629333
82.60783662255024
82.66020798015788
82.71256225362092
82.76489939770293
82.81721114753908
82.86950575277609
82.92178319783855
82.97404346712781
83.02627873894674
83.07849627523703
83.13069657505062
83.18287962270831
83.23503818139766
83.28717833125371
83.33930116805774
83.39140667604967
83.44348825649709
83.4955507015167
83.54759575663473
83.59962340600995
83.65162774282032
83.70361216368326
83.7555791175198
83.80752858840727
83.85945541590189
83.9113614923665
83.96325002440365
84.01512099600886
84.06697004822476
84.11879745912475
84.17060724791881
84.22239939852045
84.27417040920955
84.32591883245044
84.3776495556287
84.42936256257539
84.48105526520354
84.53272437775954
84.58437571201681
84.63600925172372
84.6876233794702
84.73921285738066
84.79078447847594
84.84233822642133
84.8938735121779
84.94538303054418
84.9968746132973
85.04834824401934
85.09980390626802
85.15123365337125
85.20264487165961
85.25403805875288
85.305413198125
85.35676347886333
85.40809400561838
85.4594064217305
85.51070071058965
85.56197125689084
85.61322076409485
85.66445208092327
85.7156651906816
85.76685573418267
85.81802389286526
85.86917378115369
85.92030538226886
85.97141565431502
86.02250213454987
86.07357026408512
86.1246200260566
86.17564975770075
86.22665422860217
86.27764026821056
86.32860785957644
86.3795567815783
86.43047891129785
86.48138252884198
86.53226761717553
86.5831341592383
86.63397491572398
86.68479577809931
86.7355980300056
86.78638165429665
86.83714097176811
86.88787874489955
86.9385978260121
86.98929819787317
87.03997580610724
87.09063015494573
87.14126572992309
87.19188251372002
87.24247814219696
87.29304873071621
87.34360046323857
87.39413332235767
87.4446467002605
87.4951331914535
87.54560074421934
87.59604934106422
87.64647896446894
87.69688225315355
87.74726528787609
87.79762928386414
87.84797422351068
87.89829462855448
87.94859280595848
87.99887186151746
88.04913177753632
88.09936902712592
88.1495820069442
88.1997757815089
88.24995033303658
88.30010415505787
88.35023159602787
88.40033974803671
88.4504285932122
88.5004981136561
88.55054027511028
88.60056246200185
88.65056525796322
88.70054864500709
88.75050674278718
88.80044262099679
88.85035902387797
88.90025593335389
88.95012969433844
88.99997891929482
89.04980858422198
89.09961867095325
89.14940782171703
89.19917004783886
89.24891262892702
89.2986355467248
89.34833878294904
89.39801469423043
89.44766984458018
89.49730524623999
89.54692088083615
89.59651154271879
89.64607891441267
89.69562645171106
89.7451541361494
89.7946592741898
89.84413851828907
89.89359784198015
89.9430372267073
89.99245656615503
90.04184733269608
90.09121809250809
90.14056882694382
90.18989951732917
90.23920403073157
90.28848587536352
90.33774760789723
90.3869892095667
90.43620728209369
90.48539985921178
90.53457223719911
90.58372439719736
90.63285575306956
90.68195870930391
90.73104137906327
90.78010374339674
90.82914578332625
90.87816108746559
90.92715369427472
90.97612590790811
91.0250777092946
91.07400565208614
91.12290784017878
91.1717895470316
91.22065075348013
91.26949105810749
91.31830247066975
91.36709331361293
91.41586356767888
91.46461321358197
91.51333623618
91.56203585703243
91.61071480021815
91.65937304635733
91.70800778366906
91.75661582319412
91.8052030959453
91.8537695824483
91.90231526320116
91.95083185451449
91.99932709621687
92.04780146215032
92.09625493271811
92.14468258991143
92.19308543888728
92.2414673222534
92.2898282203177
92.33816666479329
92.38647675829796
92.43476579603085
92.48303375820436
92.53128062500288
92.57949968526621
92.62769551322864
92.67587017505146
92.72402365082304
92.7721528470741
92.82025510005391
92.86833609599017
92.91639581487503
92.96443423667229
93.01244317916411
93.06043014259859
93.10839573765637
93.15633994420449
93.20425836965589
93.2521509328905
93.30002203609692
93.3478716590451
93.39569928705396
93.4434970813043
93.49127332354766
93.53902799345667
93.5867610706753
93.63446719869194
93.68214820976974
93.72980755610836
93.77744521725397
93.82505989230792
93.87264530092324
93.92020895206488
93.9677508251808
94.01527089969017
94.06276319955626
94.11023078277546
94.15767649480506
94.20510031496566
94.25250050459373
94.29987164606263
94.34722082284594
94.39454801416517
94.44185319921287
94.48913013611133
94.53638240238139
94.58361258925873
94.6308206758365
94.67800484345753
94.72515982283716
94.77229262856065
94.81940323962147
94.86649163498372
94.91355166997559
94.9605867167184
95.0075994740993
95.05458992098221
95.1015565258846
95.1484934347015
95.19540795912005
95.24230007790369
95.28916976978627
95.33601135979062
95.38282727084146
95.4296206807818
95.4763915682446
95.52313906556613
95.56985598171754
95.61655030094319
95.66322200177473
95.70987106271406
95.75649266048781
95.80308750599634
95.84965963685313
95.89620903145828
95.9427356681821
95.98923085982061
96.03570303622357
96.082152379673
96.12857886843702
96.17497892255498
96.22135075888619
96.26769966521826
96.3140256197168
96.36032860051728
96.40660136008611
96.45284944219571
96.49907447497861
96.54527643646739
96.59145339130266
96.6376002609376
96.68372398340662
96.72982453663894
96.77590189853342
96.8219506679958
96.86797269040102
96.91397144527949
96.95994691042625
97.00589906360601
97.05181913756712
97.09771570283814
97.14358887963472
97.18943864561726
97.23526186270401
97.28105584595448
97.32682634163763
97.37257332730937
97.41829678049487
97.46399040744743
97.50965782808977
97.55530163917183
97.60092181811382
97.64651791630409
97.6920818668107
97.73762210785549
97.78313861675349
97.82863137078863
97.87409698177375
97.91953325616154
97.96494569804182
98.01033428459267
98.05569899296127
98.10103360303034
98.14634157974231
98.191625600303
98.23688564175328
98.28212166353052
98.32732477574345
98.37250383062667
98.41765880511451
98.46278967610999
98.50789379604726
98.55296748438091
98.59801699067634
98.64304229172953
98.68804336430497
98.73301506648218
98.77795870216585
98.822878030498
98.86777302813584
98.91264367170471
98.95748243939478
99.00229539103333
99.04708390940004
99.09184797101257
99.13658669824858
99.1812928680235
99.2259745015873
99.2706315753493
99.31526406568705
99.35986895221575
99.40444329424277
99.44899297305716
99.49351796492782
99.53801824609153
99.58248877295642
99.62693064851963
99.67134773325483
99.71574000328977
99.76010743471994
99.80444308215041
99.84875184987078
99.8930356985314
99.93729460411825
99.98152854258501
100.0257287899941
100.06990380581928
100.11405377373407
100.15817866958218
100.202277024848
100.24634279515757
100.2903834123514
100.33439885216289
100.37838909029293
100.42235113254083
100.46628198474127
100.5101875538736
100.55406781552792
100.59792274526154
100.64174795165044
100.68554323423297
100.72931310316935
100.77305753390576
100.81677650185543
100.86046434872128
100.90412340746477
100.94775692135605
100.99136486569668
101.03494721575534
101.07849717860901
101.12201935657
101.16551585784207
101.20898665758168
101.25243173091232
101.29584328443795
101.33922792194014
101.38258675028362
101.4259197444793
101.46922687950467
101.51249949755783
101.55574593218184
101.59896642454189
101.64216094950261
101.68532902016965
101.72846263750102
101.77157020407402
101.8146516946399
101.8577070839164
101.90073529635913
101.94372951193938
101.98669754252495
102.0296393627198
102.0725549470942
102.11544277288047
102.1582969166415
102.20112474052928
102.24392621899987
102.28670132647542
102.3294482363379
102.37216163542988
102.41484857912523
102.4575090417315
102.50014299752235
102.54274846135687
102.58532044013789
102.62786582735174
102.67038459715681
102.71287672367761
102.75534021054146
102.79777009056733
102.84017324220571
102.8825496394655
102.92489925632123
102.9672202344314
103.00950733444532
103.05176756859937
103.09400091075221
103.13620733472794
103.1783852714595
103.22052890738193
103.26264553931753
103.30473514097406
103.34679768602473
103.38883204790909
103.43083153282738
103.47280387497483
103.51474904790774
103.55666702514785
103.59855727787122
103.64041192202947
103.68223928397339
103.72403933710723
103.76581205480048
103.80755741038793
103.84926677399118
103.89094846246016
103.93260270186096
103.97422946541045
104.01582872629032
104.05739277542796
104.09892809428446
104.14043582314974
104.18191593508726
104.22336840312528
104.2647866007255
104.30617485095567
104.34753536960403
104.3888681295802
104.43017310375839
104.47144491189738
104.51268539160074
104.5538979974619
104.59508270223589
104.63623947864232
104.67736435854277
104.7184563629221
104.7595203505265
104.80055629395585
104.8415641657745
104.88254157780412
104.92348439915534
104.96439906012408
105.00528553315456
105.04614379065528
105.08697319432508
105.12776612202711
105.16853074506182
105.20926703571722
105.24997496624538
105.2906545088627
105.33129814071302
105.37191201158575
105.41249740495779
105.45305429292432
105.49358264754454
105.53407705179576
105.57453945333876
105.61497323157707
105.6553783584483
105.69575480585384
105.7360994392231
105.7764096513188
105.81669109362068
105.85694373790815
105.89716755592434
105.93736187426613
105.97751917383704
106.01764755643745
106.05774699368797
106.09781745717285
106.13785891843992
106.17786457647618
106.21783917263758
106.2577846754231
106.29770105625748
106.3375882865289
106.37744240204874
106.41726248205123
106.45705331995877
106.49681488703607
106.5365471545111
106.57624918055566
106.6159140116867
106.65554945130842
106.69515547052472
106.73473204040292
106.77427913197323
106.81379027568937
106.85326958061238
106.89271931485652
106.93213944932756
106.97152995489435
107.01088777530009
107.05021020609664
107.08950291523996
107.12876587347391
107.16799905150518
107.20720242000321
107.24636781303153
107.2855027539182
107.3246077920553
107.36368289798693
107.40272804221968
107.44173887369075
107.48071530012757
107.51966167126854
107.55857795749432
107.5974641291482
107.6363198473103
107.67513701005701
107.71392396425284
107.75268068011468
107.79140712782181
107.83010327751583
107.86876432680691
107.90739111104924
107.94598750282712
107.98455347215531
108.02308898901067
108.06159368034851
108.10005953855966
108.13849484946192
108.1768995829049
108.21527370870018
108.25361719662145
108.29192566050644
108.33019913065986
108.36844186762744
108.4066538410549
108.44483502054996
108.48298537568208
108.52109674383183
108.55917672064007
108.5972257772959
108.6352438832404
108.67323100787641
108.71118407311874
108.74910052298017
108.7869858953546
108.82484015951596
108.86266328469978
108.90045524010299
108.93820964236484
108.97593055983253
109.01362021086018
109.05127856451539
109.08890558982719
109.12650043315125
109.16405612196145
109.20158038537704
109.23907319229723
109.27653451158244
109.31396431205434
109.35135891956355
109.38871701775136
109.42604349959026
109.46333833377162
109.50060148894767
109.53783293373192
109.57502642920898
109.61218580447101
109.64931337131935
109.68640909823654
109.72347295366595
109.7605049060119
109.79749641150772
109.83445592563277
109.87138343816429
109.90827891737521
109.94514233149918
109.98197161172138
110.0187622845618
110.0555207934078
110.09224710636104
110.12894119148399
110.1656030167995
110.20222872236046
110.23881743503813
110.27537378850948
110.31189775066495
110.34838928935558
110.38484837239264
110.42126962048204
110.45765521805258
110.49400826007734
110.53032871423471
110.56661654816338
110.60287172946225
110.63908763552962
110.67526895705399
110.71141752556122
110.74753330851672
110.78361627334598
110.81966638743462
110.85567606518725
110.8916519437093
110.92759487060644
110.96350481313024
110.99938173849219
111.03522561386364
111.0710281752648
111.1067974377887
111.14253354893913
111.17823647575295
111.21390618522673
111.24954241298701
111.2851371995838
111.32069866705172
111.35622678225238
111.39172151200708
111.42718282309671
111.4626103316384
111.49799633986403
111.53334882713372
111.56866776009286
111.60395310534626
111.63920482945818
111.6744227258516
111.70959876561045
111.74474108143318
111.77984963974811
111.81492440694271
111.84996534936383
111.88497243331742
111.91993761400087
111.95486856099929
111.9897655461344
112.02462853557552
112.05945749545111
112.09425239184864
112.12900598977441
112.16372436442069
112.19840857168546
112.2330585775191
112.2676743478309
112.30225584848904
112.33679696512041
112.3713015577142
112.40577177624142
112.44020758643266
112.47460895397715
112.5089758445229
112.54330357956809
112.57759317421494
112.61184818693906
112.64606858325024
112.68025432861691
112.71440538846603
112.74851883987697
112.78259221446677
112.81663079810214
112.85063455607141
112.88460345362128
112.91853745595682
112.95243571992806
112.98629164611341
113.02011257113301
113.0538984600528
113.08764927789699
113.12136498964792
113.15504556024614
113.18868440379055
113.22228643440462
113.25585321730046
113.28938471727885
113.32288089909869
113.35634172747685
113.38976338901857
113.42314528315339
113.45649171676264
113.48980265442297
113.52307806066881
113.55631789999256
113.589521470096
113.62268197937293
113.65580681412388
113.68889593870048
113.72194931741204
113.75496691452557
113.78794869426564
113.82088935170859
113.85379133169951
113.88665738609271
113.91948747897138
113.9522815743764
113.98503963630611
114.0177601953527
114.05043805833125
114.08307977908643
114.11568532147477
114.14825464931012
114.18078772636368
114.21328451636384
114.24573974928343
114.27815586657081
114.31053558743193
114.3428788754529
114.37518569417693
114.40745600710443
114.43968912614037
114.47187836373436
114.50403098563163
114.53614695518979
114.5682262357232
114.6002687905034
114.63227458275878
114.6642399519636
114.69616419104054
114.72805155706342
114.75990201311717
114.79171552224355
114.8234920474411
114.85523155166513
114.88692784470234
114.91858531567362
114.95020565451074
114.9817888240249
115.01333478698405
115.04484350611264
115.07631455363827
115.10774083157797
115.13912975399383
115.17048128346585
115.20179538253043
115.23307201368048
115.26431113936536
115.2955106711934
115.32666687149616
115.35778545400481
115.38886638102369
115.41990961481324
115.45091511759024
115.48188285152776
115.51280953268981
115.54369385480351
115.574540295111
115.60534881563979
115.63611937837328
115.66685194525098
115.69754647816848
115.72819897065062
115.75880960304775
115.7893820878781
115.8199163868911
115.85041246179208
115.8808702742422
115.91128978585854
115.94166674860236
115.97200186874039
116.00229857379594
116.03255682523934
116.06277658449673
116.0929578129498
116.12310047193606
116.15320056083993
116.1832583351223
116.21327742504491
116.24325779179787
116.27319939652702
116.3031022003336
116.33296616427434
116.36278803219506
116.3925666159326
116.422306244265
116.45200687810123
116.48166847830566
116.51129100569793
116.54087442105308
116.57041671780757
116.59991425518035
116.62937256432826
116.65879160587797
116.68817134041139
116.71751172846552
116.74681273053253
116.77607410290017
116.80528872691991
116.83446384811441
116.86359942682691
116.89269542335583
116.9217517979545
116.95076851083118
116.97974552214922
117.00867743502923
117.0375674882897
117.06641772239644
117.09522809736339
117.12399857315907
117.15272910970688
117.18141966688506
117.21006771299173
117.23867080708938
117.26723380356759
117.29575666215464
117.32423934253335
117.35268180434119
117.38108400717024
117.40944591056716
117.4377610561037
117.46603491064039
117.49426834673352
117.52246132377907
117.55061380112764
117.57872573808419
117.60679709390803
117.63482541606729
117.66280821302402
117.69075030917773
117.7186516636367
117.74651223546347
117.77433198367498
117.80211086724225
117.82984884509057
117.85754080903072
117.88518963643354
117.9127974376805
117.94036417154531
117.96788979675571
117.99537427199357
118.02281755589472
118.05021960704897
118.07757334411367
118.10488565011747
118.13215660216852
118.15938615870456
118.18657427811718
118.21372091875187
118.24082603890793
118.26788837629995
118.29490323359022
118.32187644853093
118.34880797926886
118.37569778390443
118.40254582049177
118.42935204703868
118.45611642150658
118.48283704898381
118.50951056004021
118.53614209637337
118.56273161579156
118.58927907605667
118.61578443488413
118.64224764994282
118.668668678855
118.69504571412581
118.72137527593264
118.74766252817297
118.77390742831547
118.80010993378218
118.82627000194852
118.85238759014314
118.87846265564801
118.90449421166812
118.93047720321874
118.95641754788153
118.98231520278433
119.00817012500815
119.03398227158709
119.05975159950847
119.0854780657126
119.11116162709297
119.13679603293556
119.16238682847927
119.18793459411316
119.21343928657606
119.23890086255962
119.26431927870843
119.28969449162014
119.31502645784514
119.34031132482068
119.3655499115908
119.39074512580561
119.41589692386043
119.44100526210329
119.46607009683505
119.49109138430926
119.51606908073225
119.54100250693719
119.56588620711193
119.5907261895822
119.61552241039863
119.64027482556446
119.6649833910356
119.68964806272061
119.71426879648035
119.73884554812852
119.76337499284823
119.78785704502039
119.81229498753234
119.83668877604143
119.86103836615747
119.88534371344275
119.90960477341179
119.93382150153167
119.95799385322164
119.98211681920614
120.00619376406092
120.03022620403937
120.0542140944042
120.0781573903703
120.10205604710481
120.12591001972703
120.1497192633085
120.17348373287288
120.19719771590664
120.22086606713745
120.24448951500452
120.26806801437448
120.2916015200658
120.31508998684916
120.33853336944719
120.3619316225346
120.38528470073798
120.40858718966837
120.43184343389368
120.4550543729859
120.478219961414
120.50134015359896
120.52441490391351
120.54744416668228
120.57042789618176
120.59336604664017
120.61625452340778
120.63909512009099
120.66189000657953
120.68463913694347
120.70734246520482
120.72999994533711
120.7526115312657
120.77517717686752
120.79769683597114
120.82016877564159
120.8425901570146
120.8649654198291
120.88729451775521
120.90957740441458
120.93181403338036
120.95400435817729
120.97614833228161
120.99824590912098
121.02029704207456
121.04229735090858
121.06424939166446
121.08615485545528
121.10801369550126
121.12982586497392
121.15159131699619
121.17331000464233
121.19498188093795
121.21660689885996
121.23818501133655
121.25971047537035
121.28118867593602
121.30261983695578
121.3240039111984
121.34534085138384
121.36663061018334
121.38787314021923
121.40906839406495
121.43021632424528
121.45131688323596
121.47236427887952
121.49336410099424
121.51431641679551
121.53522117859924
121.55607833867242
121.57688784923312
121.59764966245037
121.61836373044417
121.63903000528558
121.65964843899657
121.68021453309748
121.70073139971132
121.72120028904575
121.74162115296255
121.76199394327435
121.78231861174476
121.80259511008815
121.82282338996976
121.84300340300572
121.86313510076283
121.88321665067338
121.90324594585246
121.92322678857688
121.94315913025298
121.96304292223778
121.98287811583917
122.00266466231562
122.02240251287643
122.04209161868147
122.06173193084129
122.08132340041718
122.10086275332822
122.12035089031781
122.13979004640768
122.15918017249817
122.17852121944014
122.19781313803514
122.21705587903521
122.23624939314297
122.25539363101149
122.27448854324447
122.29353408039609
122.31252720858546
122.33146847667335
122.3503602302226
122.36920241962622
122.38799499522749
122.40673790732026
122.4254311061488
122.4440745419078
122.46266816474214
122.4812119247474
122.49970577196925
122.51814863501434
122.53653727022606
122.55487585205444
122.57316433038373
122.59140265504853
122.60959077583382
122.62772864247478
122.64581620465687
122.66385341201584
122.68184021413765
122.69977656055865
122.71766240076518
122.7354952904598
122.75327487801252
122.77100381749517
122.7886820582324
122.80630954949912
122.82388624052042
122.84141208047151
122.85888701847779
122.87631100361473
122.89368398490805
122.91100591133343
122.9282767318168
122.94549472748659
122.96265824688008
122.97977051721927
122.99683148726815
123.01384110574058
123.0307993213007
123.04770608256256
123.06456133809024
123.08136503639787
123.09811712594964
123.1148175551596
123.131466272392
123.14806322596093
123.16460479693879
123.18109330051408
123.1975298959447
123.21391453138267
123.23024715492996
123.24652771463846
123.26275615851
123.27893243449637
123.2950564904993
123.31112827437036
123.32714773391102
123.34311481687273
123.35902947095667
123.374888720857
123.39069376682
123.4064462380552
123.4221460821017
123.43779324644834
123.45338767853394
123.46892932574708
123.48441813542627
123.4998540548598
123.51523703128574
123.53056701189209
123.54584394381652
123.56106777414658
123.57623844991966
123.59135184085622
123.60641164692032
123.62141815109705
123.63637130026152
123.6512710412386
123.66611732080298
123.68091008567903
123.69564928254098
123.71033485801277
123.72496675866805
123.73954493103032
123.75406932157279
123.76853987671826
123.78295654283951
123.79731710482972
123.8116216289053
123.82587211514758
123.84006850976704
123.85421075892384
123.86829880872796
123.88233260523904
123.89631209446635
123.91023722236905
123.92410793485587
123.9379241777853
123.95168589696549
123.96539303815439
123.97904554705948
123.99264336933807
124.00618536868436
124.01966966992474
124.03309913414147
124.04647370682989
124.05979333343481
124.07305795935088
124.08626752992242
124.09942199044347
124.11252128615766
124.12556536225838
124.13855416388871
124.1514876361413
124.16436572405868
124.17718837263291
124.18995552680573
124.20266713146864
124.2153230616535
124.22791965706502
124.24046055087379
124.25294568780959
124.26537501255177
124.27774846972947
124.29006600392148
124.30232755965625
124.31453308141207
124.3266825136167
124.3387758006478
124.35081288683267
124.36279371644828
124.37471823372128
124.38658638282809
124.39839810789476
124.41015335299716
124.42185206216067
124.4334924325985
124.44507443444405
124.45659974634589
124.46806831216817
124.47948007572492
124.49083498077988
124.5021329710464
124.51337399018769
124.52455798181674
124.5356848894962
124.54675465673847
124.55776722700588
124.56872254371032
124.57962055021356
124.5904611898271
124.60124440581218
124.61197014137994
124.62263833969118
124.63324894385661
124.64380081801897
124.65429289987964
124.66472723157622
124.67510375605873
124.68542241622703
124.69568315493095
124.70588591496997
124.71603063909359
124.72611727000105
124.73614575034149
124.74611602271398
124.75602802966745
124.76588171370062
124.77567701726218
124.78541388275079
124.79509225251488
124.80471206885294
124.81427327401326
124.82377581019409
124.83321961954374
124.84260464416029
124.85193082609189
124.8611955528236
124.87040107691475
124.87954759997345
124.88863506388822
124.89766341049774
124.9066325815906
124.91554251890548
124.92439316413106
124.93318445890618
124.94191634481973
124.95058876341061
124.95920165616786
124.9677549645306
124.97624862988812
124.9846825935798
124.99305679689513
125.00137118107386
125.00962568730577
125.01782025673087
125.02595483043939
125.0340293494717
125.0420437548184
125.0499979874204
125.05789198816873
125.06572558351463
125.07349656099142
125.08120714574252
125.088857278501
125.09644689995022
125.1039759507238
125.1114443714058
125.11885210253062
125.12619908458308
125.13348525799825
125.1407105631618
125.14787494040971
125.15497833002848
125.16202067225497
125.16900190727662
125.17592197523125
125.18278081620726
125.18957837024367
125.19631457732979
125.20298937740574
125.20960271036208
125.21615451603996
125.22264473423124
125.22907330467831
125.23544016707424
125.24174526106285
125.24798852623846
125.25416990214626
125.26028932828216
125.26634674409269
125.27234208897525
125.27827519171686
125.28414439387538
125.2899513609949
125.29569603231724
125.30137834703504
125.3069982442919
125.31255566318231
125.31805054275165
125.3234828219964
125.3288524398638
125.3341593352523
125.33940344701125
125.3445847139411
125.3497030747934
125.35475846827069
125.35975083302677
125.36468010766646
125.36954623074574
125.3743491407719
125.37908877620328
125.38376507544963
125.38837797687177
125.39292741878194
125.39741333944372
125.40183567707183
125.40619436983258
125.41048935584347
125.41472057317358
125.41888795984329
125.42299145382458
125.42703099304077
125.43100651536676
125.4349179586291
125.43876526060572
125.44254835902632
125.44626719157213
125.44992169587604
125.45351180952268
125.45703747004833
125.46049861494109
125.46389518164072
125.46722710753883
125.47049432997898
125.47369678625631
125.47683441361815
125.47990714926354
125.48291493034358
125.4858576939613
125.48873537717178
125.49154758205789
125.49429404989141
125.49697526817954
125.49959117382737
125.50214170369185
125.50462679458232
125.50704638326029
125.50940040643957
125.51168880078629
125.51391150291886
125.51606844940811
125.51815957677732
125.52018482150206
125.52214412001055
125.52403740868345
125.5258646238539
125.52762570180775
125.52932057878334
125.53094919097182
125.53251147451678
125.53400736551481
125.53543680001512
125.53679971401966
125.53809604348339
125.53932572431395
125.5404886923721
125.54158488347133
125.54261423337826
125.54357667781255
125.54447215244682
125.5453005929068
125.54606193477153
125.54675611357305
125.54738306479663
125.547942723881
125.5484350262179
125.54885990715266
125.54921730198387
125.54950714596364
125.54972937429741
125.54988392214422
125.54997072461668
125.54998971678101
125.54994083365693
125.54982401021796
125.54963918139134
125.54938628205807
125.5490652470529
125.54867601116453
125.54821850913548
125.54769267566229
125.54709844539545
125.5464357529394
125.54570453285285
125.54490471964846
125.5440362477932
125.54309905170815
125.54209306576874
125.54101822430465
125.53987446159994
125.53866171189313
125.53737990937714
125.53602898819939
125.5346088824619
125.53311952622126
125.53156085348871
125.52993279823025
125.5282352943665
125.52646827577306
125.52463167628025
125.52272542967332
125.52074946969248
125.51870373003302
125.51658814434514
125.51440264623426
125.51214716926094
125.50982164694098
125.50742601274534
125.50496020010044
125.50242414238795
125.49981777294504
125.4971410250644
125.49439383199417
125.4915761269381
125.48868726179671
125.48572737436615
125.48269675082777
125.47959532416695
125.47642302732513
125.47317979319953
125.46986555464336
125.46648024446603
125.46302379543297
125.45949614026567
125.45589721164208
125.4522269421962
125.44848526451855
125.44467211115602
125.44078741461192
125.4368311073461
125.43280312177495
125.42870339027164
125.42453184516594
125.4202884187444
125.41597304325043
125.41158565088439
125.40712617380348
125.40259454412194
125.39799069391117
125.39331455519962
125.38856605997307
125.38374514017453
125.37885172770424
125.37388575442003
125.36884715213702
125.36373585262798
125.35855178762327
125.35329488881092
125.34796508783661
125.34256231630393
125.3370865057743
125.33153758776703
125.32591549375957
125.32022015518724
125.31445150344373
125.30860946988079
125.30269398580845
125.29670498249519
125.29064239116778
125.28450614301167
125.27829616917063
125.27201046309808
125.26565074417178
125.25921706731333
125.25270936346107
125.24612756351223
125.23947159832315
125.23274139870908
125.22593689544465
125.2190580192636
125.21210470085902
125.20507687088337
125.1979744599486
125.1907973986262
125.18354561744727
125.17621904690257
125.16881761744268
125.16134125947809
125.15378990337905
125.14616347947597
125.1384619180592
125.13068514937945
125.12283310364745
125.11490571103445
125.10690290167196
125.09882460565206
125.09067075302728
125.08244127381096
125.07413609797705
125.06575515546032
125.05729571210426
125.0487602019851
125.0401486881141
125.03146110023019
125.02269736803355
125.01385742118569
125.00494118930965
124.99594860198982
124.98687958877231
124.97773407916483
124.96851200263687
124.95921328861981
124.9498378665069
124.94038566565351
124.93085661537705
124.92125064495718
124.91156768363587
124.90180766061735
124.89197050506843
124.8820561461186
124.87206451285968
124.86199553434656
124.85184882776684
124.84162154267574
124.83131667172012
124.82093414376732
124.81047388764799
124.79993583215611
124.78931990604903
124.77862603804763
124.7678541568365
124.75700419106383
124.74607606934161
124.73506972024586
124.72398507231651
124.71282205405755
124.70158059393728
124.69026062038822
124.67886206180728
124.66738484655588
124.65582890296005
124.64419415931044
124.6324779548261
124.6206814494034
124.60880590021512
124.59685123537312
124.58481738295453
124.57270427100184
124.56051182752282
124.54823998049102
124.53588865784545
124.52345778749091
124.51094729729809
124.49835711510366
124.4856871687103
124.47293738588692
124.46010769436862
124.44719802185695
124.43420829601995
124.4211362554071
124.40798178621054
124.3947470174264
124.38143187655186
124.36803629105123
124.35456018835589
124.34100349586468
124.32736614094367
124.31364805092652
124.29984915311456
124.28596937477691
124.27200864315046
124.25796688544006
124.24384402881876
124.22964000042771
124.21535472737644
124.20098338079507
124.18653052410377
124.17199617418112
124.15738025797373
124.1426827023974
124.12790343433679
124.11304238064592
124.09809946814802
124.08307462363572
124.06796777387129
124.05277884558657
124.03750776548323
124.02215446023283
124.00671885647695
123.991197049249
123.97559134643355
123.95990309458804
123.9441322201991
123.92827864972364
123.91234230958966
123.89632312619608
123.88022102591285
123.86403593508108
123.84776778001327
123.83141648699342
123.81498198227698
123.79846419209122
123.78186029523525
123.76517004684032
123.74839626070418
123.73153886290646
123.71459777949906
123.69757293650646
123.680464259926
123.66327167572754
123.64599510985411
123.62863448822175
123.61118973671968
123.59366078121053
123.5760470905278
123.55834347865945
123.54055540895797
123.5226828071456
123.5047255989187
123.48668370994776
123.46855706587777
123.4503455923281
123.43204921489288
123.41366785914096
123.39520145061617
123.37664991483724
123.35801085260988
123.3392824467852
123.3204686583978
123.30156941283386
123.28258463545532
123.26351425160027
123.24435818658296
123.22511636569371
123.20578871419943
123.1863751573436
123.16687562034637
123.14728832867547
123.1276098748545
123.10784518427825
123.08799418204156
123.06805679321687
123.04803294285435
123.02792255598192
123.00772555760562
122.98744187270955
122.9670714262561
122.94661414318611
122.92606527698646
122.90542701807865
122.88470166470171
122.86388914167901
122.84298937381311
122.82200228588619
122.80092780265994
122.77976584887581
122.75851634925525
122.73717922849978
122.71575050357654
122.6942305198889
122.67262265613519
122.65092683690672
122.62914298677588
122.60727103029606
122.58531089200204
122.56326249641013
122.5411257680181
122.51890063130563
122.49658082214623
122.47417092594631
122.4516723614766
122.42908505311426
122.40640892521918
122.3836439021342
122.36078990818501
122.3378468676807
122.31481470491363
122.2916897911209
122.26847114840075
122.24516312259206
122.221765637892
122.19827861848194
122.17470198852794
122.15103567218063
122.12727959357548
122.10343367683308
122.07949441495057
122.05546029061016
122.03133606648345
122.00712166660313
121.9828170149879
121.95842203564271
121.93393665255883
121.90936078971411
121.88469437107321
121.85993146293077
121.83507510222476
121.81012792330534
121.78508985005695
121.75996080635178
121.73474071604996
121.70942950299971
121.68402709103759
121.65853140670194
121.63293749864795
121.60725212861544
121.58147522036796
121.55560669765829
121.52964648422889
121.50359450381187
121.4774506801293
121.45121475820771
121.42487787936477
121.39844889358712
121.37192772453108
121.34531429584396
121.31860853116433
121.29181035412205
121.26491968833872
121.23793603086855
121.21085074609641
121.18367270835992
121.15640184122242
121.12903806823981
121.10158131296097
121.07403149892801
121.0463885496761
121.01864962349568
120.99081048695776
120.96287795047354
120.93485193752781
120.9067323715998
120.87851917616345
120.85021227468742
120.82181159063565
120.79330982880425
120.76471138500062
120.73601889344104
120.70723227754678
120.67835146073533
120.64937636642071
120.62030691801351
120.59113943771706
120.56187084218865
120.53250762701985
120.50304971558597
120.47349703126017
120.44384949741365
120.41410703741592
120.38426795765054
120.35432496021983
120.32428677076467
120.29415331262659
120.26392450914673
120.23360028366588
120.20318055952487
120.1726639776237
120.14204232301876
120.11132490359816
120.08051164268224
120.04960246359278
120.0185972896527
119.98749604418683
119.95629603677915
119.92499146532859
119.89359055595881
119.86209323198199
119.83049941671315
119.79880903347065
119.76702200557605
119.73513262957454
119.70314087792005
119.67105221502771
119.63886656421444
119.60658384880205
119.57420399211728
119.54172691749186
119.50914221110897
119.47645901293556
119.44367833008997
119.41080008590744
119.3778242037299
119.34475060690608
119.31157413432072
119.27829320258499
119.24491428936938
119.21143731803323
119.1778622119441
119.14418889447785
119.11041620531526
119.07653434025005
119.04255399690885
119.00847509868558
118.97429756898394
118.94002133121768
118.90564630881076
118.87116196438153
118.83657699018201
118.80189296443015
118.76710981057667
118.7322274520839
118.69724581242636
118.66215559844899
118.62696279213128
118.59167043775288
118.55627845882258
118.5207867788625
118.48519532140838
118.44949475384469
118.41369091408107
118.3777870299825
118.341783025127
118.30567882310766
118.26947434753305
118.23315893284928
118.19674085871304
118.16022224427513
118.12360301319424
118.08688308914586
118.05006218059815
118.01312763166044
117.97609212310415
117.93895557866188
117.9017179220846
117.8643790771421
117.82693503029478
117.78938034348451
117.7517242018278
117.71396652915962
117.67610724933522
117.63814628623031
117.60007458371544
117.56189656169234
117.52361659011943
117.48523459294627
117.44675049414428
117.40816251990452
117.36946033532274
117.33065578303918
117.29174878710631
117.25273927160018
117.21362716062103
117.17440319926173
117.1350717857332
117.09563751095018
117.05610029910241
117.01646007440526
116.97671283096035
116.93685227719243
116.89688844505838
116.85682125887078
116.81665064296931
116.77637652172135
116.73598493904657
116.69548927292374
116.6548898363118
116.61418655368401
116.57337934954316
116.53245745705169
116.49142768244313
116.45029372151458
116.40905549888241
116.36771293919404
116.32625752260225
116.28469136743448
116.24302061077267
116.20124517738583
116.15936499207575
116.1173728342693
116.07526802917906
116.03305820813067
115.99074329605531
115.94832321791893
115.90579109936385
115.86314537798975
115.82039422695689
115.77753757136875
115.73457533636508
115.69150003552602
115.64831113480449
115.60501639154188
115.56161573102386
115.51810907857399
115.47448737234015
115.43075303280617
115.38691243872245
115.34296551556689
115.2989121888572
115.25474085297591
115.21045881906832
115.16607011953221
115.12157468004801
115.07697242633779
115.03224823585589
114.98741625622729
114.94247720087839
114.89743099570248
114.85227405767864
114.80699729634898
114.76161312418051
114.71612146724476
114.67052225165848
114.62480661615592
114.57897582849108
114.53303722181167
114.4869907224215
114.44083625667153
114.39455869868328
114.34817164673173
114.30167636874216
114.25507279126155
114.20835512660739
114.16151813645727
114.11457258770807
114.06751840710993
114.0203555214639
113.97307009321489
113.92567278432998
113.87816651204542
113.83055120337471
113.78282092766466
113.7349703722029
113.68701052263202
113.6389413061853
113.59076265015054
113.54245877417526
113.49404386484005
113.44551925902266
113.39688488424002
113.34813142302662
113.29925997472604
113.25027850125487
113.20118693036713
113.15198176215394
113.10265229912052
113.05321248318131
113.00366224233542
112.9540015046419
112.90421429632484
112.85431466673114
112.80430428573742
112.75418308165737
112.70393943681647
112.65357852617038
112.60310653866387
112.55252340287328
112.50182120396293
112.45099754881755
112.40006249242106
112.34901596362027
112.29785309474417
112.24656523576849
112.1951656522572
112.14365427333627
112.09202862048403
112.0402751026288
111.98840953809749
111.93643185630305
111.88434130758986
111.83212068025622
111.77978768528754
111.72734225239215
111.67478431134992
111.62209551551099
111.56929364534594
111.51637901781889
111.46335156301538
111.41019317201483
111.35692098672548
111.30353572590548
111.25003731995463
111.19640723091928
111.14266329558284
111.08880596785265
111.03483476791996
110.98073129168253
110.92651417655742
110.87218335352067
110.8177367387916
110.76315897285485
110.7084672535588
110.65366151221832
110.5987373887685
110.54368391287314
110.48851617056326
110.43323409350121
110.37783037129701
110.32229977086433
110.26665459241872
110.21089476797908
110.1550093611421
110.09900022745722
110.04287620565879
109.98663722813131
109.9302680552067
109.87377898560382
109.81717471932598
109.76045513860132
109.70360017335938
109.64662977140885
109.5895438658028
109.5323368411167
109.4749994592713
109.41754633496866
109.35997740165283
109.30228086475552
109.24445968126199
109.1865224512187
109.12846910847023
109.07028099657403
109.01197463315367
108.95355192079
108.89500738029574
108.83633104980069
108.77753813513485
108.71862857087461
108.6595888113167
108.60042486470613
108.54114403463257
108.4817450359181
108.42220923083715
108.36255630948274
108.30278620719372
108.24288836324095
108.18286252834932
108.12271928113287
108.0624585573749
108.00205983285994
107.9415426228509
107.8809077063656
107.8201453735989
107.75925338631262
107.69824346374924
107.63711554250278
107.57584873476908
107.5144629962541
107.45295903177362
107.39132584101515
107.32956348022816
107.26768266737663
107.20568188764923
107.14354210189902
107.0812836391909
107.01890643733836
106.95639605763652
106.89375914731457
106.8310032745654
106.76812255421686
106.70510640232979
106.641971065989
106.57871648389718
106.51532262556981
106.45180703684909
106.38817198202686
106.32440504938793
106.2605084234846
106.19649211243697
106.1323509174289
106.06807247360534
106.0036741269252
105.9391558174254
105.87449644656554
105.80971528901395
105.74481395270229
105.67977761364003
105.61461287422674
105.54932774149623
105.48391325830184
105.418364170367
105.352694475964
105.28690067650248
105.22096647779827
105.15491146090463
105.08873556770232
105.02241710972683
104.95597601404256
104.88941383222863
104.82271339248672
104.75588546631298
104.68893624567232
104.62185266582607
104.55463716214888
104.4873001571753
104.41983228319609
104.35222845977052
104.28450292975086
104.21664961204162
104.14865673147654
104.08054194057586
104.01230203409415
103.94391936393772
103.87541458128428
103.80678694566652
103.73801375849169
103.66911825826352
103.60010039027567
103.53093733144098
103.46165039295198
103.39224088827278
103.32268751435186
103.25300842213912
103.18320656696685
103.11326175435612
103.04318979826706
102.97299488413574
102.90265751445389
102.83219198973501
102.76160331360236
102.69087227381935
102.62001248120453
102.54902934554087
102.47790352810782
102.40664877390735
102.33527048678516
102.26374878976507
102.19209838595549
102.12032426113885
102.04840558833827
101.97635885265254
101.90418820968772
101.83187147078911
101.75942772680742
101.68685989111341
101.61414400180885
101.54130257904961
101.46833612402429
101.39522076413527
101.32198099814686
101.24861354098354
101.175099358871
101.10146059132418
101.02769106419119
100.95377740580471
100.8797389845852
100.8055663261625
100.73125254373332
100.65681382303484
100.58223697865154
100.50752243078622
100.43268277120427
100.35770069297733
100.28258474475152
100.20734351337768
100.13195516035091
100.0564371834042
99.98079314457624
99.90499809220476
99.82907746483563
99.75302537241771
99.6768272205242
99.60050332778508
99.5240421598087
99.44744029817983
99.3707125319734
99.29384127392055
99.21683509926217
99.13970285843762
99.06242050338429
98.98500941941816
98.9074679001109
98.82977765862807
98.751961076189
98.67400673847172
98.59591057221664
98.51768790935031
98.43931976711102
98.36081709919213
98.28218778125269
98.20340485651164
98.12449511741684
98.04545036189107
97.96625990022218
97.88694252791734
97.80748131734289
97.72788281520218
97.64815725523061
97.56827863391138
97.4882715421692
97.40812918371861
97.32784026867219
97.2474240459477
97.16686264184577
97.08616420305762
97.00533787373129
96.92435693374671
96.84324844320808
96.76200145770646
96.68061008260037
96.59909102032456
96.51742246146551
96.43562013689925
96.35368481245378
96.2715989509735
96.18938517080511
96.10702670319608
96.02452901811955
95.94190263955296
95.85912078174356
95.77621078107478
95.69315971588334
95.60996518443359
95.52664238465164
95.44316575713978
95.35955807450273
95.27581176733894
95.19191894516706
95.10789764244839
95.02372427336616
94.93941748933075
94.85497334156943
94.77038082674127
94.68565962688028
94.60078694595174
94.51577968402881
94.43063514414285
94.34534157804427
94.25991913030488
94.17434461513773
94.08863554268777
94.0027881075913
93.91679217583896
93.83066717386569
93.74438835130049
93.65797618044732
93.5714233968489
93.48472383020605
93.39789501294072
93.31090946040938
93.22379294895833
93.13653241472365
93.04912799002054
92.96159204328269
92.87389948951704
92.78607744187815
92.69810680740203
92.60999634846064
92.52174931026305
92.43335023228191
92.34482150039699
92.25613846998436
92.16732084854752
92.07836044501062
91.9892537345209
91.9000155476732
91.81061955205008
91.72109368871442
91.63141770183644
91.54160229979018
91.4516475916194
91.3615424632506
91.27130732840351
91.18091359746147
91.09038849499406
90.99971512799549
90.90889987892936
90.81794648770347
90.72684091664681
90.63560515601866
90.5442110519612
90.45268474576571
90.36100973613547
90.26919271784863
90.17723642795158
90.0851285347343
89.99289028744292
89.90049166650897
89.80796233889511
89.71528159094916
89.62246102927692
89.52949779359338
89.43638584791051
89.3431397678136
89.24973629198044
89.1562022760016
89.06251186660536
88.96868613926131
88.87471208491017
88.78059450947075
88.68633646809752
88.59192691174411
88.49738454552005
88.4026828793751
88.30785051980627
88.21286195390863
88.11773732829433
88.02246368521303
87.92704667439254
87.83148763155282
87.7357781204056
87.63993335966076
87.54393123713572
87.44779830166954
87.35150560395559
87.25507992660488
87.15850080888035
87.06178228861911
86.96491644864095
86.86790498861225
86.7707521287561
86.67344763630187
86.57600746360586
86.4784098502957
86.3806813237145
86.28279125816516
86.18476951286104
86.08659149651729
85.98827645446366
85.88981021106846
85.79120179856656
85.69244705671721
85.5935452044253
85.49450169761695
85.3953063405799
85.29597380724955
85.19648488492805
85.09686306849802
84.99708052479804
84.8971670164783
84.7970929570218
84.69688577605699
84.59652188800843
84.49602098922716
84.39536703381677
84.29457237659243
84.19362812022894
84.09253966850892
83.99130488282313
83.88992260515846
83.78839706704704
83.68672093662121
83.5849044282907
83.48293442294914
83.38082673195962
83.27856283423901
83.17616375354821
83.07360595070531
82.97091527871197
82.86806356275329
82.76508098804243
82.66193547105185
82.55865900115136
82.45522148660666
82.35165112517117
82.24792143083273
82.14405718636489
82.04003513562733
81.93587702150697
81.8315624434428
81.72711047795566
81.62250320735913
81.5177574137258
81.41285729115636
81.30781769756118
81.20262456938762
81.09729120900755
80.99180492745104
80.88617783848431
80.7803982616623
80.67447748735691
80.56840447932666
80.46219006800948
80.35582349881145
80.24931550391658
80.14265524961768
80.03585372971486
79.92889967245227
79.82180469127539
79.71455671929955
79.60716834577512
79.49962635349306
79.39194466176819
79.28410854978681
79.17613361925804
79.06800329442697
78.9597352097679
78.85131058522288
78.7427494364124
78.63403043161787
78.52517631396827
78.41616285476063
78.3070158689454
78.19770788757555
78.088268139657
77.97866557483327
77.86893114573742
77.75903597322092
77.64900680891827
77.53881915141272
77.42849520706352
77.31801519013932
77.20739642751403
77.09662418225804
76.98571056977957
76.874646232822
76.76343774560787
76.65208145914974
76.5405780790538
76.42892999089395
76.31713170654874
76.20519197011055
76.0930987769688
75.98086755132732
75.86847945170348
75.75595690161214
75.64327390472386
75.53045813970161
75.41748232265061
75.304371616572
75.19110490482146
75.07769928451101
74.96414186335906
74.85044136269275
74.73659342323757
74.62259808318373
74.50845982234961
74.39416969100955
74.2797413115729
74.16515644422176
74.05043815483677
73.93555861396327
73.82054588610104
73.7053764845341
73.59006912107036
73.4746103534574
73.3590084352908
73.24326053154392
73.12736414693089
73.01132734295683
72.89513658755098
72.77881112527646
72.66232610216784
72.54570770497972
72.42893304931816
72.31202048468342
72.1949578011218
72.07775119111609
71.96040074334583
71.84290021762104
71.72526227546598
71.60746797128866
71.48954021783514
71.37145487301952
71.25323349387376
71.13486135758518
71.01634650946004
70.89768787368968
70.77887972104938
70.6599348840306
70.54083359912786
70.42159887210262
70.30220862827238
70.18268097554127
70.06300530721003
69.94318492092052
69.82322414887814
69.70311122909887
69.58286491762235
69.46246043523892
69.34192183960343
69.22123308886621
69.10040242937723
68.97942975392682
68.85830725893986
68.7370510088439
68.61563691480004
68.49408958805702
68.3723919980355
68.25055337757838
68.12857312434838
68.00644346727893
67.88418067685025
67.76176049575074
67.63920700582881
67.51650511635485
67.3936612049352
67.2706779972744
67.14754395065023
67.02427698059574
66.9008559343639
66.77729921119779
66.65359786242746
66.52975169365075
66.40577045620515
66.28163515773461
66.15736720090288
66.03295034832576
65.90839368955722
65.78369802544752
65.65885300216988
65.53387552674418
65.40874592248998
65.2834805434487
65.15807324954318
65.0325203260378
64.90683518555636
64.78099569747022
64.65502350689522
64.52890749610702
64.40264863652004
64.2762565757574
64.14971143692597
64.02303448399789
63.8962127861315
63.76925009558189
63.64215357772294
63.514905561524515
63.387526037247554
63.260001799812315
63.13233752575731
63.004539744115206
62.87659115465129
62.748511393191954
62.6202878821838
62.49192441574034
62.36342868240298
62.234781967925514
62.10600444790785
61.977085048556546
61.84802492577931
61.718834207782585
61.58949242651407
61.4600197722693
61.33040798975121
61.20065389286384
61.07076961645883
60.940737634237266
60.8105726170062
60.68027207712115
60.54982683569969
60.41925186158991
60.28853337845909
60.15767891754605
60.02669336735714
59.89555995946511
59.76429729710968
59.63289613475615
59.50135529863271
59.36968548605428
59.237870160340215
59.10592296902645
58.97384307135787
58.84161907871493
58.70926663866568
58.57677502980497
58.44414661966806
58.31139007089868
58.17848827409869
58.04545660853344
57.91229285869787
57.77898669168628
57.64555296654294
57.51198160285631
57.37827426611807
57.24443971116406
57.1104623318141
56.976355077375786
56.8421184884865
56.70773918818127
56.57323330218956
56.43859339437003
56.30381641149694
56.168913214339355
56.033871661132416
55.89869833852414
55.76339918494412
55.62795768861715
55.492389403528016
55.35669268411079
55.22085597432875
55.084894138541884
54.948800342975844
54.81257111368855
54.676217173617154
54.53972807999004
54.40310780027592
54.26636323705935
54.12948065233746
53.992470826054515
53.855337155648996
53.718062915710775
53.58066508158368
53.443141047111936
53.30547982451289
53.16769555621477
53.029782951844645
52.891736432043345
52.75356733827187
52.61526807609536
52.47683789066902
52.33828561521657
52.19960163632229
52.06078945197988
51.92185567379791
51.78278894828493
51.64359646692708
51.50428290018515
51.36483542717269
51.22526438594733
51.08557278008573
50.945746587717494
50.80579875906872
50.66573089884524
50.52552804429116
50.38520523600217
50.24476237843848
50.10418551098444
49.963489566213894
49.82267349292428
49.68172480167069
49.54065759898394
49.39947044347912
49.258151830051446
49.11671528344499
48.97515920822447
48.83347260968682
48.69166866860625
48.54974586513776
48.40769325400632
48.26552390335816
48.12323659205322
47.98081997630451
47.83828723646191
47.695637666645496
47.552859089717046
47.40996501651874
47.26695546639519
47.12381700718147
46.980563691924196
46.83719569918733
46.69370024137761
46.55008981080194
46.40636535962797
46.262515404652135
46.11855002092207
45.9744712858741
45.830269208923724
45.685951069599234
45.54152026062987
45.39696846557081
45.25229980357366
45.107519165988435
44.96262008530042
44.8176031688734
44.672474983287785
44.52723107799862
44.3818682106582
44.236394792947074
44.090808552563296
43.94510207304472
43.79928577428556
43.653359716716466
43.507311998912655
43.36115520532161
43.21488954991744
43.06850532969311
42.922010462554255
42.77540749358875
42.62868950513637
42.48185902072399
42.33492120674206
42.18787206306263
42.04070845255575
41.89343829698024
41.74606063909151
41.5985664284829
41.450966469519855
41.303260994466726
41.155440716351166
41.00751352688778
40.859481634424085
40.71133918110325
40.56308736860039
40.41473167832084
40.26626978444552
40.117695990820636
39.96901915673842
39.82023952841533
39.671347485998545
39.522352196419135
39.373254966126844
39.22405004248928
39.07473901987836
38.92532692207803
38.77581194415438
38.626187944997376
38.47646374812183
38.32663961355337
38.176707384596426
38.02667389090105
37.87654135298508
37.726305845988264
37.575965891393395
37.42552779787699
37.274991835030775
37.12434838443872
36.97360761651264
36.82276990038828
36.67183009824589
36.52078957037056
36.36965302711906
36.21841985388024
36.06708251360319
35.915650102400754
35.7641229033456
35.61249539249857
35.46077010535426
35.3089509903625
35.157037244919266
35.005022106476325
34.852914111662464
34.70071355285113
34.54841526705425
34.396021460888576
34.24353607753852
34.090958838558784
33.93828232165185
33.78551522567242
33.632657852163774
33.47970606689722
33.32666040203622
33.173525472856035
33.02030158608544
32.86698109986233
32.713571801475496
32.560074573660806
32.406486900151855
32.25280645030362
32.09903911018851
31.945185195474007
31.791239118441393
31.637204925711153
31.4830852122245
31.32887959108428
31.17458183610551
31.020199625001887
30.865733282215665
30.711179742330202
30.556538365084435
30.401813935178772
30.247006782002174
30.092111447783886
29.937132302840176
29.782071527863994
29.6269289716483
29.47169851340566
29.316387528797627
29.16099635570574
29.005522777206714
28.849965024395267
28.694328200660657
28.53861264866091
28.382814335227877
28.226935341416798
28.07097875060261
27.91494491015338
27.758828207194192
27.602634096700548
27.446363881335294
27.290017306117583
27.13358922318356
26.977086190020916
26.820508562055437
26.66385474394393
26.50712247775993
26.350316784553982
26.193438024268787
26.03648346249136
25.879453325742304
25.72235130261533
25.565177757495242
25.407929005837623
25.250607377854493
25.093215421277524
24.935753504856304
24.7782171706682
24.6206104962579
24.46293506787122
24.305191258543694
24.14737400172385
23.98948878996682
23.831536415369822
23.6735170282889
23.515425787132262
23.35726861014935
23.19904587765993
23.040757245250624
22.882399053625274
22.72397654531553
22.565490104698384
22.406939024970136
22.248320561645166
22.0896394163925
21.930895977558997
21.772089297089
21.613217300340416
21.454284271691193
21.295290603369054
21.136235216184605
20.97711648245255
20.81793838176506
20.658701310139655
20.499404156580873
20.340045539096742
20.18062923416188
20.021155641489788
19.861623707051177
19.702032114438946
19.542384528072514
19.38268135126714
19.22292166542032
19.06310406026909
18.903232168878453
18.74330639806817
18.583326033065347
18.423289430475617
18.263200262598755
18.103058939659338
17.942865009317103
17.782616475421406
17.622317110239948
17.461967327301792
17.30156698576734
17.14111363622472
16.98061120205204
16.82006009998079
16.659460540480694
16.498809538946723
16.33811121169185
16.17736597854534
16.016574260110897
15.855732988688885
15.694845990295612
15.533913859757725
15.37293702064348
15.211912963601801
15.050844560465267
14.889732810255701
14.72857813939833
14.567378608810264
14.406136110170582
14.244852060432592
14.083526888769406
13.922159230253813
13.760749986568264
13.599300998235641
13.437812697065649
13.276284288449173
13.114715689743267
12.953109162885502
12.791465142209823
12.629783392175092
12.468062866373549
12.306306238521422
12.144513945363592
11.982686292083063
11.820821303321331
11.658922047773755
11.496988964480868
11.335022493050904
11.173020921155464
11.010986545267185
10.848920187793325
10.686822290491907
10.524691767605484
10.36252981105764
10.20033772723015
10.038115959912481
9.875864010952274
9.71358204400641
9.551271811775221
9.388933759960471
9.22656793335783
9.064173555094218
8.90175278076558
8.739306057866765
8.57683383433161
8.414334760678706
8.251811077134862
8.089263322673732
7.926691946869919
7.764096175698908
7.601477240603419
7.438836118412896
7.276173260220316
7.113488406829154
6.950781900819379
6.7880550972327445
6.6253084485575275
6.4625421455867995
6.29975577045488
6.136950992483165
5.974128265431948
5.811288043366735
5.648429638259099
5.485554611758141
5.322663536801963
5.1597568685712645
4.9968343620730185
4.833896829900399
4.67094515402913
4.507979790630687
4.345000861809626
4.182008581972198
4.0190040668409175
3.8559877734510777
3.6929601124006224
3.5299208561952597
3.366871276261611
3.2038118303728984
3.040742976471269
2.877664686863024
2.7145778275190784
2.551483017069373
2.388380714034522
2.2252711472299254
2.0621548029278647
1.8990324244246297
1.7359044706926579
1.5727713423808523
1.4096333147537374
1.2464911713938818
1.083345371598176
0.9201963747261461
0.7570444980623454
0.5938903978488046
0.43073456093624085
0.267577446848411
0.10441950355678112
-0.05873874258817299
-0.22189680524388422
-0.38505422485074825
-0.5482105095934644
-0.7113650897153776
-0.8745175662022686
-1.0376674795857403
-1.2008143704408543
-1.3639574839284734
-1.5270965636841547
-1.6902311609444884
-1.8533608165366742
-2.0164847733949514
-2.179602649094083
-2.34271412406225
-2.50581873950514
-2.668915821225868
-2.832004690666658
-2.995085242788439
-3.158157019303495
-3.321219512639811
-3.48427158062677
-3.647313416845737
-3.810344563642599
-3.9733645635453327
-4.136372242338731
-4.299367578974597
-4.462350315128755
-4.625319994121975
-4.788275637439317
-4.951216702061138
-5.1141432583860205
-5.277054850653027
-5.439950772950491
-5.602829806244452
-5.7656924271569965
-5.928538180971108
-6.091366613257032
-6.2541759660002985
-6.416966911379685
-6.579739090960562
-6.74249205151372
-6.90522431719593
-7.067935864234352
-7.230626751595729
-7.393296527376371
-7.555944064115049
-7.718568509158926
-7.881170405948156
-8.043749304027793
-8.206304486446548
-8.368834146828187
-8.531339376155021
-8.693819725542594
-8.856274746528172
-9.018702162093904
-9.181103070347406
-9.343477223804204
-9.505824175725122
-9.668142030882041
-9.830430989536266
-9.992691325377047
-10.154922593509399
-10.317123327043594
-10.479292734450198
-10.641431658332175
-10.8035396557589
-10.965615729156216
-11.127658012322572
-11.28966795902032
-11.451645128400944
-11.613589027272987
-11.775496643625797
-11.937370078790089
-12.099208894116881
-12.261012651538664
-12.422778568747013
-12.584507990648802
-12.746200958985895
-12.907857038035468
-13.069473854605015
-13.231051795861845
-13.392591459066578
-13.554092410955928
-13.71555270120263
-13.876971730487796
-14.03835066691508
-14.199689079794247
-14.360985448112286
-14.522238171845405
-14.683448998033485
-14.844617498670956
-15.005742580892361
-15.16682164491046
-15.327857017246785
-15.488848272690433
-15.649794737430792
-15.810692828639487
-15.971545445005766
-16.13235216422257
-16.293112564741097
-16.453822562215894
-16.61448516361321
-16.775100099107696
-16.935666950188832
-17.096181851217732
-17.25664722336854
-17.417063172779987
-17.577429284084133
-17.73774187370245
-17.898002848630913
-18.058212656306488
-18.21837088460756
-18.378473986206803
-18.53852344379571
-18.698520002341173
-18.858463253070035
-19.018349729660116
-19.178180599182845
-19.337956850988537
-19.497678079752145
-19.657340835206124
-19.816946096834908
-19.97649503557684
-20.135987249652825
-20.295419229932044
-20.454791916220625
-20.6141065883361
-20.773362848141684
-20.932557042503674
-21.09169023984369
-21.25076374598055
-21.409777166514484
-21.56872660870191
-21.727613458752394
-21.88643895519214
-22.045202707450013
-22.20390047685961
-22.362534177950085
-22.521104878002166
-22.679612190364594
-22.83805141319634
-22.99642522170145
-23.15473439707139
-23.312978556662905
-23.47115240704938
-23.629259638734993
-23.78730062086288
-23.94527497488338
-24.10317667599817
-24.261010707338976
-24.418776888708607
-24.576474338566644
-24.734097670880097
-24.891651940348194
-25.04913677576743
-25.206550436787214
-25.363889080697234
-25.52115709001965
-25.67835409787118
-25.835477332582016
-25.992524837410635
-26.14950015279724
-26.306402916257156
-26.46322914017645
-26.61997912062085
-26.776655373961752
-26.933257542188684
-27.089780224827088
-27.24622636213387
-27.402597252164874
-27.558892541457695
-27.715105207302006
-27.871241250409945
-28.02730054384668
-28.18328131293527
-28.33917896824388
-28.49499873489433
-28.6507402675349
-28.80639991518798
-28.961976652413234
-29.11747403022926
-29.27289170802367
-29.42822391364282
-29.583473672811376
-29.738642620343697
-29.893730216133854
-30.048728921859023
-30.203645714682718
-30.358480262422603
-30.513229585426508
-30.667890828528094
-30.82246873939374
-30.976962990753208
-31.13136788197336
-31.28568580126307
-31.439918988186875
-31.59406687853201
-31.748121481651825
-31.902090290262457
-32.05597298581303
-32.20976589866901
-32.36346704556607
-32.517081031849116
-32.67060754403579
-32.824039488204505
-32.97738152349384
-33.13063505188299
-33.28379793854705
-33.43686481220507
-33.58984215720719
-33.74272966904811
-33.89552133667219
-34.04821933011952
-34.20082648366539
-34.35334162351212
-34.5057571288965
-34.65808079887956
-34.81031233808061
-34.96244620064897
-35.1144832937709
-35.26642727587168
-35.4182772819694
-35.57002473712333
-35.72167811243392
-35.87323712178031
-36.024695988046425
-36.176055739353906
-36.3273201713612
-36.47848799657725
-36.62955113935065
-36.78051802106628
-36.93138836498564
-37.082155386849244
-37.23282177826555
-37.38339070581911
-37.5338596485377
-37.68422264277791
-37.83448725881467
-37.98465322940122
-38.13471190739983
-38.284669350139765
-38.43452724896408
-38.584280958414226
-38.73392839961719
-38.88347541029722
-39.03292127607833
-39.182255921207904
-39.331489261117405
-39.480621042277924
-39.62964352347174
-39.77856044389344
-39.92737494697332
-40.076082910010726
-40.224680696281474
-40.37317521863899
-40.52156587989052
-40.66984185154028
-40.81801372477035
-40.96608125993235
-41.114035838926746
-41.261882428988926
-41.4096238627691
-41.55725468407223
-41.7047733914129
-41.85218613641233
-41.999490509339
-42.146678769005085
-42.29376027246036
-42.44073479406402
-42.58759081590421
-42.73433855979161
-42.88097854439815
-43.02750188373468
-43.17391338486824
-43.32021636155036
-43.4664044218986
-43.61247723201994
-43.75844076480394
-43.90429097784827
-44.050022683709884
-44.195644371656634
-44.34115419733837
-44.486542420779884
-44.63181989805846
-44.776986426116174
-44.92202922267908
-45.06696015863301
-45.2117794337135
-45.35647596767019
-45.50105806687815
-45.64552780592635
-45.78987563302079
-45.93410663534886
-46.07822459060919
-46.22222129517224
-46.36609897582077
-46.50986293488175
-46.65350612989362
-46.7970282994356
-46.94043608526624
-47.083723412413946
-47.2268879168282
-47.369937387808505
-47.51286651753807
-47.65567123823493
-47.79836028817859
-47.94092891974351
-48.08337177358438
-48.22569833175618
-48.36790419325963
-48.50998313256888
-48.65194516369485
-48.793786012128535
-48.93549902469999
-49.07709452897103
-49.21856815024765
-49.359913259344296
-49.5011402724133
-49.64224448139632
-49.78321974574317
-49.92407633871552
-50.06480897924247
-50.20541249301307
-50.34589677243197
-50.48625571733383
-50.62648561013115
-50.7665957179549
-50.90657886907091
-51.046433305901246
-51.18616741947538
-51.32577270766362
-51.465249888904346
-51.604606220927295
-51.743831606069534
-51.882929767431236
-52.02190656591431
-52.16075003691777
-52.299467449399806
-52.438062997619994
-52.57652257241344
-52.71485754225385
-52.85307015870198
-52.99114388422879
-53.129094752847415
-53.26692041883844
-53.40460874337481
-53.54217388731196
-53.679610551942424
-53.81691202005996
-53.95408985090801
-54.09113563740739
-54.22804868353019
-54.3648376478605
-54.50149070840999
-54.63801380189608
-54.77441238117889
-54.91067089688344
-55.04680254194176
-55.18280745012417
-55.31867143331881
-55.45441016892062
-55.59001759881403
-55.725487646549226
-55.86083204633465
-55.99604025500858
-56.13111496352147
-56.26606363569993
-56.40087090901442
-56.535548909050405
-56.67009849521517
-56.80450514885577
-56.9387851055607
-57.07293099353643
-57.20693866000587
-57.34081927281257
-57.474559824011514
-57.60816722510472
-57.74164722761512
-57.874980832054575
-58.00818672366232
-58.14125880044098
-58.27418995976608
-58.406993131748706
-58.5396556684924
-58.67218324561364
-58.80458252166952
-58.93683398339968
-59.06895682409973
-59.20094411977699
-59.332789941736635
-59.46450692541544
-59.59608067484184
-59.7275198355509
-59.8588278399896
-59.98998861780714
-60.12102005199691
-60.25191211421705
-60.382664397321264
-60.51328707295574
-60.643761778460245
-60.774104556523625
-60.904311078994624
-61.034373436969005
-61.1643057326434
-61.294092623099
-61.4237437878343
-61.55326103980475
-61.682630574153734
-61.81186962256834
-61.94096504156462
-62.06992178411548
-62.198746156017776
-62.32742011616483
-62.45596319766176
-62.58436360957607
-62.71262326828992
-62.840751271095485
-62.96872705322231
-63.09657159461415
-63.22427358394372
-63.351833643181465
-63.47926190771901
-63.606537053556394
-63.733680626907045
-63.86068089756496
-63.98753898646331
-64.11426426270171
-64.24083645827368
-64.36727677963214
-64.49357215420892
-64.61972604539656
-64.74574520169251
-64.8716122760152
-64.99734720410478
-65.1229346230954
-65.24838223136484
-65.37369225367733
-65.49885217741364
-65.6238797122779
-65.74875623327577
-65.8734956142128
-65.99809360528441
-66.12254448935737
-66.24686277096401
-66.37102556782325
-66.49505491639465
-66.61893809490188
-66.7426781890666
-66.86628133101438
-66.98973185783734
-67.11304950693983
-67.23621520661209
-67.3592428979891
-67.48212753429141
-67.60486497627176
-67.7274681547193
-67.84991506395149
-67.97222887552276
-68.09439249804981
-68.21641543159019
-68.33829663039214
-68.46002842350194
-68.58162682755413
-68.70306722603196
-68.8243743612587
-68.94553122861555
-69.06654666831999
-69.18741983529354
-69.30814334590411
-69.42873246465672
-69.5491638206752
-69.66946180121188
-69.78960753375543
-69.9096131024721
-70.02947394066763
-70.14918689236427
-70.26876251127757
-70.38818264869919
-70.50746935075162
-70.62659986353597
-70.74559353699827
-70.86443804312364
-70.98313851069832
-71.10169670784114
-71.2201038000437
-71.33837539213785
-71.45648894725942
-71.574469047967
-71.69229350854346
-71.80997991183315
-71.9275170540052
-72.04490961767914
-72.16215916760416
-72.27925775710469
-72.39621944708868
-72.51302393545951
-72.62969503304262
-72.74620777178131
-72.86258466058791
-72.97880889873288
-73.09489147085863
-73.2108269625387
-73.3266151175415
-73.44226162292154
-73.55775526778206
-73.67311255303844
-73.78831160212121
-73.90337743380164
-74.01828381443013
-74.13305500525409
-74.24767161184538
-74.36214809465551
-74.47647471470418
-74.59065642958333
-74.70469285647842
-74.81857975070946
-74.93232578370916
-75.04591781173453
-75.15937325594012
-75.2726703793216
-75.38583462863556
-75.49883723302925
-75.61170660395241
-75.72441816524491
-75.83699263712252
-75.94941298111767
-76.06169254026682
-76.17382149849054
-76.2858061381585
-76.39764354783287
-76.50933326815606
-76.6208789721723
-76.7322737801347
-76.8435276270263
-76.95462753641773
-77.0655893803338
-77.17639441170815
-77.28706411238645
-77.39757429301986
-77.50795171575938
-77.61816707960776
-77.72825041255237
-77.83817268289934
-77.94796133444747
-78.05759102642467
-78.16708504716712
-78.27642204574633
-78.38562149280156
-78.49466568838972
-78.60357062536153
-78.712321913773
-78.8209324107076
-78.92939069313604
-79.0377068264796
-79.14587200947042
-79.25389386202635
-79.36176585744877
-79.46949351833427
-79.57707224335321
-79.68450580795684
-79.79179118500473
-79.89893075494297
-80.00592271169198
-80.11276839476628
-80.21946686409956
-80.32601877425304
-80.43242369423652
-80.5386819515108
-80.64479326536505
-80.75075799585693
-80.8565756519283
-80.96224698774606
-81.06777093947852
-81.1731490186988
-81.27837922460506
-81.3834641912293
-81.48840061486234
-81.5931926187731
-81.69783522869734
-81.80233442561467
-81.90668319537704
-82.01088974681517
-82.11494465491711
-82.2188587281405
-82.32261975800763
-82.42624152598712
-82.52970866594151
-82.6330383073115
-82.73621155054248
-82.83924924955583
-82.94212859409038
-83.0448745405755
-83.1474599892504
-83.24991437856744
-83.35220593899857
-83.45436659824759
-83.5563666565502
-83.65823342559706
-83.75994236528574
-83.86151526323208
-83.96293329867825
-84.06421234930717
-84.16533970022121
-84.26632493196716
-84.36716182335351
-84.4678532692739
-84.56839993138846
-84.66879762913403
-84.7690542974392
-84.86915828922463
-84.96912520434623
-85.06893553692124
-85.16861294460462
-85.26812966922375
-85.36751543092004
-85.46674099268427
-85.56583320631759
-85.66476982333319
-85.76356855098679
-85.86221648660614
-85.96072179476957
-86.05908131727189
-86.15729327681059
-86.25536465935781
-86.3532833454844
-86.45106686607807
-86.54869235832305
-86.64618694157983
-86.74352068194187
-86.84072217131359
-86.93776869196785
-87.03467717736444
-87.1314367729653
-87.22805234851478
-87.32452531836476
-87.42084808238344
-87.51703473038836
-87.61306478535177
-87.70896403504881
-87.80470287249219
-87.90030954569502
-87.99576276749438
-88.09107697667933
-88.18624490259316
-88.2812667642963
-88.37614971849648
-88.47087935328403
-88.56547766431197
-88.65991519675111
-88.75422207980093
-88.8483747561053
-88.94238970074491
-89.03625850098027
-89.12998164140005
-89.22356690916462
-89.31699838345588
-89.41029933056123
-89.50344041665531
-89.59644988077878
-89.68930823872294
-89.78202636734153
-89.87460235529238
-89.96702929968559
-90.05932327983523
-90.15145919505629
-90.2434647716931
-90.33531657843587
-90.42703133316327
-90.51860198247273
-90.61002607942332
-90.70131594740938
-90.79244955439081
-90.88345298919536
-90.97430230947833
-91.06501547971432
-91.15558490352176
-91.24600798584066
-91.33629790271023
-91.42643107734054
-91.51643426474736
-91.60628533123305
-91.695998854026
-91.7855713317206
-91.8749953787378
-91.96428957858538
-92.05342443367697
-92.14242941307032
-92.231286620652
-92.32000257687424
-92.4085825484149
-92.4970096821601
-92.58530718432894
-92.67345134793698
-92.76146029983872
-92.84932819998988
-92.93704881053135
-93.02463995076187
-93.11207335221329
-93.19937643498874
-93.2865345673003
-93.37354980957737
-93.46043310474909
-93.54716072673062
-93.63375912336156
-93.7202098450947
-93.80652092144555
-93.89269782969157
-93.9787218137855
-94.06461675411259
-94.15036247486054
-94.23597063409542
-94.32144358536127
-94.40676519918617
-94.49195795898518
-94.57700113930193
-94.66190767578094
-94.74667915040793
-94.8312997067481
-94.91579160680963
-95.00013475684909
-95.08434100956435
-95.16841353693252
-95.25233439282216
-95.33612679803696
-95.41977247620099
-95.50327982786366
-95.58665598504416
-95.66987854085639
-95.7529728593052
-95.8359236709019
-95.91873354703445
-96.00141531190927
-96.08394165599375
-96.16633933804238
-96.24859793395419
-96.33071180198789
-96.41269778399813
-96.49453345970511
-96.5762359971053
-96.65780507246839
-96.73922444084613
-96.82051615576083
-96.90166388446141
-96.9826728094564
-97.06355421820555
-97.14428151963543
-97.22488052319757
-97.30534306844342
-97.38565995288089
-97.46584956495738
-97.54589329702006
-97.62580118406223
-97.70558135029286
-97.78520780474196
-97.86470723766567
-97.9440702290758
-98.0232886326416
-98.10238016244764
-98.18132693677967
-98.2601378457727
-98.33882203108595
-98.41735355457786
-98.49575753286105
-98.57402810995094
-98.6521521870688
-98.73014980595903
-98.80800682173341
-98.88572496193044
-98.9633168000999
-99.04076124258302
-99.11807402957675
-99.19525948710034
-99.27229353812044
-99.34920156281513
-99.42597617151765
-99.50260589611696
-99.57910975650589
-99.65547452512783
-99.73170052615521
-99.80780082722382
-99.88375677206405
-99.9595796592911
-100.03527701292026
-100.11082515769385
-100.18624554771846
-100.2615381912421
-100.3366819482836
-100.41170046443465
-100.4865870894609
-100.56132943066645
-100.63594670290792
-100.71042835204587
-100.7847699119109
-100.85898657674736
-100.9330642994986
-101.00700571899127
-101.0808224193733
-101.1544972719935
-101.22803919846058
-101.30145658369113
-101.37472962905099
-101.44787271612445
-101.5208914417653
-101.59376374921374
-101.66650865671775
-101.73912938449615
-101.81160202972399
-101.88394942358215
-101.95617247267997
-102.02824688620251
-102.10019743834577
-102.17202268939295
-102.24370075233037
-102.31525514060559
-102.38668368531451
-102.45796607953164
-102.52912498761054
-102.60015792353735
-102.67104533665866
-102.74180945394696
-102.81244788435886
-102.8829410096787
-102.95331103122625
-103.02355606497052
-103.0936556013629
-103.16363222777434
-103.2334849791473
-103.3031916309771
-103.37277556832241
-103.44223684501415
-103.5115516339744
-103.58074359370079
-103.64981309045154
-103.7187381616901
-103.78753886053356
-103.85621729572792
-103.92475378103798
-103.9931639409363
-104.06145203813529
-104.129601074209
-104.19762142221471
-104.2655199100696
-104.33328263837228
-104.40091390656603
-104.46842351873214
-104.53580108537732
-104.60304401078216
-104.67016548583253
-104.73715904145833
-104.80401436595477
-104.87074844729563
-104.9373591469416
-105.00382761718218
-105.07017505296801
-105.13640151208148
-105.20248642327925
-105.26844796632864
-105.33428874332955
-105.39999345648762
-105.46556986420012
-105.53102571793542
-105.59635140218987
-105.66154343646262
-105.7266151302536
-105.79156295862441
-105.85637138576968
-105.9210596873292
-105.98562792295053
-106.05005642726618
-106.11436210861751
-106.17854794072076
-106.24260128830832
-106.30652512570344
-106.37032933188871
-106.43400870818535
-106.49755148202485
-106.56097484401727
-106.62427885516018
-106.6874439325968
-106.75048723616722
-106.81341140994903
-106.8762052437381
-106.93886927862374
-107.00141440605458
-107.06383819280073
-107.12612375262596
-107.18829062858094
-107.2503388829449
-107.31225345009858
-107.37404287323977
-107.43571389997814
-107.4972611733852
-107.55867394608404
-107.61996854876847
-107.68114504457085
-107.74218666324441
-107.80310564905693
-107.86390675591517
-107.92458385066743
-107.98512803032446
-108.04555456010513
-108.10586350396318
-108.16603853153251
-108.22609129953935
-108.2860267121776
-108.34584000086613
-108.4055198257652
-108.46508252695087
-108.52452816916667
-108.58384299922413
-108.64303381199102
-108.70210779885701
-108.76106368900003
-108.8198834395748
-108.8785865983707
-108.93717323089015
-108.99563429029806
-109.05396745140257
-109.11218432170507
-109.17028496712359
-109.22825324964658
-109.28610119214318
-109.34383314654835
-109.40144689255087
-109.45892674458705
-109.51629084630382
-109.57353926433102
-109.63066388886008
-109.68766097905623
-109.74454262459335
-109.80130889249048
-109.85794646460248
-109.91446218252307
-109.97086276305981
-110.02714827361189
-110.08330086749292
-110.13933660913334
-110.19525752223794
-110.25106161546415
-110.30673336926685
-110.36229053686449
-110.41773318630531
-110.4730559883036
-110.52825026484115
-110.58333026668795
-110.6382960622471
-110.69313965950815
-110.74785787148417
-110.80246212174166
-110.85695247902966
-110.9113189621498
-110.96556252799452
-111.01969244651048
-111.07370878678354
-111.12760025020022
-111.18137059388889
-111.23502760601576
-111.28857135599493
-111.34198989772585
-111.39528844859856
-111.44847398501392
-111.50154657670569
-111.55449429809094
-111.60732249067465
-111.66003798720376
-111.71264085772273
-111.76511986317027
-111.8174791370025
-111.8697260344421
-111.92186062583599
-111.97387302256999
-112.02576482202456
-112.07754456596936
-112.12921232504507
-112.18076022285749
-112.23218599697236
-112.28350003764274
-112.3347024157949
-112.38578792680048
-112.43674912910674
-112.48759892117874
-112.53833737422006
-112.58896261261376
-112.63946070096748
-112.6898477034045
-112.74012369139774
-112.79028873648318
-112.84032720963097
-112.89025288551757
-112.94006787260962
-112.98977224270254
-113.03935516597735
-113.08882098235432
-113.13817643661216
-113.18742160079742
-113.23655109396566
-113.2855585216677
-113.33445591491595
-113.38324334600034
-113.43192088726843
-113.48047204341276
-113.52891285107333
-113.57724402542527
-113.62546563904993
-113.67356809904123
-113.7215537999748
-113.76943019736625
-113.81719736402312
-113.86485325080494
-113.9123853271541
-113.95980843060428
-114.00712263418144
-114.05432801096373
-114.1014140081017
-114.1483853037225
-114.19524803116646
-114.24200226372096
-114.28864642758677
-114.33516740443015
-114.3815801455935
-114.42788472456618
-114.4740812148859
-114.52016132889507
-114.56612557638613
-114.61198199514494
-114.65773065890215
-114.70337164143504
-114.74889093011842
-114.7943006846055
-114.83960301846176
-114.88479800564835
-114.9298828203662
-114.9748474089512
-115.01970491196293
-115.06445540353951
-115.10909895786213
-115.15362879040197
-115.19804296387647
-115.24235046179778
-115.28655135851537
-115.33064572841971
-115.37462380411645
-115.41848981241391
-115.46224955616663
-115.50590310992484
-115.54945054827823
-115.5928800920615
-115.63620018939449
-115.67941443412244
-115.7225229009862
-115.76552566476421
-115.8084099007119
-115.85118634526141
-115.89385735002045
-115.93642298991064
-115.97888333988902
-116.02122549078865
-116.06346054439763
-116.10559057185048
-116.14761564823928
-116.18953584868993
-116.2313391356077
-116.27303506347971
-116.3146263795949
-116.35611315920599
-116.39749547759797
-116.43876311945543
-116.47992218985769
-116.52097706361351
-116.56192781612671
-116.60277452283175
-116.64350973598977
-116.68413421996064
-116.72465492305365
-116.7650719208142
-116.80538528881655
-116.8455912866672
-116.88568345772842
-116.92567226428642
-116.96555778201864
-117.00534008662979
-117.0450192538513
-117.08458221306877
-117.1240413993682
-117.16339771389383
-117.20265123247171
-117.24180203095278
-117.28084280033983
-117.31977464452771
-117.3586040344889
-117.39733104616133
-117.43595575550651
-117.47447753685789
-117.51288431867866
-117.55118906426479
-117.58939184965749
-117.62749275091991
-117.66549184413665
-117.70338274195655
-117.74116512463632
-117.77884596560543
-117.81642534101977
-117.85390332705528
-117.89127999990767
-117.92854453653828
-117.96570571590715
-118.00276584862769
-118.03972501095828
-118.07658327917586
-118.11333961901697
-118.14998342031741
-118.18652659415963
-118.22296921687618
-118.25931136481654
-118.2955531143464
-118.33169139506359
-118.36771989425064
-118.40364826180542
-118.43947657414148
-118.4752049076873
-118.51083333888606
-118.54635806040291
-118.5817744573609
-118.61709121883308
-118.65230842130256
-118.6874261412656
-118.72244445523125
-118.75736010845301
-118.79216760362553
-118.82687595970575
-118.86148525323486
-118.89599556076564
-118.93040695886214
-118.96471802500923
-118.99891981892787
-119.03302297032205
-119.06702755578027
-119.10093365190097
-119.134741335292
-119.16845068257055
-119.20205157807133
-119.23555272503995
-119.26895580278074
-119.30226088792676
-119.33546805711907
-119.36857738700633
-119.40158334185625
-119.43448568376283
-119.46729045317318
-119.49999772674457
-119.53260758114064
-119.5651200930312
-119.59753533909172
-119.62984228908674
-119.66205194814638
-119.6941646080682
-119.72618034552818
-119.75809923720668
-119.78992135978845
-119.82164296350885
-119.85326070835842
-119.88478195065034
-119.9162067670627
-119.9475352342765
-119.97876742897544
-120.00990342784598
-120.04093713121429
-120.07187014956918
-120.10270723843081
-120.13344847447094
-120.16409393436265
-120.1946436947799
-120.22509783239744
-120.25544957357447
-120.28570212557955
-120.31585932087125
-120.34592123610213
-120.37588794792418
-120.40575953298884
-120.4355360679465
-120.46521176513016
-120.49478810683163
-120.52426966421942
-120.55365651391418
-120.58294873253459
-120.61214639669689
-120.6412495830147
-120.67025513345979
-120.69915951610258
-120.7279696863582
-120.75668572080315
-120.78530769601036
-120.81383568854861
-120.84226977498258
-120.87061003187272
-120.89884772339225
-120.9269907517109
-120.95504021552503
-120.98299619134977
-121.01085875569476
-121.03862798506375
-121.06630395595465
-121.09388404094175
-121.12136416627669
-121.14875129774879
-121.17604551180368
-121.20324688487997
-121.23035549340901
-121.2573714138147
-121.28429472251315
-121.3111211727969
-121.33785020323924
-121.36448688607439
-121.39103129765874
-121.41748351433972
-121.44384361245591
-121.47011166833667
-121.49628775830203
-121.52236809916724
-121.5483514736433
-121.57424314573926
-121.60004319170774
-121.62575168779102
-121.65136871022065
-121.67689433521743
-121.70232863899122
-121.72767036022307
-121.75291350645244
-121.77806559438119
-121.80312670014447
-121.82809689986543
-121.85297626965495
-121.87776488561158
-121.90246282382122
-121.92707016035699
-121.95158171185304
-121.97599962987721
-122.00032720842148
-122.02456452347653
-122.04871165101912
-122.07276866701218
-122.09673564740453
-122.12061266813055
-122.14439980511025
-122.1680905222521
-122.19168997318832
-122.21519980178726
-122.23862008387866
-122.2619508952769
-122.28519231178072
-122.30834440917309
-122.33140726322087
-122.35438094967488
-122.37726011448026
-122.40004784042776
-122.42274665935093
-122.44535664690318
-122.46787787872059
-122.49031043042217
-122.51265437760934
-122.53490979586607
-122.55707676075839
-122.57915359995964
-122.60113632259802
-122.62303085154939
-122.6448372622753
-122.66655563021865
-122.6881860308034
-122.70972853943451
-122.73118323149782
-122.7525501823599
-122.77382946736779
-122.79501828479695
-122.81611522156646
-122.83712475112426
-122.85804694870524
-122.87888188952377
-122.89962964877387
-122.92029030162874
-122.9408639232409
-122.9613505887418
-122.9817503732417
-123.0020623729758
-123.02228169367302
-123.04241439091726
-123.06246053969934
-123.08242021498805
-123.10229349173011
-123.12208044484997
-123.14178114924955
-123.16139567980827
-123.18092411138281
-123.2003665188069
-123.2197202595801
-123.2389842591945
-123.25816249095087
-123.27725502955595
-123.29626194969256
-123.31518332601985
-123.33401923317292
-123.35276974576274
-123.37143493837598
-123.39001488557494
-123.40850966189728
-123.4269184617656
-123.44523687390432
-123.46347037013763
-123.4816190248688
-123.49968291247578
-123.51766210731095
-123.53555668370123
-123.55336671594765
-123.57109227832538
-123.58873344508368
-123.60629029044557
-123.62376288860771
-123.6411498695775
-123.65844831369454
-123.67566276408368
-123.69279329479961
-123.70983997986997
-123.72680289329512
-123.74368210904834
-123.76047770107525
-123.77718974329403
-123.79381830959521
-123.81036347384136
-123.82682530986725
-123.84320389147938
-123.85949589255185
-123.87570269267654
-123.89182649016817
-123.90786735868355
-123.92382537185064
-123.93970060326842
-123.95549312650691
-123.971203015107
-123.9868303425803
-124.00237518240894
-124.01783760804554
-124.0332176929131
-124.04851551040483
-124.06373056100608
-124.07885895069597
-124.09390532302154
-124.10886975121872
-124.12375230849311
-124.13855306801959
-124.1532721029425
-124.16790948637532
-124.18246529140066
-124.19693959107005
-124.21133245840386
-124.22564396639129
-124.23987418799004
-124.25402319612641
-124.26809106369495
-124.28207534627212
-124.29597647053237
-124.30979670212785
-124.323536113788
-124.33719477820992
-124.35077276805858
-124.36427015596627
-124.3776870145328
-124.39102341632537
-124.40427943387832
-124.41745513969306
-124.43055060623803
-124.4435659059485
-124.4565011112267
-124.46935629444118
-124.48213152792735
-124.49482431538536
-124.50743563694495
-124.5199672543406
-124.53241923973445
-124.5447916652547
-124.55708460299527
-124.56929812501605
-124.58143230334247
-124.59348720996545
-124.6054629168415
-124.61735949589246
-124.62917701900537
-124.64091555803245
-124.65257518479092
-124.66415597106304
-124.67565798859584
-124.68708130910116
-124.69842600425541
-124.70968882142807
-124.72087274778023
-124.73197829162072
-124.74300552444467
-124.75395451771126
-124.76482534284374
-124.77561807122919
-124.78633277421869
-124.79696952312685
-124.80752838923203
-124.81800944377613
-124.82841275796446
-124.83873840296567
-124.84898644991173
-124.85915696989767
-124.86925003398164
-124.87926571318484
-124.88920407849128
-124.89906520084773
-124.90884915116371
-124.9185539230003
-124.92818054553078
-124.93773023572118
-124.94720306429136
-124.95659910192336
-124.96591841926137
-124.9751610869117
-124.98432717544249
-124.99341675538382
-125.00242989722759
-125.01136667142728
-125.02022714839805
-125.02901139851664
-125.03771949212111
-125.04635149951098
-125.05490749094692
-125.0633875366509
-125.07179170680591
-125.08012007155602
-125.08837270100618
-125.09654966522226
-125.10465103423074
-125.11267687801896
-125.12062726653481
-125.12850107022055
-125.13629818597849
-125.14402008226888
-125.15166682884089
-125.15923849540403
-125.1667351516279
-125.17415686714205
-125.18150371153602
-125.18877575435926
-125.19597306512091
-125.20309571328988
-125.21014376829467
-125.21711729952337
-125.22401637632356
-125.23084106800225
-125.23759144382566
-125.24426757301941
-125.2508695247682
-125.25739736821586
-125.26385117246531
-125.27023100657833
-125.27653693957569
-125.28276904043692
-125.28892737810025
-125.29501202146264
-125.3010230393796
-125.3069605006653
-125.31282447409211
-125.31861502839104
-125.3243322322513
-125.32997615432032
-125.33554686320373
-125.34104324671529
-125.34646596259822
-125.35181569572248
-125.35709251448478
-125.36229648723983
-125.36742768230003
-125.37248616793542
-125.37747201237374
-125.38238528380018
-125.38722605035751
-125.39199438014583
-125.39669034122267
-125.4013140016028
-125.4058654292582
-125.41034469211814
-125.41475185806878
-125.41908699495349
-125.42335017057255
-125.42754145268309
-125.43166090899919
-125.4357086071916
-125.43968461488791
-125.4435889996723
-125.44742182908556
-125.45118317062503
-125.45487309174452
-125.45849165985422
-125.46203894232082
-125.4655150064671
-125.46891991957227
-125.47225374887164
-125.47551656155662
-125.47870842477468
-125.48182940562941
-125.48487957118023
-125.48785898844251
-125.4907677243875
-125.49360584594211
-125.49637341998901
-125.49907051336663
-125.50169719286905
-125.50425352524562
-125.50673957720147
-125.5091554153972
-125.51150110644858
-125.51377671692688
-125.51598231335865
-125.51811796222562
-125.52018372996477
-125.52217968296813
-125.52410588758288
-125.52596241011113
-125.52774931681017
-125.52946667389195
-125.53111454752346
-125.53269300382644
-125.53420210887745
-125.53564192870775
-125.53701252930324
-125.53831397660448
-125.53954633650662
-125.54070967485924
-125.54180405746649
-125.54282955008699
-125.54378621843352
-125.54467412817344
-125.54549334492825
-125.54624393427372
-125.54692596173982
-125.54753949281067
-125.54808459292443
-125.54856132747341
-125.54896976180385
-125.54930996121595
-125.54958199096387
-125.54978591625563
-125.54992180225304
-125.54998971407171
-125.54998971678101
-125.54992187540392
-125.54978625491731
-125.54958292025131
-125.54931193628988
-125.5489733678704
-125.54856727978373
-125.54809373677425
-125.54755280353959
-125.5469445447309
-125.54626902495252
-125.54552630876215
-125.54471646067067
-125.54383954514216
-125.54289562659386
-125.54188476939618
-125.54080703787251
-125.53966249629937
-125.53845120890622
-125.53717323987544
-125.53582865334246
-125.53441751339547
-125.53293988407557
-125.53139582937669
-125.52978541324543
-125.52810869958117
-125.52636575223609
-125.52455663501492
-125.52268141167497
-125.5207401459263
-125.51873290143138
-125.5166597418053
-125.51452073061556
-125.51231593138213
-125.51004540757742
-125.5077092226262
-125.50530743990561
-125.50284012274506
-125.50030733442627
-125.49770913818313
-125.49504559720197
-125.49231677462103
-125.48952273353083
-125.48666353697399
-125.48373924794522
-125.48074992939127
-125.47769564421094
-125.47457645525498
-125.47139242532614
-125.46814361717904
-125.46483009352026
-125.46145191700823
-125.45800915025325
-125.45450185581728
-125.45093009621431
-125.44729393390986
-125.44359343132126
-125.4398286508176
-125.4359996547195
-125.43210650529929
-125.4281492647809
-125.42412799533986
-125.42004275910321
-125.41589361814962
-125.41168063450914
-125.40740387016328
-125.40306338704517
-125.39865924703912
-125.39419151198106
-125.38966024365814
-125.38506550380893
-125.38040735412326
-125.37568585624237
-125.37090107175857
-125.3660530622156
-125.36114188910835
-125.35616761388289
-125.35113029793646
-125.34603000261748
-125.34086678922552
-125.33564016207274
-125.33034965277774
-125.3249963906909
-125.3195804369572
-125.31410185267272
-125.30856069888453
-125.3029570365905
-125.29729092673966
-125.2915624302318
-125.2857716079177
-125.27991852059884
-125.27400322902781
-125.26802579390787
-125.26198627589307
-125.25588473558835
-125.24972123354931
-125.2434958302825
-125.23720858624489
-125.23085956184451
-125.2244488174398
-125.21797641334001
-125.2114424098051
-125.20484686704549
-125.19818984522243
-125.19147140444761
-125.18469160478337
-125.17785050624266
-125.1709481687889
-125.16398465233601
-125.15696001674863
-125.14987432184165
-125.14272762738062
-125.13551999308143
-125.12825147861057
-125.12092093197042
-125.11352856696587
-125.1060754835314
-125.0985617411759
-125.09098739935867
-125.0833525174894
-125.075657154928
-125.06790137098483
-125.06008522492047
-125.05220877594584
-125.04427208322203
-125.03627520586055
-125.028218202923
-125.02010113342133
-125.01192405631762
-125.00368703052425
-124.99539011490376
-124.98703336826878
-124.97861684938229
-124.97014061695727
-124.96160472965693
-124.95300924609455
-124.94435422483365
-124.93563972438776
-124.92686580322051
-124.91803251974565
-124.90913897053004
-124.90018441439489
-124.89117065496133
-124.8820977504839
-124.87296575916713
-124.86377473916568
-124.85452474858415
-124.84521584547711
-124.83584808784914
-124.82642153365478
-124.8169362407985
-124.8073922671349
-124.79778967046829
-124.78812850855303
-124.77840883909346
-124.76863071974381
-124.75879420810818
-124.74889936174057
-124.73894623814499
-124.72893489477529
-124.71886538903516
-124.70873777827816
-124.69855176296537
-124.68830502273131
-124.67800033416603
-124.66763775446282
-124.65721734076475
-124.64673915016473
-124.63620323970557
-124.62560966637982
-124.61495848712987
-124.60424975884784
-124.59348353837575
-124.58265988250534
-124.57177884797818
-124.5608404914856
-124.5498448696687
-124.53879203911835
-124.52768205637523
-124.51651497792976
-124.50529086022212
-124.49400975964224
-124.48267038513075
-124.47127207498144
-124.45981693652527
-124.44830502599106
-124.4367363995574
-124.42511111335249
-124.41342922345444
-124.40169078589093
-124.38989585663933
-124.37804449162684
-124.36613674673032
-124.35417267777635
-124.34215234054116
-124.33007579075075
-124.31794308408081
-124.30575427615672
-124.29350942255358
-124.2812085787962
-124.26885008887959
-124.25643373889628
-124.24396155141437
-124.23143358179718
-124.21884988535743
-124.20621051735768
-124.19351553301013
-124.18076498747672
-124.167958935869
-124.15509743324824
-124.14218053462534
-124.12920829496097
-124.11618076916548
-124.1030980120988
-124.0899600785707
-124.07676702334052
-124.06351890111733
-124.05021227125374
-124.0368502319626
-124.0234332765285
-124.00996145949856
-123.99643483536954
-123.98285345858805
-123.96921738355016
-123.95552666460173
-123.94178135603833
-123.92798151210525
-123.9141271869974
-123.90021843485951
-123.88625530978592
-123.87223786582065
-123.85816615695757
-123.844038640809
-123.82985439740324
-123.81561603836266
-123.80132361751879
-123.78697718865314
-123.77257680549661
-123.75812252173016
-123.74361439098425
-123.72905246683919
-123.71443680282496
-123.69976745242136
-123.68504446905787
-123.67026790611379
-123.65543781691815
-123.64055425474976
-123.625613974005
-123.61061924743302
-123.5955711955612
-123.58046987150601
-123.56531532833392
-123.55010761906094
-123.53484679665303
-123.51953291402596
-123.50416602404518
-123.4887461795261
-123.47327343323387
-123.45774783788346
-123.44216944613969
-123.42653831061723
-123.41085056471844
-123.39510952887122
-123.37931589543822
-123.36346971687195
-123.34757104557468
-123.33161993389855
-123.31561643414568
-123.2995605985679
-123.28345247936716
-123.26729212869515
-123.25107959865346
-123.23481494129372
-123.21849820861739
-123.20212666431225
-123.18570119174595
-123.16922378868722
-123.15269450697538
-123.13611339839986
-123.11948051469984
-123.10279590756464
-123.0860596286334
-123.06927172949543
-123.05243226168994
-123.03554127670623
-123.01859882598347
-123.00160496091114
-122.9845555197673
-122.96745406602038
-122.95030134137895
-122.93309739707038
-122.91584228427202
-122.89853605411133
-122.88117875766594
-122.8637704459635
-122.84631116998177
-122.82880098064868
-122.81123992884227
-122.79362806539086
-122.77596238537433
-122.75824398380934
-122.74047491279775
-122.72265522300597
-122.70478496505059
-122.68686418949838
-122.66889294686642
-122.65087128762187
-122.63279926218226
-122.61467692091529
-122.59650431413894
-122.57828149212158
-122.56000449838544
-122.541676181025
-122.52329778936601
-122.50486937351516
-122.48639098352957
-122.46786266941656
-122.44928448113386
-122.43065646858962
-122.41197868164227
-122.39325117010068
-122.37447398372413
-122.35564551025905
-122.33676377342381
-122.31783250155303
-122.2988517442447
-122.27982155104732
-122.26074197145971
-122.24161305493129
-122.22243485086202
-122.20320740860222
-122.1839307774529
-122.1646050066656
-122.14522909767996
-122.12579971484959
-122.1063213310387
-122.08679399533789
-122.06721775678812
-122.0475926643812
-122.02791876705946
-122.00819611371591
-121.98842475319427
-121.96860473428879
-121.94873610574462
-121.92881679278365
-121.90884548414277
-121.88882570338036
-121.86875749908077
-121.84864091977914
-121.82847601396142
-121.80826283006436
-121.78800141647554
-121.76769182153322
-121.74733409352666
-121.72692828069597
-121.70646958252007
-121.6859620150708
-121.6654064991759
-121.64480308291519
-121.62415181431939
-121.60345274137018
-121.58270591200011
-121.56191137409286
-121.541069175483
-121.52017936395617
-121.49923864446737
-121.47824790971853
-121.45720969740566
-121.4361240551545
-121.41499103054184
-121.3938106710956
-121.37258302429473
-121.35130813756942
-121.32998605830099
-121.30861683382196
-121.28719732828867
-121.26572800672712
-121.24421167428414
-121.22264837813277
-121.20103816539728
-121.17938108315306
-121.15767717842701
-121.13592649819714
-121.11412908939293
-121.09228499889515
-121.070389933038
-121.0484465663444
-121.02645665126472
-121.00442023452072
-120.98233736278553
-120.96020808268364
-120.93803244079106
-120.91581048363537
-120.89354225769557
-120.87122717179358
-120.84886039932937
-120.82644749047932
-120.80398849156377
-120.78148344885463
-120.75893240857533
-120.73633541690106
-120.71369251995861
-120.69100376382637
-120.66826919453457
-120.64548461506084
-120.62265231021149
-120.59977432358352
-120.57685070104874
-120.55388148843096
-120.5308667315056
-120.507806476
-120.48470076759321
-120.46154965191636
-120.43835042968948
-120.41510229929446
-120.39180889210515
-120.3684702535947
-120.3450864291884
-120.3216574642633
-120.29818340414852
-120.27466429412516
-120.2511001794264
-120.22748883422759
-120.20382842149598
-120.18012313366185
-120.156373015801
-120.13257811294133
-120.10873847006309
-120.08485413209844
-120.06092514393191
-120.03695155040012
-120.01293059511161
-119.98886141608452
-119.96474776036422
-119.94058967263057
-119.91638719751576
-119.89214037960429
-119.86784926343289
-119.84351389349081
-119.81913431421958
-119.79470625479397
-119.77023179842408
-119.74571326049866
-119.72115068530306
-119.696544117075
-119.67189360000481
-119.64719917823524
-119.62246089586165
-119.59767867051045
-119.57284613236305
-119.54796986059779
-119.52304989915413
-119.49808629192418
-119.47307908275286
-119.4480283154376
-119.42293403372874
-119.39779628132916
-119.3726116317248
-119.34738032419072
-119.32210567205843
-119.29678771887563
-119.27142650814278
-119.24602208331328
-119.22057448779344
-119.19508376494244
-119.16954903355045
-119.14396537008918
-119.11833870460603
-119.09266908030527
-119.06695654034435
-119.04120112783366
-119.01540288583665
-118.98956185737
-118.9636780854034
-118.93774558500444
-118.91176956533931
-118.88575092659484
-118.85968971158644
-118.83358596308278
-118.80743972380586
-118.78125103643069
-118.75501994358589
-118.7287414239093
-118.70241869111703
-118.67605367649708
-118.64964642252409
-118.62319697162624
-118.59670536618506
-118.57017164853558
-118.54359586096626
-118.51697321041223
-118.49030638748947
-118.46359761751243
-118.43684694261636
-118.41005440489006
-118.38322004637598
-118.3563439090702
-118.32942603492248
-118.3024611371417
-118.27545282908447
-118.24840290627671
-118.22131141051548
-118.19417838355159
-118.1670038670897
-118.13978790278809
-118.11253053225919
-118.08522526614178
-118.05787806000438
-118.03048956895933
-118.00305983446671
-117.97558889794067
-117.94807680074919
-117.92052358421444
-117.89292806563597
-117.86528552927828
-117.83760199423347
-117.80987750167185
-117.78211209271797
-117.75430580845045
-117.72645868990216
-117.69857077806014
-117.67063836784911
-117.64266172865456
-117.6146444160552
-117.586586470887
-117.55848793394017
-117.5303488459593
-117.50216924764331
-117.47394917964564
-117.44568174303816
-117.41737353703749
-117.38902498047942
-117.36063611386669
-117.33220697765665
-117.30373761226122
-117.2752280580467
-117.24667493689768
-117.21807775277138
-117.18944049829298
-117.16076321367886
-117.13204593910011
-117.10328871468249
-117.07449158050647
-117.04565413864646
-117.01676988034433
-116.98784583009537
-116.95888202783038
-116.92987851343534
-116.90083532675081
-116.87175250757247
-116.84263009565089
-116.81346266598592
-116.78425371083149
-116.75500527998778
-116.72571741305636
-116.69639014959397
-116.66702352911233
-116.63761759107828
-116.60816878527831
-116.57867680483497
-116.54914562324217
-116.51957527981824
-116.4899658138368
-116.46031726452688
-116.43062967107281
-116.40090084337045
-116.3711277060429
-116.34131564032481
-116.31146468525253
-116.28157487981775
-116.25164626296768
-116.22167887360493
-116.19167137519602
-116.16161893821396
-116.13152784382598
-116.10139813078726
-116.07122983780867
-116.0410230035567
-116.01077766665355
-115.98049284569484
-115.9501629551507
-115.91979467641706
-115.88938804796919
-115.85894310823821
-115.82845989561093
-115.79793844843013
-115.76737765003732
-115.73677214092412
-115.70612851107629
-115.67544679869022
-115.64472704191826
-115.61396927886872
-115.5831735476061
-115.5523381138522
-115.52145881010233
-115.49054165131753
-115.45958667541647
-115.42859392027385
-115.39756342372067
-115.36649522354395
-115.33538649345768
-115.30423520798186
-115.27304633142236
-115.241819901421
-115.21055595557604
-115.17925453144224
-115.14791566653055
-115.11653497609572
-115.08511351082234
-115.05365471667456
-115.0221586310187
-114.99062529117762
-114.95905473443085
-114.92744699801436
-114.89579568016842
-114.86410582608369
-114.83237890359865
-114.80061494980521
-114.76881400175198
-114.73697609644438
-114.70510027177424
-114.67318065547877
-114.6412241926669
-114.60923092020033
-114.57720087489778
-114.54513409353471
-114.51303061284369
-114.48088659656884
-114.44870188347267
-114.41648058115655
-114.38422272620991
-114.35192835517927
-114.3195975045681
-114.28723021083717
-114.25481932726285
-114.22237127748478
-114.1898868940674
-114.15736621332894
-114.12480927154482
-114.09221610494785
-114.05958384138157
-114.02691032011322
-113.9942006829865
-113.96145496609225
-113.9286732054786
-113.89585543715123
-113.86300169707313
-113.83010498618825
-113.79717136372207
-113.76420187783653
-113.73119656435333
-113.69815545905158
-113.6650785976683
-113.63196251917662
-113.5988061733697
-113.56561417929024
-113.5323865725342
-113.49912338865539
-113.46582466316538
-113.43249012896811
-113.39911231546846
-113.36569906764589
-113.33225042087157
-113.2987664104746
-113.2652470717421
-113.2316924399191
-113.19809696010486
-113.16446370666428
-113.13079526680457
-113.09709167563099
-113.0633529682068
-113.02957917955368
-112.99576724401774
-112.9619152267794
-112.92802823446652
-112.89410630196123
-112.860149464104
-112.82615775569377
-112.79213027070364
-112.75806072520402
-112.72395641479048
-112.68981737412307
-112.65564363782016
-112.62143524045885
-112.58719221657451
-112.5529072660361
-112.51858686561619
-112.48423194370201
-112.44984253469086
-112.4154186729387
-112.38096039276013
-112.34646188036646
-112.31192661179722
-112.27735702931894
-112.24275316710838
-112.20811505930135
-112.17344273999252
-112.13873156638658
-112.10398264530969
-112.06919961673843
-112.03438251463032
-111.99953137290169
-111.96464622542803
-111.92972328949742
-111.89476192536044
-111.85976665897795
-111.82473752408868
-111.7896745543906
-111.75457778354081
-111.71944398241904
-111.68427137849747
-111.64906507641744
-111.6138251097
-111.57855151182528
-111.54324431623303
-111.50790054530106
-111.47251789871999
-111.43710175691011
-111.40165215317549
-111.36616912077969
-111.33065269294576
-111.29509984583335
-111.25950834758936
-111.22388355589331
-111.1882255038331
-111.15253422445636
-111.11680975077043
-111.0810487193576
-111.04524955434114
-111.0094172965006
-110.97355197870877
-110.93765363379813
-110.90172229456105
-110.86575396897992
-110.82974831599724
-110.79370976967432
-110.75763836266938
-110.72153412760079
-110.68539709704697
-110.64922236568333
-110.61301139747904
-110.57676773427828
-110.54049140852585
-110.50418245262682
-110.46784089894643
-110.43146064844174
-110.3950455317208
-110.35859791721182
-110.32211783714702
-110.2856053237189
-110.24906040908046
-110.21247552433336
-110.17585741978411
-110.13920701352419
-110.10252433757407
-110.0658094239146
-110.02906146773094
-109.99227366865613
-109.9554537309725
-109.91860168652902
-109.88171756713518
-109.84480140456128
-109.80785040256816
-109.77086172504248
-109.73384110294691
-109.69678856792007
-109.65970415156156
-109.62258788543181
-109.58543471765961
-109.54824630557519
-109.51102614184117
-109.4737742578869
-109.43649068510292
-109.39917545484073
-109.36182099958519
-109.32443399090363
-109.28701542237877
-109.24956532523163
-109.21208373064445
-109.17456887661102
-109.13701580358514
-109.09943133036064
-109.06181548798963
-109.02416830748568
-108.9864898198235
-108.94877525487519
-108.91102565367748
-108.87324484207974
-108.83543285092736
-108.79758971102704
-108.75971545314722
-108.72180205073535
-108.68385704277556
-108.64588101311293
-108.60787399238694
-108.56983601119865
-108.5317641665411
-108.49365573196104
-108.45551643280604
-108.41734629954871
-108.37914536262336
-108.34091365242622
-108.30264453817068
-108.26434273543042
-108.22601025482771
-108.18764712663084
-108.14925338106998
-108.11082707662938
-108.07236353310995
-108.03386946724937
-107.99534490915029
-107.95678988887745
-107.91820443645778
-107.87958242470916
-107.84092753258935
-107.80224230287092
-107.76352676545385
-107.72478095020031
-107.68600299587314
-107.64718803341378
-107.60834288728239
-107.56946758721466
-107.53056216290857
-107.49162664402473
-107.45265453912003
-107.41365022871526
-107.37461591742606
-107.33555163478688
-107.29645741029493
-107.257330605977
-107.21816788038174
-107.17897530624583
-107.13975291294093
-107.10050072980138
-107.06121878612424
-107.02189938241628
-106.98254929076397
-106.94316953141856
-106.9037601335522
-106.86432112629988
-106.82484826191657
-106.78534139504345
-106.74580501125064
-106.70623913954846
-106.6666438089105
-106.62701803298461
-106.58735513016174
-106.5476628604922
-106.50794125282545
-106.46819033597401
-106.4284101387136
-106.38859399425124
-106.3487465742636
-106.3088699654935
-106.26896419659326
-106.22902929617833
-106.1890614725412
-106.14905963479163
-106.10902875677965
-106.06896886699784
-106.02887999390205
-105.98876103739855
-105.94860551145092
-105.90842109306872
-105.86820781058516
-105.82796569229711
-105.78769476646534
-105.74738766080559
-105.70705042794492
-105.66668447796208
-105.62628983899555
-105.58586653914764
-105.5454095266505
-105.50492020223342
-105.46440230698644
-105.42385586889017
-105.38328091588922
-105.34267454005301
-105.3020338440419
-105.26136472280864
-105.22066720417666
-105.17994131593338
-105.13918611939481
-105.09839476880241
-105.05757513791369
-105.01672725439528
-104.97585114587807
-104.93494683995729
-104.89400637931327
-104.85303695216277
-104.81203941647257
-104.77101379971766
-104.72996012933744
-104.68887206578074
-104.64775355283516
-104.60660707476342
-104.56543265888503
-104.52423033248417
-104.48299520586104
-104.44172831467048
-104.40043360109311
-104.3591110922936
-104.3177608154015
-104.27637916470293
-104.23496459991068
-104.19352235479928
-104.15205245637932
-104.11055493162598
-104.06902729498897
-104.02746575834206
-103.98587668277435
-103.94426009514281
-103.90261602226929
-103.86094293697849
-103.81923512733749
-103.77749991950739
-103.73573734019202
-103.6939474160603
-103.65212941854962
-103.61027603189915
-103.56839538712677
-103.52648751078401
-103.4845524293875
-103.44259005524151
-103.40059178470017
-103.35856639544244
-103.31651391386774
-103.27443436634118
-103.23232777919311
-103.1901856861277
-103.1480162419881
-103.10581984412626
-103.06359651875609
-103.02134629205705
-102.97906102432502
-102.93674821206416
-102.89440858401937
-102.85204216625404
-102.80964898479724
-102.7672210752342
-102.72476557877992
-102.68228340382609
-102.6397745762861
-102.59723912203928
-102.55466910263883
-102.51207160309635
-102.4694475616873
-102.42679700417568
-102.3841199562916
-102.34140835820615
-102.29866953386866
-102.25590430364849
-102.21311269316087
-102.17029472798723
-102.1274420815305
-102.08456260788901
-102.04165686370223
-101.99872487443714
-101.9557666655272
-101.91277350017559
-101.86975404992944
-101.82670846383127
-101.78363676720048
-101.74053855964374
-101.69740582971718
-101.6542470727843
-101.611062314051
-101.5678515786897
-101.52461377681206
-101.48134227378644
-101.43804487731349
-101.39472161245257
-101.35137250422974
-101.30799563521381
-101.26458602411219
-101.221150652485
-101.17768954524564
-101.1342027272743
-101.09068731747195
-101.04714026056439
-101.00356757541815
-100.95996928680125
-100.91634541944876
-100.87269199438279
-100.82900815119658
-100.78529881142623
-100.74156399969497
-100.69780374059316
-100.65401282495924
-100.61019285228922
-100.56634751405969
-100.52247683474961
-100.47858083880539
-100.43465295647377
-100.39069750839249
-100.34671682514896
-100.30271093107852
-100.25867985048396
-100.21461552450123
-100.17052525236957
-100.12640987484782
-100.08226941612843
-100.0381031001622
-99.99390365296208
-99.94967920543928
-99.9054297816761
-99.86115540572253
-99.81685355946047
-99.77252045416553
-99.72816247721963
-99.68377965256296
-99.63937200410373
-99.59493514833707
-99.55046902885259
-99.50597816577064
-99.46146258289005
-99.41692230397754
-99.37235095868087
-99.32775246623915
-99.28312935763766
-99.23848165653449
-99.19380938655559
-99.1491040708887
-99.10437384405911
-99.05961912789431
-99.01483994591203
-98.97003449267709
-98.92519755390813
-98.88033622860775
-98.83545054018579
-98.79054051202047
-98.74560199499032
-98.70063446528084
-98.65564267478457
-98.61062664677209
-98.56558640448256
-98.5205153405863
-98.47541785118591
-98.43029622613687
-98.38515048857118
-98.33998035327426
-98.29477756694845
-98.24955074648288
-98.20429991490266
-98.15902509520183
-98.11372331572295
-98.06839170027379
-98.02303617475494
-97.97765676205407
-97.93225348502759
-97.88682057607983
-97.84136075551564
-97.79587714835228
-97.7503697773403
-97.7048386651993
-97.65927514069367
-97.61368773642742
-97.56807666843522
-97.52244195933127
-97.47678080992996
-97.43109000474607
-97.38537563560558
-97.33963772501757
-97.2938762954604
-97.24808542792138
-97.20226815229466
-97.15642743453284
-97.11056329700965
-97.06467547672429
-97.01875568810702
-96.97281255631631
-96.92684610362161
-96.88085635226177
-96.83483970881929
-96.78879455498279
-96.74272617875036
-96.69663460225698
-96.65051984760734
-96.60437489133399
-96.55820498204025
-96.51201197054192
-96.4657958788402
-96.41955502236951
-96.37328396933717
-96.32698991180968
-96.28067287168517
-96.23433287083165
-96.18796459269912
-96.14156987696904
-96.09515227590303
-96.04871181126637
-96.00224830040767
-95.95575331315597
-95.90923553748489
-95.86269499505764
-95.81613170750734
-95.76954166374428
-95.72292409866348
-95.67628386329798
-95.62962097917908
-95.5829354678084
-95.53621939792401
-95.48947985333606
-95.44271775602293
-95.39593312738472
-95.34912287001539
-95.30228439878762
-95.2554234705224
-95.20854010651885
-95.1616343280465
-95.11469892954659
-95.06773955144291
-95.0207578328486
-94.97375379493262
-94.9267248717963
-94.87966742384259
-94.83258773030806
-94.78548581226138
-94.73836169074187
-94.69120850908334
-94.64403121913857
-94.59683179915467
-94.5496102700712
-94.50236422484231
-94.45508971589993
-94.40779317105635
-94.36047461115129
-94.31313405699562
-94.2657646334818
-94.21837133974316
-94.17095612464736
-94.12351900890609
-94.07605738111391
-94.02856771333606
-93.9810562175723
-93.93352291443563
-93.88596782451026
-93.83838369631104
-93.79077629329758
-93.74314717585236
-93.69549636446112
-93.64782068951043
-93.60011775156448
-93.55239319179734
-93.504647030597
-93.45687928832267
-93.40908198849493
-93.36126235729621
-93.31342121684789
-93.26555858741179
-93.21767039660297
-93.16975606376977
-93.12182031354267
-93.07386316608638
-93.02588436480535
-92.97787569904517
-92.92984570742
-92.88179440999761
-92.83372182681751
-92.78562264736729
-92.73749878163967
-92.68935370122136
-92.64118742605544
-92.59299828940962
-92.54478091579341
-92.49654241826876
-92.44828281668258
-92.40000213085379
-92.35169348591614
-92.30336193609764
-92.25500937258083
-92.2066358150888
-92.15823786449715
-92.10981362612364
-92.06136846409305
-92.0129023980332
-91.96441542049077
-91.91589885623097
-91.86736145803445
-91.81880324543417
-91.77022423793522
-91.7216189907837
-91.67298971770354
-91.62433971952552
-91.57566901566037
-91.52697539063703
-91.47825460289299
-91.42951317903895
-91.38075113839116
-91.33196850023847
-91.28315746990124
-91.23432497921505
-91.18547196031156
-91.13659843238591
-91.08769967154291
-91.03877647181419
-90.9898328321289
-90.94086877158847
-90.89188255716032
-90.84286900512797
-90.79383510108481
-90.74478086403929
-90.69570631297252
-90.64660392398986
-90.59748011096664
-90.54833605248025
-90.49917176741923
-90.44998256978636
-90.40076920211803
-90.35153567621337
-90.30228201086857
-90.25300628046826
-90.20370371145037
-90.15438107111166
-90.10503837815625
-90.05567565126157
-90.00628497245351
-89.95687356963012
-89.90744220070361
-89.85799088425962
-89.80851431520716
-89.7590145008168
-89.70949480652817
-89.65995525083551
-89.61039306639148
-89.56080519032402
-89.51119752025525
-89.46157007458844
-89.41192254929852
-89.36224696041911
-89.31255166312862
-89.2628366757397
-89.2131020165387
-89.16334112999557
-89.11355855302176
-89.06375637114374
-89.0139346025576
-88.96408901458435
-88.91421950444858
-88.86433047429878
-88.81442194224093
-88.76449192636419
-88.71453582857494
-88.66456029535837
-88.61456534473093
-88.5645509946832
-88.51450883322894
-88.46444714114185
-88.41436611583931
-88.36426577522262
-88.31413982291255
-88.26399231514581
-88.2138255580582
-88.16363956946223
-88.1134300988123
-88.06319711755478
-88.01294497057124
-87.96267367558559
-87.91238095881025
-87.86206284525232
-87.81172564926449
-87.76136938848252
-87.71099369749521
-87.66059079183191
-87.61016888673727
-87.55972799975913
-87.50926814841986
-87.45878224760814
-87.40827597231345
-87.35775079774967
-87.30720674135169
-87.25663849962731
-87.20604819205214
-87.15543906752701
-87.10481114339976
-87.05416083167901
-87.0034868287588
-86.95279409091374
-86.90208263540472
-86.8513505243063
-86.80059316199606
-86.74981714649302
-86.69902249497142
-86.64820885481731
-86.59736846809496
-86.54650950961964
-86.4956319964796
-86.44473594573792
-86.39381402016542
-86.342872452431
-86.29191241109481
-86.24093391313437
-86.18993108810753
-86.13890724385791
-86.08786500677981
-86.03680439376532
-85.98572093862236
-85.93461514963548
-85.88349104830483
-85.8323486514373
-85.781184835223
-85.72999743231416
-85.67879179725873
-85.62756794677878
-85.5763240382451
-85.52505535127062
-85.47376851206008
-85.42246353725113
-85.37113980485836
-85.31979016271853
-85.26842244796791
-85.21703667715974
-85.16563286682306
-85.11420311971978
-85.0627548570924
-85.01128861766443
-84.95980441788096
-84.90829547219491
-84.85676698840648
-84.80522060679104
-84.75365634371033
-84.70206846693424
-84.65046008775558
-84.59883388944148
-84.5471898882707
-84.4955233476088
-84.44383539786948
-84.3921297074053
-84.34040629241213
-84.28866135478106
-84.23689415837279
-84.18510929937015
-84.13330679388659
-84.0814837259157
-84.02963760579563
-83.9777739009327
-83.92589262735817
-83.87399169539091
-83.8220669735848
-83.77012474460943
-83.71816502441419
-83.66618649450852
-83.61418349211434
-83.56216305984769
-83.5101252135762
-83.45806935150547
-83.40598838869667
-83.35389007303614
-83.30177442031042
-83.2496414462824
-83.19748288759305
-83.14530700751608
-83.09311386703887
-83.04090348184357
-82.9886682100246
-82.93641508359175
-82.88414477315007
-82.83185729430122
-82.77954557418303
-82.72721551854134
-82.6748683550097
-82.62250409910953
-82.57011619524135
-82.51770952662775
-82.46528582597162
-82.41284510871444
-82.36038128536494
-82.30789831910948
-82.25539839638839
-82.20288153256364
-82.15034205372208
-82.09778310425118
-82.04520727362224
-81.99261457711778
-81.93999970649459
-81.88736508733467
-81.83471366205576
-81.78204544586131
-81.72935544688893
-81.67664547066943
-81.62391876310245
-81.57117533931307
-81.51841047514668
-81.46562545360342
-81.41282377521794
-81.36000545503681
-81.30716598855537
-81.25430623253399
-81.2014298939102
-81.14853698765253
-81.09562318145912
-81.04268900091836
-80.9897383117505
-80.93677112884642
-80.88378324526953
-80.83077494928433
-80.77775021838407
-80.72470906738215
-80.6716473684763
-80.61856526524117
-80.56546680054082
-80.51235198911127
-80.45921673665772
-80.4060611334903
-80.3528892420459
-80.29970107698396
-80.24649253249166
-80.19326373583576
-80.14001872383083
-80.08675751105974
-80.03347593576608
-79.98017425119502
-79.9268564239435
-79.87352246851822
-79.82016812338972
-79.76679385560956
-79.71340351755923
-79.65999712366947
-79.6065702694028
-79.5531237222558
-79.49966117699144
-79.44618264796492
-79.39268354498759
-79.33916502145507
-79.28563057170193
-79.23208021000788
-79.17850911847914
-79.12491892068533
-79.07131286831205
-79.01769097556418
-78.96404815537574
-78.91038658459061
-78.85670923061292
-78.8030161075728
-78.74930181834965
-78.69556917499241
-78.6418208195761
-78.58805676615643
-78.53427126725771
-78.48046785089988
-78.42664879336418
-78.37281410863218
-78.31895765915188
-78.26508376852075
-78.21119430734149
-78.15728928952193
-78.10336214828995
-78.04941808127154
-77.99545851408455
-77.94148346056316
-77.88748588614581
-77.83347193978851
-77.77944256339266
-77.72539777071921
-77.67133002142036
-77.61724649193783
-77.56314760229836
-77.50903321311797
-77.45489570005182
-77.4007428828264
-77.3465747750783
-77.29239064094135
-77.2381840652263
-77.18396225481222
-77.12972522326332
-77.07547160177731
-77.02119625738843
-76.96690574751506
-76.9126000856492
-76.8582772341621
-76.80393341425179
-76.74957449782681
-76.69520049830729
-76.64080867390821
-76.58639667080948
-76.53196963992202
-76.47752759459465
-76.42306705411482
-76.36858715934446
-76.31409230526862
-76.25958250516479
-76.2050535051784
-76.15050600944025
-76.09594362263799
-76.04136635797825
-75.98676915480296
-75.93215434799112
-75.87752471811571
-75.82288027831277
-75.76821512801091
-75.7135332992128
-75.65883671511186
-75.60412538877384
-75.54939254715316
-75.49464398465285
-75.43988073437171
-75.3851028093053
-75.33030253191964
-75.27548752320116
-75.22065789398576
-75.16581280127295
-75.11094619934971
-75.05606503110008
-75.00116930940057
-74.94625720628417
-74.89132466384274
-74.83637762195518
-74.78141609342883
-74.72643723479
-74.67143903716833
-74.61642640674553
-74.56139935626
-74.50635399672909
-74.45129042847658
-74.39621249383387
-74.34112020547047
-74.2860085994279
-74.2308799443091
-74.17573698897738
-74.12057974603411
-74.06540214761128
-74.01020868860857
-73.95500099533791
-73.89977908033255
-73.84453574341259
-73.78927776272947
-73.73400561349202
-73.67871859183113
-73.62341048638419
-73.56808826544858
-73.51275194144176
-73.45739960387272
-73.40202747350764
-73.34664129297498
-73.2912410746247
-73.23582367437264
-73.18038779920441
-73.12493793896058
-73.06947410592437
-73.01399189596933
-72.9584925553456
-72.90297929451052
-72.84745212568055
-72.79190535875813
-72.73634283126266
-72.6807664481932
-72.62517622169972
-72.56956515030191
-72.5139397137576
-72.45830048605066
-72.40264668515601
-72.34697235564107
-72.29128428711314
-72.23558249160895
-72.17986480652016
-72.12412805730422
-72.06837763310317
-72.01261354588831
-71.95683222845217
-71.90103333531778
-71.84522083100286
-71.78939472741335
-71.73355002923634
-71.6776892672168
-71.62181495759893
-71.5659271122236
-71.51001928467242
-71.45409692805501
-71.39816108719998
-71.34221131292952
-71.28624106808596
-71.23025739041495
-71.17426029164639
-71.11824780641626
-71.06221645033852
-71.00617172441815
-70.950113640321
-70.89403869486313
-70.83794649983773
-70.7818409977357
-70.72572220015874
-70.66958504496873
-70.61343228254765
-70.55726627559791
-70.5010870356575
-70.44488792099503
-70.3886748619988
-70.33244862080487
-70.27620833874462
-70.21994838477772
-70.16367529929852
-70.10738909373632
-70.05108726878197
-69.99476749573623
-69.93843465314077
-69.88208875236214
-69.82572563414917
-69.76934631088373
-69.71295397981675
-69.65654865225196
-69.60012449018343
-69.54368588483757
-69.48723433322466
-69.43076961369502
-69.37428488983315
-69.31778726982905
-69.2612767648798
-69.20475141665166
-69.14820788366774
-69.09165151571383
-69.03508232392494
-68.97849659578532
-68.92189451988801
-68.86527966998179
-68.8086520571402
-68.75200619764661
-68.695345844336
-68.63867277776748
-68.58198696867922
-68.52528126643453
-68.46856290050519
-68.41183188185967
-68.3550863551724
-68.29832284400655
-68.24154672955044
-68.18475802271169
-68.12795302637525
-68.07113196988843
-68.01429837029825
-67.95745223845154
-67.90058802018947
-67.84370968128464
-67.7868188592565
-67.72991529722349
-67.67299237220199
-67.61605701308785
-67.55910923062478
-67.50214685903799
-67.44516711569547
-67.3881749978896
-67.3311705163043
-67.27414958228788
-67.21711328165786
-67.16006466598972
-67.1030037459077
-67.04592449636252
-66.98883189879258
-66.93172704540657
-66.87460905589963
-66.81747262837386
-66.76032399352876
-66.703163161887
-66.64598726785931
-66.58879500316621
-66.53159059003065
-66.47437403891652
-66.4171404866778
-66.359892643326
-66.3026327102079
-66.24536069772873
-66.18806973336893
-66.1307665691923
-66.07345137372556
-66.01612227122664
-65.95877602670544
-65.90141779886604
-65.84404759801397
-65.78666149305694
-65.7292603832294
-65.6718473482207
-65.6144223982784
-65.55697953637043
-65.49952381726163
-65.4420562309113
-65.38457566732168
-65.32707741394073
-65.26956734091227
-65.21204545838532
-65.15450854654165
-65.09695613633723
-65.03939196408993
-64.9818160398916
-64.92422302472448
-64.86661671193491
-64.80899869451203
-64.75136841309585
-64.69372010871636
-64.6360601469244
-64.57838853771467
-64.52070256071599
-64.46300080318566
-64.40528744532162
-64.3475624970622
-64.28982106884112
-64.23206611063318
-64.17429960897788
-64.11652134892596
-64.05872493846154
-64.00091703140191
-63.943097637589474
-63.885264333110484
-63.82741516841627
-63.76955456368642
-63.71168252870753
-63.65379442359729
-63.5958927554034
-63.53797970354327
-63.480055200016935
-63.42211261559201
-63.36415869398925
-63.30619344490036
-63.2482145466024
-63.190219902176025
-63.13221397661859
-63.07419677956699
-63.01616372973483
-62.95811727431557
-62.90005959362438
-62.84199057779868
-62.78390373890671
-62.7258057208718
-62.66769653323724
-62.60957377081164
-62.551435561512235
-62.493286228610486
-62.43512578159551
-62.37694951525533
-62.31876018285702
-62.26055978221186
-62.20234798131888
-62.14411879497974
-62.08587858616792
-62.027627364280136
-61.96936246349185
-61.91108259176308
-61.85279175260257
-61.7944899553535
-61.736172196809065
-61.67784188532098
-61.619500661259195
-61.561147798631936
-61.502778159549
-61.44439765331646
-61.38600628918625
-61.32760097191709
-61.26918132794425
-61.21075087136951
-61.1523096113922
-61.093852081080406
-61.03538267619102
-60.976902513066975
-60.91841030818271
-60.85990209889907
-60.80138317645902
-60.74285354997194
-60.68430953426453
-60.62575199613048
-60.567183798900984
-60.50860495163336
-60.45000936616839
-60.391402741521574
-60.33278551166234
-60.27415568018621
-60.215510771240346
-60.15685530181904
-60.09818928089086
-60.03950828099222
-59.98081471483269
-59.92211064177836
-59.86339566324224
-59.804664142963006
-59.745922160313334
-59.68716972417367
-59.628403978002396
-59.5696242280837
-59.5108340690755
-59.45203350980735
-59.39321723621222
-59.33438949637124
-59.275551400547386
-59.21670157535747
-59.15783639651706
-59.098960905884155
-59.040075112201684
-58.98117515950729
-58.92226241561049
-58.863339412732174
-58.80440615956506
-58.74545631905994
-58.686496248244
-58.62752597108579
-58.56854300510816
-58.50954600741299
-58.45053884723638
-58.391521533185525
-58.33248907845912
-58.273445176038166
-58.21439116348323
-58.15532584914828
-58.09624534505876
-58.03715477449074
-57.97805414596656
-57.918939741413915
-57.85981275312648
-57.800675750418925
-57.74152874176424
-57.6823654858595
-57.62319224898151
-57.56400904957347
-57.5048133587106
-57.44560402747965
-57.386384777052015
-57.32715561581723
-57.267911471292464
-57.20865630938452
-57.14939127988484
-57.09011496535477
-57.030824031311795
-56.97152327280966
-56.91221269815486
-56.8528883271327
-56.79355197869748
-56.7342058571252
-56.67484958070529
-56.61547778121414
-56.55609625151938
-56.496704999845434
-56.43730106358694
-56.377884264373435
-56.31845778599819
-56.25902163663819
-56.199570278287
-56.140108711542126
-56.08063751651464
-56.021154675425414
-55.961658158452686
-55.902152055818576
-55.842636375619065
-55.78310650827287
-55.72356563590435
-55.66401522847726
-55.60445414211453
-55.544878637695845
-55.485293640645125
-55.425699158978034
-55.36609144168814
-55.30647199243061
-55.24684310087009
-55.187204427949126
-55.12755066371524
-55.067887499411995
-55.0082149429756
-54.948530033955365
-54.88883273387499
-54.82912608378282
-54.76941009156894
-54.70967918310703
-54.64993857606096
-54.59018866890301
-54.53042722553472
-54.470652798052825
-54.410869112390486
-54.35107617635925
-54.29126912758247
-54.231451799672335
-54.17162526321408
-54.11178794205575
-54.051937107972584
-53.9920771070842
-53.93220794712468
-53.872325414099635
-53.81243208459688
-53.75252963765628
-53.69261709444793
-53.632690571965995
-53.572754973602535
-53.5128103070146
-53.45285294499394
-53.39288433058611
-53.33290668940146
-53.27291957907245
-53.212918083820114
-53.15290760316219
-53.09288814467969
-53.03285660810924
-52.97281342292358
-52.91276130117691
-52.8527002504062
-52.79262452290668
-52.73253987258859
-52.67244633440297
-52.61234127692828
-52.55222423255486
-52.492098341395334
-52.43196361091163
-52.37181475431382
-52.311656644446174
-52.25148973622962
-52.191311810702686
-52.131121616218095
-52.07092266428531
-52.01071496229191
-51.9504936289749
-51.890262767168686
-51.83002319609766
-51.76977305458352
-51.70951041657368
-51.64923911002094
-51.58895914223922
-51.52866598379921
-51.46836307518858
-51.408051545966785
-51.34772983975047
-51.28739546233446
-51.227052504851976
-51.16670097454403
-51.10633664180116
-51.045962389066744
-50.9855796039487
-50.925186983541785
-50.86478156839437
-50.804367661232504
-50.743945269224966
-50.68351041223009
-50.62306551562217
-50.5626121744358
-50.502149289583095
-50.4416735359586
-50.38118937795102
-50.32069682265771
-50.26019209069871
-50.199677248060325
-50.139154048230694
-50.0786215479172
-50.018076152671725
-49.95752244025836
-49.896960417703546
-49.83638645931269
-49.77580236610264
-49.71521000267445
-49.6546085351318
-49.59399419274712
-49.53337161999728
-49.472740823838535
-49.41209828679867
-49.351445636114654
-49.290784801775736
-49.23011501448893
-49.16943241709494
-49.10874167573016
-49.04804279728156
-48.987332328633144
-48.92661181123458
-48.86588319633825
-48.80514573605262
-48.744395573450504
-48.683637352867734
-48.62287108112254
-48.5620933271701
-48.5013056315011
-48.440509924089696
-48.37970543681755
-48.31888839650247
-48.25806338379661
-48.19723040545034
-48.13638601176959
-48.07553182398179
-48.014669709809084
-47.95379884083603
-47.892915608020175
-47.832024488007356
-47.77112548748052
-47.71021509892452
-47.649295102899984
-47.58836726545418
-47.52743065934656
-47.46648191698185
-47.405525372221646
-47.34456103168244
-47.283585292388906
-47.22260016976278
-47.16160729028917
-47.10060559090016
-47.03959201970093
-46.97857073051969
-46.91754172990686
-46.85650128330452
-46.795451713487665
-46.73439447101138
-46.67332832148818
-46.61225059995405
-46.55116524446703
-46.4900722615125
-46.42896775032793
-46.367854410529986
-46.3067334818787
-46.24560352466867
-46.18446232910708
-46.12331358324159
-46.062157293493144
-46.00098935975752
-45.93981292500893
-45.87862898483535
-45.81743586169358
-45.756231866242366
-45.695020403760026
-45.63380148060355
-45.57257076565931
-45.51133190883459
-45.45008562963922
-45.388829981634466
-45.3275638582844
-45.266290350803764
-45.205009465486505
-45.14371660999418
-45.08241600183368
-45.021108053987085
-44.95979052150897
-44.898462940126535
-44.83712805714566
-44.77578587879786
-44.71443152274264
-44.65306983187584
-44.59170088364138
-44.53032210640697
-44.46893373475631
-44.4075381436752
-44.34613504750965
-44.284720122031985
-44.22329801499918
-44.16186873255525
-44.1004293496157
-44.03898085338165
-43.97752521952461
-43.91606177308948
-43.85458701426066
-43.79310515553587
-43.73161620299842
-43.67011685274588
-43.60860889555577
-43.54709388219377
-43.48557072361954
-43.42403679422425
-43.362495846237366
-43.30094788568198
-43.239389205856284
-43.17782244930285
-43.11624871767593
-43.05466648444317
-42.99307404524048
-42.931474668399616
-42.86986835988424
-42.808250987579434
-42.74662609124243
-42.68499430058188
-42.62335362952851
-42.56170333927404
-42.500046191987714
-42.438382193574434
-42.376706765245835
-42.31502438671499
-42.25333519426563
-42.19163672159314
-42.12992923706106
-42.06821497576054
-42.00649356043567
-41.94476109500895
-41.88302188990545
-41.821275950947836
-41.75952031222837
-41.69775628823413
-41.63598556739543
-41.57420724007759
-41.51241852196915
-41.45062314396848
-41.388821111841075
-41.32700894202389
-41.26518903144574
-41.20336250361194
-41.141527899003414
-41.0796835802984
-41.01783268115193
-40.95597520727292
-40.894107140691496
-40.83223199449313
-40.77035031029627
-40.7084600624857
-40.64656079336357
-40.5846550229209
-40.522742695238385
-40.46081942718912
-40.39888969444115
-40.33695350262444
-40.27500824509414
-40.21305467385067
-40.1510946800815
-40.089127595903776
-40.027150309844224
-39.96516663774683
-39.90317658518655
-39.841176950818976
-39.77916972388806
-39.71715615290428
-39.65513494487581
-39.593104286477654
-39.5310673203819
-39.46902405210937
-39.40697067319373
-39.3449104351698
-39.28284393124741
-39.22076923142197
-39.1586858445263
-39.09659622795661
-39.034500308256575
-38.97239389541932
-38.91028128907867
-38.84816249467965
-38.78603493452747
-38.72389946116658
-38.66175783584233
-38.599609308241575
-38.537451090486144
-38.47528675680935
-38.413116312603464
-38.350936523017715
-38.28874960343677
-38.22655660929412
-38.164356104457205
-38.102146721297274
-38.039931299490476
-37.97770984437722
-37.91547845568095
-37.853240728360134
-37.79099700357394
-37.728745151597465
-37.666485240790635
-37.60421936830791
-38.01295681429529
-37.948597885823794
-37.88423895735229
-37.81988002888078
-37.75552110040928
-37.691162171937776
-37.62680324346627
-37.56244431499477
-37.498085386523265
-37.43372645805176
-37.36936752958026
-37.30500860110875
-37.24064967263724
-37.17629074416574
-37.11193181569424
-37.04757288722274
-36.98321395875123
-36.91885503027972
-36.85449610180822
-36.790137173336724
-36.72577824486521
-36.66141931639371
-36.597060387922205
-36.5327014594507
-36.4683425309792
-36.403983602507694
-36.339624674036195
-36.27526574556468
-36.21090681709318
-36.14654788862168
-36.08218896015017
-36.01783003167867
-35.953471103207164
-35.889112174735665
-35.82475324626416
-35.76039431779265
-35.69603538932115
-35.63167646084965
-35.56731753237814
-35.502958603906634
-35.438599675435135
-35.37424074696363
-35.30988181849213
-35.245522890020624
-35.18116396154911
-35.11680503307761
-35.052446104606105
-34.988087176134606
-34.9237282476631
-34.85936931919159
-34.795010390720094
-34.73065146224859
-34.66629253377708
-34.601933605305575
-34.537574676834076
-34.47321574836257
-34.40885681989107
-34.344497891419564
-34.28013896294806
-34.21578003447655
-34.151421106005046
-34.087062177533554
-34.02270324906204
-33.95834432059054
-33.893985392119035
-33.82962646364753
-33.76526753517602
-33.700908606704516
-33.636549678233024
-33.57219074976151
-33.50783182129001
-33.443472892818505
-33.379113964347
-33.31475503587549
-33.250396107403986
-33.186037178932494
-33.12167825046098
-33.05731932198948
-32.992960393517976
-32.92860146504647
-32.86424253657496
-32.799883608103464
-32.735524679631965
-32.67116575116046
-32.60680682268895
-32.542447894217446
-32.47808896574595
-32.41373003727443
-32.34937110880293
-32.285012180331435
-32.22065325185992
-32.15629432338842
-32.091935394916916
-32.02757646644541
-31.963217537973907
-31.898858609502405
-31.834499681030906
-31.7701407525594
-31.705781824087893
-31.641422895616387
-31.577063967144888
-31.512705038673378
-31.448346110201875
-31.383987181730372
-31.31962825325887
-31.255269324787367
-31.190910396315857
-31.126551467844344
-31.06219253937285
-30.99783361090134
-30.933474682429843
-30.86911575395834
-30.804756825486827
-30.740397897015335
-30.67603896854383
-30.611680040072322
-30.547321111600816
-30.482962183129313
-30.41860325465781
-30.354244326186308
-30.289885397714798
-30.2255264692433
-30.161167540771793
-30.09680861230028
-30.032449683828787
-29.96809075535728
-29.903731826885775
-29.83937289841427
-29.775013969942762
-29.71065504147126
-29.646296112999757
-29.581937184528254
-29.51757825605675
-29.453219327585245
-29.38886039911374
-29.32450147064224
-29.26014254217073
-29.195783613699227
-29.131424685227724
-29.06706575675622
-29.00270682828472
-28.93834789981321
-28.87398897134171
-28.809630042870204
-28.745271114398697
-28.680912185927195
-28.616553257455692
-28.55219432898419
-28.487835400512687
-28.42347647204118
-28.35911754356967
-28.294758615098168
-28.230399686626665
-28.16604075815517
-28.10168182968366
-28.03732290121215
-27.97296397274065
-27.908605044269144
-27.844246115797638
-27.77988718732614
-27.715528258854633
-27.65116933038313
-27.586810401911627
-27.52245147344012
-27.458092544968615
-27.393733616497116
-27.32937468802561
-27.26501575955411
-27.2006568310826
-27.136297902611098
-27.071938974139595
-27.007580045668085
-26.943221117196586
-26.87886218872508
-26.814503260253574
-26.750144331782074
-26.685785403310568
-26.621426474839062
-26.557067546367556
-26.492708617896056
-26.42834968942455
-26.36399076095305
-26.29963183248154
-26.23527290401004
-26.170913975538536
-26.106555047067033
-26.04219611859552
-25.97783719012402
-25.91347826165252
-25.849119333181015
-25.78476040470951
-25.720401476238006
-25.656042547766504
-25.59168361929499
-25.527324690823498
-25.462965762351992
-25.398606833880482
-25.334247905408986
-25.269888976937473
-25.205530048465967
-25.14117111999447
-25.07681219152296
-25.012453263051455
-24.948094334579952
-24.883735406108457
-24.819376477636943
-24.755017549165437
-24.690658620693945
-24.62629969222244
-24.561940763750933
-24.497581835279426
-24.43322290680792
-24.368863978336417
-24.304505049864915
-24.240146121393412
-24.175787192921902
-24.111428264450407
-24.047069335978897
-23.982710407507387
-23.91835147903589
-23.853992550564378
-23.78963362209288
-23.72527469362138
-23.660915765149877
-23.596556836678364
-23.532197908206864
-23.46783897973536
-23.403480051263855
-23.339121122792353
-23.27476219432085
-23.210403265849344
-23.146044337377838
-23.08168540890634
-23.017326480434832
-22.952967551963322
-22.888608623491827
-22.82424969502032
-22.759890766548814
-22.69553183807731
-22.631172909605805
-22.566813981134295
-22.502455052662796
-22.438096124191297
-22.373737195719784
-22.309378267248288
-22.245019338776785
-22.180660410305276
-22.11630148183377
-22.051942553362267
-21.987583624890767
-21.923224696419258
-21.858865767947755
-21.79450683947625
-21.73014791100475
-21.665788982533243
-21.601430054061737
-21.537071125590234
-21.472712197118728
-21.408353268647225
-21.34399434017572
-21.27963541170422
-21.215276483232714
-21.15091755476121
-21.086558626289705
-21.022199697818202
-20.9578407693467
-20.893481840875193
-20.82912291240369
-20.764763983932184
-20.700405055460685
-20.636046126989175
-20.571687198517672
-20.50732827004617
-20.442969341574663
-20.37861041310316
-20.314251484631654
-20.249892556160155
-20.18553362768865
-20.121174699217143
-20.05681577074564
-19.992456842274137
-19.92809791380263
-19.86373898533113
-19.799380056859626
-19.73502112838812
-19.670662199916613
-19.60630327144511
-19.541944342973608
-19.4775854145021
-19.4132264860306
-19.348867557559096
-19.28450862908759
-19.220149700616087
-19.155790772144584
-19.091431843673078
-19.027072915201572
-18.962713986730073
-18.898355058258566
-18.83399612978706
-18.769637201315557
-18.705278272844055
-18.64091934437255
-18.576560415901046
-18.512201487429543
-18.447842558958033
-18.38348363048653
-18.319124702015024
-18.254765773543525
-18.190406845072015
-18.126047916600516
-18.061688988129013
-17.997330059657507
-17.932971131186
-17.868612202714502
-17.804253274242996
-17.739894345771493
-17.675535417299983
-17.611176488828484
-17.54681756035698
-17.482458631885475
-17.41809970341397
-17.353740774942466
-17.28938184647096
-17.225022917999453
-17.16066398952795
-17.09630506105645
-17.03194613258494
-16.96758720411344
-16.903228275641936
-16.838869347170434
-16.774510418698927
-16.71015149022742
-16.64579256175592
-16.581433633284412
-16.517074704812913
-16.452715776341407
-16.388356847869904
-16.323997919398398
-16.259638990926895
-16.19528006245539
-16.130921133983882
-16.066562205512383
-16.002203277040877
-15.937844348569376
-15.873485420097868
-15.809126491626365
-15.744767563154863
-15.680408634683356
-15.61604970621185
-15.55169077774035
-15.487331849268845
-15.422972920797342
-15.35861399232584
-15.29425506385433
-15.22989613538283
-15.165537206911324
-15.10117827843982
-15.036819349968317
-14.972460421496809
-14.908101493025312
-14.843742564553807
-14.779383636082297
-14.715024707610798
-14.65066577913929
-14.586306850667786
-14.521947922196283
-14.45758899372478
-14.39323006525327
-14.328871136781771
-14.264512208310265
-14.200153279838762
-14.135794351367258
-14.071435422895753
-14.007076494424252
-13.942717565952744
-13.878358637481238
-13.813999709009739
-13.749640780538233
-13.68528185206673
-13.620922923595225
-13.556563995123721
-13.492205066652218
-13.427846138180712
-13.363487209709206
-13.299128281237707
-13.234769352766198
-13.170410424294694
-13.106051495823193
-13.041692567351685
-12.977333638880186
-12.91297471040868
-12.848615781937173
-12.78425685346567
-12.719897924994164
-12.655538996522662
-12.59118006805116
-12.526821139579653
-12.462462211108154
-12.398103282636644
-12.33374435416514
-12.269385425693637
-12.205026497222134
-12.14066756875063
-12.076308640279127
-12.01194971180762
-11.94759078333612
-11.883231854864613
-11.818872926393105
-11.754513997921606
-11.6901550694501
-11.625796140978593
-11.561437212507094
-11.497078284035586
-11.432719355564082
-11.368360427092579
-11.304001498621075
-11.239642570149574
-11.175283641678067
-11.110924713206561
-11.046565784735062
-10.982206856263552
-10.917847927792048
-10.853488999320549
-10.78913007084904
-10.724771142377541
-10.660412213906035
-10.596053285434529
-10.531694356963026
-10.46733542849152
-10.402976500020015
-10.338617571548514
-10.274258643077008
-10.2098997146055
-10.145540786134003
-10.081181857662495
-10.016822929190994
-9.952464000719488
-9.888105072247983
-9.823746143776482
-9.759387215304976
-9.695028286833468
-9.630669358361969
-9.566310429890462
-9.501951501418961
-9.437592572947455
-9.37323364447595
-9.308874716004448
-9.244515787532944
-9.180156859061436
-9.115797930589936
-9.05143900211843
-8.987080073646922
-8.922721145175423
-8.858362216703917
-8.794003288232416
-8.72964435976091
-8.665285431289403
-8.600926502817904
-8.536567574346396
-8.47220864587489
-8.407849717403389
-8.343490788931884
-8.279131860460383
-8.214772931988875
-8.15041400351737
-8.086055075045868
-8.021696146574364
-7.957337218102857
-7.8929782896313565
-7.828619361159851
-7.764260432688344
-7.699901504216843
-7.635542575745338
-7.571183647273836
-7.50682471880233
-7.442465790330824
-7.378106861859324
-7.313747933387818
-7.249389004916312
-7.185030076444809
-7.120671147973305
-7.056312219501803
-6.991953291030297
-6.927594362558792
-6.86323543408729
-6.798876505615786
-6.7345175771442785
-6.670158648672777
-6.60579972020127
-6.54144079172977
-6.477081863258265
-6.412722934786759
-6.348364006315258
-6.2840050778437515
-6.219646149372246
-6.155287220900744
-6.090928292429238
-6.026569363957733
-5.962210435486231
-5.8978515070147255
-5.833492578543224
-5.769133650071717
-5.704774721600212
-5.640415793128712
-5.576056864657206
-5.5116979361856995
-5.4473390077141985
-5.382980079242692
-5.318621150771191
-5.254262222299685
-5.189903293828179
-5.125544365356678
-5.061185436885172
-4.996826508413667
-4.932467579942165
-4.86810865147066
-4.803749722999154
-4.739390794527653
-4.6750318660561465
-4.610672937584646
-4.546314009113139
-4.481955080641634
-4.417596152170132
-4.353237223698626
-4.288878295227121
-4.224519366755619
-4.160160438284113
-4.095801509812613
-4.031442581341107
-3.9670836528696
-3.9027247243981
-3.8383657959265935
-3.7740068674550873
-3.7096479389835864
-3.6452890105120805
-3.5809300820405747
-3.516571153569073
-3.4522122250975675
-3.3878532966260666
-3.3234943681545612
-3.259135439683055
-3.1947765112115536
-3.1304175827400478
-3.0660586542685415
-3.00169972579704
-2.9373407973255343
-2.872981868854034
-2.8086229403825276
-2.7442640119110218
-2.679905083439521
-2.6155461549680146
-2.5511872264965083
-2.4868282980250074
-2.4224693695535016
-2.3581104410820006
-2.293751512610495
-2.2293925841389886
-2.1650336556674876
-2.1006747271959814
-2.036315798724476
-1.9719568702529742
-1.9075979417814688
-1.8432390133099628
-1.7788800848384614
-1.7145211563669558
-1.6501622278954546
-1.5858032994239486
-1.5214443709524426
-1.4570854424809416
-1.3927265140094356
-1.3283675855379298
-1.2640086570664286
-1.1996497285949226
-1.1352908001234217
-1.0709318716519156
-1.0065729431804098
-0.9422140147089085
-0.8778550862374026
-0.8134961577658966
-0.7491372292943956
-0.6847783008228896
-0.6204193723513838
-0.5560604438798827
-0.4917015154083766
-0.42734258693687555
-0.3629836584653697
-0.2986247299938637
-0.23426580152236265
-0.16990687305085667
-0.10554794457935074
-0.04118901610784965
