-0.017487012320641787
0.02643913725665315
0.07036528537401834
0.11429142762049901
0.15821755819047476
0.20214367711802078
0.24606978271045965
0.2899958592464741
0.3339219139575185
0.3778479454177147
0.4217739410479697
0.465699896515701
0.5096258185499326
0.5535517042178806
0.5974775254152598
0.6414033029963848
0.6853290355352631
0.7292547012783653
0.7731802993789323
0.8171058422542794
0.8610313247263836
0.9049567083185462
0.9488820265023292
0.9928072778515493
1.0367324304351964
1.0806574888988942
1.1245824703445546
1.16850736634773
1.2124321300622722
1.2563568065750186
1.3002813944595328
1.3442058506092784
1.3881301871591232
1.4320544248965759
1.4759785511552739
1.5199025127114567
1.5638263652707463
1.6077501074063587
1.6516736838447597
1.6955971161939805
1.7395204279344894
1.783443601169884
1.8273665782761999
1.8712894245883596
1.915212138679166
1.9591346521251216
2.0030569979746806
2.0469792014167982
2.090901238346063
2.1348230486976907
2.1787447064553085
2.2226662101912322
2.2665874773590904
2.310508554395197
2.354429467222289
2.3983501845577715
2.442270645834095
2.48619093271353
2.530111043767829
2.5740308813666823
2.6179505072582736
2.6618699471359997
2.705789161584473
2.749708091446588
2.7936268251054766
2.837545361132253
2.881463585865157
2.9253815782614083
2.969299362835229
3.0132168910971098
3.057134107185327
3.1010511052600793
3.144967883891767
3.188884312454953
3.2328004889827984
3.2767164358754908
3.32063209464407
3.364547414575415
3.4084624946787203
3.452377333523601
3.4962917826057023
3.5402059608673397
3.584119887676507
3.628033493637135
3.6719467350028614
3.7158597147212067
3.759772431360918
3.803684717642195
3.847596715212554
3.8915084395080988
3.935419809337494
3.979330789700586
4.023241486591742
4.0671518985787705
4.111061838730337
4.15497147315463
4.1988808124762995
4.2427897628417
4.286698299734363
4.330606531324889
4.374514456180077
4.418421866863131
4.462328955654324
4.506235727509182
4.55014207506759
4.594047985988777
4.637953569771545
4.681858824868684
4.7257635228466395
4.769667883482967
4.813571905342909
4.857475466740336
4.901378569153238
4.945281322584911
4.989183718176206
5.033085527285941
5.076986977208427
5.1208880665077
5.164788658378346
5.208688769707903
5.252588510206461
5.296487862921188
5.340386600571153
5.384284957181079
5.4281829313137395
5.47208037027929
5.5159773079096555
5.559873852851867
5.603769979306474
5.647665462863292
5.691560543519726
5.735455219837197
5.77934932250597
5.8232429037780875
5.867136070497061
5.911028787294333
5.954920834080364
5.998812456097638
6.042703651906162
6.086594234872377
6.130484277081429
6.174373882864062
6.2182630065923306
6.262151433883169
6.306039414528428
6.349926947086616
6.39381382692963
6.437700147322529
6.481586009407036
6.525471356639503
6.569355981661444
6.613240138152092
6.657123824668393
6.701006817951891
6.74488923372482
6.788771169298228
6.832652556592081
6.876533196519658
6.920413346020902
6.964293003651113
7.008171926922332
7.052050255218236
7.095928081413913
7.139805325309622
7.183681797263083
7.2275577568854
7.271433202730156
7.3153078725191545
7.359181930425223
7.4030554643203335
7.446928381340857
7.490800502383664
7.534672089180324
7.5785431402826156
7.622413373101457
7.666282977646635
7.710152036259666
7.754020442909667
7.797888030046019
7.841755061010578
7.885621534353252
7.929487146695249
7.97335211484774
8.017216515135994
8.061080227901046
8.104943098073385
8.148805390137184
8.192667102640408
8.236527910979355
8.280388059644118
8.324247618501214
8.368106453847073
8.411964423933522
8.455821793963189
8.499678562482016
8.543534383271384
8.58738952928762
8.631244063540981
8.675097837912778
8.718950724724731
8.762802989519686
8.80665463084149
8.850505280513659
8.894355240652326
8.938204567060708
8.98205309688219
9.025900717161726
9.069747693451646
9.113594024293642
9.157439319259154
9.201283910220479
9.245127845471444
9.288970947144215
9.332813117561617
9.376654622003972
9.420495459010729
9.464335215657501
9.50817425406843
9.552012614775826
9.595850104678515
9.639686641829801
9.683522491007345
9.727357650748228
9.771191685440783
9.815024987852503
9.858857590554015
9.902689285041534
9.946520005445954
9.990350015864202
10.03417931483097
10.078007443909621
10.121834826795077
10.16566148794966
10.209487203352456
10.253311923449928
10.297135911534644
10.340959166138855
10.384781205918951
10.428602485670321
10.472423021655736
10.516242574279012
10.560061110427661
10.6038788925224
10.647695919092888
10.691511685864121
10.735326678790301
10.779140905900604
10.82295411202346
10.866766280497123
10.910577672860681
10.95438828764118
10.998197597666664
11.042006119990752
11.085813854433784
11.129620530308571
11.173426147294265
11.217230966098171
11.261034978418238
11.304837654760286
11.348639522617143
11.392440580511995
11.43624054236345
11.480039423958871
11.523837485284938
11.567634710063661
11.61143057007679
11.655225599510448
11.699019796885004
11.742812860909485
11.78660482312049
11.830395942958248
11.874186196380439
11.917975056031946
11.961763062993136
12.005550215781545
12.049336198146317
12.09312105688446
12.136905051128618
12.180688149349665
12.224469824511447
12.268250624855112
12.312030548895235
12.355809265737623
12.399586836817598
12.443363521265656
12.487139280410712
12.53091358685676
12.57468699633952
12.618459507370495
12.662230774797166
12.70600087393429
12.749770064283908
12.793538300447125
12.8373050538511
12.881070888128718
12.924835801788433
12.968599435874562
13.012361878682313
13.05612339052885
13.09988391977263
13.143642935705259
13.187401010330206
13.231158142152708
13.27491395894127
13.318668560928746
13.362422209762732
13.406174848116937
13.449925942043546
13.4936760724624
13.537425237875453
13.58117305337641
13.624919629945818
13.668665231150504
13.71240979461166
13.756152781889645
13.799894783440621
13.843635797763225
13.887375427952751
13.931113794396891
13.974851163245635
14.0185874677762
14.062322163652501
14.106055851562942
14.14978853000277
14.19351979082248
14.237249762322257
14.280978713976065
14.324706575503626
14.368432795112252
14.412157984496131
14.455882142146972
14.499604849503177
14.543326241125033
14.587046590630063
14.630765825046558
14.674483383406052
14.718199889261399
14.761915341100739
14.805629310863623
14.849341937557053
14.893053499842058
14.936763923003017
14.980472635013955
15.024180272220374
15.067886833106822
15.111591881109685
15.155295557704761
15.198998147578585
15.242699575302385
15.286399255744787
15.330097839060947
15.373795323731708
15.417491265770245
15.461185806975024
15.504879239124094
15.54857148719113
15.592261950722014
15.635951294783148
15.679639517851522
15.723326169682988
15.767011390081016
15.810695479066831
15.854378363218725
15.89805942436961
15.941739343684914
15.985418119637817
16.029095296980255
16.072771011028095
16.116445571284665
16.160118907223612
16.20379038039789
16.247460689348102
16.29112983254346
16.33479735107495
16.378463373099596
16.42212821893094
16.46579182231882
16.509453521789357
16.553114034624187
16.596773359288473
16.64043103464636
16.684087178842734
16.727742124420416
16.771395810878055
16.815047550784602
16.858698081620187
16.902347401845883
16.945995049626006
16.989641130054476
17.033285989414978
17.076929574521355
17.120571168868025
17.16421153168446
17.20785066142758
17.25148809718344
17.295123927767243
17.338758514809506
17.38239181410106
17.42602307675382
17.4696530853926
17.513281838470046
17.556908877712164
17.60053427223491
17.644158400717803
17.687781229687538
17.731401974371682
17.775021442533173
17.818639632620336
17.862256090815315
17.905870862918434
17.949484346458256
17.99309652055506
18.03670656085269
18.08031530209362
18.12392274272181
18.167528435291672
18.21113239847194
18.254735050539786
18.298336385167648
18.341935534515102
18.38553336224602
18.429129866799883
18.472724609121304
18.516317576728248
18.55990921064761
18.603499509316215
18.647087592850184
18.690674320332963
18.734259702048014
18.777843309451466
18.821425094684884
18.86500552362906
18.908584594716196
18.952161432508024
18.99573687285325
19.03931094481335
19.082883232582418
19.126453648489843
19.17002268547938
19.213590341978552
19.257155749283285
19.300719715447812
19.34428229058259
19.387843073953135
19.431401933427267
19.474959391327474
19.518515446076563
19.562069238101056
19.605621542885476
19.649172433967834
19.69272152812723
19.73626864390343
19.77981433542185
19.82335860110042
19.866900593002626
19.910441049048647
19.953980068692204
19.997517288778617
20.041052473432398
20.08458621111622
20.128118500243122
20.171648507131277
20.215176926919224
20.25870388757578
20.302229048677322
20.345752114621778
20.389273710855353
20.432793835786136
20.47631167271798
20.519827868564352
20.563342582521372
20.606855499675408
20.650366259158645
20.693875526160927
20.737383299085273
20.78088878106732
20.82439256512211
20.867894844500153
20.91139533269248
20.954893597795152
20.99839034761717
21.041885580556393
21.085378522543103
21.128869706787366
21.172359363537613
21.21584723770163
21.259332820334382
21.302816864856673
21.346299369661182
21.389779586554223
21.43325798279747
21.4767348286991
21.52020990371518
21.563682615616063
21.60715376654618
21.65062335489292
21.694090661540407
21.737556081418113
21.78101992807578
21.824482018770375
21.86794167150233
21.911399740372275
21.95485622376217
21.998310434957883
22.04176268992889
22.085213348770246
22.12866226991516
22.172108674863505
22.215553473027146
22.258996662782614
22.302437593265175
22.345876494609207
22.389313776882293
22.43274934319391
22.47618231156376
22.51961365019433
22.563043357456667
22.606470821908843
22.649896180723943
22.693319897494643
22.73674192363319
22.780161266446875
22.82357895653445
22.866994992261333
22.910408805309253
22.953820432509165
22.997230394658686
23.040638690119984
23.084044223322003
23.127448075670898
23.170850250633798
23.21425022684613
23.257647933157877
23.301043951380223
23.344438279869546
23.387829864949328
23.43121969017556
23.47460781495725
23.51799376884448
23.56137736480571
23.604759249605053
23.648139421593086
23.691516873025815
23.73489248155459
23.778266366546518
23.82163811256018
23.865007408516647
23.90837497020482
23.95174079596945
23.99510392817086
24.038465130234002
24.081824585633782
24.125181938165632
24.16853674426868
24.211889792962666
24.255241082586366
24.298589709912044
24.341936315545407
24.385281151354285
24.428623924735597
24.471964050939537
24.51530239655886
24.55863895992628
24.601972896670794
24.645304715711724
24.688634741732017
24.73196275023275
24.7752880062924
24.818611458556553
24.861933105351863
24.905252165748053
24.948569007832887
24.99188403366533
25.035197091493426
25.078507286961457
25.121815655387422
25.16512219509178
25.208426193309972
25.251727867871402
25.295027702912755
25.33832562421331
25.381620568437697
25.424913662337318
25.46820490422632
25.511493654373563
25.554779970638123
25.598064424078473
25.641347013005106
25.684626525054533
25.72790415353195
25.771179906673098
25.814453222792338
25.85772398977783
25.90099287059811
25.944259863557253
25.98752382997342
26.030785801922576
26.07404587517262
26.117303571242033
26.160558597754957
26.203811714724303
26.247062920447725
26.290311155169505
26.333557279271538
26.376801481274008
26.42004337120615
26.463282465839136
26.506519627512432
26.54975485451711
26.59298717141734
26.636217256138
26.679445395320617
26.722671292961678
26.765894264090928
26.809115278806146
26.852334335391777
26.89555054827646
26.938764401863537
26.98197628643563
27.025186005564628
27.068392661347392
27.11159733722306
27.154800031469414
27.197999954076927
27.24119738455776
27.284392822507655
27.32758617683577
27.370776325207707
27.413964470140353
27.457150609904716
27.500334055905093
27.54351487108393
27.586693670176494
27.6298704514498
27.673043922018785
27.716215343680346
27.759384736594974
27.80255151958913
27.845715527044536
27.88887749481851
27.93203742117111
27.97519411686089
28.01834862269613
28.061501076165705
28.104651009684588
28.147798016766963
28.19094296053239
28.234085839233956
28.277225573533194
28.32036297075716
28.363498291956127
28.40663118946007
28.449761003288977
28.492888730124655
28.536014368213195
28.579136954539422
28.62225705013485
28.665375046004883
28.708490720882736
28.7516031483444
28.794713465095356
28.83782166937453
28.880926921073375
28.924029521788093
28.967129999035564
29.01022826460399
29.053323112348647
29.096415825623446
29.139506402660082
29.182594133004507
29.225679045348883
29.26876181044224
29.311842426512015
29.354919554384274
29.39799447055251
29.441067226674015
29.484137248863497
29.52720427910787
29.57026913827503
29.613331824585064
29.65639113218652
29.69944805737623
29.742502798667957
29.785554925827817
29.828603879999868
29.871650639225663
29.914695201717898
29.95773650212895
30.000775242224
30.04381177452669
30.086845819707232
30.129876503589422
30.172904968613036
30.215931212983232
30.25895431920884
30.301974679846364
30.34499280875361
30.388008584929402
30.43102080405639
30.474030780368714
30.517038512063948
30.56004323703285
30.60304502360065
30.64604455445622
30.689041827792686
30.732035434181384
30.77502672702246
30.818015751238455
30.861001907802425
30.90398492543642
30.946965663331703
30.98994411967373
31.032919045331298
31.075891459687746
31.11886158136638
31.161828982299447
31.204793035880996
31.24775478565244
31.290714229791458
31.333670287444864
31.376623628047263
31.4195746518739
31.462523109871583
31.505468004024955
31.54841057025144
31.591350806720804
31.634287809018133
31.677221880338436
31.72015361073936
31.763082938417842
31.806008477507646
31.848931664507887
31.89185249758043
31.93477025708996
31.97768486333887
32.02059710447866
32.06350697866651
32.106413102502664
32.14931671433263
32.19221794801789
32.23511627722738
32.27801122235183
32.320903778130806
32.36379394271344
32.406680523703265
32.449564364153574
32.49244580219533
32.535324513511306
32.57819960119177
32.62107227524336
32.66394253380709
32.706809384307974
32.74967325690129
32.79253470277487
32.83539360852181
32.8782486421697
32.92110123785787
32.96395139371902
33.00679832600587
33.04964203399427
33.09248329090401
33.13532209486297
33.17815698607873
33.220989306495305
33.263819162697715
33.306645988962146
33.349469335324564
33.39229020620115
33.43510859971145
33.477923272179446
33.52073512014158
33.56354447945391
33.60635101180346
33.649153799243095
33.69195408674101
33.73475187240834
33.77754613818536
33.82033731623291
33.86312598114601
33.905912031603485
33.948694062545115
33.991473569040004
34.03425054919073
34.07702422024831
34.119794530641215
34.16256230336562
34.20532753651914
34.24808876045564
34.29084728804166
34.33360326472028
34.376356152943956
34.419105397659614
34.46185208012283
34.50459619842254
34.54733652661484
34.590073877102085
34.632808652068555
34.675540569257016
34.7182685499877
34.76099394383162
34.803716748869064
34.846435993063395
34.88915196797532
34.93186534270245
34.97457610056687
35.017282618717076
35.059986525295415
35.10268781837333
35.145385790227984
35.18808019079873
35.23077196646954
35.2734611153067
35.316146233316616
35.35882845369222
35.401508035822125
35.44418454690663
35.48685717407836
35.52952715158351
35.57219447747943
35.61485802161793
35.65751835656016
35.70017602845964
35.74283089025388
35.78548154467429
35.828129524609466
35.870774828107706
35.91341660980065
35.956054859782824
35.99869042187286
36.04132329411379
36.08395192778607
36.126577710449254
36.16920079179531
36.21182062237777
36.254436587574475
36.29704983997692
36.33966037761901
36.382266946938
36.42487033232699
36.46747099146558
36.51006868218115
36.55266216246562
36.59525290500051
36.63784090781051
36.68042522396446
36.723006011774125
36.765584048346646
36.80815933170133
36.8507302052881
36.893298237471036
36.93586350491077
36.978425378995254
37.02098336861497
37.06353858195686
37.10609101703087
37.148639335160624
37.19118445620015
37.23372678742395
37.276266030440944
37.3188010209519
37.361333210089974
37.403862595855614
37.446388169473884
37.48891017826884
37.53142937212086
37.57394574902489
37.61645758515076
37.65896654880052
37.70147268391838
37.743975323876
37.7864740190129
37.828969874024494
37.87146288689614
37.91395167582605
37.95643721238919
37.998919895205496
38.041399412257746
38.08387459200812
38.12634690639516
38.16881635339468
38.21128190582623
38.253743813387885
38.29620284193189
38.338658989428346
38.38111050905557
38.42355908071593
38.466004759684935
38.508446886219104
38.55088496254524
38.59332013452653
38.63575240012332
38.67818038016698
38.72060500667773
38.76302671513668
38.8054452262769
38.847859268811646
38.890270381617555
38.932678562645094
38.97508281354976
39.01748329216464
39.059880827310195
39.10227541693108
39.14466533932474
39.187052190017646
39.229436083480955
39.27181641559252
39.31419254323925
39.35656570194152
39.398935889634004
39.441301779394436
39.48366416470916
39.526023567285186
39.568379790850095
39.610731364127716
39.653079942927675
39.695425525174684
39.737767192488235
39.78010490882938
39.822439616864386
39.864771314512026
39.90709835720508
39.94942215231198
39.99174292526409
40.03406018021651
40.076373023655755
40.11868283316265
40.160989606645785
40.20329212298054
40.24559093026911
40.287886689741974
40.33017934231759
40.372467108591096
40.4147518152468
40.457033460182984
40.49931126008249
40.54158487509041
40.58385541656217
40.626122882390064
40.66838576114881
40.710645160291556
40.75290147195919
40.795154365243846
40.837402583168995
40.87964770177756
40.921889718951405
40.96412757693797
41.00636146356463
41.04859223690037
41.09081989482092
41.13304264898503
41.17526213952538
41.21747850277959
41.259691149648546
41.30189931841206
41.344104348008024
41.38630623630171
41.42850366509081
41.47069732201238
41.51288782573536
41.55507507103664
41.59725731624329
41.639436396344536
41.68161230919503
41.72378422209589
41.76595183949989
41.80811627773136
41.85027753463865
41.89243404651626
41.93458697101803
41.97673670225879
42.01888290865242
42.06102428028916
42.103162446717405
42.14529740577479
42.18742809672265
42.2295546591677
42.2716780022792
42.31379812388853
42.355913230706214
42.39802491866557
42.44013337314484
42.48223805237298
42.524338045948895
42.566434794056065
42.60852829451491
42.65061727508723
42.69270227755524
42.734784020370924
42.77686249698159
42.81893571451821
42.86100566038762
42.903072332399326
42.945134995763475
42.987193105358315
43.02924792906511
43.07129946468687
43.113346246018615
43.15538918205591
43.19742881796233
43.239464973046445
43.28149598202425
43.3235236788143
43.36554806120855
43.407568219564524
43.44958393781169
43.49159632959053
43.533605392686525
43.57560948546515
43.61760984716538
43.65960686809452
43.70160021222688
43.743588504359565
43.785573443621786
43.82755502778777
43.869532191540856
43.911505009610295
43.95347446046829
43.9954405418825
44.03740145634305
44.0793587343301
44.12131263074224
44.163262674043985
44.20520773957102
44.24714941138086
44.28908768722975
44.33102136632965
44.37295077391077
44.4148767733726
44.45679936246472
44.49871660838478
44.540630291795615
44.58254055266231
44.62444680479591
44.66634813246549
44.70824602540513
44.75014048135297
44.792030185288915
44.83391567057344
44.87579770666416
44.91767629129242
44.95954937798722
45.00141895445479
45.04328506724165
45.08514703740601
45.127004114457804
45.16885771559912
45.21070783854964
45.252553076345365
45.29439412601026
45.336231685238225
45.37806572972884
45.41989418805965
45.461719143695774
45.503540594345274
45.54535779127067
45.587170103418806
45.62897889830605
45.67078417363359
45.71258445384245
45.75438055303263
45.79617312037227
45.837962084340305
45.87974544787147
45.92152526724958
45.96330154016394
46.005073472107256
46.04684050352299
46.08860397615574
46.1303638876879
46.172118718387914
46.21386935069913
46.25561640957377
46.297359800977574
46.33909755289991
46.38083171903784
46.42256229706178
46.464288471801424
46.50600970509596
46.54772733791182
46.589441367912364
46.63115025670123
46.672854904162804
46.714555936427416
46.75625326274391
46.797944884677264
46.839632879020066
46.88131724342358
46.922997168254575
46.964672084461874
47.006343358319214
47.04801098747075
47.08967344146102
47.13133158451856
47.17298607044252
47.214636838662116
47.25628181063824
47.29792311304086
47.33956074350189
47.381193925231
47.42282200379044
47.464446397951164
47.50606710533791
47.54768263115193
47.589293748650114
47.630901166899854
47.672504883518684
47.71410268396681
47.75569677267681
47.79728714726405
47.83887309220481
47.880453810943926
47.92203080305614
47.96360406614656
48.00517216991162
48.046735739076865
48.088295566698676
48.12985165037488
48.17140184344312
48.21294819508341
48.25449079023888
48.296029004206645
48.3375618393238
48.37909090540451
48.42061620003406
48.46213638737743
48.503651883800515
48.545163596203125
48.586671522163144
48.628173613290045
48.6696717028415
48.711165993363274
48.752655981670344
48.79414040771736
48.8356210221351
48.87709782248875
48.91856959853287
48.960036496151645
49.00149956708887
49.042958808902256
49.08441230301962
49.12586160380366
49.16730706282844
49.208748330279164
49.25018382014396
49.291615455601395
49.3330432341964
49.374466103553814
49.41588387463578
49.457297776189115
49.49870780575124
49.540112207279165
49.581512190940444
49.622908289926194
49.664300340812005
49.70568636570121
49.74706849321777
49.788446720886114
49.8298201876547
49.871188302779515
49.912552505340784
49.95391279285529
49.99526760569739
50.03661774218632
50.077963950894826
50.11930622933209
50.16064231841085
50.20197440730527
50.24330255317635
50.28462612093429
50.325944048976496
50.36725802123033
50.40856803519181
50.44987276273012
50.49117252028546
50.53246830676489
50.57376011965671
50.61504593706451
50.65632745493734
50.69760498642043
50.73887815822141
50.780145366332825
50.821408575239225
50.862667782415656
50.9039219275059
50.94517077263723
50.98641560320462
51.027656416675256
51.06889146506921
51.11012187778543
51.1513482605522
51.19257053892047
51.23378649251276
51.274998403289636
51.31620626870486
51.35740933367153
51.39860673114176
51.43980007036551
51.480989348788675
51.52217313029274
51.56335190196411
51.60452659993108
51.645697221631664
51.68686164958373
51.72802172568929
51.76917771260561
51.81032919923701
51.85147461204487
51.892615922727245
51.93375312870854
51.97488514490875
52.01601173787632
52.05713421318737
52.09825256825833
52.1393650438616
52.18047274697685
52.22157631687733
52.262675726420795
52.30376861578324
52.344857358942775
52.38594195330205
52.42702170524157
52.46809558005816
52.509165293066935
52.55023084166251
52.591290865755326
52.632345655766485
52.673396268337484
52.7144427008548
52.755482926829075
52.79651856168299
52.83755000343682
52.87857699161111
52.919597607023654
52.96061401627597
53.00162621674059
53.04263328961177
53.08363462459266
53.12463173770609
53.16562462631643
53.2066117135347
53.247593697481285
53.288571443825376
53.3295449499231
53.37051198110922
53.411474543325376
53.45243285217603
53.49338647355994
53.53433380975435
53.575276879450186
53.61621567998947
53.657149127976886
53.69807691657787
53.739000422869346
53.77991964418504
53.820832848317906
53.86174101837512
53.902644890283725
53.94354446136907
53.98443735115949
54.025325831627995
54.06620999808041
54.10708930580119
54.14796235276398
54.18883107250372
54.229695462331506
54.27055433816359
54.311407569078284
54.35225645685388
54.39310099879314
54.43393937216882
54.4747727157329
54.5156017002133
54.55642632290426
54.597244123225714
54.63805750804072
54.67886651779878
54.71967056351478
54.760468306424784
54.801261660996026
54.84205062450822
54.88283397943974
54.923611636537146
54.964384889273305
55.00515373491945
55.04591632838785
55.08667382801338
55.12742690722622
55.16817556328907
55.20891732458524
55.24965459498242
55.290387428886405
55.331115262769856
55.37183668193563
55.4125536512505
55.45326616796248
55.49397305175727
55.53467411401922
55.575370710299964
55.616062837838896
55.65674870075422
55.697429334091694
55.73810548528829
55.77877715157473
55.81944192278901
55.86010205508293
55.900757689046884
55.941408359766484
55.98205243056351
56.02269198959607
56.06332703407996
56.10395649499371
56.144579936451976
56.18519884990622
56.22581323256349
56.26642141276713
56.307024152500034
56.347622347959614
56.388215996344144
56.42880282490225
56.469384790423476
56.50996219537225
56.550534750076
56.591100442883956
56.631661561607174
56.67221810342893
56.7127691881919
56.75331397786543
56.79385417710402
56.834389783082074
56.87491932688527
56.91544314066717
56.955962347633815
56.99647694495071
57.036984876743574
57.07748764177569
57.11798578358204
57.15847926787994
57.19896554801967
57.23944719134263
57.279924194999005
57.32039594879873
57.360861050630554
57.40132149918334
57.44177729159834
57.48222724376494
57.52267109415642
57.56311027477615
57.60354478275637
57.64397286212288
57.68439538783943
57.724813227260924
57.765226377510544
57.80563251287818
57.84603364058269
57.88643006543815
57.92682153190243
57.96720590469653
58.007585560949046
58.047960497767754
58.08832990149708
58.12869274590261
58.16905085716003
58.20940423236796
58.24975150207786
58.29009274447911
58.33042923709477
58.37076097701428
58.41108604138782
58.451405608065386
58.49172040828878
58.53203043913827
58.572333226826274
58.61263104395658
58.65292407793301
58.693211974842725
58.733492765447224
58.77376875910229
58.81403995287245
58.85430545410897
58.89456436395855
58.9348184601056
58.97506773960538
59.01531077373257
59.055547728720796
59.09577985322195
59.136007144282
59.17622763983099
59.2164425657461
59.256652644357985
59.29685787270332
59.33705575817245
59.377248580696865
59.41743653907035
59.457619311413495
59.497794834174826
59.537965478885056
59.578131242564844
59.618291285585386
59.65844457290453
59.69859296527063
59.73873645969495
59.77887370180312
59.81900467907541
59.85913074446076
59.89925189496097
59.93936626453388
59.979474857047634
60.01957852070852
60.05967725250885
60.099768677890324
60.139854810826506
60.1799359979118
60.220012087340145
60.26008064562943
60.30014424406144
60.34020287961228
60.38025590534795
60.420301871151544
60.46034286004479
60.5003788689942
60.54040875929181
60.58043205749918
60.62045036171071
60.66046366888332
60.7004703519638
60.74047090735585
60.78046645163403
60.820456981745664
60.86044038579632
60.90041812304503
60.940390832029244
60.98035850968664
61.02031856286088
61.06027340652901
61.100223204749256
61.14016765074106
61.18010458486699
61.220036459407666
61.259963271284256
61.29988424657999
61.33979815316106
61.37970698291749
61.4196107327607
61.45950816542315
61.499398968725316
61.53928467793045
61.57916528994011
61.61903910799796
61.658906732176604
61.698769244952686
61.73862664321797
61.778476774665634
61.81832114376529
61.858160384123615
61.89799449262259
61.93782086542009
61.977641903374064
62.01745779521465
62.057268288872876
62.097071079887
62.13686871051708
62.17666117762823
62.21644779249322
62.256227117322375
62.29600126433841
62.335770230396484
62.375532894336224
62.41528867661166
62.45503926361121
62.49478465218018
62.534523293028045
62.57425545626849
62.61398240673664
62.65370414126777
62.69341868682232
62.73312715443365
62.77283039174244
62.81252839557398
62.85221877359892
62.89190346887388
62.93158291628208
62.97125711263888
63.01092325086295
63.05058409698072
63.090239677633534
63.12988961582235
63.169531815743575
63.20916873576947
63.2488003726981
63.28842595055597
63.32804416499286
63.36765708187799
63.40726469799931
63.44686584316129
63.4864599949847
63.52604883156562
63.56563234968185
63.605208989747666
63.64477900171367
63.684343680712004
63.7239030235103
63.763455086044345
63.80300088079379
63.842541324815926
63.88207641486818
63.92160382739927
63.96112532745755
64.00064145899428
64.0401522187566
64.07965490877797
64.11915203655474
64.1586437779809
64.19812994603008
64.2376080247627
64.27708070255122
64.31654797612529
64.35600930074095
64.39546286955066
64.43491101952782
64.47435374739176
64.51379015597182
64.55321913695357
64.59264268117933
64.63206078535804
64.67147220526455
64.71087652039618
64.75027538081322
64.7896687832142
64.82905514177315
64.86843471291503
64.90780881134853
64.9471774337617
64.98653865826302
65.02589340715765
65.06524266531477
65.10458642941197
65.14392244710933
65.1832522953811
65.22257663485077
65.26189546218544
65.30120620029629
65.34051106945103
65.37981041170353
65.4191042237104
65.4583896094158
65.4976694208405
65.53694368722715
65.57621213085594
65.61547236566636
65.65472704062873
65.69397615238157
65.73321912215886
65.77245415985192
65.81168361950017
65.85090749773147
65.89012492074086
65.92933468238077
65.96853884774316
66.00773741344527
66.04692921673357
66.08611362326437
66.12529241524888
66.16446558929368
66.20363169987105
66.2427906721163
66.28194401151029
66.32109171464899
66.36023205948851
66.39936551815087
66.43849332562078
66.4776154784835
66.51672998452139
66.55583785018227
66.59494004627324
66.63403656936872
66.67312516350401
66.71220735662335
66.75128386175876
66.79035467547392
66.82941728456858
66.86847372548434
66.90752445996563
66.94656948456523
66.9856060354439
67.02463664437184
67.06366152837806
67.10268066644127
67.1416911034544
67.18069580048761
67.21969475407508
67.25868771188031
67.2976721755189
67.33665088062753
67.37562382372951
67.41459052800158
67.45354893814941
67.49250157118031
67.5314484236066
67.57038880103279
67.60932107745008
67.64824755812643
67.68716823956312
67.72608221679296
67.76498827911605
67.80388852703697
67.84278295704601
67.88167046069125
67.92055022843225
67.95942416307253
67.99829226109135
68.03715321772589
68.07600661027226
68.11485415098196
68.15369583632318
68.192530172483
68.23135710909719
68.27017817510131
68.30899336695241
68.34780100913534
68.38660140895456
68.42539591935262
68.46418453677549
68.50296541144131
68.54173919347706
68.58050706724288
68.61926902917351
68.6580230627438
68.69677014588152
68.73551130186272
68.77424652711095
68.8129736459688
68.85169394896761
68.89040830588536
68.92911671313436
68.96781684362462
69.00651028511687
69.04519776156553
69.08387926937154
69.12255233780049
69.16121883629145
69.1998793507381
69.23853387753009
69.27717981016539
69.31581928403295
69.35445275481719
69.39308021889644
69.43169894196713
69.47031130946134
69.50891765479483
69.54751797433462
69.58610941403094
69.62469459327369
69.66327373123988
69.70184682428516
69.74041090675847
69.77896881574316
69.8175206642969
69.85606644876384
69.89460310012659
69.93313365671779
69.97165813368494
70.01017645657272
70.04868567368625
70.08718879561931
70.1256858186964
70.16417658724086
70.20265830656132
70.24113391144203
70.27960339819593
70.3180665384052
70.35652067744746
70.39496868275165
70.43341055061924
70.47184598846219
70.51027246461089
70.54869278768419
70.5871069539719
70.62551461537801
70.66391334588734
70.70230590394469
70.74069228582829
70.77907209668754
70.81744299868083
70.8558077088062
70.89416622333032
70.93251810949326
70.97086109996252
71.00919787910863
71.0475284431864
71.08585233046384
71.12416732626957
71.16247609125732
71.2007786216702
71.23907443583326
71.27736135370401
71.31564202122232
71.35391643461952
71.39218410139951
71.43044285793152
71.46869534453685
71.5069415574351
71.54518100252344
71.58341151418028
71.62163573629638
71.65985366507954
71.69806481412766
71.7362669972399
71.77446287115737
71.81265243207602
71.85083521069528
71.88900898146012
71.92717642333614
71.96533753250733
72.00349186626889
72.04163714074986
72.07977606660769
72.11790864001449
72.15603445444933
72.19415114857578
72.23226147430454
72.27036542779574
72.30846264839445
72.34655067796135
72.38463231931563
72.42270756860542
72.46077612081811
72.49883540148565
72.5368882740851
72.57493473475253
72.61297454398888
72.65100499128211
72.68902901061114
72.7270465981
72.76505758972901
72.8030591190374
72.84105420044479
72.87904283006311
72.91702492941317
72.95499745599041
72.99296351468897
73.03092310160865
73.06887621284574
73.10681967293078
73.14475662399695
73.18268708325351
73.22061104678457
73.25852544019806
73.29643319857163
73.33433444506376
73.37222917574631
73.41011442768036
73.44799290816407
73.48586485665328
73.52373026920762
73.56158630481318
73.59943542207236
73.63727798718266
73.67511399619147
73.71294074057838
73.75076040914058
73.78857350535813
73.82638002526609
73.86417740350296
73.90196753775761
73.93975107943027
73.97752802454369
74.0152959616578
74.05305647585581
74.09081037719288
74.12855766167941
74.1662960826566
74.20402689091009
74.24175106598193
74.27946860387007
74.31717743365472
74.35487844993655
74.39257281267419
74.43026051785316
74.46793968134794
74.50561081949147
74.54327528368623
74.58093306990533
74.61858249197135
74.65622366566993
74.69385814497316
74.73148592584161
74.76910553129821
74.80671665410497
74.84432106202757
74.88191875101408
74.91950846463865
74.9570894499661
74.99466369987827
75.03223121031066
75.06979095683876
75.10734171795832
75.1448857230891
75.18242296815399
75.21995267227913
75.25747312232093
75.29498679575792
75.33249368850032
75.36999327487385
75.40748332682625
75.44496658151519
75.48244303483821
75.5199124280693
75.55737199477866
75.5948247435231
75.6322706701875
75.669709770653
75.70713878901323
75.74456094447416
75.78197625709805
75.8193847227533
75.85678337189464
75.89417484659016
75.93155945764863
75.96893720092567
76.00630540531606
76.04366611162096
76.0810199334457
76.11836686663308
76.15570455069788
76.19303440084336
76.23035734562228
76.26767338086471
76.30498046898659
76.34227937505977
76.37957135483677
76.41685640413468
76.45413282065363
76.49140069459735
76.5286616212718
76.56591559648106
76.60316126569424
76.64039801930653
76.67762780463292
76.71485061746453
76.75206546362614
76.78927100856009
76.82646956414773
76.86366112616729
76.90084507348863
76.93801932125172
76.97518655856437
77.01234678119187
77.04949975384108
77.08664261579506
77.12377844615065
77.16090724066
77.19802899507143
77.23514055012254
77.27224488469261
77.30934216221138
77.346432378414
77.38351278168408
77.42058553149357
77.4576512030025
77.49470979193295
77.53175896744592
77.56880004337278
77.60583401970554
77.6428608921532
77.67987876388965
77.71688807666435
77.75389026850713
77.79088533511379
77.82787182701071
77.86484928721615
77.9018196051073
77.93878277636678
77.97573781231759
78.01268333038844
78.0496216847181
78.0865528709759
78.12347637483032
78.16038986105288
78.19729616206263
78.23419527351555
78.2710871690795
78.30796853359121
78.3448426913737
78.38170963806954
78.41856936931745
78.45541900189424
78.49226092639276
78.52909561822992
78.56592307303103
78.60274091936051
78.63955052036876
78.67635286709584
78.71314795515363
78.74993393889525
78.78671112605691
78.82348103727237
78.8602436681401
78.89699771290911
78.93374239571742
78.97047978086927
79.00720986394961
79.04393189331708
79.08064398111452
79.11734874949985
79.15404619404447
79.19073613153714
79.22741553351518
79.26408759427987
79.30075230938907
79.3374096743967
79.37405670368794
79.4106959658263
79.44732786044872
79.48395238309551
79.52056714190167
79.55717351425602
79.59377249718824
79.63036408622499
79.66694649792458
79.70351988918496
79.7400858690711
79.77664443309598
79.81319442102283
79.84973473972659
79.886267625058
79.9227930725163
79.95931055995953
79.99581771449097
80.0323174136058
80.06880965278958
80.10529442752392
80.14176846158341
80.17823488266633
80.21469382171401
80.25114527419422
80.2875866286035
80.32401967968528
80.36044522658122
80.39686326474525
80.43327186264375
80.46967145160087
80.5060635141751
80.54244804580648
80.57882381028844
80.61518984484286
80.65154833077065
80.68789926349804
80.72424211761252
80.76057450533115
80.79689932213272
80.83321656342954
80.86952622462984
80.9058250784748
80.94211613351493
80.97839959069908
81.01467544542155
81.05094120917087
81.0871984096584
81.12344798989183
81.15968994525142
81.19592254180301
81.23214579479068
81.26836140507903
81.30456936803425
81.34076872024053
81.37695793262453
81.41313947981675
81.44931335716933
81.48547938783707
81.52163446635662
81.55778185714462
81.59392155553917
81.6300535568741
81.66617503866658
81.70228817958494
81.73839360550849
81.77449131175698
81.81057929171568
81.84665808914113
81.88272914892286
81.91879246636648
81.9548468671456
81.99089122729677
82.02692782710768
82.06295666186966
82.09897740607747
82.1349872350145
82.1709892808669
82.20698353891174
82.24297000442195
82.27894575273461
82.31491315048186
82.35087273761495
82.38682450939257
82.42276642037399
82.45869907571009
82.49462389757745
82.53054088122033
82.56644887732502
82.60234669578428
82.638236657872
82.67411875881805
82.70999276245425
82.74585564941091
82.78171065704493
82.81755778057182
82.85339701520286
82.88922557476917
82.92504553311487
82.96085758433952
82.99666172363995
83.03245610950972
83.06824092357161
83.10401780744996
83.1397867563271
83.17554689075367
83.21129646537491
83.24703808670147
83.28277174990117
83.3184974501376
83.3542117949533
83.38991805836083
83.42561634046704
83.46130663642094
83.49698654820294
83.53265735816206
83.56832016359648
83.6039749596406
83.63962036048646
83.6752556213053
83.71088285432698
83.74650205467134
83.78211286663173
83.81771248245552
83.8533040471606
83.88888755585211
83.92446300363079
83.96002757574144
83.99558337606267
84.03113109698477
84.06667073359381
84.1022005347543
84.13772047446074
84.17323231133307
84.2087360404426
84.24423099254676
84.27971497524332
84.31519083162132
84.35065855673726
84.38611814564341
84.42156651075878
84.4570062900333
84.49243791449689
84.52786137918685
84.56327471281415
84.59867831821114
84.63407374519846
84.66946098879859
84.70483921267378
84.74020654725393
84.77556567977577
84.81091660524685
84.84625931867043
84.88159060771676
84.91691334861807
84.95222785875504
84.987534133116
85.0228301296094
85.05811638156904
85.0933943790006
85.12866411687736
85.1639247423953
85.19917440792557
85.23441579511373
85.26964889891804
85.30487371429243
85.34008705643647
85.37529173567631
85.4104881076528
85.44567616730482
85.48085395530154
85.5160218287207
85.55118137094652
85.58633257690276
85.6214747321701
85.65660570172855
85.69172831611304
85.7268425702321
85.76194845898988
85.79704298162969
85.83212856991392
85.8672057738861
85.9022745884352
85.93733329480077
85.97238175855725
86.00742181390419
86.04245345571528
86.0774762670643
86.11248750769663
86.14749031577085
86.18248468614541
86.21747061367435
86.2524454424298
86.28741090441446
86.32236790448445
86.35731643747849
86.39225518729752
86.42718320420596
86.46210273493341
86.49701377430333
86.53191631713443
86.56680683895792
86.60168880113463
86.63656224762067
86.67142717321954
86.70628143192312
86.74112572617024
86.77596148034205
86.8107886892266
86.8456066057936
86.88041313256124
86.91521109481724
86.95000048733424
86.9847813048803
87.01955064226618
87.05431071283337
87.08906218915797
87.12380506599253
87.15853787668013
87.1932599556136
87.22797341574896
87.26267825182325
87.29737445663332
87.33205844381595
87.36673378759292
87.40140048268564
87.43605852381108
87.47070579753222
87.50534292460891
87.53997137832604
87.57459115338489
87.60920163628666
87.64380044614815
87.67839055792243
87.71297196629507
87.74754466594716
87.78210597099286
87.81665764008343
87.85120058097668
87.88573478833784
87.92025911735507
87.95477224284727
87.98927661529375
88.02377222934405
88.05825907964321
88.09273398368023
88.12719968653825
88.16165660608328
88.19610473694456
88.2305424794759
88.26496941142895
88.29938753509938
88.3337968451006
88.36819733604122
88.40258540611018
88.43696463236144
88.47133501990497
88.50569656333361
88.54004728615052
88.57438751326245
88.60871887657505
88.64304137066526
88.67735466654199
88.71165579261836
88.74594802975062
88.78023137249977
88.81450581542215
88.84876908466677
88.8830220934928
88.91726618272166
88.95150134689368
88.9857270030658
89.01994068128295
89.0541454146353
89.08834119764717
89.12252802483826
89.15670340602122
89.19086868096356
89.22502498022823
89.25917229831876
89.2933098800257
89.32743559384684
89.36155230659932
89.39566001277055
89.42975870684334
89.46384576484179
89.49792278813896
89.53199077939394
89.5660497330733
89.60009880492004
89.63413603564028
89.66816420880332
89.70218331885957
89.73619336025465
89.77019165931003
89.8041799110265
89.83815907405081
89.8721291428124
89.90608926876732
89.94003749550319
89.97397660790725
90.00790660039266
90.04182746736775
90.07573657108391
90.1096355290995
90.14352534148615
90.1774060026359
90.21127674602897
90.24513544570775
90.27898497399266
90.31282532525948
90.34665649387908
90.38047596522004
90.4142851052196
90.44808504236515
90.48187577101116
90.51565669453159
90.54942534188106
90.58318476048579
90.61693494468386
90.65067588880845
90.68440529009652
90.71812408555931
90.75183362065337
90.78553388969542
90.81922455538978
90.85290262292766
90.8865714040796
90.92023089314584
90.95388108442174
90.98751997733537
91.02114789952472
91.05476650353945
91.08837578365839
91.12197573415548
91.15556271095215
91.18914032465679
91.2227085883048
91.2562674961535
91.28981544172534
91.32335195967804
91.35687910135778
91.39039686100526
91.42390523285631
91.45740101118197
91.49088692521235
91.52436343092188
91.55783052252971
91.59128708114463
91.62473166166052
91.65816680751122
91.69159251289909
91.72500877202165
91.75841291189008
91.79180659177644
91.825190804783
91.85856554509049
91.89193027648348
91.92528238411509
91.95862499839387
91.99195811348382
92.02528172354378
92.05859378431788
92.09189469333704
92.12518607662138
92.15846792831292
92.1917402425488
92.22499948860931
92.25824903331409
92.29148901980699
92.32471944220818
92.35793898259791
92.39114658176304
92.42434459604067
92.45753301953404
92.49071184634154
92.52387831955812
92.55703425441709
92.59018057174275
92.62331726561644
92.6564438436771
92.68955759172694
92.72266169543772
92.75575614887373
92.78884094609418
92.82191420414708
92.8549759866082
92.88802809191486
92.9210705141093
92.95410324722866
92.9871230406281
93.02013268992582
93.0531326291576
93.0861228523435
93.11910245225509
93.15206953747574
93.1850268856196
93.21797449068964
93.25091234668369
93.28383822851572
93.3167528772576
93.34965775584043
93.38255285824482
93.41543817844635
93.44831019721437
93.4811722407492
93.51402448094578
93.54686691176245
93.57969843801197
93.61251753774829
93.64532680692902
93.67812623949524
93.71091582938286
93.74369323854805
93.77645942771464
93.80921575297447
93.84196220824606
93.87469878744297
93.90742193419898
93.9401350429057
93.9728382542568
94.00553156214838
94.03821391665355
94.07088369936949
94.10354355730442
94.13619348433707
94.16883347434099
94.20146131181991
94.2340777066515
94.2666841430799
94.29928061496129
94.33186711614663
94.36444029093278
94.39700312681964
94.42955597058292
94.46209881605611
94.49463089815407
94.5271500233697
94.55965912882684
94.5921582083414
94.62464725572414
94.65712441991289
94.68958967668294
94.72204487979951
94.75449002305575
94.7869251002396
94.81934720050936
94.85175841659516
94.88415954503344
94.91655057959458
94.94893128603096
94.98129840425953
95.01365540699464
95.04600228798898
95.07833904099002
95.11066442768907
95.14297719364168
95.17527980993097
95.20757227028672
95.23985456843337
95.27212448904066
95.30438272929196
95.33663078561038
95.36886865170268
95.40109632127036
95.43331062930582
95.4655141699998
95.49770749239141
95.52989059016429
95.5620630925676
95.59422200585453
95.62637067270349
95.65850908678028
95.69063724174549
95.72275387493384
95.75485777420221
95.78695139248553
95.81903472342646
95.85110776066236
95.8831683778091
95.91521708800511
95.94725548256835
95.97928355511819
96.01130129926874
96.04330575342075
96.07529909905594
96.1072820943096
96.13925473277789
96.17121696816982
96.20316515212932
96.23510295727927
96.26703037719781
96.29894740545774
96.33085322038254
96.3627457224236
96.39462781072714
96.42649947884794
96.45836072033534
96.4902099674915
96.52204661091658
96.55387280557457
96.58568854499674
96.617493822709
96.64928635466791
96.68106696234076
96.712837086115
96.74459671949842
96.77634585599327
96.80808152519923
96.83980591954372
96.87151979475595
96.90322314432005
96.9349159617147
96.96659462048457
96.9982626234837
97.0299200720144
97.06156695953725
97.09320276348618
97.12482478003025
97.15643621322495
97.18803705651248
97.21962730332964
97.25120583808982
97.28277114144535
97.31432582593357
97.34586988497293
97.37740331197637
97.40892442951332
97.44043284043725
97.47193059687277
97.50341769221453
97.53489411985163
97.56635767200294
97.59780901080725
97.62924965939867
97.66067961114797
97.69209885942033
97.7235046978953
97.75489878444598
97.78628214495562
97.81765477277105
97.84901666123353
97.88036463761313
97.91170129132905
97.94302718307192
97.97434230616452
98.00564665392409
98.03693661966068
98.06821565951259
98.09948390135527
98.13074133848737
98.16198769867991
98.19321977061935
98.2244410151288
98.2556514254884
98.2868509949727
98.31803908425404
98.34921321514338
98.38037648238162
98.4115288792247
98.44267039892298
98.4738000683912
98.50491607595518
98.53602118354209
98.56711538438364
98.59819867170597
98.62926977232982
98.66032747384112
98.6913742389442
98.72241006084653
98.75343493274991
98.78444731536896
98.81544652764694
98.84643476698028
98.87741202655198
98.9083782995395
98.9393318148638
98.97027235427359
99.00120188409663
99.03212039749148
99.0630278876112
99.09392238622107
99.12480406867252
99.1556747047891
99.1865342877051
99.21738281054903
99.24821814289503
99.27904078384145
99.30985234159893
99.34065280927709
99.37144217997991
99.40221819638269
99.43298161082006
99.46373390510792
99.49447507233133
99.52520510556964
99.55592165621964
99.58662565868536
99.6173185039344
99.64800018502712
99.6786706950182
99.70932762997568
99.73997203454758
99.7706052447287
99.80122725355471
99.83183805405548
99.86243522325023
99.89301984354557
99.92359323216888
99.95415538213098
99.98470628643699
100.01524353966828
100.04576818884257
100.07628156895618
100.10678367299502
100.13727449393937
100.16775168087571
100.19821617162178
100.22866935581077
100.25911122640377
100.28954177635615
100.31995874653515
100.35036289108197
100.3807556914675
100.41113714062783
100.44150723149318
100.47186383432148
100.50220744443331
100.53253967267136
100.56286051194668
100.59316995516454
100.62346603991769
100.65374892689275
100.68402039417319
100.7142804346449
100.74452904118809
100.77476445701015
100.80498643167988
100.83519694872535
100.86539600100741
100.89558358138105
100.9257581772849
100.95591905001257
100.98606842707756
101.01620630131538
101.04633266555584
101.07644629042254
101.10654587110261
101.13663391797223
101.16671042384175
101.19677538151564
101.22682788409465
101.25686598215131
101.28689250814045
101.31690745484701
101.34691081505011
101.37690204395902
101.40687846834547
101.43684328229757
101.46679647857488
101.49673804993108
101.52666785365547
101.55658241285272
101.58648532313882
101.61637657724793
101.6462561679082
101.67612408784214
101.70597689681745
101.73581771133524
101.76564683106346
101.79546424870492
101.8252699569564
101.85506099935651
101.88483952552903
101.91460631818907
101.94436137001372
101.97410467367422
102.00383379755473
102.03354984232968
102.06325411475837
102.09294660749224
102.12262731317689
102.152294366461
102.1819477363094
102.21158929486678
102.2412190347589
102.2708369486055
102.30044177908368
102.33003227999899
102.3596109305673
102.38917772338849
102.41873265105667
102.44827510638652
102.47780254388361
102.50731809186615
102.53682174290823
102.56631348957808
102.59579332443789
102.62525759639838
102.65470984671862
102.68415016079318
102.71357853116442
102.74299495036865
102.77239650392428
102.8017852610247
102.83116204246224
102.86052684075321
102.88987964840791
102.91921833078392
102.94854339862509
102.9778564512738
103.00715748122036
103.03644648094901
103.06572213923721
103.09498332129672
103.12423244852167
103.1534695133762
103.18269450831849
103.21190698947727
103.2411040887487
103.27028909343059
103.29946199596102
103.32862278877194
103.35777146428927
103.38690475861807
103.41602544315246
103.44513398564112
103.47423037848984
103.50331461409829
103.53238438646557
103.56144055276165
103.59048453700441
103.61951633157335
103.64853592884182
103.67754202577154
103.7065334752512
103.73551270255638
103.7644797000401
103.7934344600495
103.82237672793164
103.85130326152847
103.88021753271572
103.90911953382016
103.93800925716232
103.9668866950567
103.99574896041105
104.02459807581059
104.05343488075161
104.08225936752828
104.1110715284286
104.13986961862258
104.16865337807391
104.19742478657672
104.22618383639853
104.25493051980084
104.28366428078849
104.31238248363965
104.34108829493752
104.36978170692308
104.39846271183123
104.4271313018907
104.45578443453846
104.48442444737185
104.51305202014669
104.54166714507113
104.57026981434726
104.59885827069365
104.62743228330922
104.6559938150047
104.68454285796162
104.71307940435517
104.74160302991712
104.77011084006656
104.79860612831902
104.82708888682916
104.85555910774542
104.88401678321011
104.91245915284435
104.940887994794
104.96930426588179
104.9977079582294
105.02609906395219
105.05447625472227
105.08283844701222
105.11118802720488
105.13952498739485
105.16784931967068
105.19616101611459
105.22445651543069
105.2527392007569
105.28100922470182
105.30926657932685
105.33751125668718
105.36574122837649
105.39395681436585
105.4221596974786
105.4503498697491
105.47852732320558
105.50669161204297
105.53483989372457
105.56297543091753
105.5910982156291
105.61920823986038
105.64730549560608
105.67538746238715
105.7034554480712
105.73151063951764
105.75955302870031
105.78758260758681
105.8155985417649
105.84359876984828
105.8715861618206
105.89956070962832
105.92752240521173
105.95547124050483
105.98340441500955
106.01132380079495
106.03923030039735
106.06712390572974
106.0950046086987
106.12287140016386
106.15072257254488
106.17856081660665
106.20638612423474
106.23419848730833
106.26199789770043
106.28978149101768
106.31755127169754
106.3453080736619
106.37305188876256
106.40078270884487
106.42849956799964
106.45620067694949
106.48388876478364
106.51156382332627
106.53922584439532
106.56687481980245
106.59450804147622
106.62212720620545
106.64973329909674
106.67732631194048
106.70490623652063
106.73247237222176
106.76002240436229
106.78755932199957
106.81508311689632
106.84259378080878
106.87009130548697
106.89757336351445
106.92504089578478
106.95249526250232
106.97993645539572
107.0073644661871
107.03477908574368
107.06217702202281
107.08956174981755
107.11693326082865
107.14429154675051
107.17163659927115
107.19896670010078
107.22628157771659
107.25358319546957
107.28087154502632
107.30814661804689
107.33540840618494
107.36265374288584
107.38988525549128
107.41710345667337
107.44430833806427
107.47149989128977
107.4986772398196
107.52583843487344
107.55298627515657
107.5801207522732
107.60724185782107
107.63434958339148
107.66144172539875
107.68851899174282
107.71558285142456
107.74263329601362
107.76967031707319
107.79669390616002
107.82370059549754
107.85069362406682
107.87767319389859
107.90463929652796
107.93159192348355
107.95853007328034
107.9854520565417
108.01236053729971
108.03925550706126
108.06613695732679
108.09300487959018
108.11985713298083
108.14669430982948
108.1735179317663
108.20032799026342
108.22712447678643
108.25390738279448
108.28067349288543
108.30742555152037
108.33416400265025
108.36088883771244
108.38760004813766
108.41429706564617
108.44097734498095
108.46764397262352
108.49429693998273
108.52093623846102
108.54756185945413
108.57417228858219
108.60076687609492
108.62734775898662
108.65391492863114
108.68046837639582
108.70700809364146
108.73353168674817
108.76004026788422
108.78653509128446
108.81301614828772
108.83948343022625
108.86593692842561
108.89237343760297
108.91879569682388
108.94520414500788
108.97159877345862
108.99797957347315
109.02434623683376
109.05069571341468
109.0770313341959
109.10335309045232
109.12966097345236
109.15595497445773
109.18223410698127
109.20849668124946
109.23474534607811
109.26098009270694
109.28720091236892
109.3134077962904
109.3395991493206
109.3657745029603
109.39193589333318
109.41808331164346
109.4442167490887
109.47033619685976
109.49643952147284
109.52252733517616
109.54860113159737
109.57466090190505
109.60070663726131
109.62673832882149
109.65275337582634
109.67875332929094
109.70473921126961
109.73071101289548
109.75666872529489
109.78261233958764
109.80853885952538
109.83445063145241
109.86034827750083
109.8862317887681
109.91210115634496
109.9379563713153
109.96379411445963
109.98961738255147
110.01542647018273
110.04122136841514
110.0670020683036
110.09276856089629
110.11851727725319
110.14425171821127
110.16997192393717
110.19567788545666
110.22136959378881
110.24704690854018
110.27270647925369
110.29835176877654
110.32398276810537
110.34959946823002
110.37520186013364
110.4007896974338
110.42635984652176
110.45191565930268
110.47745712673716
110.5029842397791
110.5284969893755
110.55399509848081
110.57947549982022
110.60494150954528
110.63039311858049
110.65583031784365
110.68125309824566
110.70666122814475
110.73205155460359
110.7574274339494
110.78278885707061
110.80813581484873
110.8334682981585
110.85878619757226
110.88408612100744
110.90937154163922
110.93464245031976
110.95989883789427
110.98514069520121
111.01036801307221
111.03557730383801
111.06077193640738
111.0859520011066
111.11111748874453
111.13626839012323
111.161404696038
111.18652320256172
111.21162671670464
111.2367156068658
111.26178986381768
111.2868494783259
111.31189444114924
111.33692191129481
111.36193397562951
111.38693135967783
111.41191405417571
111.43688204985216
111.46183533742945
111.48677151879318
111.51169180091813
111.53659734625859
111.5614881455138
111.58636418937631
111.61122546853161
111.6360701084419
111.6608982749338
111.68571164794912
111.71051021815055
111.73529397619382
111.76006291272769
111.78481575824527
111.80955147465696
111.8342723407057
111.85897834701743
111.88366948421111
111.90834574289875
111.93300654081679
111.95764947167515
111.98227749508955
112.00689060164905
112.03148878193574
112.0560720265247
112.08064032598419
112.10519033217291
112.12972517625697
112.15424504617306
112.17874993246622
112.20323982567474
112.22771471632976
112.25217211692188
112.27661344394932
112.30103973930008
112.32545099348226
112.34984719699703
112.37422834033848
112.39859288127097
112.42294035248324
112.44727273431418
112.47159001723475
112.49589219170902
112.52017924819393
112.54445067513639
112.56870395074077
112.5929420790628
112.61716505053619
112.64137285558783
112.66556548463748
112.68974292809796
112.71390228215968
112.73804581594706
112.76217413475078
112.78628722896035
112.81038508895827
112.83446770511999
112.85853338472386
112.88258198191247
112.90661530578507
112.93063334669384
112.9546360949839
112.97862354099325
113.00259529095364
113.02654860843887
113.05048659407817
113.0744092381862
113.09831653107062
113.12220846303208
113.14608502436406
113.16994372153135
113.19378602459234
113.21761292735664
113.24142442009429
113.26522049306837
113.28900113653485
113.31276534171066
113.33651161680385
113.36024243263631
113.38395777944059
113.4076576474421
113.43134202685914
113.45501090790293
113.47866138469321
113.50229576695897
113.52591462099605
113.54951793699215
113.5731057051278
113.59667791557655
113.62023333673625
113.64377093775173
113.66729295113866
113.69079936704699
113.71429017561952
113.73776536699191
113.76122493129273
113.78466594692594
113.80809077072882
113.83149993741573
113.85489343709162
113.87827125985426
113.90163339579428
113.92497879086821
113.94830607510033
113.97161764237896
113.99491348277117
114.01819358633674
114.04145794312831
114.06470654319136
114.0879368540513
114.11115047067989
114.13434830034603
114.15753033307149
114.18069655887086
114.20384696775156
114.22698109183548
114.25009640551542
114.27319587195598
114.29627948114077
114.31934722304632
114.34239908764188
114.36543506488951
114.3884534245274
114.41145417418387
114.43443900606819
114.45740791011863
114.48036087626625
114.50329789443487
114.52621895454112
114.54912117804719
114.5720068778102
114.5948765889828
114.6177303014579
114.64056800512103
114.6633896898504
114.6861948489892
114.70898106074715
114.73175122295618
114.75450532547069
114.77724335813787
114.79996531079763
114.82267117328263
114.84535951367539
114.86802976977006
114.8906839049707
114.913321909086
114.93594377191745
114.95854948325923
114.98113903289817
115.00371018156136
115.02626399102783
115.04880160796802
115.07132302214481
115.09382822331385
115.1163172012235
115.13878994561477
115.16124352910774
115.18368039918055
115.20610100480701
115.22850533570417
115.25089338158176
115.27326513214211
115.29562045906329
115.31795622150585
115.34027565761532
115.36257875707014
115.38486550954124
115.40713590469235
115.4293899321798
115.45162700810397
115.47384491265723
115.49604641842618
115.51823151504308
115.54040019213286
115.56255243931308
115.58468824619393
115.60680669638813
115.62890624515316
115.65098932239323
115.67305591769436
115.69510602063531
115.7171396207874
115.73915670771459
115.76115615699058
115.78313685025458
115.8051009989629
115.8270485926553
115.84897962086424
115.87089407311467
115.89279193892423
115.9146720116394
115.93653334787221
115.95837806622805
115.98020615620032
116.00201760727501
116.02381240893067
116.04559055063854
116.06735087069629
116.08909234654712
116.11081713090849
116.13252521322738
116.1542165829432
116.17589122948806
116.19754914228659
116.21918933313711
116.24081044343123
116.26241478833174
116.28400235723888
116.30557313954563
116.32712712463739
116.34866430189223
116.37018398653308
116.39168422426852
116.41316762241385
116.43463417032267
116.45608385734121
116.47751667280816
116.49893260605494
116.52033140703175
116.54171026337612
116.56307220564102
116.58441722313331
116.60574530515244
116.62705644099034
116.64835061993145
116.6696278312528
116.69088512362589
116.71212509905102
116.73334807487397
116.75455404034724
116.77574298471592
116.79691489721753
116.81806976708222
116.83920535642648
116.86032285221515
116.88142327327807
116.90250660882074
116.92357284804123
116.94462198013011
116.96565399427047
116.98666750170523
117.00766200322047
117.0286393545918
117.0495995449777
117.07054256352914
117.09146839938956
117.11237704169491
117.1332680878906
117.15413907865212
117.17499284355648
117.19582937171504
117.21664865223158
117.2374506742024
117.25823542671624
117.27900289885433
117.29975059357636
117.3204802533915
117.34119260040477
117.36188762367271
117.3825653122444
117.40322565516121
117.42386864145709
117.44449305152355
117.46509808577741
117.48568573087717
117.50625597583209
117.52680880964374
117.54734422130625
117.56786219980611
117.58836273412233
117.6088428308395
117.62930525140436
117.64975019512806
117.67017765096475
117.69058760786103
117.71098005475596
117.73135498058096
117.7517109671316
117.77204763868426
117.79236675640212
117.81266830919185
117.83295228595253
117.85321867557565
117.87346746694502
117.89369864893703
117.91390935782445
117.93410212290269
117.95427724571383
117.97443471510937
117.99457451993311
118.01469664902126
118.03480109120247
118.05488686232704
118.07495274626986
118.0950009103084
118.11503134324639
118.13504403387986
118.1550389709974
118.17501614337975
118.19497553980023
118.21491506652052
118.23483574112731
118.25473860664978
118.27462365183621
118.29449086542722
118.3143402361558
118.33417175274738
118.35398540391967
118.3737781646815
118.39355292996245
118.41330979657637
118.43304875321601
118.45276978856644
118.47247289130513
118.49215805010184
118.51182459582677
118.53147072616954
118.55109887921449
118.5707090436064
118.59030120798232
118.6098753609717
118.6294314911963
118.64896958727019
118.6684883965847
118.6879872991907
118.70746813416449
118.72693089009513
118.74637555556397
118.76580211914464
118.7852105694031
118.80460089489765
118.82397144425754
118.8433224107665
118.86265521890428
118.88196985720404
118.90126631419132
118.9205445783838
118.9398046382916
118.95904648241711
118.9782682475855
118.9974705667037
119.01665463630637
119.03582044487075
119.05496798086634
119.0740972327549
119.09320818899056
119.11230083801968
119.13137329406928
119.15042625156497
119.16946086799477
119.18847713177983
119.20747503133367
119.22645455506189
119.2454156913626
119.26435842862594
119.28328104994132
119.30218392864037
119.32106837431655
119.33993437533482
119.35878192005246
119.37761099681902
119.39642159397633
119.41521369985833
119.43398596013813
119.45273803991995
119.47147159431455
119.49018661163066
119.50888308016933
119.5275609882238
119.54622032407954
119.56486107601431
119.58348244827357
119.60208300606689
119.62066494570077
119.6392282554275
119.65777292349185
119.67629893813066
119.69480628757307
119.71329496004041
119.73176491661303
119.75021322639205
119.76864282483075
119.78705370012518
119.8054458404635
119.82381923402619
119.84217386898585
119.86050973350729
119.87882681574757
119.89712307882895
119.91539960667922
119.93365731773872
119.95189620013917
119.97011624200445
119.98831743145058
120.00649975658587
120.02466320551076
120.04280691991028
120.06092964481604
120.07903345887482
120.09711835016171
120.11518430674393
120.13323131668088
120.15125936802423
120.16926844881766
120.18725854709717
120.20522727138388
120.22317645270937
120.2411066167397
120.25901775148539
120.27690984494907
120.29478288512564
120.31263686000213
120.33047175755766
120.34828679707644
120.36608060696584
120.38385530462588
120.40161087801027
120.41934731506484
120.43706460372766
120.45476273192888
120.47244168759084
120.49010145862792
120.50774020789487
120.52535869709698
120.54295796662086
120.56053800435555
120.57809879818208
120.59564033597374
120.61316260559593
120.63066559490606
120.64814929175392
120.66561105593414
120.68305327612083
120.70047616864674
120.71787972133596
120.73526392200478
120.75262875846155
120.76997421850677
120.78730028993307
120.8046066214049
120.82189104379714
120.83915604224447
120.85640160451393
120.87362771836474
120.89083437154818
120.90802155180764
120.92518924687863
120.94233744448876
120.95946548540303
120.97657183791821
120.99365865750133
121.01072593185434
121.0277736486714
121.04480179563876
121.06181036043469
121.07879933072971
121.09576869418629
121.11271774688521
121.12964506852853
121.14655274771678
121.16344077208677
121.18030912926764
121.19715780688037
121.21398679253824
121.23079607384639
121.24758563840223
121.26435500425643
121.28110232962317
121.29782990247544
121.31453771038498
121.3312257409155
121.34789398162285
121.36454242005499
121.38117104375192
121.3977798402457
121.41436879706046
121.43093517893104
121.44748167509167
121.46400829564783
121.48051502809798
121.4970018599327
121.51346877863452
121.52991577167816
121.54634282653032
121.56274993064973
121.57913513788708
121.5954995825816
121.61184404047233
121.6281684989923
121.64447294556666
121.66075736761263
121.67702175253943
121.69326608774833
121.70949036063269
121.72569369160686
121.7418751056385
121.75803642112876
121.77417762544528
121.79029870594766
121.80639964998767
121.82248044490902
121.83854107804751
121.85458153673095
121.8706018082792
121.88659968861009
121.90257687753856
121.91853384295146
121.93447057214291
121.9503870523991
121.96628327099819
121.98215921521034
121.99801487229783
122.01385022951496
122.02966473947869
122.04545681325467
122.06122855063403
122.07697993884528
122.09271096510903
122.1084216166378
122.12411188063606
122.13978174430055
122.15543119481976
122.17106021937434
122.18666759544458
122.20225311122788
122.21781816435676
122.23336274198604
122.24888683126261
122.26439041932531
122.27987349330498
122.2953360403246
122.31077804749899
122.32619950193506
122.3415988510658
122.35697657057469
122.37233370049184
122.38767022789825
122.40298613986717
122.41828142346358
122.43355606574468
122.44881005375953
122.46404337454925
122.47925601514694
122.4944464429811
122.50961512167063
122.52476308315099
122.53989031442947
122.5549968025054
122.57008253437007
122.58514749700673
122.60019167739065
122.61521506248906
122.63021763926122
122.6451982501414
122.66015663719999
122.67509417875155
122.69001086172952
122.70490667305933
122.71978159965832
122.7346356284359
122.74946874629342
122.76428094012417
122.77907219681352
122.79384209379299
122.80858893213983
122.8233147960009
122.8380196722357
122.85270354769561
122.86736640922416
122.88200824365673
122.89662903782073
122.91122877853552
122.92580745261245
122.94036504685482
122.95489976374941
122.96941268588644
122.98390449066318
122.99837516485704
123.01282469523758
123.02725306856613
123.04166027159611
123.05604629107287
123.07041111373377
123.084754726308
123.09907683156503
123.11337554167132
123.12765300400167
123.14190920525957
123.15614413214047
123.17035777133168
123.18455010951263
123.1987211333545
123.21287082952067
123.22699918466625
123.24110618543855
123.25519099889627
123.2692528415176
123.28329329189502
123.29731233664991
123.31130996239557
123.32528615573732
123.33924090327228
123.35317419158962
123.36708600727053
123.38097633688807
123.39484516700722
123.40869157476224
123.42251499004013
123.43631686776801
123.45009719448507
123.46385595672248
123.47759314100338
123.49130873384274
123.50500272174762
123.51867509121695
123.53232582874165
123.5459549208045
123.55956180727152
123.57314522679721
123.58670696262845
123.60024700122236
123.61376532902776
123.6272619324857
123.640736798029
123.65418991208249
123.66762126106288
123.6810308313789
123.69441860943121
123.70778458161232
123.72112670417788
123.73444672031621
123.74774489215218
123.76102120605259
123.7742756483762
123.7875082054736
123.80071886368742
123.8139076093522
123.82707442879448
123.84021930833254
123.85334223427688
123.86644248743823
123.87951919754028
123.89257391543671
123.9056066274122
123.91861731974319
123.9316059786982
123.94457259053752
123.95751714151358
123.97043961787062
123.98334000584485
123.9962182916644
124.00907446154937
124.02190736392787
124.03471703215965
124.04750454564696
124.06026989058404
124.07301305315724
124.0857340195447
124.09843277591654
124.11110930843486
124.12376360325362
124.13639564651884
124.14900542436828
124.16159292293187
124.17415711638881
124.18669782628615
124.19921621788984
124.211712277304
124.22418599062459
124.23663734393958
124.24906632332883
124.26147291486413
124.27385710460933
124.28621887862003
124.29855822294397
124.31087512362059
124.32316924792376
124.33543907172239
124.3476864126686
124.35991125677609
124.37211359005076
124.38429339849031
124.39645066808448
124.40858538481477
124.42069753465475
124.43278710356992
124.44485407751773
124.45689844244751
124.46892018430056
124.4809181339489
124.4928924841735
124.50484417190137
124.51677318304814
124.52867950352143
124.54056311922065
124.55242401603729
124.56426217985474
124.57607759654833
124.5878702519853
124.59964013202487
124.6113872225182
124.6231115093084
124.63481166043194
124.64648823942935
124.65814197508936
124.6697728532294
124.68138085965887
124.69296598017908
124.70452820058341
124.716067506657
124.72758388417705
124.73907731891275
124.75054779662514
124.7619953030672
124.77341982398394
124.78482055013238
124.79619704568367
124.80755051586155
124.81888094638548
124.83018832296669
124.8414726313085
124.8527338571062
124.86397198604688
124.87518700380964
124.8863788960657
124.897547648478
124.90869324670155
124.91981567638332
124.9309149231622
124.94198943391771
124.95304031065561
124.96406796441181
124.97507238079979
124.98605354542475
124.99701144388405
125.00794606176692
125.0188573846545
125.02974539812001
125.04061008772858
125.05145143903724
125.06226943759506
125.07306406894305
125.0838353186142
125.09458169904161
125.10530423236094
125.11600334369464
125.1266790185503
125.13733124242731
125.14796000081714
125.15856527920317
125.16914706306076
125.17970533785731
125.1902400890521
125.20075130209642
125.21123896243353
125.22170305549868
125.23214356671909
125.24255989880989
125.25295134574057
125.26331917028858
125.27366335785572
125.28398389383577
125.29428076361455
125.3045539525697
125.31480344607105
125.32502922948026
125.33523128815108
125.3454096074291
125.35556417265212
125.36569496914973
125.37580198224357
125.38588519724729
125.39594394423995
125.40597771931793
125.4159876555222
125.42597373814112
125.43593595245495
125.445874283736
125.4557887172486
125.46567923824901
125.47554583198557
125.48538848369856
125.49520717862026
125.505001901975
125.51477263897911
125.52451937484085
125.53424209476059
125.54394078393062
125.55361392759812
125.56326277312351
125.5728875468539
125.58248823395621
125.59206481958971
125.60161728890543
125.61114562704648
125.62064981914813
125.63012985033748
125.63958570573374
125.64901737044812
125.65842482958394
125.66780806823638
125.67716707149279
125.68650182443241
125.6958123121267
125.70509728639837
125.71435752460928
125.7235934562689
125.73280506642354
125.74199234011132
125.75115526236266
125.76029381819984
125.76940799263723
125.77849777068126
125.78756313733041
125.79660407757515
125.80562057639801
125.81461261877368
125.82358018966875
125.83252327404188
125.8414418568439
125.85033592301754
125.85920401683214
125.86804739907208
125.87686622310167
125.88566047383873
125.89443013619314
125.90317519506678
125.91189563535366
125.92059144193989
125.92926259970358
125.93790909351488
125.94653090823607
125.95512802872153
125.96370043981769
125.97224812636301
125.9807710731881
125.98926926511557
125.99774268696018
126.00619097103383
126.01461327212397
126.02301076127492
126.03138342327662
126.03973124291097
126.04805420495208
126.05635229416603
126.06462549531118
126.0728737931378
126.08109717238838
126.08929561779748
126.09746911409172
126.10561764598994
126.11374119820297
126.12183975543377
126.1299133023775
126.13796182372135
126.14598530414463
126.15398372831879
126.16195621918943
126.16990302981503
126.17782474202914
126.18572134047855
126.19359280980211
126.2014391346309
126.209260299588
126.21705628928873
126.2248270883405
126.2325726813429
126.24029305288761
126.24798818755846
126.25565806993148
126.26330268457477
126.27092201604864
126.27851604890554
126.28608476769007
126.293628156939
126.30114620118115
126.3086388849377
126.31610511414488
126.32354566163805
126.33096080616315
126.33835053221668
126.34571482428751
126.35305366685648
126.36036704439672
126.36765494137357
126.3749173422444
126.38215423145894
126.38936559345899
126.39655141267866
126.40371167354408
126.41084636047373
126.41795545787822
126.42503895016038
126.43209682171516
126.43912905692986
126.44613564018388
126.45311655584891
126.46007178828873
126.46700062535484
126.4739031684283
126.4807799854607
126.48763106079159
126.4944563787528
126.50125592366842
126.50802967985464
126.51477763162006
126.52149976326534
126.52819605908347
126.53486650335968
126.54151108037149
126.54812977438856
126.55472256967285
126.56128945047864
126.56783040105235
126.57434540563271
126.58083444845073
126.58729751372971
126.59373458568511
126.60014564852476
126.60653068644868
126.61288968364927
126.61922206720742
126.62552776371956
126.63180737633022
126.63806088920778
126.64428828651282
126.65048955239831
126.65666467100945
126.66281362648375
126.66893640295113
126.67503298453366
126.68110335534575
126.68714749949422
126.69316540107812
126.69915704418881
126.70512241291004
126.71106149131782
126.71697426348052
126.72286071345883
126.72872082530571
126.73455458306665
126.74036197077928
126.74614297247362
126.7518975721721
126.75762575388944
126.76332750163274
126.76900279940145
126.77465061544271
126.78027191434498
126.78586671968915
126.79143501545107
126.7969767855989
126.8024920140931
126.80798068488667
126.81344278192492
126.81887828914552
126.82428719047854
126.82966946984646
126.83502511116421
126.840354098339
126.84565641527055
126.85093204585093
126.8561809739646
126.86140318348853
126.86659865829206
126.8717673822369
126.87690933917723
126.88202451295965
126.88711288742326
126.89217444639948
126.89720917371224
126.9022170531779
126.90719806860524
126.91215220379556
126.91707944254256
126.92197976863238
126.92685229210798
126.93169783250354
126.93651641621298
126.9413080269992
126.94607264861769
126.95081026481628
126.95552085933538
126.96020441590787
126.96486091825912
126.969490350107
126.97409269516183
126.97866793712656
126.98321605969649
126.98773704655953
126.99223088139613
126.9966975478792
127.00113702967417
127.00554931043908
127.00993437382438
127.01429220347316
127.01862278302102
127.02292609609606
127.02720212631904
127.03145085730316
127.03567227265421
127.03986635597056
127.04403309084316
127.0481724608555
127.05228444958364
127.05636904059631
127.0604262174546
127.06445596371246
127.06845826291628
127.07243309860503
127.07638023035314
127.0802993468372
127.0841909552648
127.08805503915241
127.09189158200893
127.09570056733592
127.09948197862762
127.1032357993709
127.1069620130452
127.11066060312265
127.11433155306796
127.1179748463386
127.12159046638462
127.12517839664872
127.12873862056632
127.13227112156545
127.13577588306686
127.13925288848395
127.14270212122275
127.14612356468211
127.14951720225345
127.15288301732093
127.15622099326141
127.15953111344447
127.1628133612324
127.16606771998013
127.16929417303542
127.1724927037387
127.17566329542313
127.17880593141456
127.18192059503173
127.1850072695859
127.1880659383813
127.19109658471477
127.19409919187595
127.19707374314727
127.2000202218039
127.20293861111375
127.2058288943376
127.20869105472897
127.21152507553413
127.21433093999221
127.21710863133504
127.21985813278741
127.22257942756677
127.22527249888344
127.22793732994066
127.23057344780187
127.23318124867049
127.23576076404959
127.23831197712053
127.24083487105753
127.24332942902763
127.24579563419074
127.2482334696997
127.25064291870007
127.25302396433041
127.25537658972219
127.25770077799962
127.25999651227988
127.26226377567303
127.26450255128209
127.26671282220286
127.26889457152416
127.27104778232768
127.27317243768807
127.27526852067285
127.27733601434252
127.27937490175051
127.28138516594316
127.28336678995981
127.28531975683273
127.28724404958716
127.28913965124127
127.29100654480627
127.29284471328631
127.2946541396785
127.29643480697302
127.29818669815295
127.29990979619446
127.30160408406665
127.30326954473169
127.30490616114477
127.30651391625406
127.30809279300078
127.30964277431923
127.31116384313665
127.31265598237349
127.31411917494313
127.31555340375205
127.31695865169976
127.31833490167895
127.31968213657527
127.3210003392675
127.32228949262756
127.32354957952037
127.3247805828041
127.32598248532986
127.32715526994201
127.32829891947796
127.32941341676829
127.3304987446367
127.33155488590002
127.33258182336826
127.33357953984458
127.33454801812529
127.33548724099984
127.33639719125087
127.33727785165428
127.33812920497903
127.33895123398736
127.33974392143469
127.34050725006968
127.34124120263408
127.34194576186306
127.34262091048478
127.34326663122084
127.343882906786
127.34446971988822
127.34502705322883
127.3455548895023
127.34605321139642
127.34652200159229
127.34696124276417
127.34737091757975
127.34775100869999
127.34810149877904
127.3484223704645
127.34871360639715
127.34897518921119
127.34920710153412
127.3494093259868
127.34958184518338
127.3497246417314
127.34983769823174
127.34992099727863
127.34997452145973
127.34999825335603
127.3499921755419
127.34995627058508
127.34989052104677
127.34979490948162
127.34966941843751
127.34951403045598
127.34932872807178
127.3491134938132
127.34886831020205
127.34859315975342
127.348288024976
127.3479528883718
127.34758773243645
127.34719253965903
127.34676729252203
127.34631197350151
127.34582656506699
127.34531104968153
127.34476540980168
127.34418962787757
127.34358368635273
127.34294756766437
127.34228125424323
127.34158472851355
127.34085797289318
127.34010096979348
127.33931370161942
127.33849615076957
127.33764829963616
127.33677013060486
127.33586162605509
127.3349227683598
127.33395353988564
127.33295392299283
127.33192390003526
127.33086345336046
127.32977256530967
127.32865121821771
127.32749939441311
127.32631707621809
127.32510424594855
127.32386088591409
127.32258697841803
127.32128250575738
127.31994745022286
127.31858179409898
127.31718551966392
127.31575860918963
127.31430104494183
127.31281280918006
127.31129388415745
127.30974425212106
127.30816389531174
127.30655279596408
127.30491093630646
127.30323829856115
127.30153486494419
127.29980061766543
127.29803553892859
127.29623961093128
127.29441281586485
127.29255513591463
127.29066655325977
127.2887470500733
127.28679660852211
127.28481521076706
127.2828028389629
127.28075947525826
127.27868510179572
127.27657970071174
127.27444325413684
127.27227574419537
127.27007715300573
127.26784746268024
127.26558665532515
127.26329471304085
127.26097161792154
127.25861735205561
127.25623189752525
127.2538152364069
127.25136735077089
127.24888822268153
127.2463778341974
127.243836167371
127.24126320424885
127.23865892687161
127.23602331727409
127.23335635748505
127.23065802952752
127.22792826357346
127.22516659797991
127.22237350382808
127.2195489631108
127.21669295781513
127.21380546992222
127.21088648140746
127.20793597424034
127.20495393038465
127.20194033179828
127.19889516043345
127.1958183982365
127.19271002714795
127.18957002910273
127.1863983860299
127.1831950798528
127.1799600924891
127.17669340585064
127.1733950018436
127.17006486236849
127.16670296932014
127.16330930458764
127.1598838500544
127.15642658759823
127.15293749909127
127.14941656639999
127.1458637713852
127.1422790959022
127.13866252180057
127.13501403092437
127.13133360511195
127.1276212261962
127.12387687600445
127.12010053635831
127.11629218907399
127.11245181596212
127.10857939882777
127.10467491947048
127.10073835968436
127.09676970125795
127.09276892597434
127.08873601561105
127.08467095194028
127.08057371672862
127.07644429173737
127.07228207627773
127.06808737893394
127.06386043033729
127.05960121222083
127.05530970631224
127.0509858943339
127.04662975800272
127.04224127903024
127.03782043912274
127.0333672199811
127.02888160330089
127.02436357077235
127.01981310408044
127.0152301849048
127.01061479491977
127.00596691579456
127.00128652919288
126.99657361677335
126.9918281601893
126.98705014108891
126.982239541115
126.97739634190529
126.9725205250923
126.9676120723033
126.96267096516047
126.95769718528072
126.95269071427595
126.94765153375286
126.94257962531289
126.93747497055256
126.9323375510632
126.92716734843106
126.92196429559837
126.91672741957807
126.91145769820696
126.90615511304473
126.90081964564598
126.89545127756038
126.8900499903325
126.88461576550182
126.87914858460314
126.87364842916597
126.86811528071505
126.86254912077004
126.85694993084577
126.85131769245213
126.84565238709402
126.83995399627143
126.83422250147962
126.82845788420879
126.82266012594435
126.81682920816685
126.810965112352
126.80506781997065
126.79913731248882
126.79317357136782
126.7871765780641
126.78114631402923
126.77508276071022
126.76898585336886
126.76285442883147
126.7566896522089
126.75049150492296
126.74425996839065
126.73799502402429
126.73169665323154
126.72536483741536
126.71899955797409
126.71260079630142
126.70616853378638
126.69970275181345
126.69320343176247
126.68667055500865
126.68010410292261
126.67350405687051
126.66687039821389
126.66020310830967
126.65350216851041
126.64676756016405
126.63999926461399
126.63319726319922
126.62636153725424
126.61949206810905
126.61258810106725
126.60564968426581
126.59867746095915
126.59167141245354
126.58463152005072
126.5775577650482
126.57045012873897
126.56330859241174
126.55613313735091
126.54892374483654
126.5416803961443
126.53440307254567
126.52709175530775
126.51974642569343
126.51236706496127
126.50495365436561
126.49750617515666
126.49002460858023
126.48250893587803
126.4749591382876
126.46737519704226
126.45975638745035
126.45210254743048
126.44441450002779
126.43669222645306
126.42893570791291
126.42114492560994
126.4133198607426
126.40546049450535
126.39756680808856
126.38963878267855
126.38167639945763
126.37367963960409
126.36564848429224
126.35758291469244
126.34948291197102
126.34134845729044
126.33317953180915
126.32497611668165
126.31673819305864
126.30846538061289
126.30015669044508
126.29181342768706
126.28343557346813
126.27502310891379
126.26657601514565
126.2580942732815
126.24957786443545
126.2410267697177
126.23244097023482
126.22382044708958
126.21516518138095
126.2064751542043
126.19775034665125
126.18899073980974
126.180196314764
126.17136705259463
126.16250293437865
126.15360319667838
126.14466748396086
126.13569685077019
126.12669127816304
126.11765074719276
126.10857523890901
126.09946473435792
126.09031921458225
126.08113866062104
126.07192305350995
126.06267237428123
126.05338660396365
126.04406572358243
126.03470971415953
126.02531855671336
126.01589223225905
126.00643072180827
125.9969325067068
125.98739861460496
125.97782947178104
125.96822505922776
125.9585853579346
125.94891034888755
125.93920001306961
125.92945433146038
125.91967328503623
125.90985685477045
125.90000502163292
125.89011776659052
125.8801950706069
125.87023691464253
125.86024327965472
125.85021393100455
125.84014721485184
125.83004495469675
125.8199071314786
125.80973372613389
125.79952471959595
125.78928009279514
125.7789998266588
125.76868390211132
125.75833230007416
125.7479450014657
125.73752198720152
125.72706323819423
125.71656873535355
125.70603845958632
125.69547181583627
125.68486775615116
125.67422785832004
125.66355210323292
125.65284047177704
125.64209294483692
125.63130950329426
125.62049012802797
125.6096347999144
125.59874349982698
125.58781620863658
125.57685290721142
125.56585357641698
125.5548181971161
125.54374643399818
125.53263661122435
125.52149067451086
125.51030860470495
125.49909038265112
125.48783598919154
125.47654540516577
125.4652186114109
125.45385558876146
125.44245631804972
125.43102078010526
125.4195489557554
125.408040825825
125.39649637113656
125.38491405032617
125.37329448999556
125.36163853927212
125.34994617896379
125.33821738987606
125.32645215281235
125.31465044857367
125.30281225795883
125.29093756176442
125.27902634078484
125.26707857581229
125.25509424763683
125.24307333704633
125.23101411234748
125.2189174780554
125.20678419553604
125.19461424556378
125.18240760891089
125.17016426634768
125.15788419864245
125.14556738656147
125.13321381086897
125.12082345232737
125.10839629169703
125.09593230973641
125.08343089191976
125.07089061284353
125.05831344646914
125.04569937354267
125.0330483748082
125.02036043100813
125.00763552288308
124.99487363117179
124.98207473661134
124.9692388199371
124.9563658618827
124.94345584318009
124.93050816270248
124.91752127174593
124.90449725402766
124.89143609026817
124.87833776118634
124.86520224749958
124.85202952992368
124.83881958917297
124.82557240596017
124.81228796099666
124.7989662349922
124.7856072086552
124.77220917797828
124.75877270261263
124.74529886066546
124.7317876328348
124.71823899981729
124.7046529423083
124.69102944100192
124.67736847659089
124.66367002976673
124.64993408121973
124.63616061163896
124.62234856581307
124.60849711593661
124.59460807866058
124.58068143466463
124.56671716462739
124.55271524922642
124.53867566913806
124.5245984050377
124.51048343759975
124.4963307474975
124.48214031540333
124.46791078375085
124.45364183882987
124.43933508544349
124.4249905042557
124.41060807592967
124.39618778112778
124.38172960051142
124.36723351474132
124.35269950447733
124.33812755037852
124.32351763310328
124.30886713203212
124.29417816820873
124.27945117463699
124.26468613196798
124.2498830208522
124.23504182193946
124.22016251587905
124.20524508331962
124.19028950490932
124.17529576129576
124.16026214431648
124.14518886662131
124.13007735706776
124.11492759629732
124.09973956495085
124.08451324366892
124.06924861309169
124.05394565385902
124.03860434661038
124.02322467198498
124.00780503167299
123.99234533453428
123.9768472032888
123.96131061857051
123.94573556101315
123.9301220112504
123.91446994991573
123.89877935764244
123.88305021506388
123.86728250281313
123.85147392267116
123.8356256986375
123.81973883813498
123.80381332179257
123.78784913023944
123.77184624410452
123.75580464401713
123.73972431060653
123.72360522450225
123.70744696160949
123.69124692115749
123.67500806116024
123.65873036224392
123.64241380503508
123.62605837016044
123.60966403824708
123.59323078992239
123.5767586058142
123.56024746655058
123.5436946933336
123.52710210901246
123.51047050263398
123.49379985482418
123.47709014620949
123.46034135741695
123.44355346907415
123.42672646180914
123.40986031625079
123.3929528230218
123.37600478861204
123.35901754896716
123.34199108471475
123.32492537648315
123.3078204049013
123.29067615059915
123.2734925942072
123.25626971635695
123.23900510518337
123.22169989417122
123.20435529472664
123.18697128748096
123.1695478530664
123.15208497211623
123.13458262526466
123.11704079314688
123.09945945639929
123.08183532365274
123.06417120896538
123.04646752264904
123.02872424534107
123.01094135767977
122.99311884030473
122.97525667385676
122.95735483897795
122.93941226329271
122.92142725293954
122.9034025071386
122.88533800653384
122.8672337317706
122.84908966349555
122.83090578235678
122.81268206900401
122.79441850408833
122.77611184599573
122.75776466006491
122.73937755554391
122.72095051308686
122.70248351334929
122.68397653698854
122.66542956466365
122.64684257703522
122.62821340238614
122.6095423955772
122.59083130643293
122.57208011561798
122.55328880379871
122.53445735164337
122.51558573982217
122.4966739490072
122.47772033235418
122.45872412394641
122.43968766951497
122.42061094973677
122.4014939452909
122.38233663685841
122.36313900512259
122.34390103076882
122.32462104323884
122.30529825267162
122.28593505246494
122.26653142330997
122.24708734590031
122.22760280093175
122.20807776910253
122.18851223111321
122.168903940597
122.14925318760456
122.12956186144544
122.10982994282719
122.0900574124597
122.07024425105547
122.05039043932956
122.0304959579997
122.01055742934493
121.99057733409302
121.97055650225244
121.95049491454866
121.93039255171001
121.91024939446767
121.89006542355546
121.8698398510606
121.84956991491781
121.82925909814304
121.80890738147905
121.78851474567148
121.76808117146902
121.7476066396234
121.72709113088922
121.706531677482
121.68592980444873
121.6652868875996
121.64460290769915
121.62387784551521
121.60311168181879
121.58230439738414
121.5614546958817
121.54056069573977
121.51962550796642
121.49864911334681
121.47763149266936
121.45657262672603
121.43547249631226
121.41433104539286
121.3931438478541
121.37191531899144
121.3506454396121
121.32933419052691
121.30798155255033
121.2865875065005
121.26515203319926
121.2436713385537
121.22214839909981
121.20058396559554
121.17897801887565
121.15733053977883
121.13564150914753
121.11391090782823
121.09213524819032
121.07031682939683
121.04845677316828
121.02655506036493
121.0046116718513
120.98262658849585
120.96059979117126
120.93852766038026
120.91641269434422
120.89425594764968
120.87205740118422
120.84981703583972
120.82753483251244
120.80521077210291
120.78284066268861
120.76042808244537
120.73797357849406
120.71547713175119
120.69293872313783
120.67035833357959
120.64773556019261
120.62506634732338
120.60235508694063
120.57960175998687
120.5568063474092
120.53396883015958
120.51108918919468
120.48816562695566
120.46519681183824
120.44218580651169
120.4191325919505
120.39603714913426
120.37289945904752
120.34971950267965
120.32649364100197
120.30322415984571
120.2799123459954
120.2565581804594
120.23316164425141
120.20972271839028
120.18624046509842
120.16271171141577
120.13914050173929
120.1155268171077
120.09187063856513
120.06817194716103
120.04443072395043
120.02064335591031
119.99681195469529
119.97293795542546
119.94902133917677
119.92506208703074
119.90106018007452
119.87701399163933
119.8529216040542
119.82878649549323
119.80460864706544
119.78038803988578
119.75612465507501
119.73181847375986
119.70746435304902
119.68306734149084
119.65862746736678
119.63414471182654
119.60961905602583
119.58505048112652
119.56043510932349
119.53577540206669
119.51107270974279
119.48632701353762
119.46153829464328
119.4367065342582
119.41182878530489
119.38690559071115
119.36193928875605
119.3369298606629
119.31187728766162
119.28678155098856
119.26164029858103
119.23645282613414
119.21122212424777
119.18594817418418
119.16063095721236
119.13527045460823
119.10986457228164
119.08441203264735
119.05891614172077
119.03337688080464
119.00779423120854
118.98216817424918
118.95649653546414
118.93077814055033
118.9050162727262
118.87921091333638
118.85336204373255
118.82746964527371
118.80153112350322
118.77554608652095
118.74951745525466
118.72344521109224
118.69732933542898
118.67116980966753
118.64496327848536
118.61871081401061
118.59241463413196
118.56607472028203
118.53969105390121
118.51326361643731
118.48678794960733
118.46026727364318
118.43370276141871
118.40709439441292
118.38044215411261
118.35374582517719
118.32700009357899
118.30021042361867
118.27337679681492
118.24649919469455
118.21957759879228
118.19261006122895
118.1655946750306
118.13853523012114
118.11143170806824
118.084284090448
118.05709235884478
118.0298524873499
118.00256666692479
117.97523666773102
117.947862471387
117.92044405951967
117.89298083599698
117.86546808357764
117.83791105097202
117.81030971984188
117.7826640718578
117.75497408869903
117.72723646037062
117.69945183905298
117.67162281805147
117.64374937908133
117.61583150386693
117.58786878171645
117.55985601739133
117.531798752444
117.50369696863567
117.47555064773675
117.44735977152672
117.4191205757443
117.39083451382197
117.36250383237468
117.33412851322008
117.30570853818509
117.27724250839522
117.2487270975482
117.22016696674712
117.19156209785791
117.16291247275622
117.13421807332733
117.10547350373412
117.07668337298512
117.0478484040096
117.01896857873297
116.99004387909048
116.96107073742942
116.93205005729428
116.90298443904302
116.87387386465203
116.84471831610763
116.81551580881342
116.78626403104523
116.7569672155267
116.72762534428617
116.69823839936232
116.66880573338827
116.63932231096724
116.60979375142333
116.58022003683824
116.55060114930421
116.52093707092399
116.491221919343
116.4614610702854
116.43165496713699
116.40180359204484
116.37190692716666
116.34195988420572
116.31196620145198
116.28192716583425
116.25184275955544
116.22171296482941
116.1915332395373
116.1613061802479
116.13103366960421
116.10071568986632
116.07035222330545
116.03993902546887
116.00947804818378
115.97897152134398
115.94841942726785
115.91782174828523
115.88717428848238
115.85647885315859
115.82573777037618
115.7949510225132
115.76411859195936
115.73323608161422
115.70230564966332
115.6713294726533
115.64030753302318
115.60923981322372
115.57812146466078
115.54695549898656
115.51574369096323
115.4844860230919
115.45318247788569
115.42182750438502
115.39042546942198
115.35897749513725
115.32748356409516
115.29594365887253
115.2643512747255
115.23271263647717
115.2010279622589
115.16929723469968
115.13751951595984
115.10568985700674
115.0738140830845
115.0418921768755
115.00992412107473
114.97790756947488
114.94584034015121
114.91372689981333
114.88156723121044
114.8493613171049
114.81710514998761
114.78479982089345
114.7524481850844
114.720050225378
114.68760592460515
114.65510936054122
114.62256540399531
114.58997504538556
114.55733826759918
114.52465394230566
114.49191731238368
114.45913420246342
114.42630459548937
114.39342847441976
114.3605023379109
114.32752612518645
114.2945033377681
114.26143395867246
114.22831797093
114.19514924544859
114.16193292726489
114.12866994006419
114.09536026693641
114.06200199854334
114.0285918002272
113.99513485580043
113.9616311484133
113.92808066123058
113.89447839640158
113.86082714660412
113.82712905706424
113.7933841110081
113.75959115911542
113.72574525679772
113.69185243821074
113.65791268664307
113.6239259853981
113.58988763438529
113.5557997408747
113.52166483817935
113.48748290966623
113.45325273113586
113.41896941786169
113.38463901946332
113.35026151937213
113.31583690103471
113.28135992584416
113.24683368822714
113.21226027331204
113.17763966461109
113.14296972544605
113.10824730617355
113.07347763427171
113.03866069331923
113.00379646691059
112.96887833906008
112.93391206911085
112.89889845512553
112.86383748076615
112.8287252567848
112.79356204884907
112.75835142217525
112.72309336049412
112.68778653347192
112.65242604875152
112.61701807087897
112.58156258365459
112.54605957089518
112.51050254841553
112.47489688199872
112.4392436321788
112.40354278284326
112.36779003185751
112.33198634073551
112.29613499245664
112.2602359709802
112.2242869876007
112.18828493681684
112.15223515542434
112.1161376274552
112.07999190876322
112.04379116458495
112.00754261665271
111.97124624907221
111.9349020459664
111.89850352308571
111.86205587643627
111.82556033737879
111.7890168901111
111.7524205161576
111.71577343988233
111.67907839875559
111.64233537705113
111.60554065252188
111.56869381700118
111.53179894450642
111.4948560193883
111.45786244587276
111.42081552279646
111.38372049094892
111.3465773347587
111.30938441496836
111.2721370773562
111.23484155950561
111.197497845924
111.16010508372202
111.12265700594432
111.08516067679544
111.04761608086281
111.01002298129447
110.97237383909271
110.93467637472622
110.89693057286334
110.8591364181911
110.82128611269377
110.78338719058698
110.74543986061593
110.70744410755005
110.6693923680937
110.63129166714157
110.59314248830685
110.55494481644206
110.51669115218587
110.47838835272208
110.44003700571152
110.4016370960909
110.36318101750541
110.3246758013235
110.28612196828945
110.24751950342525
110.20886052232333
110.17015257269806
110.13139593727888
110.09259048949095
110.05372823074237
110.01481723245102
109.97585747979241
109.93684826561693
109.8977827127922
109.85866835213628
109.81950516891274
109.7802917039566
109.74102254452609
109.70170450935271
109.66233758378931
109.62291938512084
109.58344630811737
109.54392428784116
109.50435330973531
109.4647298959161
109.42505259195713
109.385326277582
109.34555093832512
109.30572182944223
109.26583999075152
109.22590907489263
109.18592906749234
109.14589378519082
109.10580710562056
109.06567128252637
109.02548630162849
108.98524436914371
108.94495254419665
108.90461150977106
108.86422020610513
108.82377219387237
108.78327492072412
108.74272837254883
108.70212957496707
108.66147587863779
108.62077285615905
108.58002049351589
108.53921372974273
108.49835404949033
108.45744497826952
108.41648650216293
108.3754713016379
108.33440533937099
108.29328992173666
108.25212396384234
108.21090092882712
108.16962838821226
108.12830632825593
108.08693110082717
108.04550125655587
108.00402184304023
107.96249284663907
107.92090788395313
107.87927093724241
107.83758435807653
107.79584762983788
107.7540529710925
107.7122086305804
107.6703145948415
107.62836730710623
107.58636502747336
107.54431300364246
107.5022112222571
107.46005291440113
107.41784272578278
107.37558273098314
107.33327165936205
107.29090313008741
107.24848474627122
107.20601649474384
107.16349358777141
107.12091664017404
107.07828977685679
107.03561298475682
106.99287778717279
106.9500921384195
106.90725651323044
106.86436756420672
106.82142295722853
106.77842832643691
106.73538365896124
106.69228161357691
106.64912780553789
106.60592391379996
106.56266749028413
106.51935433423003
106.47599104774335
106.43257761814937
106.38910729877514
106.34558444794166
106.30201140763732
106.25838608803053
106.21470350414955
106.17097068472094
106.12718761726953
106.08334760875583
106.0394548426977
105.9955117829175
105.95151615681439
105.90746327753901
105.86336005913492
105.8192064893302
105.77499538792054
105.73073184552635
105.68641790670974
105.64205057525288
105.59762654444029
105.55315207248194
105.50862714731275
105.46404356099998
105.41940839271938
105.37472272689696
105.3299823031343
105.2851862763094
105.24033970791587
105.19544218160895
105.15048513498506
105.10547750307262
105.06041927411033
105.01530438335635
104.97013552795627
104.92491603218951
104.87964343894154
104.8343132010732
104.78893227983406
104.74350066367892
104.69800994387853
104.65246743949919
104.60687419761041
104.56122518080777
104.51552093662919
104.46976591266653
104.42395833930826
104.37809219968986
104.33217523833396
104.28620744401222
104.24018066019971
104.19410160716127
104.14797167962524
104.10178575276208
104.05554445479106
104.00925224111819
103.9629069150972
103.91650321999236
103.87004856831106
103.82354294914964
103.77697734469197
103.73036010419138
103.68369185576901
103.6369662740075
103.59018629494666
103.54335526785829
103.49646945627927
103.44952658999641
103.40253263591893
103.35548634310258
103.30838044202474
103.26122341372641
103.21401524773944
103.16674730701315
103.11942705836299
103.0720556330457
103.02462664427287
102.97714303025003
102.92960820092907
102.88201791647772
102.83437079318117
102.78667241630552
102.73892058969726
102.69110981435509
102.64324774750568
102.59533413342928
102.54735956440837
102.4993336663075
102.45125642921434
102.40311951744881
102.35492964796984
102.30668840239159
102.25838915108847
102.21003517126535
102.16162977859747
102.11316794647692
102.06464971851375
102.0160800413249
101.96745538833494
101.91877277561575
101.87003867765699
101.82125096498748
101.77240383208567
101.72350517830031
101.67455416839772
101.62554238108595
101.57647903761925
101.52736412877375
101.4781879194602
101.42895975366915
101.3796799877154
101.33033994776727
101.28094682823
101.2315020741253
101.18199797031508
101.13243976684109
101.08282989477652
101.03316149519456
100.98343807883415
100.93366296024433
100.88383003431358
100.83394127736784
100.78400078494101
100.73400310343129
100.68394887946181
100.63384288714967
100.58368022219229
100.53346040603107
100.48318878905835
100.43286091416076
100.38247538192016
100.33203801679466
100.28154470685513
100.23099333593757
100.18039010046019
100.1297311317824
100.07901380089041
100.02824457416477
99.97741972447261
99.92653631361873
99.8756009760614
99.82461002451379
99.77356041503057
99.7224588483808
99.67130157558641
99.62008565013623
99.56881773746606
99.51749392549807
99.46611156808336
99.41467719380765
99.36318662621889
99.31163772219205
99.2600367720784
99.2083792339159
99.15666366998926
99.10489603116807
99.0530713089885
99.00118897324441
98.94925453421902
98.89726241610342
98.84521319800439
98.79311184866091
98.74095212422961
98.6887359146284
98.63646754624622
98.58414000667416
98.53175669782371
98.47932120308526
98.42682564111708
98.37427512668077
98.32167239968176
98.26900860964675
98.2162907847086
98.16352072096818
98.11068849879564
98.05780325987043
98.00486537088324
97.95186489957587
97.89881214461909
97.84570547039833
97.79253740751423
97.73931703593271
97.6860413767274
97.63270562268869
97.57931753535048
97.52587269306616
97.47236914976367
97.41881324900828
97.36519902722227
97.31152759802576
97.25780378767442
97.20401999165148
97.15018058141979
97.0962887667859
97.04233520349337
96.98832771858471
96.93426749222289
96.88014428460724
96.82596863288956
96.77173830464207
96.71744686160835
96.66310295246953
96.60870233390276
96.55424256590385
96.49973031026184
96.44515921470224
96.3905310337287
96.33585034404229
96.28110858659208
96.22631190618237
96.17146269646125
96.11655009401379
96.06158482926489
96.00656475430316
95.95148338633528
95.89634945391276
95.84115821597497
95.78590811788736
95.73060543603594
95.67524285685518
95.61982394800003
95.56435243655365
95.5088183397123
95.45323054103875
95.39758846362531
95.34188433237671
95.28612756644107
95.23031366460516
95.17444050777704
95.11851469875334
95.06252880107466
95.00648654397631
94.95039161766674
94.89423355463288
94.83802212420937
94.78175558904395
94.72542761207652
94.66904693691885
94.61260794122335
94.55611066543636
94.49956067579194
94.44294905521001
94.38628241201424
94.32956196894231
94.27277863193922
94.21594255441975
94.15904919993987
94.10209637768
94.04509080060683
93.9880243756352
93.93090200407232
93.8737264154677
93.81648721137333
93.75919522816402
93.70184629139897
93.64443742793293
93.58697577244713
93.5294533338274
93.47187475156402
93.41424281760828
93.35654727277958
93.29879891402427
93.24099320959826
93.18312784381624
93.12520965261635
93.06723002953257
93.00919478806934
92.951105347612
92.89295302239186
92.83474785227948
92.7764842338027
92.71816193879154
92.65978678883222
92.60134884977322
92.54285653501869
92.48430846644023
92.42569895573129
92.36703657306947
92.30831393400267
92.24953431762012
92.19070135408498
92.13180447431051
92.07285470715527
92.01384692923314
91.95477986307216
91.89565990186226
91.83647717638286
91.77723988183229
91.71794653627927
91.65859188111698
91.59918431800877
91.53971579078522
91.48019083491828
91.42061150316857
91.36096912880132
91.3012738352069
91.24151909388962
91.18170635185814
91.12184062569392
91.06191041102943
91.00192726748696
90.94188591015524
90.88178526627584
90.82163168925752
90.76141458111499
90.70114347738121
90.6408151126814
90.58042646052752
90.51998486819977
90.45948054133396
90.39892137647578
90.33830562376016
90.2776288662541
90.21689916320835
90.15610724347809
90.0952599259646
90.03435641543008
89.97339146493456
89.91237356521789
89.85129368940765
89.79015813720203
89.72896651002884
89.66771328843929
89.6064071156463
89.54503893160522
89.4836150722565
89.42213498074719
89.36059341958341
89.29899890694784
89.2373420737286
89.17562984446363
89.11386095218228
89.0520309926799
88.99014808316663
88.92820227116447
88.86620161897932
88.80414360089019
88.74202519409299
88.67985384048933
88.61761873158127
88.55532961333313
88.49298215594
88.43057526279068
88.36811539309394
88.30559071548194
88.24301309798037
88.18037589946569
88.1176804908978
88.054930744246
87.99211753675671
87.92925139685494
87.86632416721872
87.8033402242478
87.74030031540752
87.6771985632347
87.61404388792104
87.55082634911994
87.48755386293467
87.42422351868694
87.36083321723545
87.29739000372422
87.23388188981065
87.17032086186376
87.10669982114308
87.04302097612016
86.9792869532179
86.91549028920332
86.85164073130258
86.78772874533554
86.72376137284127
86.65973629025795
86.59565110303132
86.5315128712378
86.46730986987419
86.40305399649198
86.33873762290685
86.27436394339767
86.20993431320895
86.14544282996741
86.08089849285453
86.01629060957399
85.95162847932336
85.88690723714892
85.82212731797028
85.75729266919029
85.69239496604334
85.62744443729383
85.56243138236619
85.49736308393021
85.43223652734513
85.36705046601975
85.30181036297559
85.23650654631761
85.17114993613278
85.10573128917802
85.04025694167328
84.97472466056091
84.90913258515268
84.84348662803924
84.77777683491256
84.71201428418269
84.64618966091692
84.58030941425596
84.51437103475891
84.4483731042338
84.38232092966764
84.31620532812349
84.25003700878901
84.18380606157768
84.1175200968295
84.05117528190156
83.98477168648844
83.9183129680595
83.85179175751765
83.78521787292831
83.7185802913374
83.65188882108589
83.58513727104352
83.51832823259171
83.45146268141421
83.3845360930203
83.31755650891658
83.25051238963819
83.18341565833914
83.11625711141001
83.04904288374557
82.98177024900608
82.91443854598752
82.84705179480851
82.77960263825543
82.71210092259093
82.6445351554612
82.57691602474092
82.50923609424473
82.4414995722637
82.37370545298099
82.3058515643515
82.23794323178639
82.1699720019409
82.10194828700389
82.03386088771907
81.96571987522348
81.89751822613088
81.8292599435123
81.7609440233857
81.69256849890854
81.6241382874635
81.55564555022383
81.48710040879594
81.41849110805008
81.34982880276625
81.28110518476582
81.21232574675287
81.1434877945433
81.07459125576834
81.00563895335462
80.9366253466279
80.86755867897881
80.7984280379558
80.729245101186
80.65999935019244
80.59069943456429
80.52133930560042
80.45192244683373
80.3824479282713
80.31291416294025
80.24332524413201
80.17367460966773
80.10397128095158
80.03420381564469
79.96438417367807
79.89450181135055
79.8245654006138
79.75456862912259
79.68451549000318
79.61440430316158
79.54423447691525
79.47400886953925
79.40372239829226
79.33338236620403
79.26297929295573
79.1925241729339
79.1220052016132
79.05143354839917
78.98080016686416
78.91011202558697
78.83936423320702
78.76855964987706
78.6976974470451
78.6267764685569
78.5557998566932
78.48476253082781
78.41367151238344
78.34251788781114
78.27131238427665
78.20004259255481
78.12872086723189
78.0573367000396
77.98589880376554
77.91440026718536
77.84284625169468
77.77123335285691
77.69956327078418
77.62783601787112
77.5560499227528
77.48420832500236
77.41230627127976
77.3403503389891
77.26833238201039
77.19626212653975
77.1241283225627
77.05194288307882
76.97969416253343
76.90739296381436
76.8350299735041
76.76261307402301
76.69013582904748
76.61760328819467
76.54501180473291
76.47236368281884
76.39965797813323
76.32689433639052
76.25407442883045
76.18119532941608
76.1082612384217
76.03526674441977
75.96221849052537
75.88910866594888
75.8159462707871
75.74272118058062
75.66944466688567
75.59610437692757
75.52271279054202
75.44925834564381
75.37575166100912
75.30218317943059
75.22856146469799
75.15487897304246
75.08114229730475
75.0073458232931
74.9334942565868
74.85958382906108
74.78561744236853
74.7115930912956
74.63751195654744
74.56337371302241
74.48917790309977
74.41492579934992
74.3406153880863
74.2662494574741
74.19182451965811
74.11734479668473
74.04280540806195
73.96821192837136
73.89355816564641
73.81885096602839
73.74408290686729
73.66926202526102
73.59437974829343
73.51944522379094
73.4444488086119
73.3694006814616
73.29429020863412
73.21912852024396
73.14390407130104
73.06862886424236
72.99329052168876
72.91790154552707
72.84244968701393
72.76694694246206
72.6913816966395
72.61576526856521
72.54008668207973
72.46435665632984
72.38856477700625
72.31272124040848
72.23681611725262
72.16085915761775
72.08484084082008
72.00877054694425
71.93263908788315
71.85645554954944
71.78021100079454
71.70391430877527
71.62755672409048
71.5511469701489
71.47467640449602
71.39815368138855
71.32157019093015
71.24493459240819
71.16823823451105
71.09148985532309
71.0146806885615
70.93781962445469
70.86089770861307
70.78392405633568
70.7068894524123
70.62980330971514
70.55265607992517
70.47545754556364
70.39819775334219
70.32088692707829
70.24351463708321
70.16609161968717
70.08860689780279
70.01107179105496
69.93347470439477
69.85582753467439
69.7781182279972
69.70035877716771
69.62253764199744
69.54466598028819
69.46673312203639
69.38874932091706
69.31070484601392
69.23260897819716
69.15445299409332
69.07624513353817
68.997977748706
68.91965797062005
68.84127929455599
68.76284767539914
68.68435781862503
68.60581443611193
68.52721351017665
68.44855844327977
68.36984656076132
68.29107988971353
68.21225716422023
68.13337897051798
68.05444551669058
67.97545588309642
67.8964118166094
67.81731082715497
67.7381562647184
67.65894400470707
67.57967906406785
67.5003556200778
67.42098042002146
67.3415458799079
67.26206054026065
67.1825149931587
67.10291963478807
67.0232631711159
66.94355699625842
66.86379062739368
66.78397365527547
66.70409757793908
66.624169902233
66.54418424103639
66.4641459567072
66.38405083731058
66.30390204061833
66.22369758973171
66.14343837823351
66.06312472361908
65.98275519617204
65.90233246664502
65.82185272340868
65.7413210488386
65.66073119127749
65.58009070259003
65.49939083347583
65.41864152487692
65.33783188606834
65.25697270414057
65.17605458749024
65.09508563832446
65.0140591785517
64.93298056955484
64.85184590244084
64.77065774233816
64.68941500472795
64.60811740356567
64.52676673336862
64.44535980251624
64.3639013387078
64.28238519086003
64.20081907348292
64.11919382266197
64.0375194266017
63.95578595438549
63.8740026108164
63.79216184489551
63.710269671211535
63.628321755462224
63.546320870392854
63.4642659497638
63.38215647337641
63.299994693890184
63.217776747592026
63.13550825634627
63.05318196288641
62.97080677932635
62.888372391526524
62.80588902964671
62.72334830820195
62.64075689416018
62.558109990028726
62.475410651332425
62.3926577165522
62.309850582059795
62.22699176974975
62.14407696967284
62.06111243403343
61.97809009993901
61.89501916116308
61.81189026106547
61.72871197063965
61.645477743702045
61.562192236635894
61.47885284094382
61.39546025360883
61.31201584833356
61.22851631846494
61.14496706386495
61.06136073056319
60.97770605519589
60.89399379171719
60.81023250684359
60.72641580619849
60.64254805438819
60.558627080737764
60.47465300593228
60.39062792452832
60.30654767204227
60.222418649228146
60.13823236575062
60.05399802498398
59.96970740255848
59.885367236376496
59.800973100437304
59.71652725902307
59.63202977983174
59.54747841474831
59.46287776366121
59.378221027853485
59.29351648104033
59.20875542511807
59.12394572275983
59.03908193580215
58.95416723435551
58.86920089164799
58.78418134895655
58.69911262688222
58.61398840217751
58.52881662782069
58.443588732120176
58.35831250058375
58.27298267937567
58.187602153419476
58.102170587025654
58.01668593080237
57.93115280064426
57.84556417970009
57.759928285622706
57.6742372495754
57.58849762531196
57.50270549238786
57.41686230702785
57.330969262594735
57.24502268662562
57.15902891715281
57.072979122460765
56.98688234640693
56.9007319753902
56.814532224891266
56.72828160877411
56.64197905927247
56.55562838847655
56.46922321681704
56.382771297252305
56.2962650672972
56.20971077747009
56.123104982992274
56.03644850331311
55.94974333868972
55.862984850974115
55.7761798581236
55.6893201991555
55.60241345780253
55.51545492907026
55.42844662460372
55.34138942444229
55.25427974365941
55.167123809858765
55.07991320261415
54.992656159687826
54.905347391625874
54.817989429951126
54.73058270336609
54.643124014730446
54.55561933457028
54.46806031062236
54.380455178364514
54.292798716738375
54.20509332775653
54.11733963470537
54.02953418578508
53.94168301623542
53.853778158005156
53.76582721106609
53.677825652488096
53.58977512853579
53.50167707982162
53.4135271806455
53.32533184116066
53.23708378191275
53.14878935744949
53.06044534937159
52.97205204531368
52.883612302572786
52.795120325717946
52.70658319831966
52.617994622143556
52.52935911989839
52.44067536058797
52.351941693889906
52.26316296956458
52.17433135022219
52.08545487956275
51.99652852133862
51.9075544036953
51.81853364219748
51.729462092976064
51.640345906767415
51.55117838629234
51.4619650796964
51.37270372504511
51.28339351706505
51.194038553148616
51.104631664201584
51.015180453748336
50.92567996894587
50.83613239643043
50.7465388816491
50.656895171085104
50.56720736497584
50.47746923198699
50.387685612264576
50.29785503591906
50.20797583019214
50.118052759733516
50.028078479461634
49.93806015296316
49.84799402328248
49.75788067194542
49.66772292736884
49.5775147838055
49.487263114057654
49.39696295817121
49.30661683386763
49.21622566717204
49.125785324513785
49.03530169812828
48.944769062034496
48.854191560486086
48.76356852496535
48.67289738804028
48.58218321469833
48.49141966322996
48.40061220321955
48.309758870987494
48.21885836767555
48.12791508010828
48.03692219689536
47.94588622024517
47.854804182196915
47.76367576340628
47.67250481737058
47.58128420479925
47.490021176345124
47.39871204211493
47.307357181755165
47.21595977552549
47.124513335173305
47.03302474273465
46.94149014065009
46.84991033559965
46.75828810471193
46.666617342523836
46.57490469686846
46.48314627390279
46.39134304397231
46.29949764260181
46.20760408742388
46.1156689222287
46.02368834394836
45.931663231839636
45.83959633273368
45.74748153628487
45.65532540809214
45.5631243586017
45.47087892986226
45.37859222428346
45.286257761107805
45.19388224927655
45.101462431160485
45.00899827413305
44.91649323344789
44.82394093921464
44.73134764586771
44.63871078012825
44.546029505895945
44.453307638789255
44.36053935295889
44.26772990292532
44.174877728917835
44.08198097124492
43.989043916269814
43.896061389416076
43.80303743016829
43.70997170553285
43.616861120800316
43.52371053911484
43.43051554005292
43.337278741640546
43.24400124222979
43.15067850936697
43.05731608466391
42.96391040037638
42.870462455354264
42.77697497515864
42.68344179556945
42.58986923400271
42.49625466956239
42.402597292914265
42.30890071537766
42.215159741468284
42.12137877157288
42.02755715006254
41.933692079120064
41.83978812473148
41.745841212154474
41.65185358476297
41.557826747191314
41.463755741548255
41.36964617460995
41.27549517532292
41.1813026634768
41.08707177880608
40.992797310113325
40.89848391708124
40.80413070082586
40.70973509968234
40.61530145537306
40.52082591660749
40.426310505995474
40.33175696020422
40.23716008693796
40.14252550482464
40.0478507942202
39.95313519649858
39.858382085708094
39.763586919899154
39.66875324371033
39.57388127703541
39.4789673445258
39.38401624069122
39.28902499380383
39.19399408905342
39.09892621321379
39.003816406273586
38.90866918806085
38.81348380393604
38.71825755780996
38.62299468970741
38.52769193765154
38.43235050532824
38.33697265568678
38.241553266307164
38.14609731924745
38.05060359371197
37.95506986902618
37.85950008344274
37.763890929661095
37.6682438383557
37.572560895196055
37.47683705411404
37.381077280216935
37.285280361172056
37.18944408160951
37.09357231385495
36.99766193336052
36.90171413997558
36.805731071786745
36.70970798101291
36.6136493702773
36.51755447670598
36.4214206537199
36.325251926764054
36.2290455653458
36.13280211421963
36.03652397681392
35.940206908823434
35.84385453834285
35.747466959491746
35.651040691398265
35.55458011495642
35.45808308834714
35.36154911032759
35.264981045905834
35.1683753427929
35.071734375808546
34.97505947033391
34.87834594135301
34.781598710919525
34.684816403927655
34.58799711539271
34.49114435155909
34.39425542415396
34.29733110905682
34.20037354638451
34.10337878337783
34.00635017920856
33.90928804481249
33.81218874664067
33.7150565953652
33.617889922315015
33.52068759159628
33.423452639634185
33.32618222240227
33.22887760844577
33.131540606647704
33.03416724334099
32.93676109987125
32.83932222668417
32.741847295834475
32.64434038096842
32.54679988017828
32.44922470295522
32.35161777917854
32.25397645835454
32.156301800076065
32.0585956342191
31.9608543044872
31.86308093479944
31.76527598660096
31.667435774034068
31.569564466886696
31.47166084931772
31.373723234564352
31.275754768185806
31.177753301626208
31.07971906568646
30.98165422255739
30.8835557308632
30.785425658972667
30.68726522580112
30.58907053628151
30.490845417885453
30.39258956336749
30.29430012897381
30.195980757700127
30.09763007106064
29.999246931795774
29.900834105428636
29.802389422950533
29.7039133792885
29.605407899740634
29.50687006107428
29.40830191759953
29.3097045908843
29.21107443902303
29.11241500440246
29.013726187137244
28.915005021862132
28.81625510881664
28.71747536939955
28.618664286048947
28.519824711324397
28.420954901426917
28.32205471934993
28.223126303688588
28.12416727823497
28.02517882075749
27.926162388868235
27.82711500600997
27.728039100404985
27.62893548093325
27.52980060202342
27.430638079480588
27.331447633518067
27.232226594545665
27.132978290141345
27.03370176880302
26.934395522758727
26.83506227542452
26.735700548361272
26.636309936667363
26.53689258915948
26.437446529127797
26.33797239701032
26.23847179587752
26.138942278712832
26.039385475169418
25.93980247072127
25.84019037531031
25.740551753078286
25.640887199352974
25.541193407606418
25.44147382313038
25.341728192758953
25.241953974686595
25.142154288085038
25.042328415191516
24.942474685941022
24.842595760973758
24.7426905352909
24.64275816097058
24.542800865004576
24.44281717918706
24.342807029490295
24.242772233465878
24.14271098306157
24.042623931232907
23.94251250962963
23.842374593050707
23.74221151585097
23.64202434665299
23.541810665146627
23.441572442818348
23.341310407478836
23.24102186509815
23.14070938133036
23.040373364737153
22.940010868311113
22.83962501020371
22.739215649478616
22.638780359746583
22.538322017774444
22.437840196912173
22.33733303381937
22.236803101796166
22.136249734785142
22.035671594294918
21.9350709693367
21.834446972831806
21.73379875418557
21.633128336673764
21.532434629965366
21.4317172356459
21.330977929190194
21.230215434173342
21.12942976986734
21.02862248126826
20.92779212241139
20.826939096971447
20.726064736182494
20.625167440496107
20.5242479659031
20.423307445992574
20.32234414299754
20.22135913432219
20.120353371434863
20.019324993130358
19.91827536849444
19.817205281812864
19.716112762644563
19.614999443182278
19.51386595488752
19.412710231715366
19.31153414153389
19.21033817676635
19.10912018883146
19.007882254971523
18.9066247417913
18.80534543068405
18.704046583079972
18.602728452427073
18.501388762053523
18.4000299334934
18.298652093358783
18.197252995696143
18.095835121781068
17.994398455747202
17.89294095222997
17.791464971333543
17.68997042923999
17.58845546001978
17.486922313247305
17.38537084712784
17.283799355060996
17.182209986208072
17.080602550257595
16.978975480863944
16.87733083637482
16.775668386915044
16.673986688335898
16.572287717261958
16.470571212706894
16.36883583566332
16.267083489621136
16.165313890442953
16.063525788193587
15.961721021322255
15.859899290016628
15.758059418315105
15.656203187233947
15.554330288285149
15.45243960533752
15.350532869103185
15.248609768949223
15.14666923537109
15.044712955434623
14.942740622432076
14.840751201204903
14.738746341368248
14.636725745757051
14.534688402185196
14.432635928557819
14.330568042425611
14.228483744092518
14.126384625047596
14.024270422294212
13.922140139018296
13.819995345148559
13.717835801450036
13.615660505240932
13.51347100931491
13.41126710208779
13.309047767101408
13.206814544018489
13.104567252383045
13.00230485487771
12.900028881623552
12.79773918636857
12.695434704659469
12.59311696026128
12.490785843806698
12.38844025822143
12.286081723702832
12.183710170063318
12.081324462896337
11.978926121232067
11.876515115980563
11.774090271448081
11.671653107518292
11.569203637749164
11.466740641943069
11.364265642487604
11.261778696779443
11.159278537621812
11.05676669119486
10.954243252483709
10.851706926770236
10.749159223693752
10.646600245537494
10.544028782589702
10.441446214907227
10.33885268994345
10.236247083067234
10.133630644497583
10.03100356702266
9.92836481084507
9.825715496735693
9.72305586265813
9.620384953089152
9.517703760369123
9.415012567163089
9.312310501358443
9.209598428491923
9.106876675149548
9.004144451472534
8.901402498411175
8.798651185395881
8.695889803379275
8.593118971515338
8.490339100714499
8.38754956102231
8.284750853141269
8.181943427818782
8.079126732208282
7.9763011524409
7.873467177189078
7.770624328472065
7.6677728822472035
7.564913362939775
7.462045364944621
7.359169058941003
7.2562850026846615
7.1533928602173535
7.05049270231558
6.94758511740232
6.844669836207958
6.741746835443003
6.638816731301725
6.535879318025774
6.432934484538149
6.32998287168654
6.227024333836287
6.124058678823813
6.0210865688199595
5.918107914725239
5.815122450394898
5.712130855789071
5.609133094563602
5.506128834082639
5.403118768368286
5.300102909870315
5.197080867318076
5.094053344883315
4.991020399676949
4.887981589995602
4.784937626074598
4.681888605390412
4.578834044336519
4.475774654960521
4.37271053545131
4.2696412747515575
4.166567476699758
4.063489274774454
3.9604063277040535
3.8573191384550327
3.7542278718261533
3.6511322515723603
3.5480326892543763
3.4449293762672624
3.3418220965121384
3.2387111798546107
3.135596839438267
3.032478914318795
2.9293576626027313
2.8262333142204605
2.723105758289482
2.619975191298086
2.5168418548982063
2.413705683084584
2.3105668210542762
2.207425517020632
2.1042817445902635
2.0011356081610616
1.8979873572638741
1.7948369997789935
1.691684609945158
1.5885304332914596
1.4853745065722417
1.3822168846327627
1.2790578036168574
1.1758973237011572
1.0727354912102607
0.9695725274644469
0.8664085105679102
0.7632434892854411
0.6600776646302882
0.5569111271070635
0.45374393894947185
0.3505762753442915
0.2474082336472897
0.14423990063726183
0.04107142013049246
-0.06209710904042731
-0.1652655650110123
-0.26843384033107637
-0.3716018363575132
-0.4747693972885567
-0.5779364453436897
-0.6811028861626186
-0.7842685355611695
-0.8874333343327638
-0.9905971979581446
-1.0937599194061862
-1.196921446984532
-1.300081711556801
-1.4032404887507244
-1.5063977233848043
-1.6095533672206037
-1.712707184011324
-1.8158591041583947
-1.9190091057997027
-2.0221569462319273
-2.125302530606787
-2.2284458688708924
-2.3315867172229012
-2.434724944847754
-2.5378605988764695
-2.640993439700049
-2.7441232899535213
-2.84725023926281
-2.9503740574224055
-3.0534945100892426
-3.156611734618413
-3.259725515330811
-3.3628355506513206
-3.4659420308127236
-3.56904475968699
-3.6721433584061725
-3.7752380751339056
-3.8783287382104046
-3.981414881627529
-4.084496816427205
-4.187574400217569
-4.290647070234895
-4.393715205232949
-4.496778696759036
-4.599836875931412
-4.702890193923743
-4.805938552582456
-4.9089812523411
-5.012018736842368
-5.115050936200769
-5.218077155146657
-5.321097790439393
-5.424112815061598
-5.527121542226444
-5.6301243134098105
-5.733121148693494
-5.83611137379118
-5.939095266829947
-6.04207289905579
-6.145043612521677
-6.248007614294679
-6.350965030674423
-6.453915223704094
-6.556858322053101
-6.659794510778465
-6.762723175366936
-6.865644359145135
-6.968558309436487
-7.0714644384171175
-7.174362697537442
-7.277253399691732
-7.38013598677497
-7.483010312258541
-7.58587675769782
-7.688734797510062
-7.791584181534343
-7.894425362854141
-7.997257850976537
-8.100081286923302
-8.20289619794025
-8.305702130946859
-8.408498613450478
-8.511286249250475
-8.614064624747188
-8.716833149742284
-8.81959250672815
-8.922342323391154
-9.025081888159988
-9.127811964099061
-9.230532221712842
-9.333241824933182
-9.435941619005138
-9.538631318500835
-9.641309960293606
-9.743978473137272
-9.84663661663096
-9.949283298606735
-10.051919532368018
-10.15454512319817
-10.257158848505025
-10.3597618068831
-10.46235384964937
-10.564933623019344
-10.66750231131434
-10.770059811914315
-10.872604639710538
-10.97513806486963
-11.07765999228099
-11.180168920800005
-11.282666091464366
-11.385151447630177
-11.487623493301141
-11.590083419852068
-11.692531215775768
-11.794965389148235
-11.89738708375335
-11.999796332241125
-12.102191645326736
-12.204574121986187
-12.306943837692678
-12.409299304002182
-12.51164157859425
-12.61397077806846
-12.716285412648524
-12.818586502975169
-12.920874204705626
-13.023147024175877
-13.125405950008851
-13.227651174469457
-13.32988119705902
-13.432096980183992
-13.53429874987875
-13.636484995462821
-13.738656659725219
-13.840813999233399
-13.942955489369815
-14.04508206071934
-14.147193996740103
-14.249289754705226
-14.351370261240369
-14.453435822637314
-14.555484873462234
-14.657518345474726
-14.759536563320129
-14.861537933826977
-14.963523403845922
-15.065493311464957
-15.167446030301694
-15.269382533137577
-15.37130316615173
-15.473206263828814
-15.57509283661696
-15.67696323298832
-15.77881574191342
-15.88065142415753
-15.9824706242315
-16.084271578744882
-16.186055412360485
-16.287822458909016
-16.389570895318755
-16.491301924675728
-16.593015862940454
-16.694710819557358
-16.796388091522985
-16.898047969257483
-16.999688486429612
-17.101311050410676
-17.202915917923093
-17.30450103807052
-17.406067946056005
-17.507616856251026
-17.609145623900027
-17.710655930502394
-17.812147938923136
-17.913619400740355
-18.01507216323766
-18.116506328107292
-18.217919532933717
-18.319313811311208
-18.420689193573953
-18.52204319245895
-18.623378049449414
-18.72469365566226
-18.82598755904622
-18.927262060171543
-19.028516908553502
-19.129749820293423
-19.230963033904995
-19.332156181473543
-19.433327171779325
-19.534478169098158
-19.635608675199958
-19.736716817177207
-19.837804672334016
-19.938871598677974
-20.0399159683681
-20.14093975844297
-20.241942169132237
-20.342921845551807
-20.44388065061368
-20.544817612178633
-20.645731677358384
-20.746624580503937
-20.847495161934564
-20.948342700958538
-21.049168788351373
-21.14997206112843
-21.250752162172596
-21.35151052308151
-21.452245561208876
-21.552957315579448
-21.653647042416505
-21.7543129224532
-21.854955424624265
-21.95557561298292
-22.0561714140735
-22.15674376172523
-22.257293510417778
-22.357818314323715
-22.4583196083796
-22.558798019474484
-22.659250910605635
-22.759680255269096
-22.860086434127865
-22.960466499572263
-23.06082300236394
-23.161155969831615
-23.261462387232577
-23.361745159026487
-23.46200380868102
-23.562235889054055
-23.66244404411368
-23.762627470234328
-23.862784330064578
-23.96291698607844
-24.063024285732638
-24.16310504495341
-24.263161323070875
-24.363191596143615
-24.463195378171786
-24.56317440303767
-24.663126752260485
-24.763052684031635
-24.862953583820953
-24.962827114801623
-25.062674326803865
-25.16249623325673
-25.262290054507574
-25.36205768081625
-25.4617997292713
-25.56151295223801
-25.66120013054926
-25.760861287437535
-25.86049319906759
-25.96009907073203
-26.05967817746867
-26.159228196380955
-26.258751906436483
-26.358248082318845
-26.45771535596614
-26.557156053170893
-26.656568420531354
-26.75595210010815
-26.855308936972953
-26.95463662120618
-27.053935861680557
-27.15320799450069
-27.252450124091077
-27.351664084236404
-27.450850673123604
-27.550006379671768
-27.649134222098656
-27.748234139283532
-27.847302849261926
-27.946343740448675
-28.04535581597964
-28.144337005090865
-28.243290115414418
-28.342213489217762
-28.44110633039112
-28.53997083415777
-28.638804649371792
-28.737608319485318
-28.836383394960084
-28.93512679796042
-29.033840477870598
-29.132525307307084
-29.2311774477326
-29.32980032230396
-29.428393579613225
-29.52695412275095
-29.625485380884726
-29.723985986734235
-29.82245435847433
-29.920893193137218
-30.01930030586987
-30.11767570183988
-30.216021310092067
-30.314334091403758
-30.412615711342966
-30.51086729436637
-30.60908490932971
-30.70727195711717
-30.80542819330179
-30.90355033733118
-31.001642021013055
-31.09970172737694
-31.197727964859006
-31.295723496674714
-31.39368584728942
-31.49161539320785
-31.58951398961699
-31.687378162016145
-31.78521023559221
-31.883011103792956
-31.980776292503087
-32.07851011722113
-32.176211464236914
-32.273877871738705
-32.37151267537145
-32.46911368795441
-32.56668054482692
-32.664215559461
-32.7617154279073
-32.85918196905929
-32.956616431119215
-33.05401434929064
-33.15137981398532
-33.248712015824665
-33.346008129603796
-33.4432717614828
-33.54050069692832
-33.63769445871915
-33.73485550582559
-33.83198037822385
-33.9290710389498
-34.02612875375167
-34.12314877009178
-34.22013558511638
-34.31708802695512
-34.41400359546407
-34.51088582461356
-34.60773211584873
-34.70454258988824
-34.80131949747356
-34.89805885477646
-34.994763501591976
-35.091433955856196
-35.188066000188186
-35.28466409154606
-35.38122633323696
-35.477751321317385
-35.57424213352559
-35.67069538913325
-35.767112600242065
-35.863495414171155
-35.95983891395212
-36.05614763194524
-36.15242042366976
-36.24865471104388
-36.34485422437328
-36.44101600393813
-36.53714059676045
-36.63323019849397
-36.729280206154556
-36.82529440051315
-36.921272410721976
-37.01721086819735
-37.11311396482755
-37.208978963211734
-37.30480584109588
-37.400597145399175
-37.49634838233725
-37.592062989085186
-37.68774095597885
-37.78337854089588
-37.878980189658314
-37.97454317179683
-38.070067324977515
-38.165555333618926
-38.26100259162287
-38.35641263401651
-38.45178536638548
-38.54711712354387
-38.64241238084114
-38.7376681825679
-38.832884689072976
-38.928064491723035
-39.02320263378393
-39.118303223199064
-39.21336560122689
-39.30838666376001
-39.40337067443332
-39.498314203270425
-39.59321822977565
-39.688085004855225
-39.78290896594135
-39.87769530270886
-39.972442278738214
-40.067147868936146
-40.161815867080904
-40.256442102990036
-40.35102890562253
-40.44557740665539
-40.54008270889358
-40.6345500830827
-40.72897668234443
-40.823362112424775
-40.91770942215455
-41.012013418252124
-41.10627834334164
-41.20050341204457
-41.29468565307458
-41.38882944522475
-41.48293076652927
-41.576991439356476
-41.67101310124564
-41.76499035874965
-41.8589288435282
-41.95282562465822
-42.046680264141585
-42.14049594594236
-42.234267162334184
-42.32799857208745
-42.42168896546748
-42.51533581270151
-42.60894338595138
-42.702507098887374
-42.79602968819234
-42.88951186414102
-42.98294918248703
-43.076346915275984
-43.169701306089436
-43.26301335184105
-43.35628549865697
-43.44951157382822
-43.54269775661416
-43.635841024668025
-43.72894082616199
-43.822000560591505
-43.91501429034745
-44.007987236035966
-44.10091759880268
-44.19380347781346
-44.28664899056372
-44.37944873935237
-44.47220678337123
-44.56492247650928
-44.657592777363256
-44.75022241754053
-44.8428064322061
-44.93534793257675
-45.02784721000327
-45.12030029964759
-45.21271243899052
-45.30507898467878
-45.397402322081305
-45.48968345604173
-45.581917724108415
-45.67411075705121
-45.76625811727727
-45.858361695112
-45.95042297624655
-46.042436835111424
-46.13440917884217
-46.22633565555414
-46.318217899997954
-46.41005763740464
-46.50184952224265
-46.59359961675689
-46.68530353039724
-46.77696289045572
-46.86857941174983
-46.96014778058448
-47.05167408873427
-47.143153778297595
-47.23458872585208
-47.325980377222635
-47.417323710972404
-47.50862471851098
-47.599878541597974
-47.69108757144856
-47.78225271771117
-47.87336952022967
-47.96444373585165
-48.05547006872028
-48.14645169862411
-48.237388723271096
-48.328277521384095
-48.419123476760475
-48.509920714373735
-48.6006734850785
-48.69138079032524
-48.782040133862424
-48.87265638367217
-48.96322293974269
-49.05374541501587
-49.14422142184388
-49.23464988366666
-49.32503500562247
-49.41536931265388
-49.50566007930783
-49.59590322750523
-49.6860994035294
-49.77625115624884
-49.86635250772513
-49.956410175637224
-50.04641892383521
-50.13638143304975
-50.22629818630363
-50.31616530649335
-50.405988508622116
-50.49576133432876
-50.58548881881021
-50.67516905742331
-50.76480059752366
-50.8543879899199
-50.943923389550704
-51.03341451447301
-51.12285674218897
-51.21225137649861
-51.3016002052463
-51.39089812721829
-51.480151580858305
-51.56935432036533
-51.65851074628836
-51.747619512185395
-51.836678692263455
-51.925693186002505
-52.01465497895662
-52.10357191700233
-52.19243916905499
-52.28125833687683
-52.37003082776053
-52.458752012242314
-52.54742820602058
-52.6360525122304
-52.72463042053255
-52.813159408488204
-52.901638821795196
-52.990072275179074
-53.078452985386264
-53.16678840999402
-53.255072489399765
-53.3433089164798
-53.431496914446015
-53.51963413948929
-53.607725843652425
-53.69576366356315
-53.783755912432994
-53.871697075759315
-53.95958963277029
-54.04743396565178
-54.13522663130108
-54.22297353302561
-54.31066650152883
-54.39831323068026
-54.485908839472685
-54.57345520013809
-54.660953243668104
-54.74839904134619
-54.83579880582599
-54.92314435676651
-55.01044328473082
-55.09769075137579
-55.18488865190828
-55.272037832665106
-55.35913451625949
-55.44618490677965
-55.53318048919855
-55.620129396921996
-55.707026184652236
-55.79387342365168
-55.88067121905958
-55.96741660481503
-56.0541152113707
-56.14075856076944
-56.227355291496536
-56.31389891438174
-56.400393352712044
-56.48683729102801
-56.57322925741851
-56.659573318592166
-56.745862634903986
-56.8321050940403
-56.918293116963056
-57.00443267761003
-57.09052033789534
-57.17655682547543
-57.26254393450468
-57.34847717584122
-57.43436333079666
-57.52019336941369
-57.605976037322606
-57.6917050494004
-57.777384060637914
-57.86301186150803
-57.9485870478462
-58.034113453941224
-58.11958464854831
-58.20500847044242
-58.29037651484062
-58.37569611392924
-58.46096230131329
-58.5461775143028
-58.63134166504908
-58.71645233003761
-58.80151426562138
-58.88652022209759
-58.97147853475121
-59.05638085393495
-59.14123423668678
-59.226033891487454
-59.31078218734914
-59.39547900317737
-59.48012205654622
-59.56471585990946
-59.6492535165671
-59.733743273424395
-59.81817624218034
-59.90256039057354
-59.98688991063097
-60.07116829984761
-60.15539420163934
-60.239566682346
-60.3236887973985
-60.407755221639654
-60.491773382572525
-60.575733603768825
-60.659645628630734
-60.743501517240375
-60.82730713899866
-60.91105865302602
-60.994757728583835
-61.078404704559546
-61.16199709219073
-61.24553936773498
-61.32902492708179
-61.41246206738288
-61.49584093297527
-61.57917105444642
-61.66244481204251
-61.74566777778802
-61.82883626890555
-61.91195194339208
-61.99501501063445
-62.078023259689274
-62.16098074674425
-62.24388143755357
-62.32673318919285
-62.409526190299786
-62.49227046860085
-62.574957233680564
-62.65759364534229
-62.74017428588354
-62.822702702878615
-62.90517706752836
-62.98759736317965
-63.06996530166406
-63.152277350641995
-63.23453871376555
-63.31674239208707
-63.398897031731124
-63.48099221675696
-63.56303840572574
-63.64502655631175
-63.72696408851581
-63.80884514482613
-63.89067390102043
-63.9724477187869
-64.05416758106259
-64.13583401708863
-64.21744486887125
-64.29900378103096
-64.38050550707823
-64.46195675431545
-64.54334924071459
-64.62469248792726
-64.70597581720789
-64.78720967461851
-64.86838498637775
-64.94950934342968
-65.03057650043297
-65.11159124789123
-65.19255011396791
-65.27345514391646
-65.35430558395889
-65.43510078979892
-65.51584266976018
-65.59652794620744
-65.67716113310087
-65.7577363761832
-65.83826073808062
-65.91872584513571
-65.99914125116631
-66.07949612083925
-66.15980144088611
-66.24004697342869
-66.32024192508595
-66.4003781753959
-66.48046266060366
-66.5604895015856
-66.64046342358242
-66.72038072919163
-66.80024399251188
-66.88005163775281
-66.95980414822377
-67.03950200914889
-67.11914367388843
-67.1987316275963
-67.27826235501037
-67.3577402796446
-67.4371599794242
-67.51652775417163
-67.59583633729063
-67.67509384237971
-67.7542912210917
-67.8334383377913
-67.91252442562708
-67.99156066720519
-68.07053574800969
-68.14946059036488
-68.22832498766107
-68.30713834753891
-68.38589194630705
-68.46459374172044
-68.54323642797355
-68.62182657819959
-68.70035823898233
-68.77883666455975
-68.8572571879456
-68.93562381067201
-69.01393308576247
-69.09218782869115
-69.17038574561393
-69.24852853305103
-69.32661498295806
-69.40464574046024
-69.48262061552606
-69.56053926989662
-69.63840246331696
-69.71620894260352
-69.7939603485929
-69.87165458208432
-69.94929409587479
-70.02687601409815
-70.10440353193755
-70.18187306665504
-70.25928848580467
-70.33664557001075
-70.41394878874404
-70.49119335666211
-70.5683842742626
-70.64551626134227
-70.72259477810191
-70.79961412101572
-70.87658013823278
-70.95348677487291
-71.03034019485034
-71.107134064326
-71.18387479036913
-71.260555833003
-71.33718376941827
-71.41375192674333
-71.49026697883602
-71.56672219359261
-71.64312426766462
-71.71946648379718
-71.79575548714561
-71.87198464979917
-71.94816049071423
-72.02427654623173
-72.10033913399444
-72.176342029913
-72.25229127479363
-72.3281809598414
-72.40401677309728
-72.4797931971903
-72.55551549106363
-72.63117860530252
-72.70678729301876
-72.78233704968522
-72.85783204545075
-72.93326839800422
-73.00864961700435
-73.08397252007902
-73.15923987847587
-73.23444928787686
-73.30960270280765
-73.38469857550794
-73.4597379650823
-73.53472025921927
-73.6096455425176
-73.68451421738948
-73.75932531446057
-73.83408033052324
-73.90877716238245
-73.98341848124576
-74.05800096987264
-74.1325285542971
-74.20699662263326
-74.28141043652656
-74.35576400847353
-74.43006401688703
-74.50430301730427
-74.57848918642954
-74.6526135411319
-74.72668583829721
-74.80069547405296
-74.87465386771954
-74.94854871224841
-75.02239241516907
-75.09617315397747
-75.16990195830913
-75.2435686995726
-75.31718253533084
-75.39073525143294
-75.46423404957716
-75.53767271401875
-75.61105640644988
-75.68438099384568
-75.75764951340362
-75.83085999947889
-75.90401327994044
-75.97710964152688
-76.05014761760356
-76.12312983263578
-76.19605243997125
-76.26892048748344
-76.3417276626514
-76.41448152277329
-76.48717320327516
-76.55981285722865
-76.63238898149098
-76.70491357523827
-76.77737491895871
-76.84978386430183
-76.9221309393434
-76.99442417694331
-77.06665696830945
-77.13883443974458
-77.21095293351432
-77.2830145812779
-77.35501876460252
-77.42696453210068
-77.49885439319924
-77.57068422474832
-77.64245975290493
-77.71417359372906
-77.78583477928817
-77.85743257551705
-77.92897858686617
-78.00046110854649
-78.07189099407336
-78.14325913320512
-78.21457284122609
-78.28582659182874
-78.35702407155722
-78.42816342869392
-78.49924463023848
-78.57026959001249
-78.64123446437377
-78.71214502392502
-78.78299352299366
-78.85378968049443
-78.92452175704864
-78.9952018469215
-79.06581911940253
-79.13638271497807
-79.20688556482673
-79.27733262102643
-79.3477210499934
-79.41805152261779
-79.48832553346924
-79.55853937919547
-79.6286989757091
-79.69879615208833
-79.76884120713537
-79.83882180450442
-79.90875012520223
-79.97861630152448
-80.04842784753565
-80.11817961009577
-80.18787434194812
-80.25751169902534
-80.32708957810941
-80.39661253897333
-80.46607352754044
-80.5354821024471
-80.60482616360606
-80.67411795821556
-80.74334746150926
-80.81252227160883
-80.88163739828407
-80.95069518905511
-81.01969595278925
-81.08863669026219
-81.15752310570184
-81.22634675675368
-81.29511804961456
-81.36382537186196
-81.43247952655578
-81.501072520722
-81.56960950617113
-81.63808819026441
-81.70650797622886
-81.77487236920916
-81.84317492628406
-81.9114250405404
-81.9796103476717
-82.04774318657915
-82.1158142334999
-82.1838297696718
-82.25178657864356
-82.31968478551909
-82.38752737973768
-82.45530823157975
-82.52303656290475
-82.59070010706273
-82.65831104211172
-82.72586041292108
-82.7933539279473
-82.86078915184504
-82.92816522391628
-82.9954863282556
-83.0627449352517
-83.12995095087581
-83.19709306890726
-83.26418158335957
-83.33120963355141
-83.39818062667408
-83.46509463956014
-83.53194809199837
-83.59874809901046
-83.66548399220946
-83.73216722993887
-83.79878834187586
-83.86535398934404
-83.93186115725102
-83.99830919783739
-84.064702456266
-84.1310328741414
-84.19731059122194
-84.26352503864649
-84.32968510587241
-84.39578571340493
-84.46182811685951
-84.52781492212397
-84.59373964867204
-84.65961163304605
-84.72541972744406
-84.79117401160343
-84.8568683809483
-84.92250495364857
-84.98808563858901
-85.0536044893582
-85.11907056047998
-85.1844726505311
-85.24982098020564
-85.31510947058149
-85.38034005020526
-85.44551498453133
-85.51062780626432
-85.57568781474085
-85.6406842857673
-85.70562652058528
-85.77050952769059
-85.8353339828559
-85.90010357259514
-85.96481024286803
-86.02946407009892
-86.09405534351214
-86.15859137378744
-86.22306932924747
-86.28748755915106
-86.3518522460945
-86.41615267295498
-86.48040023076999
-86.54458676351649
-86.60871650988597
-86.67278988069775
-86.73680181475184
-86.80076086319896
-86.86465619750317
-86.92849742779856
-86.99227971180406
-87.05600312486331
-87.11967241283983
-87.18327801030767
-87.24683070252343
-87.31032214155758
-87.3737570159307
-87.43713557754384
-87.50045263748203
-87.56371678005692
-87.6269176283254
-87.69006395672699
-87.75315205109733
-87.81618057048057
-87.87915596991546
-87.9420666861479
-88.00492447160835
-88.06772237003057
-88.13046235611131
-88.19314768989551
-88.2557698841886
-88.3183391399632
-88.38084712576756
-88.44329859598487
-88.50569415222368
-88.56802784618438
-88.630308595662
-88.69252696407483
-88.75468994596326
-88.81679602460054
-88.87884124989326
-88.94083352650554
-89.00276258451031
-89.06463711560895
-89.12645402828777
-89.1882108265428
-89.24991467367221
-89.31155473987103
-89.37314086763148
-89.43466893755554
-89.49613736027777
-89.55755283116662
-89.61890423564051
-89.68020201733574
-89.74144157913014
-89.80262168760734
-89.86374884526573
-89.92481192943575
-89.98582143206873
-90.04677283164062
-90.1076646968518
-90.16850361396678
-90.22927873045484
-90.29000003066618
-90.35066362506595
-90.41126732758988
-90.4718180864329
-90.53230559892293
-90.59273878289979
-90.65311494018198
-90.71343057010506
-90.77369326244012
-90.8338935455394
-90.89403870892286
-90.95412780800777
-91.01415546483243
-91.07413019182438
-91.13404363092442
-91.19390087871808
-91.25370330925253
-91.31344310180482
-91.37312997392777
-91.43275696506558
-91.49232641154362
-91.5518425737629
-91.61129462010075
-91.67069375704583
-91.73003470676547
-91.78931647538049
-91.84854534118935
-91.9077112072908
-91.96682273787384
-92.02587806308827
-92.08487228637958
-92.14381362045887
-92.20269409888525
-92.26151816095522
-92.32028828880819
-92.37899510830937
-92.43764905378697
-92.49624457778219
-92.55478131812913
-92.61326519345286
-92.67168625200408
-92.73005296089545
-92.78836397371526
-92.84661354797862
-92.90481027490432
-92.96294707481255
-93.02102670792897
-93.079053504159
-93.13701623528
-93.19492597975929
-93.2527789800472
-93.31057170690354
-93.36831161701845
-93.4259908104518
-93.48361374708726
-93.54118341643415
-93.59868941515747
-93.65614261881609
-93.71353874900605
-93.7708750609588
-93.82815859061819
-93.88538133480154
-93.9425480201678
-93.99966157099874
-94.05671144989708
-94.11370857057668
-94.17064901217091
-94.22752937582278
-94.28435699542129
-94.3411244863296
-94.39783539952617
-94.45449358334419
-94.51108828411506
-94.56762981333515
-94.62411578604225
-94.68054070152127
-94.73691291492054
-94.79322638641807
-94.84948203985982
-94.90568500726042
-94.96182614333762
-95.01791260572182
-95.0739453665991
-95.1299153669872
-95.18583271094286
-95.2416934339261
-95.29749437277097
-95.35324267256514
-95.40893152856776
-95.4645634812738
-95.52014281280096
-95.57565997463266
-95.63112301822422
-95.68653229976788
-95.74187910134707
-95.79717331445877
-95.85241121087087
-95.90758924301898
-95.96271470588522
-96.01778139494049
-96.0727907390014
-96.12774753344516
-96.18264319475676
-96.23748393365571
-96.29227214307907
-96.34699695808185
-96.40166917631524
-96.4562867610741
-96.51084303762363
-96.56534682124928
-96.61979388286787
-96.67418179100048
-96.72851722762661
-96.78279395230558
-96.83701358070402
-96.89118075947908
-96.94528733518345
-96.99933877406292
-97.05333778566543
-97.10727440210867
-97.16115774320743
-97.21498780489927
-97.26875552846434
-97.32247086503273
-97.37613130417029
-97.42973109437258
-97.48327852116287
-97.53676953202768
-97.5902014846589
-97.6435810979153
-97.69690287647995
-97.75016708881631
-97.80337898626448
-97.85653173017727
-97.90962830096908
-97.96267258180595
-98.0156564903759
-98.06858551983755
-98.12146228472082
-98.17427755890228
-98.22703914870148
-98.27974849974025
-98.33239534211702
-98.38498959536541
-98.43753103702454
-98.49001025087989
-98.54243727212227
-98.59481063969207
-98.64712270051382
-98.69938259571796
-98.75158809603046
-98.80373311076912
-98.85582598731617
-98.90786382877668
-98.95984190578892
-99.01176787246273
-99.06363826503488
-99.11544951407299
-99.16720868105003
-99.21891183624119
-99.27055636844264
-99.32214884728236
-99.37368497812784
-99.42516290600587
-99.47658880964035
-99.52795813068853
-99.57926956812189
-99.6305290108454
-99.68173173814345
-99.7328768003658
-99.78396989782549
-99.8350062489037
-99.88598505249423
-99.93691192167972
-99.98778211553673
-100.03859477841009
-100.08935553764327
-100.1400597947314
-100.19070643612744
-100.2413012050529
-100.29183974726334
-100.34232048773725
-100.39274938731218
-100.44312243795989
-100.49343739937243
-100.5437005518564
-100.59390833566582
-100.64405764117313
-100.69415517011862
-100.74419791320881
-100.7941816872525
-100.8441137174949
-100.89399164736442
-100.94381001566222
-100.99357667330946
-101.04329001882257
-101.0929431083577
-101.14254452078114
-101.19209351215278
-101.24158145116446
-101.29101774698867
-101.34040240859481
-101.38972553374353
-101.4389968428363
-101.48821655213057
-101.53737584955753
-101.58648230302042
-101.63553719148331
-101.68453289583647
-101.73347462599494
-101.78236482632781
-101.83119717354407
-101.87997431393768
-101.92869996005344
-101.977369187344
-102.02598187271659
-102.07454309972982
-102.12304944556567
-102.17149781185603
-102.21989475607312
-102.26823846017089
-102.31652264450275
-102.3647554434126
-102.41293674672087
-102.46105688739327
-102.50912567965739
-102.55714313339794
-102.60510106081928
-102.65300598626223
-102.7008596106617
-102.74865568859562
-102.79639688819518
-102.84408682458778
-102.89172129802554
-102.93929891390377
-102.9868253047648
-103.03429841986895
-103.08171259528194
-103.12907558421844
-103.17638739701636
-103.22363846763739
-103.27083819937845
-103.31798679397315
-103.36507706965826
-103.41211369004549
-103.45909921262349
-103.50602894338027
-103.5529025993587
-103.59972519720695
-103.64649463415434
-103.69320547376284
-103.73986529525916
-103.78647410942081
-103.83302286297544
-103.87952005757953
-103.9259662853043
-103.97235531995464
-104.01869003819859
-104.06497383035162
-104.11120340086677
-104.15737579434537
-104.20349730285221
-104.24956766505389
-104.2955778864158
-104.341537264253
-104.38744580976874
-104.4332968779399
-104.47909427912555
-104.52484088985956
-104.57053333555001
-104.61616891513489
-104.66175374645964
-104.70728782894892
-104.75276174300694
-104.79818495131559
-104.84355746539583
-104.88887333649679
-104.9341350791941
-104.97934617058536
-105.02450427235745
-105.0696047078502
-105.11465453527279
-105.15965376636264
-105.20459441799588
-105.24948314116061
-105.2943213116323
-105.33910479326858
-105.38383257286748
-105.4285098437208
-105.47313642019961
-105.51770341789718
-105.56221995110155
-105.60668603185411
-105.65109626660734
-105.69545222509274
-105.7397577757718
-105.78401171217794
-105.82820725982626
-105.87235244461284
-105.91644727878639
-105.96048565221676
-106.00447063623176
-106.04840531496413
-106.0922880019305
-106.13611295122627
-106.17988764086292
-106.2236120832928
-106.26727999290632
-106.3108948607125
-106.35445952731384
-106.39797236726315
-106.44142758141527
-106.48483264065172
-106.52818755762497
-106.57148641251575
-106.61473203375067
-106.65792755938267
-106.70107196617056
-106.744158319658
-106.7871946244844
-106.83018089349869
-106.87311211399393
-106.91598936943004
-106.95881663635973
-107.0015939277407
-107.04431241325355
-107.08698085066067
-107.12959936018443
-107.17216437749283
-107.2146741587991
-107.25713406016011
-107.29954409472414
-107.34189718563835
-107.38419865337957
-107.42645030261444
-107.4686505584778
-107.51079376798208
-107.55288720753765
-107.59493089048004
-107.63692003450454
-107.67885544085973
-107.72074113950471
-107.76257714387883
-107.80435563630651
-107.84608352821465
-107.88776177509615
-107.92938842993436
-107.97095869347567
-108.012479361493
-108.05395044760718
-108.09536727444666
-108.13673054302666
-108.17804427954044
-108.21930849770965
-108.26051596190999
-108.30167252929306
-108.34277962849853
-108.38383626258265
-108.42483584208392
-108.4657860038246
-108.5066867617023
-108.54753486532165
-108.58832827186468
-108.62907232528487
-108.66976703957788
-108.71040708294842
-108.75099461518295
-108.79153285934939
-108.83202182954028
-108.87245428460005
-108.91283624290281
-108.95316897860437
-108.99345198882767
-109.03367784626796
-109.07385453272025
-109.11398206244556
-109.15405832752685
-109.19407915069785
-109.23405086906334
-109.27397349697804
-109.31384349336251
-109.35365958728934
-109.39342664299164
-109.43314467491639
-109.47280888064623
-109.51242055199683
-109.55198325209707
-109.5914969954855
-109.63095589016714
-109.67036344722976
-109.70972210040472
-109.74903186432138
-109.78828592909309
-109.82748968175468
-109.86664459827503
-109.90575069337295
-109.94480041087303
-109.9838006705969
-110.02275216230507
-110.06165490080437
-110.10050075513868
-110.13929783494329
-110.17804621523155
-110.21674552756261
-110.25538838760804
-110.29398260204482
-110.33252818583392
-110.37102449839523
-110.40946473998822
-110.44785640512043
-110.4861995088382
-110.52449330954708
-110.5627312498801
-110.60092068326098
-110.63906162482049
-110.67715340294272
-110.71518936068199
-110.75317688133376
-110.79111598011235
-110.82900622623156
-110.86684052149533
-110.90462644988773
-110.94236402670556
-110.98005323269177
-111.01768618702954
-111.055270845059
-111.09280722215794
-111.13029533372314
-111.16772781750856
-111.20511152847683
-111.24244702949991
-111.27973433605464
-111.31696687857723
-111.3541499671706
-111.39128491714072
-111.42837174404337
-111.46540484120807
-111.50238763347684
-111.53932235877613
-111.5762090327396
-111.61304318160944
-111.64982600494699
-111.68656083329594
-111.72324768236737
-111.75988338113325
-111.79646656425555
-111.833001824693
-111.86948917823278
-111.9059269261837
-111.94231079910878
-111.97864682197113
-112.0149350106328
-112.05117530812663
-112.0873602021545
-112.12349731905545
-112.15958667476549
-112.19562828523821
-112.23161627089135
-112.26755481470151
-112.30344567063918
-112.3392888547304
-112.37508050757941
-112.4108208124068
-112.44651350298362
-112.48215859540798
-112.51775441915106
-112.55329682032064
-112.5887916811609
-112.62423901784128
-112.65963884654715
-112.69498435115648
-112.73028171907748
-112.765531637125
-112.80073412155429
-112.83588492210376
-112.87098513509594
-112.90603797279049
-112.94104345151194
-112.9760000547407
-113.01090345194767
-113.04575954871859
-113.08056836144573
-113.11532990653677
-113.1500381966467
-113.18469789305286
-113.2193103806245
-113.25387567583645
-113.28839090040313
-113.32285453811366
-113.35727104247493
-113.39164043002755
-113.42596271732691
-113.46023102031266
-113.49445188449552
-113.52862570769108
-113.5627525065199
-113.59682888006783
-113.63085444817177
-113.6648330513764
-113.69876470636584
-113.73264942983907
-113.76648027889217
-113.80026400751645
-113.83400086433835
-113.86769086611953
-113.9013309258642
-113.93492012634438
-113.96846253169207
-114.0019581587305
-114.03540702429737
-114.06880296181023
-114.10215126337994
-114.13545286362385
-114.16870777944018
-114.20191407149875
-114.23506861797074
-114.26817654034832
-114.30123785558933
-114.33425258066552
-114.36721615756697
-114.40013075196822
-114.43299881676666
-114.4658203689927
-114.49859542569014
-114.53131706498183
-114.56399223040975
-114.59662096109537
-114.62920327414025
-114.6617370492408
-114.69421966729121
-114.72665592866342
-114.75904585051549
-114.79138945001858
-114.82368270143871
-114.85592684662339
-114.88812473063732
-114.92027637070746
-114.9523817840734
-114.98443529305928
-115.01644149346698
-115.0484015285599
-115.08031541563221
-115.11218284913363
-115.14399772102618
-115.17576650645299
-115.20748922276198
-115.23916588731336
-115.2707949983192
-115.30237289022868
-115.33390479213833
-115.36539072146077
-115.39683069562147
-115.42822226861588
-115.45956371330624
-115.49085926479057
-115.52210894054551
-115.55331275805995
-115.58446757860372
-115.61557311043542
-115.64663284617589
-115.67764680336448
-115.70861499955238
-115.73953385422679
-115.77040400911804
-115.80122846534695
-115.83200724051429
-115.86274035223208
-115.89342402858313
-115.92405934397149
-115.95464905843363
-115.9851931896302
-116.01569175523323
-116.04614104171617
-116.07654205652062
-116.10689756843522
-116.13720759517912
-116.1674721544832
-116.19768784040777
-116.22785509499099
-116.25797694501382
-116.28805340825325
-116.31808450249733
-116.34806737797363
-116.37800141410423
-116.40789014429058
-116.437733586366
-116.46753175817469
-116.49728261405951
-116.52698397487508
-116.55664012864233
-116.58625109324984
-116.61581688659649
-116.64533651443975
-116.67480574440987
-116.70422986650078
-116.73360889865494
-116.76294285882503
-116.79223176497422
-116.82146969570701
-116.8506623321532
-116.87980997815083
-116.90891265170524
-116.93797037083189
-116.96697880745893
-116.9959405055445
-117.02485731292843
-117.05372924766762
-117.08255632782846
-117.11133606385589
-117.14006737208149
-117.16875388960486
-117.19739563453277
-117.22599262498161
-117.25454445439112
-117.2830459224387
-117.31150270002902
-117.33991480531775
-117.36828225647025
-117.39660507166121
-117.42487915236558
-117.45310674108961
-117.48128975804417
-117.50942822144225
-117.53752214950589
-117.5655700624956
-117.59356901452449
-117.62152349554778
-117.64943352382497
-117.67729911762439
-117.70512029522365
-117.7328925267316
-117.76061902528988
-117.78830117213668
-117.81593898558577
-117.84353248395936
-117.87108028858191
-117.89857935917036
-117.92603417930019
-117.9534447673291
-117.98081114162324
-118.00813332055742
-118.03540751334249
-118.0626355624573
-118.08981948097886
-118.11695928731608
-118.14405499988624
-118.17110650802917
-118.19810834278609
-118.22506614866205
-118.25197994410765
-118.27884974758146
-118.3056755775504
-118.33245554531896
-118.35918779632655
-118.38587613885531
-118.41252059140402
-118.43912117247973
-118.46567790059714
-118.49218745356183
-118.51865090202492
-118.54507056269016
-118.57144645410358
-118.59777859481872
-118.62406700339699
-118.65030726751284
-118.67650269617414
-118.70265445798807
-118.72876257154616
-118.75482705544707
-118.78084792829716
-118.8068200298123
-118.83274822288915
-118.85863287032885
-118.8844739907666
-118.91027160284509
-118.93602560460894
-118.96173079057868
-118.9873925337004
-119.01301085264498
-119.03858576609022
-119.06411729272102
-119.08960520567223
-119.1150446070065
-119.14044068715211
-119.16579346482101
-119.19110295873215
-119.21636918761119
-119.24159213823458
-119.26676654296817
-119.29189774840476
-119.31698577329624
-119.34203063640105
-119.36703235648429
-119.39199095231754
-119.41690166862
-119.44176878884228
-119.46659285067258
-119.49137387290762
-119.51611187435037
-119.54080687381023
-119.56545506001315
-119.59005888568292
-119.61461977532629
-119.63913774777679
-119.66361282187395
-119.68804501646348
-119.712431798708
-119.73677312159472
-119.76107163102405
-119.78532734586472
-119.80954028499147
-119.83371046728493
-119.85783697139368
-119.88191658431579
-119.90595350654353
-119.92994775697974
-119.95389935453292
-119.9778083181173
-120.00167466665265
-120.0254943662776
-120.04927049529793
-120.07300407550771
-120.09669512584787
-120.12034366526481
-120.14394971271045
-120.16751156423396
-120.19102769496503
-120.21450140004157
-120.23793269843566
-120.2613216091245
-120.28466815109059
-120.3079723433217
-120.3312302071202
-120.35444483301524
-120.37761717557981
-120.40074725382078
-120.4238350867499
-120.44688069338406
-120.46988313687396
-120.49283948034122
-120.51575366398656
-120.53862570684487
-120.56145562795598
-120.58424344636447
-120.60698918111984
-120.6296904510535
-120.65234727342789
-120.6749620786984
-120.69753488593147
-120.72006571419823
-120.74255458257434
-120.7650015101401
-120.78740311638835
-120.80976148254081
-120.83207797450233
-120.85435261136925
-120.87658541224229
-120.89877639622647
-120.92092558243118
-120.94302903384116
-120.96509000975013
-120.98710925456334
-121.00908678740521
-121.03102262740441
-121.05291679369356
-121.07476930540953
-121.09657610966849
-121.11834076232498
-121.14006382715041
-121.16174532329565
-121.18338526991543
-121.2049836861685
-121.22654059121754
-121.24805225471886
-121.26952165203255
-121.29094960493677
-121.31233613260727
-121.33368125422336
-121.35498498896817
-121.37624735602833
-121.39746538373959
-121.41864059444603
-121.43977450430937
-121.46086713252845
-121.4819184983055
-121.50292862084643
-121.52389751936039
-121.54482341469367
-121.56570550826287
-121.58654644468788
-121.60734624318903
-121.6281049229899
-121.64882250331743
-121.66949900340177
-121.6901342680852
-121.71072431463165
-121.73127334785329
-121.75178138699037
-121.77224845128617
-121.79267455998723
-121.81305973234292
-121.83340398760586
-121.85370493648865
-121.8739631372854
-121.89418048794388
-121.91435700772564
-121.93449271589517
-121.9545876317196
-121.97464177446903
-121.9946551634162
-122.0146237375097
-122.03455147101933
-122.0544385177107
-122.07428489686454
-122.09409062776436
-122.11385572969621
-122.13358022194859
-122.15326307345381
-122.17290226150229
-122.19250090687319
-122.21205902886224
-122.23157664676762
-122.25105377988979
-122.27049044753161
-122.28988666899843
-122.30924078436024
-122.32855210044227
-122.34782303736765
-122.3670536144476
-122.3862438509957
-122.40539376632752
-122.42450337976103
-122.4435727106161
-122.4626000226211
-122.4815848467504
-122.50052945532954
-122.51943386768347
-122.53829810313924
-122.55712218102568
-122.57590612067371
-122.59464994141615
-122.6133523796575
-122.63201209213366
-122.65063175273562
-122.6692113808004
-122.68775099566645
-122.70625061667421
-122.72471026316563
-122.74312995448449
-122.7615094451721
-122.77984542644572
-122.79814151957515
-122.81639774390722
-122.83461411879034
-122.85279066357428
-122.87092739761052
-122.88902434025184
-122.90708151085255
-122.92509643656612
-122.94307034273086
-122.96100454387464
-122.9788990593537
-122.99675390852576
-123.0145691107496
-123.03234468538551
-123.05008065179476
-123.0677767052974
-123.08542980487869
-123.10304336323651
-123.1206173997334
-123.1381519337329
-123.15564698459968
-123.17310257169939
-123.19051871439876
-123.20789543206561
-123.22523148340538
-123.24252577911011
-123.25978071676192
-123.27699631572872
-123.29417259537908
-123.31130957508253
-123.3284072742093
-123.3454657121306
-123.36248490821828
-123.3794633621338
-123.39640058066786
-123.41329862431704
-123.43015751245238
-123.4469772644453
-123.46375789966811
-123.48049943749345
-123.49720189729474
-123.51386529844584
-123.53048855403374
-123.54707042153284
-123.56361329729226
-123.58011720068396
-123.59658215108027
-123.6130081678539
-123.62939527037801
-123.64574347802608
-123.66205281017191
-123.67832326062003
-123.69455150245993
-123.71074093566243
-123.72689157959856
-123.74300345363929
-123.75907657715588
-123.77511096951977
-123.79110665010248
-123.80706363827568
-123.822981953411
-123.83886001121226
-123.85469772622503
-123.87049683500827
-123.88625735692975
-123.90197931135715
-123.9176627176582
-123.93330759520038
-123.94891396335123
-123.96448184147802
-123.98001124894799
-123.99549984087196
-124.01094913763768
-124.02636003048974
-124.04173253879028
-124.05706668190123
-124.07236247918415
-124.0876199500004
-124.1028391137109
-124.11801998967636
-124.13316259725693
-124.14826464143273
-124.16332762690053
-124.17835241065308
-124.19333901204462
-124.20828745042876
-124.22319774515881
-124.2380699155873
-124.25290398106651
-124.26769996094774
-124.28245787458208
-124.29717628013161
-124.31185505935713
-124.32649583892369
-124.34109863817514
-124.3556634764546
-124.37019037310446
-124.3846793474665
-124.3991304188815
-124.41354360668959
-124.42791893023005
-124.4422564088413
-124.4565532727987
-124.47081215091849
-124.48503325060022
-124.4992165911741
-124.51336219196965
-124.52747007231508
-124.54154025153788
-124.55557274896444
-124.56956758392002
-124.58352477572903
-124.5974440748287
-124.61132315181604
-124.62516465204968
-124.6389685948448
-124.65273499951552
-124.66646388537461
-124.68015527173375
-124.69380917790345
-124.7074256231928
-124.7210046269098
-124.73454620836111
-124.74805038685199
-124.76151461199902
-124.77494125422542
-124.78833055976096
-124.8016825479009
-124.81499723793885
-124.82827464916724
-124.84151480087684
-124.85471771235707
-124.86788340289579
-124.88101189177942
-124.89410319829284
-124.90715630007236
-124.92017060048427
-124.9331477846712
-124.94608787190701
-124.95899088146359
-124.97185683261134
-124.98468574461901
-124.99747763675357
-125.01023252828043
-125.02295043846301
-125.03563138656332
-125.04827539184134
-125.0608812815478
-125.07344885624472
-125.08597955412137
-125.0984733944256
-125.11093039640333
-125.12335057929867
-125.13573396235367
-125.14808056480874
-125.160390405902
-125.17266350486992
-125.18489988094672
-125.19709955336486
-125.2092623047205
-125.22138612037386
-125.23347329821725
-125.24552385746972
-125.25753781734822
-125.26951519706762
-125.28145601584066
-125.29336029287785
-125.30522804738764
-125.31705929857625
-125.32885406564768
-125.34061236780369
-125.35233422424386
-125.36401905348002
-125.37566567166795
-125.38727590981367
-125.39884978710226
-125.41038732271662
-125.42188853583724
-125.43335344564218
-125.4447820713072
-125.45617443200555
-125.46753054690816
-125.47885043518343
-125.49013411599736
-125.50138160851344
-125.51259293189267
-125.52376611341211
-125.53490286121661
-125.54600350535884
-125.55706806498424
-125.56809655923577
-125.57908900725376
-125.59004542817578
-125.60096584113705
-125.61185026526978
-125.62269871970375
-125.63351122356599
-125.6442877959808
-125.65502845606966
-125.66573322295153
-125.67640020115502
-125.6870310525504
-125.69762607600194
-125.7081852906119
-125.71870871547969
-125.72919636970184
-125.73964827237208
-125.7500644425812
-125.76044489941711
-125.77078966196483
-125.7810987493064
-125.79137218052088
-125.80160997468444
-125.81181215087025
-125.82197833939779
-125.83210725747384
-125.84220062261207
-125.85225845386799
-125.86228077029408
-125.87226759093966
-125.88221893485101
-125.8921348210713
-125.90201526864047
-125.91186029659534
-125.92166992396966
-125.93144416979393
-125.94118305309539
-125.95088659289813
-125.96055480822304
-125.97018771808771
-125.97978396742926
-125.98934436528774
-125.99886952246015
-126.00835945794543
-126.01781419073902
-126.027233739833
-126.03661812421618
-126.04596736287392
-126.05528147478827
-126.06456047893772
-126.07380439429751
-126.08301323983932
-126.0921870345314
-126.10132579733852
-126.11042954722205
-126.11949830313978
-126.12853158058223
-126.13752856682848
-126.14649062360317
-126.15541776984412
-126.16431002448564
-126.1731674064585
-126.18198993468977
-126.19077762810284
-126.19953050561767
-126.2082485861504
-126.21693188861346
-126.2255804319157
-126.23419423496225
-126.24277331665442
-126.25131769588992
-126.25982739156277
-126.26830242256293
-126.27674280777688
-126.28514732517367
-126.29351676972766
-126.30185163266128
-126.3101519328398
-126.31841768912462
-126.32664892037329
-126.3348456454395
-126.34300788317296
-126.35113565241957
-126.35922897202127
-126.367287860816
-126.37531233763781
-126.38330242131676
-126.391258130679
-126.3991794845465
-126.40706650173745
-126.41491920106586
-126.42273760134174
-126.43052172137106
-126.43827031589782
-126.44598436419496
-126.45366419604817
-126.46130983024119
-126.46892128555342
-126.47649858076034
-126.48404173463314
-126.49155076593883
-126.49902569344039
-126.50646653589638
-126.51387331206132
-126.52124604068547
-126.52858474051482
-126.5358894302911
-126.5431601287519
-126.55039685463036
-126.55759962665542
-126.56476846355174
-126.57190338403962
-126.57900440683503
-126.58607134235685
-126.59310320117297
-126.60010122569938
-126.60706543462851
-126.61399584664842
-126.62089248044278
-126.62775535469076
-126.63458448806713
-126.64137989924222
-126.6481416068819
-126.6548696296475
-126.66156398619593
-126.66822469517959
-126.67485177524625
-126.68144524503933
-126.68800512319756
-126.69453142835516
-126.70102417914185
-126.70748339418269
-126.71390909209816
-126.72030129150411
-126.7266600110118
-126.73298526922795
-126.73927683405381
-126.74553396236112
-126.7517576923008
-126.7579480424547
-126.76410503139982
-126.77022867770853
-126.77631899994851
-126.78237601668269
-126.78839974646917
-126.79439020786143
-126.80034741940801
-126.80627139965281
-126.81216216713491
-126.81801974038852
-126.82384413794303
-126.82963537832305
-126.83539348004837
-126.8411184616338
-126.84681034158939
-126.85246913842025
-126.85809487062664
-126.86368755670392
-126.86924721514245
-126.87477386442777
-126.8802675230404
-126.885728209456
-126.89115591620089
-126.89654962938582
-126.90191043273248
-126.90723834469013
-126.91253338370322
-126.91779556821099
-126.92302491664773
-126.92822144744268
-126.93338517902005
-126.93851612979881
-126.94361431819314
-126.94867976261187
-126.9537124814588
-126.95871249313265
-126.96367981602697
-126.9686144685302
-126.97351646902561
-126.97838583589126
-126.98322258750014
-126.98802674221993
-126.99279831841326
-126.99753733443744
-127.00224380864458
-127.00691775938155
-127.01155920499004
-127.01616816380644
-127.02074465416189
-127.02528869438223
-127.02980030278806
-127.03427949769467
-127.03872629741201
-127.04314072024472
-127.04752208388598
-127.05187093845127
-127.05618747776414
-127.0604717201015
-127.06472368373483
-127.06894338693016
-127.07313084794818
-127.0772860850442
-127.08140911646808
-127.08549996046419
-127.08955863527159
-127.09358515912379
-127.0975795502489
-127.10154182686951
-127.10547200720274
-127.10937010946024
-127.11323615184818
-127.11707015256718
-127.12087212981231
-127.12464210177319
-127.12838008663383
-127.13208610257273
-127.13576016776278
-127.13940230037132
-127.14301251856017
-127.14659084048543
-127.15013728429773
-127.15365186814194
-127.15713461015744
-127.16058552847794
-127.16400464123149
-127.16739196654045
-127.1707475225216
-127.17407132728596
-127.17736339893891
-127.18062375558014
-127.18385241530368
-127.18704939619775
-127.19021471634497
-127.19334839382208
-127.19645044670017
-127.19952039467717
-127.20255864951444
-127.20556534040759
-127.20854048539795
-127.21148410252121
-127.21439620980718
-127.21727682527995
-127.22012596695771
-127.22294365285286
-127.22572990097194
-127.2284847293156
-127.23120815587868
-127.23390019865016
-127.23656087561312
-127.23919020474486
-127.24178820401653
-127.24435489139357
-127.2468902848355
-127.24939440229585
-127.25186726172224
-127.25430888105643
-127.25671927823407
-127.25909847118496
-127.26144647783286
-127.26376331609563
-127.26604900388514
-127.26830355910721
-127.27052699966163
-127.27271934344228
-127.27488060833693
-127.27701081222733
-127.27910997298922
-127.28117810849221
-127.28321523660004
-127.28522137517017
-127.28719654205409
-127.28914075509716
-127.29105403213869
-127.29293639101186
-127.29478784954375
-127.29660842555532
-127.29839813686144
-127.3001570012707
-127.30188503658573
-127.30358226060292
-127.30524869111242
-127.3068843458984
-127.30848924273866
-127.3100633994049
-127.31160683366261
-127.31311956327109
-127.31460160598343
-127.31605297954644
-127.31747370170078
-127.31886379018081
-127.3202232627147
-127.3215521370243
-127.32285043082521
-127.32411816182685
-127.32535534773224
-127.32656200623818
-127.32773815503512
-127.32888381180727
-127.32999899423251
-127.33108371998239
-127.33213800672209
-127.33316187211055
-127.33415533380028
-127.3351184094375
-127.33605111666199
-127.33695347310724
-127.33782549640033
-127.33866720416196
-127.33947861400648
-127.34025974354176
-127.34101061036932
-127.34173123208427
-127.34242162627524
-127.34308181052447
-127.3437118024078
-127.34431161949452
-127.34488127934762
-127.34542079952342
-127.34593019757202
-127.34640949103687
-127.3468586974549
-127.34727783435673
-127.34766691926635
-127.34802596970125
-127.34835500317251
-127.34865403718453
-127.34892308923526
-127.34916217681615
-127.34937131741205
-127.34955052850134
-127.34969982755572
-127.3498192320404
-127.34990875941403
-127.34996842712867
-127.34999825262969
-127.34999825335603
-127.34996844673992
-127.34990885020706
-127.34981948117644
-127.34970035706053
-127.34955149526502
-127.34937291318916
-127.3491646282254
-127.34892665775959
-127.34865901917095
-127.34836172983199
-127.3480348071086
-127.34767826835991
-127.34729213093844
-127.34687641218997
-127.34643112945363
-127.34595630006174
-127.34545194134006
-127.34491807060755
-127.3443547051764
-127.3437618623521
-127.34313955943341
-127.34248781371237
-127.34180664247421
-127.34109606299737
-127.34035609255373
-127.3395867484081
-127.3387880478187
-127.3379600080369
-127.33710264630733
-127.33621597986775
-127.33530002594915
-127.33435480177566
-127.3333803245647
-127.33237661152677
-127.33134367986551
-127.3302815467778
-127.3291902294537
-127.32806974507628
-127.32692011082193
-127.32574134385993
-127.324533461353
-127.32329648045678
-127.32203041832
-127.32073529208458
-127.3194111188856
-127.31805791585111
-127.31667570010234
-127.3152644887536
-127.31382429891221
-127.3123551476786
-127.31085705214636
-127.30933002940192
-127.30777409652502
-127.3061892705883
-127.30457556865746
-127.30293300779121
-127.30126160504142
-127.29956137745283
-127.2978323420633
-127.29607451590364
-127.29428791599771
-127.29247255936232
-127.29062846300741
-127.2887556439357
-127.28685411914307
-127.28492390561831
-127.28296502034308
-127.28097748029228
-127.2789613024335
-127.27691650372739
-127.27484310112757
-127.27274111158059
-127.27061055202589
-127.2684514393959
-127.26626379061597
-127.26404762260435
-127.26180295227215
-127.25952979652357
-127.25722817225554
-127.25489809635792
-127.25253958571352
-127.25015265719802
-127.24773732767996
-127.24529361402077
-127.24282153307475
-127.24032110168903
-127.23779233670369
-127.23523525495159
-127.23264987325848
-127.23003620844293
-127.22739427731635
-127.22472409668296
-127.22202568333994
-127.21929905407708
-127.21654422567718
-127.21376121491579
-127.21095003856121
-127.20811071337458
-127.20524325610988
-127.20234768351386
-127.19942401232606
-127.19647215658303
-127.19349176976513
-127.19048332942366
-127.18744685227611
-127.18438235503277
-127.18128985439668
-127.17816936706366
-127.1750209097222
-127.17184449905368
-127.16864015173203
-127.16540788442413
-127.16214771378931
-127.1588596564799
-127.15554372914082
-127.15219994840967
-127.14882833091684
-127.14542889328536
-127.14200165213103
-127.13854662406226
-127.13506382568022
-127.13155327357875
-127.12801498434432
-127.12444897455617
-127.1208552607861
-127.11723385959871
-127.11358478755113
-127.10990806119318
-127.1062036970674
-127.10247171170893
-127.09871212164555
-127.09492494339773
-127.09111019347847
-127.08726788839354
-127.0833980446412
-127.07950067871244
-127.07557580709073
-127.07162344625236
-127.06764361266605
-127.06363632279317
-127.05960159308773
-127.05553943999635
-127.05144987995808
-127.04733292940485
-127.04318844778662
-127.03901597668064
-127.03481615949349
-127.03058901263415
-127.02633455250404
-127.02205279549736
-127.01774375800068
-127.01340745639322
-127.00904390704677
-127.00465312632558
-127.00023513058647
-126.99578993617884
-126.99131755944458
-126.9868180167181
-126.98229132432638
-126.97773749858885
-126.97315655581755
-126.96854851231697
-126.96391338438409
-126.95925118830846
-126.95456194037206
-126.94984565684939
-126.9451023540075
-126.94033204810586
-126.9355347553964
-126.9307104921236
-126.92585927452444
-126.92098111882827
-126.91607604125697
-126.91114405802495
-126.90618518533884
-126.90119943939814
-126.89618683639435
-126.89114739251175
-126.8860801954761
-126.88098616268206
-126.87586533292772
-126.87071772237388
-126.8655433471738
-126.8603422234732
-126.85511436741017
-126.84985979511524
-126.84457852271132
-126.83927056631384
-126.83393594203051
-126.82857466596155
-126.8231867541995
-126.81777222282938
-126.81233108792854
-126.80686336556676
-126.80136907180616
-126.79584822270138
-126.79030083429927
-126.78472692263914
-126.77912650375274
-126.77349959366406
-126.7678462083895
-126.76216636393787
-126.75646007631039
-126.75072736150051
-126.74496823549407
-126.73918271426938
-126.73336994363291
-126.72753059117194
-126.72166488697951
-126.71577284701019
-126.70985448721069
-126.70390982352018
-126.6979388718702
-126.69194164818452
-126.6859181683792
-126.67986844836278
-126.67379250403603
-126.66769035129204
-126.66156200601607
-126.65540748408594
-126.6492268013716
-126.64301997373542
-126.6367870170319
-126.63052794710805
-126.624242779803
-126.61793153094825
-126.61159421636754
-126.60523085187694
-126.59884145328485
-126.59242603639179
-126.58598461699067
-126.5795161857491
-126.5730216046955
-126.56650106423005
-126.55995458012167
-126.55338216813145
-126.54678384401271
-126.54015962351102
-126.53350952236427
-126.52683355630259
-126.52013174104827
-126.513404092316
-126.50665062581251
-126.49987135723691
-126.49306630228054
-126.48623547662692
-126.47937889595178
-126.47249657592315
-126.46558853220132
-126.45865478043868
-126.45169533627993
-126.44471021536188
-126.43769943331372
-126.4306627494426
-126.42359938897563
-126.41651041012811
-126.40939582850464
-126.40225565970235
-126.39508991931038
-126.38789862291009
-126.3806817860751
-126.37343942437113
-126.36617155335617
-126.35887818858036
-126.35155934558605
-126.34421503990771
-126.3368452870721
-126.32945010259802
-126.32202950199652
-126.31458350077091
-126.30711211441647
-126.29961535842081
-126.29209324826361
-126.28454579941683
-126.27697264403682
-126.26937316916398
-126.26174839801685
-126.25409834604278
-126.2464230286813
-126.23872246136405
-126.23099665951477
-126.22324563854949
-126.21546941387624
-126.20766800089524
-126.19984141499893
-126.19198967157173
-126.18411278599031
-126.17621077362344
-126.16828364983198
-126.16033142996906
-126.15235412937975
-126.14435176340135
-126.13632434736328
-126.128271896587
-126.12019335265916
-126.11208939788742
-126.10396045047219
-126.09580652571015
-126.08762763889027
-126.07942380529352
-126.07119504019309
-126.06294135885412
-126.05466277653395
-126.04635930848204
-126.03803096993983
-126.029677776141
-126.02129974231129
-126.01289688366847
-126.0044692154224
-125.99601675277512
-125.98753951092071
-125.97903750504528
-125.97051028329733
-125.96195723893763
-125.95337947236195
-125.94477699873147
-125.93614983319966
-125.9274979909118
-125.91882148700552
-125.91012033661033
-125.90139455484784
-125.89264415683178
-125.88386915766793
-125.87506957245411
-125.86624541628021
-125.85739670422822
-125.84852345137216
-125.83962567277804
-125.83070338350409
-125.82175659860044
-125.81278401023906
-125.8037866497089
-125.79476483506232
-125.7857185813244
-125.77664790351244
-125.76755281663557
-125.7584333356952
-125.74928947568466
-125.74012125158927
-125.73092867838648
-125.72171177104572
-125.71247054452851
-125.70320501378838
-125.69391519377089
-125.68460109941361
-125.67526274564621
-125.6658999320063
-125.65651141013552
-125.64709867010846
-125.63766172682963
-125.62820059519555
-125.6187152900947
-125.60920582640767
-125.59967221900703
-125.59011448275731
-125.58053263251517
-125.57092668312924
-125.56129664944008
-125.55164254628036
-125.54196438847481
-125.53226219084004
-125.52253596818474
-125.5127854987034
-125.50300951336067
-125.49320954399057
-125.48338560537651
-125.4735377122939
-125.4636658795102
-125.45377012178484
-125.44385045386923
-125.43390689050688
-125.42393944643321
-125.41394813637555
-125.40393297505351
-125.39389397717834
-125.38383115745353
-125.37374453057453
-125.36363411122868
-125.35349855111997
-125.34333877237968
-125.33315524190358
-125.32294797435374
-125.31271698438424
-125.30246228664109
-125.29218389576232
-125.28188182637797
-125.27155609310992
-125.26120671057222
-125.25083369337072
-125.24043705610345
-125.23001681336027
-125.21957297972304
-125.20910556976563
-125.19861290227851
-125.18809650816223
-125.17755657821098
-125.16699312697315
-125.15640616898918
-125.14579571879143
-125.13516179090423
-125.12450439984396
-125.11382356011882
-125.10311928622914
-125.09239159266711
-125.08164049391695
-125.07086600445481
-125.06006813874879
-125.04924586581123
-125.03839936351
-125.02752952522073
-125.01663636538602
-125.00571989844047
-124.99478013881068
-124.98381710091515
-124.97283079916431
-124.96182124796061
-124.95078846169847
-124.93973245476425
-124.92865324153622
-124.91755083638466
-124.90642525367184
-124.89527529258982
-124.88410141921642
-124.87290440830738
-124.86168427419938
-124.85044103122107
-124.83917469369294
-124.82788527592763
-124.8165727922295
-124.80523725689505
-124.79387868421263
-124.78249708846266
-124.77109248391731
-124.75966488484084
-124.74821414147397
-124.73673857047837
-124.72524004476402
-124.71371857856953
-124.7021741861255
-124.69060688165447
-124.67901667937087
-124.66740359348111
-124.65576763818356
-124.6441088276685
-124.63242717611823
-124.6207226977069
-124.60899540660067
-124.59724531695761
-124.58547056382312
-124.57367284503903
-124.56185236729894
-124.55000914473538
-124.53814319147267
-124.52625452162715
-124.51434314930707
-124.50240908861258
-124.49045235363585
-124.47847295846096
-124.46647091716386
-124.45444624381264
-124.44239881902345
-124.4303268070191
-124.41823220234465
-124.4061150190424
-124.39397527114653
-124.38181297268318
-124.36962813767047
-124.3574207801184
-124.34519091402893
-124.33293855339593
-124.32066371220529
-124.30836640443476
-124.29604664405409
-124.28370331500078
-124.27133653048061
-124.25894733251957
-124.24653573506163
-124.2341017520427
-124.22164539739065
-124.20916668502528
-124.1966656288584
-124.18414224279358
-124.17159654072653
-124.1590285365447
-124.14643824412767
-124.13382509338976
-124.12118806482701
-124.10852878700067
-124.09584727376458
-124.08314353896445
-124.07041759643775
-124.05766946001415
-124.04489914351512
-124.03210666075404
-124.01929202553629
-124.00645525165919
-123.993596352912
-123.98071474034359
-123.96780939224492
-123.95488195805001
-123.94193245152229
-123.92896088641717
-123.915967276482
-123.90295163545599
-123.88991397707046
-123.87685431504853
-123.86377266310527
-123.85066903494776
-123.83754344427496
-123.82439472763049
-123.81122297319783
-123.79802929482557
-123.7848137061869
-123.77157622094691
-123.75831685276268
-123.74503561528326
-123.73173252214954
-123.7184075869944
-123.70506082344275
-123.69169224511133
-123.67830186560883
-123.66488740051156
-123.65145114163491
-123.6379931199645
-123.62451334908317
-123.61101184256589
-123.59748861397938
-123.58394367688238
-123.5703770448256
-123.5567887313517
-123.5431787499952
-123.52954711428274
-123.51589223423122
-123.50221497764349
-123.48851610489618
-123.47479562948993
-123.46105356491749
-123.4472899246634
-123.43350472220425
-123.41969797100853
-123.40586968453671
-123.3920198762412
-123.37814855956633
-123.36425438147744
-123.35033770142222
-123.33639955100308
-123.32243994363856
-123.30845889273918
-123.29445641170732
-123.28043251393737
-123.26638721281574
-123.25232052172066
-123.23823245402244
-123.22412302308331
-123.20999066220759
-123.19583612437707
-123.18166026113991
-123.16746308583245
-123.15324461178308
-123.13900485231218
-123.12474382073185
-123.1104615303465
-123.09615799445223
-123.08183322633724
-123.0674872392816
-123.05311780918379
-123.03872697071799
-123.02431495096458
-123.00988176317787
-122.9954274206041
-122.98095193648157
-122.96645532404034
-122.9519375965027
-122.93739876708271
-122.92283884898653
-122.90825700727785
-122.89365246795195
-122.87902687743932
-122.86438024892018
-122.84971259556684
-122.8350239305435
-122.82031426700638
-122.80558361810361
-122.79083199697536
-122.77605941675378
-122.76126589056292
-122.74644909069264
-122.73161119683265
-122.71675239431147
-122.70187269622741
-122.6869721156708
-122.67205066572379
-122.65710835946062
-122.64214520994761
-122.62716123024283
-122.61215643339656
-122.59712911905791
-122.58208018298879
-122.56701046692254
-122.55191998388366
-122.53680874688848
-122.52167676894527
-122.50652406305447
-122.49135064220842
-122.47615651939141
-122.4609417075797
-122.44570477543388
-122.4304460520219
-122.41516667659617
-122.39986666210712
-122.38454602149733
-122.36920476770129
-122.35384291364554
-122.33846047224867
-122.3230574564211
-122.30763387906546
-122.29218822448183
-122.27672096232385
-122.26123317545495
-122.24572487675181
-122.23019607908321
-122.21464679530993
-122.19907703828477
-122.18348682085244
-122.16787615584984
-122.1522450561057
-122.13659157315095
-122.1209170145772
-122.10522205791546
-122.0895067159688
-122.0737710015322
-122.05801492739278
-122.04223850632962
-122.02644175111394
-122.01062467450878
-121.9947872047369
-121.97892687069648
-121.9630462517743
-121.94714536070768
-121.93122421022608
-121.915282813051
-121.8993211818958
-121.88333932946612
-121.86733726845942
-121.85131501156528
-121.83527139862264
-121.8192061087037
-121.8031206592414
-121.7870150628996
-121.77088933233424
-121.75474348019313
-121.73857751911626
-121.7223914617357
-121.70618532067539
-121.6899591085515
-121.67371024268178
-121.65744122111673
-121.6411521646686
-121.62484308592786
-121.60851399747688
-121.59216491189017
-121.57579584173425
-121.55940679956774
-121.54299779794128
-121.526567231305
-121.51011561950162
-121.49364408427313
-121.4771526381445
-121.46064129363279
-121.444110063247
-121.42755895948841
-121.4109879948501
-121.39439718181745
-121.37778561580652
-121.36115239120407
-121.34449935409646
-121.32782651694336
-121.3111338921964
-121.2944214922993
-121.27768932968804
-121.26093741679038
-121.24416576602647
-121.22737390107729
-121.21056003669347
-121.19372647018693
-121.17687321395212
-121.16000028037544
-121.14310768183537
-121.12619543070264
-121.10926353933985
-121.09231202010189
-121.07534055568962
-121.05834702012416
-121.0413338922817
-121.02430118449135
-121.00724890907448
-120.99017707834435
-120.97308570460653
-120.95597480015854
-120.9388443772902
-120.92169401192305
-120.90452176936218
-120.88733004383363
-120.87011884760153
-120.85288819292214
-120.83563809204368
-120.8183685572067
-120.80107960064367
-120.78377123457929
-120.76644266579325
-120.74909267601382
-120.73172331204051
-120.71433458607248
-120.69692651030098
-120.67949909690935
-120.6620523580731
-120.64458630595982
-120.62710095272928
-120.60959487708256
-120.59206809545687
-120.57452204787631
-120.55695674647495
-120.53937220337937
-120.52176843070791
-120.50414544057125
-120.48650324507217
-120.46884185630563
-120.45115896937361
-120.4334563468745
-120.4157345661252
-120.39799363919514
-120.38023357814596
-120.36245439503134
-120.3446561018972
-120.3268387107816
-120.30900168378767
-120.29114323008501
-120.27326571329087
-120.25536914541786
-120.23745353847073
-120.21951890444649
-120.20156525533412
-120.18359260311496
-120.16560095976236
-120.14758842302037
-120.12955591050905
-120.11150444160948
-120.09343402826985
-120.07534468243016
-120.05723641602287
-120.03910924097252
-120.02096316919585
-120.00279762970706
-119.9846108588337
-119.96640522585226
-119.94818074265396
-119.92993742112239
-119.9116752731332
-119.89339431055438
-119.87509454524604
-119.85677598906052
-119.8384362378559
-119.82007717476854
-119.80169935527766
-119.78330279121025
-119.7648874943854
-119.74645347661452
-119.72800074970128
-119.70952932544134
-119.69103770572454
-119.67252594354244
-119.65399551836056
-119.63544644194943
-119.61687872607175
-119.59829238248251
-119.57968742292879
-119.56106385915
-119.54242089916897
-119.52375716594176
-119.50507486270972
-119.48637400118683
-119.46765459307963
-119.44891665008652
-119.43016018389838
-119.41138520619833
-119.39259143352213
-119.37377645434182
-119.3549429977432
-119.3360910753841
-119.3172206989146
-119.298331879977
-119.27942463020585
-119.26049896122804
-119.24155488466258
-119.22258939974887
-119.2036055115143
-119.18460324964187
-119.16558262572556
-119.14654365135148
-119.12748633809804
-119.10841069753594
-119.08931674122815
-119.07020157182612
-119.05106797073694
-119.0319160877257
-119.01274593433006
-118.9935575220803
-118.97435086249862
-118.95512596709976
-118.93588284739064
-118.9166185189194
-118.89733592081203
-118.87803513209192
-118.8587161642409
-118.83937902873305
-118.82002373703489
-118.80065030060501
-118.78125853917166
-118.76184576808431
-118.7424148858544
-118.72296590391545
-118.70349883369342
-118.68401368660659
-118.66451047406548
-118.64498920747306
-118.62544926091945
-118.60588882511439
-118.58631036872117
-118.56671390311772
-118.54709943967416
-118.52746698975294
-118.50781656470899
-118.48814817588936
-118.46846056766081
-118.44875317456973
-118.42902785104073
-118.40928460839591
-118.38952345794978
-118.36974441100917
-118.34994747887323
-118.33013267283354
-118.31029792568015
-118.29044427980708
-118.27057279324247
-118.25068347725295
-118.23077634309743
-118.21085140202716
-118.19090866528586
-118.17094814410956
-118.15096678008456
-118.13096758301009
-118.11095063458768
-118.0909159460283
-118.07086352853554
-118.05079339330518
-118.03070555152553
-118.01059893087825
-117.99047255483481
-117.97032850522129
-117.95016679320105
-117.92998742992987
-117.90979042655576
-117.88957579421944
-117.86934354405378
-117.84909127420639
-117.82882065277767
-117.8085324463739
-117.7882266661033
-117.76790332306621
-117.7475624283557
-117.727203993057
-117.70682729498306
-117.68643062925167
-117.66601645567891
-117.64558478532545
-117.62513562924414
-117.60466899848043
-117.58418490407216
-117.56368335704951
-117.5431619750243
-117.52262235963687
-117.50206532425739
-117.48149087989134
-117.46089903753678
-117.4402898081839
-117.41966320281571
-117.399018218878
-117.37835368517267
-117.35767180796708
-117.33697259821935
-117.31625606688007
-117.29552222489222
-117.27477108319142
-117.25400265270545
-117.23321394763126
-117.21240774994521
-117.1915842958651
-117.17074359629423
-117.1498856621283
-117.12901050425563
-117.1081181335569
-117.08720665079338
-117.06627665212127
-117.04532947290733
-117.02436512400755
-117.00338361627061
-116.98238496053759
-116.96136916764206
-116.94033528689218
-116.91928200487993
-116.89821161788271
-116.87712413670941
-116.85601957216166
-116.83489793503338
-116.81375923611118
-116.79260333662975
-116.77142728707784
-116.750234207803
-116.72902410956709
-116.70779700312477
-116.68655289922296
-116.66529180860138
-116.64401374199204
-116.62271596606065
-116.60140070817185
-116.58006850624285
-116.55871937098134
-116.5373533130874
-116.51597034325383
-116.49457047216576
-116.47315149768036
-116.45171457300248
-116.43026077891147
-116.40879012606834
-116.38730262512632
-116.36579828673142
-116.34427712152211
-116.32273732631307
-116.30117924483503
-116.27960436827799
-116.25801270725606
-116.23640427237586
-116.21477907423673
-116.19313712343049
-116.17147688487688
-116.14979815475508
-116.12810270359573
-116.10639054196629
-116.08466168042682
-116.06291612953004
-116.04115389982121
-116.01937359485015
-115.99757472241149
-115.97575920268469
-115.95392704619063
-115.93207826344302
-115.91021286494802
-115.88833086120431
-115.86643086629013
-115.84451235603522
-115.82257727195017
-115.8006256245094
-115.77865742418015
-115.75667268142222
-115.73467140668802
-115.71265209785165
-115.69061445245828
-115.66856030640176
-115.64648967011027
-115.62440255400472
-115.60229896849856
-115.58017892399806
-115.55804067680644
-115.53588439713269
-115.51371168967249
-115.49152256480778
-115.46931703291337
-115.44709510435642
-115.42485678949706
-115.40259997906251
-115.38032556415016
-115.35803479403828
-115.33572767906281
-115.31340422955236
-115.29106445582806
-115.26870836820392
-115.24633336918366
-115.22394131626157
-115.20153298043786
-115.17910837200239
-115.15666750123769
-115.13421037841897
-115.1117370138142
-115.08924420040952
-115.06673500489731
-115.04420959849267
-115.02166799143964
-114.99911019397476
-114.97653621632749
-114.95394550978838
-114.93133581467595
-114.90870997018712
-114.88606798652714
-114.86340987389427
-114.84073564247927
-114.81804530246575
-114.79533746639267
-114.77261154263512
-114.74986954098082
-114.72711147158935
-114.70433734461321
-114.6815471701974
-114.65874095847995
-114.63591636578025
-114.61307470367673
-114.59021703486923
-114.56734336947173
-114.54445371759114
-114.52154808932691
-114.49862648396791
-114.47568551789469
-114.45272860594841
-114.42975575820472
-114.4067669847322
-114.38376229559205
-114.36074170083833
-114.33770402132701
-114.31464822145566
-114.29157654637764
-114.26848900612316
-114.2453856107154
-114.22226637017013
-114.19913129449623
-114.1759779124419
-114.15280776397992
-114.1296218106926
-114.10642006256478
-114.08320252957438
-114.05996922169189
-114.03671970438897
-114.01345143543386
-113.99016742180336
-113.96686767344428
-113.94355220029638
-113.92022101229227
-113.89687411935728
-113.87350957960311
-113.85012785726155
-113.82673046010274
-113.80331739802836
-113.77988868093303
-113.75644431870428
-113.73298420980116
-113.70950512932514
-113.6860104337427
-113.66250013291781
-113.63897423670716
-113.61543275496044
-113.59187569752015
-113.56830124471274
-113.54470960002942
-113.52110240957677
-113.49747968317388
-113.47384143063252
-113.4501876617575
-113.42651820461279
-113.40282995909944
-113.37912622709062
-113.35540701836752
-113.33167234270437
-113.30792220986808
-113.28415662961874
-113.26037350556997
-113.23657357902688
-113.21275823480654
-113.18892748264555
-113.16508133227333
-113.14121979341212
-113.11734222854786
-113.09344645344478
-113.06953531950299
-113.0456088364213
-113.0216670138917
-112.99770986159905
-112.97373738922099
-112.94974683290428
-112.92574025397118
-112.90171838450107
-112.87768123414813
-112.85362881255995
-112.8295611293768
-112.80547669447506
-112.78137501423771
-112.75725810186799
-112.73312596698318
-112.70897861919319
-112.68481606810109
-112.66063800974646
-112.63644157084997
-112.61222995802868
-112.5880031808624
-112.56376124892392
-112.53950417177893
-112.51523195898615
-112.49094188888645
-112.46663591702213
-112.44231483878602
-112.4179786637138
-112.3936274013339
-112.369261061168
-112.34487792796574
-112.32047793742953
-112.2960628982984
-112.2716328200706
-112.24718771223772
-112.22272758428414
-112.19825164225625
-112.1737579723841
-112.14924931149743
-112.12472566905778
-112.10018705451944
-112.07563347732999
-112.05106494692981
-112.02647796958021
-112.00187602504478
-111.97725915630417
-111.95262737277585
-111.92798068387029
-111.90331909899115
-111.87863987128378
-111.85394498017516
-111.82923522201389
-111.80451060618066
-111.77977114204904
-111.75501683898588
-111.73024561434181
-111.70545811270642
-111.68065580097617
-111.65583868849482
-111.63100678459932
-111.60616009861958
-111.5812971301921
-111.55641735304943
-111.53152282257514
-111.5066135480763
-111.48168953885313
-111.45675080419893
-111.43179634487367
-111.40682462621815
-111.38183821080005
-111.35683710789004
-111.33182132675165
-111.30679087664157
-111.28174517903663
-111.2566818518394
-111.23160388425529
-111.20651128551816
-111.18140406485513
-111.15628223148639
-111.13114554795195
-111.1059909441635
-111.08082175617031
-111.05563799317002
-111.03043966435317
-111.00522677890366
-110.9799993459983
-110.9547538120738
-110.92949373441016
-110.90421913769251
-110.87893003107501
-110.85362642370518
-110.82830832472365
-110.80297235909762
-110.77762172148564
-110.75225662058027
-110.72687706549964
-110.70148306535476
-110.6760746292502
-110.6506484834161
-110.62520761456337
-110.59975233798613
-110.57428266276617
-110.54879859797853
-110.52330015269133
-110.49778407787477
-110.47225330547668
-110.44670818073132
-110.42114871268453
-110.39557491037507
-110.36998678283533
-110.34438102999397
-110.31876068073558
-110.29312603431619
-110.26747709974553
-110.24181388602653
-110.21613640215531
-110.1904412219794
-110.16473162153767
-110.13900777893063
-110.11326970313189
-110.0875174031086
-110.06175086138181
-110.03596653073255
-110.01016800377862
-109.98435528946459
-109.95852839672847
-109.93268733450128
-109.90683181600733
-109.88095882786158
-109.8550716980625
-109.8291704355189
-109.8032550491329
-109.7773255477999
-109.75138130247916
-109.72541997969188
-109.699444569713
-109.67345508141578
-109.64745152366658
-109.62143390532529
-109.5954011828507
-109.5693518472766
-109.54328847878381
-109.51721108620981
-109.49111967838553
-109.46501426413502
-109.43889331391176
-109.4127562864079
-109.38660528006955
-109.36044030369871
-109.33426136609066
-109.30806847603408
-109.28185954719986
-109.25563514762757
-109.22939682311676
-109.20314458243404
-109.17687843433923
-109.15059838758566
-109.1243017290108
-109.09799027623777
-109.07166495223458
-109.04532576573234
-109.01897272545567
-108.99260584012237
-108.96622170040962
-108.93982351231243
-108.91341150650592
-108.8869856916861
-108.86054607654226
-108.83409213073364
-108.80762129724195
-108.78113669070785
-108.75463831979849
-108.72812619317477
-108.70160031949075
-108.6750593393557
-108.64850235014475
-108.62193164107403
-108.59534722077586
-108.56874909787578
-108.54213728099289
-108.51550951438601
-108.48886668455754
-108.46221018786595
-108.43554003290848
-108.40885622827585
-108.38215878255204
-108.35544447706081
-108.32871612073346
-108.30197415035414
-108.27521857448505
-108.24844940168197
-108.22166604316682
-108.19486604343888
-108.16805247375089
-108.14122534263666
-108.11438465862375
-108.0875304302329
-108.06066097781815
-108.03377602441324
-108.00687755352408
-107.97996557364993
-107.95304009328329
-107.92610112091045
-107.89914582143615
-107.87217622572207
-107.84519316481519
-107.81819664718009
-107.79118668127467
-107.76416288169858
-107.73712237559025
-107.71006844796028
-107.68300110724512
-107.65592036187456
-107.62882622027206
-107.60171701727701
-107.57459243671546
-107.54745448659085
-107.52030317530499
-107.49313851125336
-107.46596050282471
-107.43876614250462
-107.41155779612424
-107.38433613195627
-107.35710115836798
-107.32985288372049
-107.30259057454896
-107.2753120445505
-107.24802024001772
-107.22071516929003
-107.19339684070053
-107.16606526257566
-107.13871823837704
-107.11135650548202
-107.0839815494974
-107.0565933787284
-107.02919200147369
-107.00177738191714
-106.97434593214855
-106.94690130227593
-106.91944350057653
-106.89197253532149
-106.86448841477528
-106.83698952162767
-106.80947542872326
-106.78194820683026
-106.75440786419207
-106.72685440904549
-106.69928784962107
-106.67170492775259
-106.64410849589127
-106.61649898597601
-106.58887640621593
-106.56124076481404
-106.53359079609689
-106.50592536398193
-106.47824689638526
-106.45055540148856
-106.42285088746706
-106.39513336248976
-106.36739980514889
-106.33965258895732
-106.3118923878917
-106.28411921009975
-106.25633306372305
-106.22853281126724
-106.20071705505887
-106.17288835628396
-106.14504672306279
-106.11719216350954
-106.08932468573174
-106.06144128388988
-106.03354429535811
-106.00563441454216
-105.97771164952857
-105.94977600839768
-105.92182626248757
-105.89386119164533
-105.86588327056296
-105.83789250729959
-105.80988890990835
-105.78187248643584
-105.75384002951876
-105.72579427499329
-105.69773572018607
-105.66966437312277
-105.64158024182277
-105.61348179119771
-105.58536840954875
-105.55724226939972
-105.52910337874906
-105.5009517455891
-105.47278737790586
-105.44460665379577
-105.41641313400424
-105.38820690534851
-105.35998797579384
-105.33175635329904
-105.30350998515598
-105.2752492909195
-105.24697592933947
-105.21868990835401
-105.19039123589491
-105.16207937891019
-105.13375171492555
-105.10541142500139
-105.07705851704873
-105.04869299897251
-105.02031487867137
-104.99192137866666
-104.96351436447898
-104.93509477352347
-104.90666261367822
-104.87821789281486
-104.84975925265522
-104.82128571778603
-104.79279964729375
-104.76430104902937
-104.73578993083794
-104.70726630055809
-104.67872645280988
-104.65017410574949
-104.62160927191894
-104.59303195913657
-104.5644421752142
-104.53583753531498
-104.50721911415869
-104.47858824711892
-104.44994494198701
-104.42128920654817
-104.39261992894733
-104.36393563567222
-104.33523893728486
-104.30652984154992
-104.27780835622605
-104.24907448906563
-104.2203246313272
-104.19156230295995
-104.1627876178747
-104.13400058380354
-104.10520120847215
-104.07638706005153
-104.04755930257886
-104.01871922890322
-103.98986684672994
-103.96100216375825
-103.93212387866782
-103.90323089247232
-103.87432563047423
-103.84540810035233
-103.81647830977967
-103.78753604189754
-103.75857802687062
-103.72960777632727
-103.70062529791988
-103.67163059929504
-103.64262368809307
-103.6136016579083
-103.58456661810698
-103.55551939058759
-103.52645998297018
-103.49738840286886
-103.46830273562806
-103.43920310536743
-103.41009132742087
-103.38096740938212
-103.35183135883918
-103.32268220798493
-103.29351818557569
-103.26434205539931
-103.2351538250233
-103.20595350200931
-103.17674102085051
-103.14751280411676
-103.11827251942128
-103.08902017430572
-103.05975577630528
-103.03047933294948
-103.00118790429694
-102.97188366230776
-102.94256739956501
-102.91323912357782
-102.88389884184969
-102.8545444273488
-102.82517642480673
-102.79579644106488
-102.76640448360664
-102.73700055990915
-102.70758331243488
-102.67815174559725
-102.64870823700133
-102.61925279410458
-102.58978542435818
-102.56030549665198
-102.53081056129366
-102.50130372350651
-102.47178499072194
-102.44225437036536
-102.41271186985631
-102.38315380645004
-102.35358383465325
-102.32400200705064
-102.29440833104192
-102.26480281402068
-102.23518241356413
-102.20554950245914
-102.17590477462839
-102.14624823744586
-102.11657989827935
-102.08689731308175
-102.0572016568908
-102.027494222943
-101.99777501858647
-101.96804405116332
-101.9382994334009
-101.90854122586832
-101.87877127943665
-101.84898960142823
-101.8191961991597
-101.78938970087617
-101.75956913526923
-101.72973686951005
-101.69989291089539
-101.67003726671639
-101.64016903982301
-101.61028630893287
-101.58039191652674
-101.55048586987604
-101.5205681762462
-101.49063837252181
-101.46069366866465
-101.43073734181752
-101.40076939922642
-101.3707898481312
-101.3407986192223
-101.31079213424036
-101.28077406468452
-101.25074441777517
-101.22070320072686
-101.19065042074848
-101.16058262341056
-101.1305030024055
-101.10041184232765
-101.0703091503664
-101.0401949337051
-101.01006605190454
-100.97992507023822
-100.9497725876704
-100.91960861136518
-100.88943314848069
-100.85924333343502
-100.82904118142471
-100.79882756657508
-100.76860249602478
-100.73836597690692
-100.7081153797022
-100.67785224719583
-100.6475776898032
-100.61729171463779
-100.58699432880755
-100.55668310039799
-100.52635917677506
-100.49602386610997
-100.46567717549141
-100.43531911200219
-100.40494740321085
-100.37456287738317
-100.34416700224918
-100.31375978487252
-100.2833412323108
-100.25290919382948
-100.2224642542426
-100.19200800297699
-100.1615404470713
-100.13106159355827
-100.10056937594749
-100.07006421058156
-100.03954777105665
-100.00902006438622
-99.97848109757831
-99.94792885126775
-99.91736364763872
-99.88678720726264
-99.85619953712808
-99.82560064421818
-99.79498851950646
-99.76436346466718
-99.73372721038508
-99.70307976362417
-99.67242113134276
-99.64174927839812
-99.61106455893898
-99.58036867723416
-99.54966164022304
-99.51894345483908
-99.48821202369913
-99.45746782574957
-99.4267125026445
-99.39594606129866
-99.36516850862083
-99.33437764919273
-99.30357415842197
-99.2727595794793
-99.24193391925462
-99.2110971846324
-99.18024704669308
-99.14938444831145
-99.11851079863493
-99.0876261045289
-99.0567303728533
-99.0258211060496
-98.9948995848095
-98.96396704904524
-98.93302350559793
-98.9020689613028
-98.87110071515175
-98.84012045534858
-98.80912921768615
-98.77812700898107
-98.74711383604418
-98.71608675993309
-98.68504794540638
-98.65399818957968
-98.6229374992451
-98.59186588118922
-98.56078012437557
-98.52968293851012
-98.4985748477985
-98.46745585900842
-98.43632597890226
-98.40518169051415
-98.37402631624118
-98.34286007347055
-98.31168296894575
-98.28049487966439
-98.24929233844134
-98.21807895823923
-98.186854745783
-98.1556197077922
-98.12437334759971
-98.09311294631121
-98.06184174220684
-98.03055974198725
-97.99926695234797
-97.96796247001723
-97.93664439034418
-97.90531554391374
-97.87397593740283
-97.84262557748264
-97.81126312165782
-97.77988754483127
-97.74850123720171
-97.71710420542203
-97.68569645613951
-97.65427617533618
-97.62284328213848
-97.59139969398832
-97.55994541751447
-97.52848045934032
-97.49700250194536
-97.46551247271137
-97.43401178427168
-97.40250044323112
-97.37097845618932
-97.33944297046136
-97.30789598507944
-97.2763383761351
-97.24477015020932
-97.21319131387804
-97.18159844794744
-97.14999468586049
-97.11838033575111
-97.08675540417681
-97.05511960022795
-97.02346979955873
-96.9918094397652
-96.96013852738642
-96.92845706895616
-96.896764143725
-96.86505788854635
-96.83334110960146
-96.80161381340582
-96.76987600646956
-96.73812610773497
-96.70636357626228
-96.67459055627894
-96.642807054277
-96.61101307674278
-96.57920635215615
-96.54738772216339
-96.51555863881353
-96.48371910857485
-96.45186913791025
-96.4200057349955
-96.38813118381637
-96.35624621433158
-96.32435083298593
-96.29244501806119
-96.26052511237289
-96.2285948169018
-96.19665413807482
-96.16470308231325
-96.13274084692137
-96.10076533852563
-96.06877947521883
-96.0367832634043
-96.0047767094803
-95.97275820079585
-95.94072726581308
-95.90868601068959
-95.87663444180544
-95.84457256553561
-95.81249793060655
-95.78041174472078
-95.74831527336357
-95.71620852289198
-95.68409149965755
-95.65196088540537
-95.61981962386533
-95.58766811142249
-95.55550635441074
-95.52333385200734
-95.49114791237821
-95.45895174999852
-95.42674537118428
-95.39452878224608
-95.36230055732821
-95.33005985685
-95.2978089680122
-95.2655478971078
-95.23327665042427
-95.20099284956648
-95.16869756228877
-95.13639212094246
-95.10407653179752
-95.07175080111837
-95.03941157076916
-95.00706187031035
-94.97470204997418
-94.9423321160075
-94.90995140957112
-94.87755756113454
-94.84515362068294
-94.81273959444566
-94.78031548864664
-94.74787960870191
-94.7154316590165
-94.68297365133142
-94.65050559185295
-94.6180274867825
-94.58553657943293
-94.55303470092917
-94.52052279834191
-94.48800087785469
-94.45546879575676
-94.42292315687018
-94.39036752155137
-94.35780189596633
-94.32522628627609
-94.29263943215372
-94.26004017428778
-94.2274309537311
-94.194811776627
-94.16218264911392
-94.12954116872706
-94.09688846313239
-94.06422582849004
-94.03155327092088
-93.99887079654073
-93.9661748355248
-93.93346885302782
-93.90075297502818
-93.86802720762435
-93.83529048163504
-93.8025412607755
-93.76978217177964
-93.73701322072839
-93.70423441369766
-93.671443461642
-93.63864127089292
-93.60582924537954
-93.57300739116053
-93.5401757142892
-93.50733068146106
-93.47447569048036
-93.4416108980101
-93.40873631008651
-93.3758508119534
-93.34295296430983
-93.31004534233526
-93.27712795204884
-93.24420079946432
-93.21126147452492
-93.17831113160345
-93.14535104745399
-93.11238122807336
-93.07940162816172
-93.04640867266107
-93.01340600295923
-92.98039362503589
-92.94737154486546
-92.91433837173537
-92.88129322460287
-92.84823839620125
-92.8151738924881
-92.78209971941564
-92.74901311780502
-92.71591594680139
-92.68280912736468
-92.64969266543011
-92.61656608736942
-92.58342668145184
-92.55027765392273
-92.51711901070044
-92.48395075769818
-92.4507710041527
-92.41757987597485
-92.3843791588518
-92.35116885867977
-92.31794898135003
-92.28471619671998
-92.25147351289596
-92.21822127269743
-92.18495948199867
-92.15168701874425
-92.11840247523244
-92.0851084019641
-92.05180480479669
-92.01849168958266
-91.98516644764975
-91.95183064808195
-91.91848535115993
-91.88513056271928
-91.85176583132636
-91.81838841204375
-91.78500152189545
-91.75160516670049
-91.71819935227273
-91.68478209423358
-91.65135371720204
-91.61791590153965
-91.58446865304352
-91.55101197750604
-91.51754233667177
-91.48406316664389
-91.45057459012558
-91.41707661289232
-91.3835677792909
-91.35004736081501
-91.31651756213614
-91.2829783890131
-91.24942984719996
-91.21586888225065
-91.18229796708874
-91.14871770369797
-91.11512809781551
-91.08152812854527
-91.04791620239425
-91.01429495417403
-90.98066438960527
-90.94702451440395
-90.9133726648621
-90.87971053706751
-90.84603911901227
-90.81235841639564
-90.7786677507013
-90.74496484840469
-90.71125268187998
-90.67753125680991
-90.64380057887246
-90.61005828361299
-90.57630547345337
-90.54254343070943
-90.50877216104253
-90.47499123752218
-90.44119788838029
-90.40739533256007
-90.37358357570659
-90.33976262346005
-90.30593032071245
-90.27208735623206
-90.23823521655324
-90.20437390729967
-90.1705031639066
-90.13661989500096
-90.10272747667696
-90.06882591454207
-90.03491521419899
-90.00099334154913
-89.96706074857946
-89.9331190375081
-89.89916821392144
-89.86520808796651
-89.83123542417033
-89.79725366792728
-89.7632628248075
-89.72926290037631
-89.69525189476873
-89.6612301969388
-89.62719943781644
-89.59315962295071
-89.55911055110397
-89.52504901509275
-89.49097844331897
-89.45689884131582
-89.4228102146115
-89.38871051235104
-89.35460023109817
-89.32048094507581
-89.28635265979592
-89.25221507808897
-89.21806519035069
-89.1839063232487
-89.14973848227922
-89.11556167293347
-89.0813737096878
-89.04717536426782
-89.01296807031642
-88.97875183330882
-88.94452617713677
-88.91028845598258
-88.8760418115794
-88.84178624938653
-88.80752177485851
-88.7732459856598
-88.73896009315766
-88.70466530807884
-88.67036163586181
-88.63604833998508
-88.60172330155987
-88.5673893957175
-88.53304662788074
-88.49869500346747
-88.46433182271474
-88.42995889805489
-88.3955771364911
-88.36118654342545
-88.32678604197234
-88.29237420026496
-88.25795354669091
-88.22352408663656
-88.18908582548333
-88.15463568694449
-88.1201762429014
-88.08570801734658
-88.05123101564573
-88.01674374211431
-87.9822456089683
-87.9477387192261
-87.91322307823783
-87.87869869134883
-87.84416202816264
-87.80961657537148
-87.77506239618153
-87.74049949592242
-87.70592588318249
-87.67134196830642
-87.63674935182604
-87.60214803905554
-87.56753755615372
-87.53291527998256
-87.49828432694932
-87.46364470235248
-87.4289964114858
-87.3943368917813
-87.35966770275918
-87.3249898668476
-87.2903033893248
-87.25560718451467
-87.22089985989433
-87.1861839130066
-87.15145934911405
-87.1167261734748
-87.08198117842579
-87.0472272207277
-87.0124646705792
-86.97769353322295
-86.94291203785787
-86.90812016934295
-86.87331973288016
-86.83851073369647
-86.8036928171295
-86.76886313761923
-86.73402491461181
-86.69917815331871
-86.66432285894702
-86.62945650375953
-86.5945805938057
-86.5596961699498
-86.52480323738334
-86.48990064540416
-86.45498714793098
-86.42006516088776
-86.38513468945064
-86.35019573879143
-86.31524495389559
-86.28028550286993
-86.24531759171569
-86.21034122558913
-86.17535438804727
-86.14035757207388
-86.10535232018583
-86.07033863752415
-86.03531582617518
-86.00028174411892
-85.96523925031057
-85.93018834987616
-85.895129047937
-85.86005839406663
-85.82497875698225
-85.78989073736824
-85.75479434033073
-85.71968789642283
-85.68457121453757
-85.64944617416809
-85.61431278040558
-85.57917062513823
-85.54401699675844
-85.50885503388919
-85.47368474160649
-85.43850612498171
-85.40331647687363
-85.3681176895921
-85.33291059682594
-85.29769520363163
-85.26247002755952
-85.2272345137852
-85.19199071840467
-85.15673864645939
-85.12147802094148
-85.08620587842645
-85.05092547813332
-85.01563682508827
-84.98033992431331
-84.9450321549243
-84.90971524725323
-84.87439011059288
-84.83905674995034
-84.80371371413877
-84.76836039645778
-84.73299887350015
-84.69762915025778
-84.66225092638265
-84.62686129589366
-84.59146348379046
-84.55605749505011
-84.52064333464548
-84.48521831516187
-84.44978431089909
-84.41434215359695
-84.37889184821323
-84.34343182331894
-84.3079617237173
-84.27248349462414
-84.2369971409824
-84.2015021888783
-84.16599609059338
-84.13048188631501
-84.09495958097162
-84.05942917948707
-84.02388777933376
-83.98833769631165
-83.95277953565838
-83.91721330228317
-83.88163715720458
-83.84605129171594
-83.8104573719805
-83.77485540289297
-83.73924459093251
-83.7036230390906
-83.66799345633707
-83.63235584755196
-83.59671021761076
-83.5610533044608
-83.52538815458998
-83.4897150019588
-83.45403385142833
-83.41834245331488
-83.38264183206444
-83.34693323127595
-83.31121665579593
-83.27549085060593
-83.23975485355089
-83.20401090013137
-83.16825899517903
-83.13249886075249
-83.09672758330579
-83.06094837261922
-83.02516123350992
-82.98936617079106
-82.9535603850529
-82.91774601230154
-82.88192373418897
-82.84609355551368
-82.8102536219842
-82.77440418220904
-82.73854686008556
-82.70268166039787
-82.66680765676165
-82.63092324484256
-82.59503097353952
-82.55913084762237
-82.52322285151759
-82.48730356217384
-82.45137643636222
-82.41544147883823
-82.37949869435298
-82.34354549564722
-82.30758360983778
-82.27161391516947
-82.23563641637922
-82.19964940618048
-82.16365285472409
-82.12764851721433
-82.09163639837385
-82.05561565416606
-82.01958453125417
-81.98354564504655
-81.94749900025141
-81.91144459947228
-81.87537899913721
-81.83930565821623
-81.80322458140327
-81.76713577338842
-81.73103661756008
-81.69492891575159
-81.65881350069907
-81.62269037707819
-81.58655774518783
-81.55041577615957
-81.5142661164876
-81.47810877083349
-81.44194274016571
-81.40576659742756
-81.36958278659837
-81.33339131232583
-81.2971919601195
-81.26098173702373
-81.22476386834244
-81.18853835870917
-81.1523052127532
-81.11606155189929
-81.07980971851384
-81.04355026662054
-81.00728320083475
-80.97100639848887
-80.93472069339045
-80.89842739218128
-80.86212649946282
-80.82581663271196
-80.78949714873549
-80.75317009099857
-80.71683546408846
-80.68049260997398
-80.64413943979862
-80.6077787181661
-80.57141044964973
-80.53503463881898
-80.498647921317
-80.4622536282655
-80.42585181057296
-80.38944247279473
-80.35302294751651
-80.31659517536774
-80.28015990077398
-80.24371712827681
-80.20726487211293
-80.17080371303388
-80.13433507365929
-80.09785895851714
-80.06137404831324
-80.02487959431635
-79.9883776821272
-79.95186831625992
-79.91535082881668
-79.87882317176047
-79.84228807856904
-79.80574555374261
-79.76919556581583
-79.7326347974053
-79.6960666148703
-79.65949102269744
-79.62290802536947
-79.58631482278477
-79.54971364241183
-79.5131050743522
-79.47648912307473
-79.43986359892895
-79.40322951207094
-79.36658805943145
-79.32993924546572
-79.29328147636548
-79.25661457422288
-79.21994032815807
-79.18325874261302
-79.14656880512032
-79.10986917874136
-79.07316223025403
-79.03644796408665
-78.99972593471918
-78.96299367500056
-78.92625411494184
-78.88950725895761
-78.85275311145878
-78.81598841187562
-78.7792163309453
-78.7424369757988
-78.7056503508335
-78.66885373774429
-78.63204922649136
-78.59523746268636
-78.55841845071302
-78.52159000048765
-78.48475314931068
-78.44790906720046
-78.41105775852726
-78.37419754749173
-78.3373284466392
-78.30045213642703
-78.26356862121243
-78.22667672564845
-78.1897754652189
-78.1528670169585
-78.1159513852111
-78.07902788135662
-78.04209455129941
-78.00515405489529
-77.9682063964746
-77.9312513605238
-77.89428605063894
-77.85731359584643
-77.82033400046335
-77.78334726880314
-77.7463503085056
-77.70934598493157
-77.67233454214843
-77.63531598445616
-77.5982876696782
-77.56125156678142
-77.5242083660124
-77.48715807165786
-77.4500984784481
-77.41303068553947
-77.37595581605093
-77.33887387425641
-77.30178307861968
-77.26468368486252
-77.22757723577371
-77.190463735614
-77.1533418135119
-77.11621090792248
-77.07907296820561
-77.04192799860868
-77.00477502595952
-76.9676126974073
-76.93044335588776
-76.89326700563522
-76.85608305831393
-76.81888939552206
-76.78168874087905
-76.74448109860624
-76.70726625244464
-76.6700413439903
-76.63280946475707
-76.5955706189535
-76.5583248107841
-76.52106888405498
-76.48380586861938
-76.44653590762901
-76.4092590052757
-76.37197235647977
-76.33467829308437
-76.29737730510627
-76.26006939672449
-76.22275210155036
-76.18542707829282
-76.14809515138137
-76.11075632498198
-76.07340845907555
-76.03605256390905
-75.99868978597412
-75.96132012942377
-75.923941768388
-75.88655508912183
-75.84916154792936
-75.81176114895084
-75.77435236834611
-75.73693499264573
-75.69951077581796
-75.66207972199048
-75.62464059733477
-75.58719261272209
-75.5497378077381
-75.51227618649776
-75.47480679326662
-75.43732828712064
-75.39984298131662
-75.36235087995652
-75.32485129358304
-75.28734235314012
-75.24982663370959
-75.21230413938078
-75.17477443525564
-75.13723514760997
-75.09968910160424
-75.06213630131535
-75.02457655478719
-74.98700700689078
-74.94943072121946
-74.91184770183757
-74.8742579528056
-74.8366582668763
-74.79905182830758
-74.76143867655833
-74.7238188156766
-74.68618926299418
-74.6485527581549
-74.61090956062294
-74.5732596744339
-74.53560033020698
-74.49793384558339
-74.4602606887129
-74.42258086361838
-74.3848918030136
-74.34719542495156
-74.30949239504623
-74.27178271730796
-74.23406401545043
-74.19633783015587
-74.15860501337951
-74.1208655691195
-74.08311730109249
-74.04536139463141
-74.0075988770083
-73.96982975220898
-73.93205199305442
-73.89426645135367
-73.85647431876903
-73.81867559927363
-73.78086842399185
-73.74305333283937
-73.70523167103934
-73.66740344255263
-73.62956692610257
-73.59172237114768
-73.55387126573999
-73.51601361382828
-73.47814783112744
-73.44027389788121
-73.40239343433558
-73.36450644442712
-73.32661147035202
-73.28870824418757
-73.25079850783597
-73.21288226522132
-73.17495817460738
-73.13702574076035
-73.09908681679713
-73.06114140662962
-73.02318827427098
-72.98522671784002
-72.94725869132265
-72.90928419861874
-72.87130209926865
-72.83331150521548
-72.79531446106469
-72.75731097070417
-72.7192999790751
-72.68128043222498
-72.64325445522528
-72.6052220519516
-72.56718224271526
-72.52913382775733
-72.49107900255717
-72.45301777097816
-72.41494921876547
-72.37687202025333
-72.33878843136546
-72.30069845595335
-72.26260123535465
-72.22449533770644
-72.18638306950838
-72.14826443460024
-72.11013862016537
-72.07200410766413
-72.0338632443987
-71.99571603419687
-71.95756170043533
-71.91939865722948
-71.88122928300484
-71.84305358157701
-71.80487080295774
-71.7666793130615
-71.72848151185158
-71.69027740313172
-71.65206625408354
-71.61384640137726
-71.5756202570221
-71.53738782481017
-71.49914837972179
-71.46090024795204
-71.42264584415838
-71.38438517212114
-71.34611750534121
-71.30784117812132
-71.2695585984628
-71.23126977013384
-71.1929739559708
-71.15466951678145
-71.11635884469877
-71.07804194347919
-71.03971805620182
-71.00138558839113
-70.96304690719265
-70.92470201635135
-70.88635013018839
-70.84798971697218
-70.80962310983428
-70.77125031250797
-70.73287050164869
-70.69448222611112
-70.65608777607855
-70.61768715527242
-70.57927949386634
-70.54086343896002
-70.50244122894603
-70.46401286753414
-70.4255774296912
-70.38713367823784
-70.34868379102473
-70.31022777175029
-70.27176463154098
-70.23329326623131
-70.1948157844709
-70.15633218994658
-70.11784142140206
-70.07934252479662
-70.0408375310104
-70.00232644371849
-69.96380812083072
-69.92528177535988
-69.88674935193939
-69.84821085423272
-69.80966505095435
-69.77111133891893
-69.73255156812607
-69.69398574222795
-69.65541253247247
-69.61683153604412
-69.57824450001169
-69.53965142801614
-69.50105088565815
-69.46244268687929
-69.4238284676113
-69.38520823148372
-69.34658043035901
-69.30794511114345
-69.26930379051541
-69.23065647209276
-69.1920014859981
-69.15333912813163
-69.11467078789079
-69.07599646888217
-69.03731437157552
-68.99862505671598
-68.95992977848178
-68.9212285404685
-68.88251940566937
-68.84380321534698
-68.80508108061161
-68.76635300504755
-68.72761690643694
-68.68887392205461
-68.65012501218315
-68.61137018039534
-68.57260719161549
-68.53383749444959
-68.49506189068029
-68.45628038386914
-68.41749057852408
-68.37869424972446
-68.33989203316915
-68.3010839324088
-68.26226738406427
-68.22344450465442
-68.18461575629908
-68.14578114253781
-68.10693792472135
-68.0680885755991
-68.02923337630403
-67.99037233036435
-67.95150251656548
-67.91262677850327
-67.87374520900333
-67.834857705358
-67.79596147525274
-67.75705942889802
-67.71815156980314
-67.67923759257332
-67.64031511602664
-67.601386841902
-67.56245277369756
-67.52351239627143
-67.48456375371896
-67.44560933222266
-67.40664913526983
-67.36768243099766
-67.32870770275082
-67.2897272141571
-67.25074096869305
-67.21174801088775
-67.17274727713405
-67.13374080159355
-67.0947285877319
-67.05570944966871
-67.01668279047229
-66.9776504080124
-66.93861230574352
-66.89956706066
-66.86051455596208
-66.82145634648707
-66.78239243567859
-66.74332115677504
-66.70424288639413
-66.66515892968569
-66.6260692900828
-66.58697205052196
-66.54786809415398
-66.50875846987162
-66.46964318109721
-66.43052005400499
-66.39139049122397
-66.35225527890537
-66.31311442046042
-66.27396547892533
-66.23481038918365
-66.19564966824476
-66.15648331950916
-66.11730863658259
-66.07812809921147
-66.03894194894701
-65.99975014565872
-65.96054983787582
-65.92134393208526
-65.88213243166933
-65.84291500865996
-65.80368939330467
-65.76445819818419
-65.72522142667026
-65.6859784568929
-65.64672761297042
-65.60747120748917
-65.5682092438105
-65.52894080018174
-65.48966480657714
-65.45038326958453
-65.41109619255462
-65.37180234795422
-65.33250128343302
-65.29319469365889
-65.25388258197174
-65.21456340924288
-65.17523735245133
-65.13590578850615
-65.09656872073681
-65.05722429268631
-65.01787332215174
-64.97851686252716
-64.93915491713179
-64.89978530653008
-64.86040950066105
-64.82102822373032
-64.78164147904661
-64.74224675862808
-64.7028461957148
-64.66344017973296
-64.62402871398062
-64.58460895644319
-64.54518371465821
-64.50575303776242
-64.4663166291823
-64.42687220704923
-64.3874223644474
-64.34796710465729
-64.30850578004167
-64.2690368171312
-64.22956245165011
-64.19008268686841
-64.15059651881927
-64.1111030929872
-64.07160428244757
-64.03210009046013
-63.992589151543626
-63.95307134052911
-63.913548162635045
-63.874019621111174
-63.83448398385789
-63.79494186528356
-63.75539439762326
-63.715841584116276
-63.67628132102105
-63.636714972393634
-63.5971432924392
-63.55756628438674
-63.517981467908896
-63.4783909666197
-63.438795151727824
-63.39919400656589
-63.35958472901545
-63.319970152340474
-63.28035027975261
-63.24072470189478
-63.20109140845378
-63.16145283355404
-63.12180898039702
-63.08215904220822
-63.04250180995752
-63.00283931387941
-62.96317155716562
-62.92349733097561
-62.8838162368815
-62.844129896557405
-62.80443831318495
-62.76473987128834
-62.725034992203305
-62.68532488445169
-62.645609551204956
-62.60588696586148
-62.566158378524264
-62.526424580050005
-62.48668557360004
-62.446938917034274
-62.40718669807056
-62.36742928546531
-62.32766662152564
-62.287896026771946
-62.24812025269429
-62.20833930243704
-62.16855268757207
-62.12875859666623
-62.08895934387469
-62.049154932331945
-62.00934443867364
-61.96952692793705
-61.92970427271932
-61.88987647614531
-61.85004217579114
-61.81020132143301
-61.77035533996508
-61.730504234502334
-61.69064619951525
-61.65078207763322
-61.61091284597946
-61.571038507658926
-61.531156810067294
-61.49126949664779
-61.451377090761326
-61.41147959550304
-61.371574307301046
-61.33166387821951
-61.29174837394251
-61.25182739864681
-61.211898990703276
-61.17196552172442
-61.13202699478874
-61.092082548796974
-61.052131159395216
-61.01217472617343
-60.97221325220069
-60.93224540741587
-60.892271112133244
-60.8522917902132
-60.81230744471514
-60.77231627300653
-60.73231914731065
-60.69231701212732
-60.6523098705061
-60.61229544370906
-60.57227556295826
-60.532250689837355
-60.49222079953971
-60.452183217302135
-60.41214065674578
-60.37209312090402
-60.33204009516836
-60.29197989120395
-60.25191472598277
-60.21184460252841
-60.17176851310009
-60.1316857624736
-60.091598067619856
-60.05150543155294
-60.01140635014386
-59.9713011278119
-59.93119097824989
-59.89107590446268
-59.850953902751144
-59.81082628356258
-59.77069375410912
-59.730556317386174
-59.690411467017434
-59.65026152571359
-59.610106691078116
-59.569946648057524
-59.52977933868259
-59.48960714989795
-59.4494300846829
-59.409247312339716
-59.36905781313288
-59.32886345139517
-59.28866423009627
-59.24845879998725
-59.20824718540149
-59.168030725131956
-59.127809422138924
-59.0875814057875
-59.047347750169834
-59.007109265683745
-58.9668659552803
-58.92661542417729
-58.88635980176888
-58.84609936727573
-58.80583386603924
-58.76556114924314
-58.72528363417956
-58.68500132378368
-58.644713426873935
-58.604418874723066
-58.564119541034856
-58.5238154287355
-58.48350520755591
-58.44318889400726
-58.40286781562024
-58.36254197531186
-58.322209501233516
-58.28187150013949
-58.24152875087509
-58.20118125634784
-58.16082660070906
-58.12046698581802
-58.08010263939342
-58.03973323566408
-57.999356798440495
-57.958975643397004
-57.91858977342562
-57.87819830696139
-57.8378003865421
-57.797397764887016
-57.756990444879015
-57.71657698693217
-57.67615765678576
-57.635733641956875
-57.59530494531938
-57.554869567110025
-57.514428900602226
-57.473983565934354
-57.4335335659715
-57.393076338687976
-57.35261440908171
-57.31214782780738
-57.27167607400769
-57.23119759251969
-57.19071447297563
-57.1502267182252
-57.109733233927265
-57.069233619120304
-57.02872938269732
-56.98822052749912
-56.94770538380641
-56.90718470866786
-56.86665942832329
-56.82612954560429
-56.78559281358826
-56.745051151004475
-56.704504899594255
-56.66395381483123
-56.62339581288103
-56.582833235637246
-56.542266085916346
-56.50169353121258
-56.46111467095838
-56.42053125173902
-56.37994327636206
-56.339349322705196
-56.29874967676112
-56.25814548815033
-56.21753675967172
-56.176921478017775
-56.136301118898004
-56.09567623337996
-56.05504677246625
-56.014410285528164
-55.973769285646846
-55.93312377560616
-55.8924731048865
-55.85181603328373
-55.811154464955585
-55.770488402677444
-55.729816593025134
-55.68913900900299
-55.648456944443836
-55.607770402114404
-55.567077524371726
-55.52637950007649
-55.485677011403354
-55.44497006111013
-55.40425618608835
-55.363537793568014
-55.32281495279947
-55.282087118915996
-55.24135286501149
-55.200614176215865
-55.159871055272234
-55.119122342060265
-55.0783678476524
-55.03760893443331
-54.99684560513745
-54.95607608332631
-54.91530142019867
-54.874522354310514
-54.833738888387884
-54.79294862867646
-54.75215386851521
-54.711354721615116
-54.67055067589911
-54.62974026375076
-54.5889254781451
-54.5481063217936
-54.507281655941284
-54.46645127386864
-54.42561653431116
-54.38477743997205
-54.343932224601446
-54.30308194402952
-54.26222732191667
-54.22136836095768
-54.180502666656665
-54.139632558914414
-54.09875812554671
-54.05787881782593
-54.01699326656587
-53.97610340288672
-53.935209229468924
-53.89430956039713
-53.85340430847141
-53.81249475999345
-53.77158091763512
-53.73066095772025
-53.689736076200035
-53.648806913966105
-53.607873465978614
-53.566933293401846
-53.525988853263684
-53.485040148222055
-53.444086526838205
-53.40312685073509
-53.362162922861145
-53.32119474586568
-53.28022102151381
-53.23924191270034
-53.19825856787836
-53.157270989689096
-53.116277232768034
-53.075278761966345
-53.0342760708904
-52.99326899801929
-52.952255443052664
-52.91123768089122
-52.870215714162036
-52.829188725987784
-52.78815593450975
-52.7471189515237
-52.70607777964891
-52.66503094649192
-52.6239789889725
-52.58292285560435
-52.541862548998566
-52.50079594115023
-52.459724887966814
-52.41864967456644
-52.377569922626805
-52.33648399127439
-52.29539391271198
-52.254299689536865
-52.21320027999336
-52.17209537787015
-52.13098634412187
-52.08987318133775
-52.04875418440422
-52.007630381638926
-51.966502462806275
-51.92537043048718
-51.884231916348455
-51.8430892829784
-51.80194254907138
-51.760791062440006
-51.71963375601268
-51.67847236198418
-51.63730688292179
-51.59613599599629
-51.554959983281634
-51.513779898450025
-51.472595744060804
-51.43140552694956
-51.3902108777396
-51.34901217186979
-51.307809106903136
-51.26659993467479
-51.225386718671146
-51.18416946143807
-51.14294718306985
-51.10171949824812
-51.06048778506266
-51.01925204605156
-50.97801062431422
-50.93676449644826
-50.89551435560328
-50.85426020430971
-50.81299970920773
-50.77173520775706
-50.730466708685654
-50.68919353688471
-50.647914716025824
-50.60663191036108
-50.565345122407635
-50.52405299385333
-50.4827559227493
-50.441454882152584
-50.400149874572605
-50.358838859194634
-50.31752360706536
-50.27620440073045
-50.23488083297251
-50.193551410391166
-50.15221804636872
-50.11088074340138
-50.06953840530677
-50.028190924634174
-49.98683951776279
-49.94548418718094
-49.904123148605066
-49.86275767882385
-49.82138829806014
-49.780014831291524
-49.73863533956514
-49.697251949571
-49.655864663784655
-49.61447261289893
-49.57307525459613
-49.53167401319786
-49.49026889117175
-49.44885832595048
-49.40744316981936
-49.36602414573906
-49.32460125616965
-49.28317224636736
-49.241739361069605
-49.20030262294315
-49.15886135549245
-49.11741464978452
-49.07596410389576
-49.034509720273334
-48.99305012443833
-48.951585811552356
-48.910117673562425
-48.86864571290863
-48.827167858371084
-48.78568600673708
-48.7442003450508
-48.70271035674378
-48.66121483215963
-48.619715510122575
-48.5782123930597
-48.53670426212649
-48.49519132039104
-48.45367459621106
-48.4121540920065
-48.37062788805716
-48.32909759737119
-48.287563539224166
-48.24602532525647
-48.20448150864651
-48.16293393712668
-48.12138261310433
-48.079826442077575
-48.03826539772586
-47.99670061340509
-47.95513209151529
-47.91355803296838
-47.871979828849
-47.83039789967657
-47.78881195473578
-47.74722037128892
-47.705625075292694
-47.66402606913468
-47.62242235251284
-47.58081373012327
-47.53920141005812
-47.49758539469751
-47.45596397586306
-47.41433838228046
-47.37270910587151
-47.33107592414237
-47.28943709740382
-47.24779460029555
-47.20614843518557
-47.164497666966014
-47.12284198947957
-47.08118265643091
-47.0395196701806
-46.997851384869044
-46.956178924162494
-46.914502822676766
-46.87282289784574
-46.8311373497343
-46.7894481732539
-46.747755370752984
-46.70605804443653
-46.66435583317429
-46.62265000828491
-46.58094057210965
-46.539225913637154
-46.49750710653227
-46.45578470051791
-46.41405852577832
-46.37232677660339
-46.330591440883325
-46.288852520947366
-46.2471091295436
-46.20536090422372
-46.16360910703552
-46.12185374030132
-46.08009320149434
-46.038328567120374
-45.99656037553095
-45.95478844358765
-45.91301101206702
-45.87123003564997
-45.829445516646786
-45.787656552678776
-45.745862831434074
-45.704065579905375
-45.662264800396365
-45.62045887359693
-45.578648929503956
-45.53683546971611
-45.495018272790745
-45.453195676067416
-45.41136957592322
-45.36953997464987
-45.327705930159205
-45.28586722955402
-45.24402504007697
-45.202179364013126
-45.16032854108354
-45.11847380325985
-45.07661559109016
-45.03475362092584
-44.99288637458554
-44.951015666128654
-44.909141497828564
-44.8672628643803
-44.82537969942816
-44.78349308684578
-44.741603028899775
-44.699707801227675
-44.657808784116874
-44.615906333839334
-44.5740000817057
-44.532088699793874
-44.49017389690056
-44.44825567528088
-44.40633294396848
-44.36440582814907
-44.32247530577253
-44.28054137908708
-44.23860223759027
-44.1966594541087
-44.15471327847159
-44.11276323516984
-44.070808230209025
-44.028849845234475
-43.98688808248325
-43.94492174393336
-43.902951189209794
-43.86097726883555
-43.81899998504075
-43.777017420172065
-43.73503138172576
-43.693041991969196
-43.65104864783676
-43.6090505308437
-43.567049074639314
-43.52504428144254
-43.48303482582014
-43.44102134265605
-43.39900453458294
-43.35698437622692
-43.314958905565796
-43.272930122067734
-43.23089802794054
-43.18886187285644
-43.146821153359134
-43.10477713528934
-43.06272982084829
-43.02067773786145
-42.9786218352382
-42.93656264828477
-42.89449998492069
-42.85243223710792
-42.81036121699495
-42.76828692677197
-42.726208450161366
-42.684125636216415
-42.6420395641761
-42.59995023622419
-42.5578560151293
-42.51575820056312
-42.47365714208447
-42.431552462856324
-42.389442945030524
-42.34733019528074
-42.30521421577983
-42.26309390661908
-42.22096950482859
-42.17884188526013
-42.13671105008027
-42.094575179686714
-42.052435959245464
-42.01029353515059
-41.96814732875697
-41.92599654661291
-41.883842572762525
-41.841685409361666
-41.79952375618344
-41.75735827171208
-41.71518960962216
-41.6730176967213
-41.63084074073883
-41.58866061905946
-41.54647733382821
-41.50429008852692
-41.462098546332776
-41.41990385249318
-41.37770600914731
-41.33550350004554
-41.29329743663757
-41.2510882356147
-41.20887558874581
-41.16665819478477
-41.12443767509006
-41.082214031790045
-41.03998623540319
-40.99775443601732
-40.955519524892296
-40.9132815041506
-40.87103862678529
-40.828792486781666
-40.78654324901281
-40.744290355728126
-40.70203302576798
-40.65977260988369
-40.617509110187285
-40.575241250106345
-40.53296969499456
-40.49069506789708
-40.448417267997655
-40.40613461252232
-40.36384889687759
-40.32156012316514
-40.27926747058949
-40.23697070522746
-40.19467089359934
-40.15236803780083
-40.1100606009915
-40.06774979024399
-40.025435947113294
-39.98311869216079
-39.94079692106627
-39.89847212936568
-39.856144319144505
-39.81381239397998
-39.77147669244854
-39.72913798415924
-39.68679627119164
-39.644449744198866
-39.60210017654689
-39.5597476159652
-39.51739139240027
-39.47503100406787
-39.432667634544224
-39.39030128589875
-39.347930574429824
-39.305556434613194
-39.2631793273992
-39.22079899528758
-39.1784141238039
-39.1360262966372
-39.09363551584694
-39.05124080969544
-39.008842301169125
-38.966440850719685
-38.92403646040055
-38.88162744849892
-38.839215366950306
-38.79680035721869
-38.754381846078466
-38.71195917196818
-38.66953358135143
-38.62710507627198
-38.5846723731504
-38.542236240153464
-38.49979720435671
-38.45735507782252
-38.41490844092764
-38.372458912885946
-38.33000649573141
-38.28755029092545
-38.24509030908899
-38.20262744977897
-38.16016171502346
-38.11769150014347
-38.075218237095754
-38.032742110228455
-37.990262593176176
-37.947778964786465
-37.90529248419327
-37.862803153414944
-37.820309739904786
-37.777812943949286
-37.73531330941144
-37.69281066945381
-37.65030359647771
-37.60779369651216
-37.5652809715662
-37.522764548709
-37.4802444216259
-37.43772148114201
-37.395195729260486
-37.35266559161108
-37.31013247386773
-37.26759655629317
-37.22505731327611
-37.18251405653024
-37.139968011509936
-37.09741918020896
-37.054866335866485
-37.0123102016259
-36.96975129264847
-36.927189418564
-36.88462323330721
-36.842054284847706
-36.79948257517011
-36.756907213170194
-36.71432826340177
-36.671746563936395
-36.62916211675291
-36.58657333485659
-36.54398168374563
-36.501387296424824
-36.458789605709285
-36.41618804107375
-36.373583751727224
-36.33097673963931
-36.288365742347736
-36.24575158906595
-36.203134724528866
-36.56404346063027
-36.52011731105297
-36.47619116147568
-36.43226501189839
-36.38833886232109
-36.3444127127438
-36.3004865631665
-36.256560413589206
-36.21263426401191
-36.16870811443461
-36.12478196485732
-36.08085581528002
-36.03692966570273
-35.99300351612543
-35.94907736654814
-35.905151216970836
-35.86122506739355
-35.81729891781625
-35.77337276823896
-35.72944661866166
-35.685520469084366
-35.64159431950707
-35.597668169929776
-35.55374202035248
-35.50981587077519
-35.46588972119788
-35.421963571620594
-35.37803742204329
-35.334111272466004
-35.29018512288871
-35.24625897331141
-35.20233282373412
-35.15840667415682
-35.11448052457953
-35.07055437500223
-35.02662822542493
-34.98270207584765
-34.938775926270345
-34.89484977669305
-34.850923627115755
-34.80699747753847
-34.76307132796117
-34.71914517838387
-34.67521902880657
-34.63129287922928
-34.58736672965198
-34.54344058007469
-34.49951443049739
-34.4555882809201
-34.4116621313428
-34.36773598176551
-34.32380983218822
-34.279883682610915
-34.23595753303362
-34.192031383456325
-34.148105233879036
-34.10417908430174
-34.060252934724446
-34.01632678514714
-33.972400635569855
-33.92847448599256
-33.884548336415264
-33.84062218683797
-33.796696037260666
-33.75276988768337
-33.708843738106076
-33.66491758852879
-33.62099143895149
-33.57706528937419
-33.5331391397969
-33.489212990219606
-33.44528684064231
-33.401360691065015
-33.35743454148773
-33.313508391910425
-33.26958224233313
-33.225656092755834
-33.18172994317854
-33.13780379360125
-33.09387764402394
-33.04995149444665
-33.00602534486936
-32.96209919529206
-32.91817304571477
-32.874246896137464
-32.830320746560176
-32.78639459698288
-32.742468447405585
-32.6985422978283
-32.654616148251
-32.6106899986737
-32.566763849096404
-32.522837699519116
-32.47891154994182
-32.434985400364525
-32.39105925078724
-32.34713310120993
-32.30320695163263
-32.259280802055336
-32.21535465247805
-32.17142850290075
-32.12750235332345
-32.08357620374616
-32.03965005416886
-31.99572390459157
-31.951797755014276
-31.907871605436974
-31.863945455859685
-31.82001930628239
-31.776093156705095
-31.7321670071278
-31.688240857550507
-31.6443147079732
-31.600388558395906
-31.556462408818618
-31.512536259241323
-31.46861010966402
-31.424683960086725
-31.380757810509436
-31.336831660932134
-31.292905511354846
-31.248979361777554
-31.205053212200248
-31.16112706262296
-31.117200913045664
-31.07327476346837
-31.029348613891077
-30.985422464313782
-30.941496314736483
-30.897570165159188
-30.853644015581892
-30.8097178660046
-30.765791716427294
-30.721865566850006
-30.67793941727271
-30.634013267695416
-30.59008711811812
-30.546160968540825
-30.50223481896353
-30.458308669386234
-30.414382519808942
-30.370456370231643
-30.32653022065435
-30.282604071077056
-30.23867792149976
-30.194751771922466
-30.15082562234517
-30.10689947276787
-30.06297332319058
-30.01904717361328
-29.975121024035985
-29.931194874458694
-29.887268724881395
-29.843342575304103
-29.799416425726807
-29.75549027614951
-29.711564126572217
-29.667637976994918
-29.623711827417626
-29.57978567784033
-29.535859528263035
-29.49193337868574
-29.448007229108445
-29.40408107953115
-29.36015492995385
-29.316228780376562
-29.272302630799263
-29.22837648122197
-29.184450331644673
-29.140524182067377
-29.096598032490082
-29.052671882912787
-29.00874573333549
-28.9648195837582
-28.9208934341809
-28.87696728460361
-28.83304113502631
-28.789114985449014
-28.74518883587172
-28.701262686294424
-28.657336536717132
-28.613410387139833
-28.56948423756254
-28.52555808798524
-28.48163193840795
-28.43770578883065
-28.393779639253356
-28.34985348967606
-28.305927340098766
-28.262001190521474
-28.218075040944175
-28.174148891366883
-28.130222741789588
-28.086296592212292
-28.042370442634997
-27.9984442930577
-27.954518143480406
-27.910591993903108
-27.866665844325812
-27.82273969474852
-27.77881354517122
-27.73488739559393
-27.690961246016634
-27.64703509643934
-27.60310894686204
-27.559182797284745
-27.515256647707453
-27.471330498130158
-27.427404348552862
-27.383478198975567
-27.33955204939827
-27.295625899820976
-27.25169975024368
-27.207773600666393
-27.16384745108909
-27.119921301511795
-27.0759951519345
-27.032069002357204
-26.988142852779916
-26.944216703202613
-26.900290553625318
-26.856364404048023
-26.812438254470727
-26.768512104893432
-26.724585955316144
-26.68065980573885
-26.636733656161546
-26.59280750658425
-26.548881357006955
-26.504955207429667
-26.461029057852365
-26.417102908275076
-26.37317675869778
-26.329250609120486
-26.285324459543183
-26.241398309965895
-26.197472160388592
-26.153546010811297
-26.109619861234002
-26.065693711656714
-26.02176756207941
-25.977841412502123
-25.933915262924828
-25.889989113347532
-25.846062963770237
-25.80213681419294
-25.758210664615653
-25.71428451503835
-25.670358365461055
-25.62643221588376
-25.582506066306465
-25.53857991672917
-25.494653767151874
-25.45072761757458
-25.406801467997276
-25.362875318419988
-25.318949168842686
-25.275023019265397
-25.231096869688102
-25.187170720110807
-25.14324457053351
-25.099318420956216
-25.055392271378928
-25.011466121801625
-24.967539972224337
-24.92361382264704
-24.87968767306974
-24.83576152349245
-24.79183537391515
-24.74790922433786
-24.703983074760558
-24.66005692518327
-24.616130775605974
-24.57220462602868
-24.528278476451376
-24.48435232687408
-24.440426177296786
-24.396500027719497
-24.352573878142195
-24.308647728564907
-24.26472157898761
-24.220795429410316
-24.17686927983302
-24.13294313025572
-24.089016980678434
-24.045090831101128
-24.001164681523843
-23.957238531946537
-23.91331238236925
-23.86938623279195
-23.825460083214658
-23.781533933637363
-23.737607784060067
-23.693681634482772
-23.649755484905473
-23.60582933532818
-23.561903185750882
-23.51797703617359
-23.474050886596295
-23.430124737019
-23.386198587441704
-23.34227243786441
-23.29834628828711
-23.254420138709822
-23.21049398913252
-23.16656783955523
-23.12264168997793
-23.078715540400637
-23.03478939082334
-22.990863241246046
-22.94693709166875
-22.903010942091456
-22.859084792514164
-22.815158642936865
-22.771232493359573
-22.727306343782274
-22.68338019420498
-22.639454044627684
-22.595527895050388
-22.551601745473093
-22.507675595895797
-22.463749446318502
-22.41982329674121
-22.37589714716392
-22.331970997586616
-22.288044848009324
-22.244118698432025
-22.20019254885473
-22.156266399277435
-22.11234024970014
-22.068414100122848
-22.024487950545552
-21.980561800968257
-21.936635651390965
-21.892709501813663
-21.848783352236367
-21.804857202659072
-21.76093105308178
-21.717004903504485
-21.67307875392719
-21.629152604349894
-21.585226454772602
-21.5413003051953
-21.49737415561801
-21.45344800604071
-21.409521856463417
-21.365595706886126
-21.321669557308827
-21.27774340773153
-21.23381725815424
-21.18989110857694
-21.14596495899965
-21.102038809422346
-21.058112659845055
-21.014186510267763
-20.970260360690464
-20.926334211113172
-20.882408061535877
-20.838481911958578
-20.794555762381286
-20.75062961280399
-20.706703463226695
-20.6627773136494
-20.6188511640721
-20.57492501449481
-20.530998864917514
-20.48707271534022
-20.443146565762923
-20.399220416185628
-20.355294266608333
-20.311368117031037
-20.26744196745374
-20.223515817876446
-20.17958966829915
-20.135663518721856
-20.09173736914456
-20.047811219567265
-20.00388506998997
-19.959958920412674
-19.91603277083538
-19.872106621258084
-19.82818047168079
-19.784254322103493
-19.740328172526198
-19.696402022948902
-19.652475873371607
-19.608549723794315
-19.564623574217016
-19.52069742463972
-19.476771275062426
-19.43284512548513
-19.388918975907835
-19.344992826330543
-19.301066676753244
-19.257140527175952
-19.213214377598657
-19.169288228021358
-19.125362078444063
-19.081435928866767
-19.037509779289476
-18.99358362971218
-18.949657480134885
-18.90573133055759
-18.86180518098029
-18.817879031402995
-18.773952881825704
-18.73002673224841
-18.686100582671113
-18.642174433093817
-18.598248283516522
-18.554322133939227
-18.510395984361935
-18.46646983478464
-18.42254368520734
-18.37861753563005
-18.33469138605275
-18.290765236475455
-18.24683908689816
-18.202912937320868
-18.158986787743572
-18.115060638166277
-18.071134488588978
-18.027208339011683
-17.983282189434387
-17.939356039857095
-17.895429890279804
-17.851503740702505
-17.80757759112521
-17.763651441547914
-17.71972529197062
-17.67579914239332
-17.631872992816024
-17.587946843238733
-17.544020693661437
-17.500094544084142
-17.45616839450685
-17.41224224492955
-17.368316095352256
-17.324389945774964
-17.280463796197665
-17.236537646620373
-17.192611497043075
-17.14868534746578
-17.104759197888487
-17.06083304831119
-17.016906898733897
-16.972980749156605
-16.929054599579302
-16.88512845000201
-16.841202300424712
-16.797276150847416
-16.753350001270128
-16.70942385169283
-16.665497702115534
-16.621571552538242
-16.577645402960943
-16.533719253383648
-16.48979310380635
-16.445866954229057
-16.401940804651765
-16.358014655074467
-16.31408850549717
-16.27016235591988
-16.22623620634258
-16.18231005676529
-16.13838390718799
-16.094457757610694
-16.050531608033403
-16.006605458456104
-15.96267930887881
-15.918753159301515
-15.87482700972422
-15.830900860146924
-15.786974710569627
-15.743048560992333
-15.699122411415038
-15.655196261837741
-15.611270112260447
-15.567343962683154
-15.523417813105857
-15.479491663528563
-15.435565513951268
-15.39163936437397
-15.347713214796675
-15.30378706521938
-15.259860915642086
-15.215934766064791
-15.172008616487496
-15.128082466910199
-15.084156317332905
-15.04023016775561
-14.996304018178314
-14.952377868601017
-14.908451719023724
-14.864525569446428
-14.820599419869133
-14.776673270291838
-14.732747120714546
-14.68882097113725
-14.644894821559951
-14.600968671982656
-14.55704252240536
-14.513116372828065
-14.46919022325077
-14.425264073673478
-14.381337924096183
-14.337411774518888
-14.293485624941592
-14.249559475364293
-14.205633325786998
-14.161707176209706
-14.11778102663241
-14.073854877055116
-14.02992872747782
-13.986002577900525
-13.94207642832323
-13.898150278745934
-13.854224129168639
-13.810297979591343
-13.766371830014048
-13.722445680436753
-13.678519530859457
-13.634593381282162
-13.59066723170487
-13.546741082127575
-13.50281493255028
-13.458888782972984
-13.414962633395689
-13.371036483818393
-13.327110334241098
-13.2831841846638
-13.239258035086504
-13.195331885509209
-13.151405735931913
-13.107479586354618
-13.063553436777323
-13.019627287200027
-12.975701137622735
-12.93177498804544
-12.887848838468145
-12.84392268889085
-12.799996539313554
-12.756070389736259
-12.712144240158965
-12.66821809058167
-12.624291941004374
-12.580365791427079
-12.536439641849778
-12.492513492272487
-12.448587342695188
-12.404661193117896
-12.3607350435406
-12.316808893963305
-12.27288274438601
-12.228956594808714
-12.18503044523142
-12.141104295654126
-12.097178146076832
-12.053251996499535
-12.00932584692224
-11.965399697344946
-11.92147354776765
-11.877547398190357
-11.833621248613062
-11.789695099035765
-11.745768949458466
-11.70184279988117
-11.657916650303875
-11.61399050072658
-11.570064351149288
-11.526138201571992
-11.482212051994695
-11.4382859024174
-11.394359752840106
-11.350433603262811
-11.306507453685516
-11.262581304108222
-11.218655154530927
-11.17472900495363
-11.130802855376336
-11.08687670579904
-11.042950556221745
-10.999024406644446
-10.955098257067153
-10.911172107489858
-10.867245957912562
-10.823319808335267
-10.779393658757972
-10.735467509180676
-10.69154135960338
-10.647615210026085
-10.60368906044879
-10.559762910871497
-10.515836761294201
-10.47191061171691
-10.427984462139612
-10.384058312562317
-10.340132162985023
-10.296206013407728
-10.252279863830427
-10.208353714253132
-10.164427564675838
-10.120501415098541
-10.076575265521246
-10.032649115943954
-9.988722966366657
-9.944796816789362
-9.90087066721207
-9.856944517634773
-9.813018368057477
-9.769092218480186
-9.725166068902888
-9.681239919325593
-9.6373137697483
-9.593387620171004
-9.549461470593709
-9.505535321016414
-9.461609171439115
-9.41768302186182
-9.373756872284522
-9.32983072270723
-9.285904573129935
-9.241978423552638
-9.198052273975346
-9.15412612439805
-9.110199974820754
-9.066273825243458
-9.022347675666165
-8.97842152608887
-8.934495376511574
-8.89056922693428
-8.846643077356985
-8.802716927779688
-8.758790778202396
-8.714864628625095
-8.670938479047802
-8.627012329470505
-8.583086179893211
-8.539160030315916
-8.495233880738619
-8.451307731161325
-8.40738158158403
-8.363455432006734
-8.319529282429441
-8.275603132852146
-8.231676983274848
-8.187750833697557
-8.143824684120261
-8.099898534542966
-8.05597238496567
-8.012046235388375
-7.968120085811076
-7.924193936233781
-7.880267786656486
-7.83634163707919
-7.792415487501897
-7.748489337924601
-7.704563188347306
-7.6606370387700125
-7.616710889192717
-7.572784739615422
-7.528858590038126
-7.484932440460831
-7.441006290883537
-7.397080141306241
-7.353153991728946
-7.3092278421516514
-7.265301692574356
-7.221375542997061
-7.177449393419762
-7.1335232438424665
-7.089597094265173
-7.045670944687876
-7.001744795110582
-6.957818645533288
-6.9138924959559915
-6.869966346378697
-6.826040196801403
-6.782114047224106
-6.738187897646812
-6.694261748069518
-6.650335598492221
-6.606409448914928
-6.562483299337632
-6.518557149760339
-6.474631000183043
-6.430704850605744
-6.386778701028448
-6.342852551451153
-6.2989264018738576
-6.255000252296563
-6.211074102719268
-6.167147953141974
-6.123221803564679
-6.0792956539873835
-6.03536950441009
-5.991443354832794
-5.947517205255499
-5.903591055678203
-5.8596649061009085
-5.815738756523613
-5.771812606946318
-5.727886457369024
-5.683960307791724
-5.640034158214428
-5.596108008637134
-5.552181859059838
-5.508255709482544
-5.4643295599052495
-5.420403410327955
-5.37647726075066
-5.332551111173364
-5.288624961596069
-5.2446988120187745
-5.200772662441479
-5.156846512864185
-5.112920363286889
-5.068994213709595
-5.0250680641323
-4.981141914555004
-4.93721576497771
-4.893289615400411
-4.8493634658231155
-4.80543731624582
-4.761511166668526
-4.7175850170912295
-4.673658867513936
-4.6297327179366405
-4.585806568359345
-4.541880418782051
-4.4979542692047545
-4.45402811962746
-4.4101019700501665
-4.36617582047287
-4.322249670895577
-4.278323521318281
-4.234397371740986
-4.1904712221636915
-4.146545072586392
-4.102618923009096
-4.058692773431801
-4.0147666238545066
-3.970840474277211
-3.926914324699916
-3.8829881751226214
-3.839062025545326
-3.7951358759680316
-3.7512097263907367
-3.7072835768134413
-3.6633574272361464
-3.619431277658852
-3.5755051280815566
-3.531578978504262
-3.4876528289269673
-3.443726679349672
-3.3998005297723717
-3.3558743801950772
-3.3119482306177828
-3.2680220810404874
-3.2240959314631925
-3.1801697818858976
-3.1362436323086023
-3.092317482731308
-3.0483913331540125
-3.004465183576718
-2.9605390339994226
-2.9166128844221273
-2.872686734844833
-2.828760585267538
-2.784834435690243
-2.740908286112948
-2.6969821365356537
-2.6530559869583583
-2.609129837381058
-2.565203687803763
-2.5212775382264683
-2.4773513886491734
-2.4334252390718785
-2.3894990894945836
-2.3455729399172887
-2.3016467903399933
-2.2577206407626984
-2.2137944911854035
-2.169868341608109
-2.1259421920308137
-2.082016042453519
-2.038089892876224
-1.9941637432989288
-1.950237593721634
-1.9063114441443394
-1.862385294567039
-1.8184591449897445
-1.7745329954124494
-1.7306068458351542
-1.6866806962578593
-1.6427545466805646
-1.5988283971032695
-1.5549022475259746
-1.51097609794868
-1.4670499483713848
-1.4231237987940897
-1.379197649216795
-1.3352714996394999
-1.2913453500622052
-1.24741920048491
-1.2034930509076154
-1.1595669013303203
-1.1156407517530254
-1.0717146021757253
-1.0277884525984304
-0.9838623030211354
-0.9399361534438404
-0.8960100038665455
-0.8520838542892507
-0.8081577047119557
-0.7642315551346608
-0.7203054055573658
-0.6763792559800709
-0.6324531064027759
-0.5885269568254811
-0.544600807248186
-0.5006746576708911
-0.45674850809359624
-0.4128223585163012
-0.3688962089390063
-0.3249700593617063
-0.2810439097844114
-0.23711776020711645
-0.19319161062982154
-0.14926546105252658
-0.10533931147523165
-0.06141316189793672
