0.004302928749500696
0.14163850772561332
0.27897408670183277
0.4163096656779453
0.5536452446541648
0.6909808236302775
0.8283164026064967
0.9656519815826096
1.1029875605588289
1.2403231395349414
1.377658718511161
1.5149942974872737
1.652329876463493
1.7896654554396054
1.927001034415825
2.0643366133920447
2.2016721923681573
2.3390077713443764
2.4763433503204895
2.6136789292967086
2.751014508272821
2.8883500872490404
3.0256856662251526
3.1630212452013726
3.3003568241774843
3.4376924031537044
3.5750279821298165
3.7123635611060366
3.849699140082256
3.987034719058368
4.124370298034588
4.2617058770107015
4.399041455986919
4.536377034963032
4.6737126139392515
4.811048192915364
4.948383771891583
5.085719350867697
5.223054929843917
5.3603905088200285
5.497726087796248
5.635061666772467
5.77239724574858
5.909732824724799
6.047068403700913
6.18440398267713
6.321739561653244
6.459075140629464
6.596410719605576
6.733746298581795
6.871081877557908
7.0084174565341275
7.145753035510241
7.283088614486459
7.420424193462573
7.557759772438791
7.695095351415013
7.832430930391124
7.969766509367344
8.107102088343456
8.244437667319676
8.381773246295788
8.519108825272008
8.65644440424812
8.79377998322434
8.931115562200452
9.068451141176672
9.205786720152785
9.343122299129003
9.480457878105224
9.617793457081333
9.755129036057554
9.892464615033667
10.029800194009887
10.167135772985999
10.304471351962219
10.441806930938332
10.579142509914552
10.716478088890664
10.853813667866884
10.991149246842996
11.128484825819214
11.265820404795434
11.403155983771548
11.540491562747768
11.677827141723878
11.815162720700098
11.952498299676211
12.08983387865243
12.227169457628543
12.364505036604761
12.501840615580877
12.639176194557095
12.776511773533205
12.913847352509425
13.051182931485648
13.188518510461758
13.325854089437978
13.463189668414088
13.600525247390312
13.737860826366422
13.875196405342642
14.012531984318754
14.149867563294974
14.287203142271087
14.424538721247307
14.561874300223419
14.69920987919964
14.836545458175753
14.973881037151969
15.11121661612819
15.248552195104303
15.385887774080523
15.523223353056633
15.660558932032853
15.79789451100897
15.935230089985186
16.072565668961296
16.209901247937516
16.34723682691363
16.48457240588985
16.621907984865963
16.759243563842183
16.896579142818403
17.033914721794513
17.171250300770733
17.308585879746847
17.445921458723063
17.583257037699177
17.7205926166754
17.85792819565151
17.99526377462773
18.132599353603947
18.020959852355
18.155746601337036
18.290495876523064
18.42520741452571
18.559880372011744
18.69451066958503
18.8291023814579
18.963655244919995
19.098168997416657
19.23264337654995
19.367076231763935
19.50146589058943
19.635815330916763
19.77012429105281
19.904392509466447
20.038619724789534
20.172802432463797
20.30694146265374
20.441038648135805
20.5750937282742
20.709106442601357
20.843076530818895
20.976999097377593
21.11087755127499
21.244712541096835
21.378503807304376
21.512251090533255
21.64595382555884
21.77960661709799
21.913214590869345
22.046777488291
22.180295050960567
22.313767020656122
22.447191600322796
22.580565659403014
22.71389329461446
22.847174248544444
22.980408263965842
23.113595083838035
23.24673167141046
23.3798171790064
23.512854664182615
23.64584387073417
23.77878454264768
23.91167642410224
24.044515241853574
24.177302427195848
24.31003999936126
24.442727703390748
24.575365284522757
24.707952488194053
24.840483819254665
24.9729629613556
25.105390907557343
25.23776740418441
25.370092197764603
25.502365035029925
25.63457922520939
25.766740654370192
25.898849313182318
26.030904949291052
26.162907310550736
26.294855420229382
26.42674360460721
26.558577703905854
26.690357466914215
26.822082642635078
26.953752980286012
27.085366584378498
27.21691943480707
27.348416641566526
27.479857954833903
27.61124312500578
27.74257190269911
27.87384153412243
28.005049534684986
28.13620034192124
28.267293707432245
28.398329383044118
28.529307120808916
28.66022338187627
28.791077073550394
28.92187203139986
29.052608008485066
29.183284758096967
29.313902033757913
29.4444555978613
29.574945579928492
29.70537529705428
29.83574450379323
29.966052954935876
30.096300405509552
30.22648201877167
30.356598950205452
30.486654095182075
30.6166472097846
30.746578050337412
30.876446373406942
31.00624685630172
31.135981457133763
31.26565275980989
31.395260521975473
31.52480450152239
31.65428445658987
31.78369470553119
31.91303775819516
32.042316011033975
32.171529223288545
32.300677154451435
32.4297595642677
32.55877055316563
32.68771290381828
32.81658896321501
32.94539849222494
33.07414125197395
33.20281700384546
33.33141978562951
33.45995234544864
33.58841713302488
33.71681391088775
33.84514244182846
33.97340248890072
34.10158819700965
34.22970194346852
34.35774644734306
34.48572147285469
34.61362678449149
34.741462147008846
34.86922199684639
34.99690797496433
35.124523250999964
35.25206759089763
35.37954076087313
35.506942527414395
35.63426781777053
35.76151714133927
35.88869431436541
36.01579910454659
36.142831279856644
36.26979060854627
36.39667272298361
36.523476575769145
36.65020684077978
36.77686328749631
36.90344568568032
37.02995380537491
37.1563842135797
37.28273385049917
37.40900847382595
37.535207854853205
37.661331765159424
37.7873799766091
37.91335023570654
38.039236983979976
38.16504730444005
38.29078097022089
38.416437754746376
38.54201743173082
38.66751918756413
38.79293444784083
38.91827187785917
39.043531252622266
39.16871234742731
39.29381493786623
39.41883879982644
39.54377517369831
39.66863120040432
39.79340778325673
39.918104699453366
40.04272172649096
40.16725864216596
40.29170855979891
40.41607474609687
40.54036011209057
40.664564436905
40.78868749996833
40.91272908101247
41.036684477493786
41.160552463107216
41.28433826427916
41.40804166208789
41.53166243791885
41.65520037346527
41.77865327754438
41.90201478003373
42.025292746419595
42.14848695975886
42.27159720341959
42.394623261081534
42.517564916736795
42.64041261201123
42.76317455263224
42.88585140318085
43.0084429490323
43.13094897587743
43.25336926972321
43.37569736664716
43.497935170470164
43.620086560005184
43.742151322658735
43.86412924615659
43.98602011854441
44.10782094978489
44.22952658665509
44.35114449798059
44.47267447322245
44.594116302164664
44.71546977491469
44.836734681904076
44.95790129263911
45.078977790487464
45.199965056175785
45.3208628815689
45.4416710588586
45.56238938056421
45.68301228999096
45.803539521896724
45.923976238831315
46.044322234762255
46.16457730398744
46.284741241135805
46.404813095606166
46.524783292752545
46.64466170551686
46.7644481299906
46.88414236259902
47.00374420010161
47.12325343959259
47.242663224777786
47.36197566255329
47.48119485830301
47.60032061060001
47.719352718354784
47.83829098081573
47.95713396570204
48.075872843054825
48.194517238324096
48.31306695225058
48.43152178591549
48.54988154074107
48.66814601849104
48.78630851155073
48.90437062084793
49.02233682473038
49.14020692646914
49.25798072967925
49.37565803832012
49.49323846842879
49.610710893253426
49.728086202526
49.84536420172577
49.96254469667882
50.07962749355855
50.196612398886046
50.31349448374057
50.430271601639106
50.54695021560016
50.663530133678535
50.78001116427906
50.896393116157036
51.01267579841865
51.12885008361542
51.244922118212855
51.36089427948012
51.47676637807038
51.59253822498981
51.708209631598216
51.82377925939439
51.939237609711654
52.05459492354183
52.16985101380253
52.28500569376699
52.40005877706444
52.51501007768053
52.6298549439138
52.744590409592476
52.859223505212974
52.9737540463309
53.08818184886036
53.20250672907419
53.31672850360438
53.43083963906627
53.54484284431324
53.658742365362514
53.77253802042756
53.88622962808298
53.99981700726477
54.113299977270785
54.22666858461676
54.3399302955809
54.45308702777785
54.56613860209774
54.679084839794314
54.79192556248534
54.90466059215281
55.01727804676451
55.12978917248636
55.242194044572265
55.354492486606794
55.46668432254057
55.57876937669053
55.69074639659384
55.80260532450643
55.91435691781042
56.026001002433546
56.13753740467159
56.248965951188566
56.3602864690171
56.4714969248069
56.58258875557547
56.69357201390491
56.804446528447784
56.915212128226756
57.025868642634876
57.13641590143587
57.246851665522485
57.35716772195504
57.46737398815006
57.577470295499694
57.687456475768215
57.79733236109225
57.907097783981094
58.0167509040503
58.12628265497157
58.23570341799004
58.34501302725133
58.45421131727498
58.563298122954784
58.67227327955899
58.78113597904333
58.88987503996668
58.99850193554872
59.107016502701285
59.21541857871188
59.323708001244015
59.431884608337256
59.53994823840763
59.647887420551704
59.75571223182772
59.86342356032647
59.971021246115086
60.07850512963826
60.185875051718405
60.29313085355586
60.40026340244654
60.50727806048938
60.61417810180912
60.72096336926319
60.82763370608804
60.93418895589926
61.04062896269178
61.146947656905795
61.25314424122729
61.35922509535182
61.46519006493682
61.57103899602001
61.67677173501956
61.78238812873428
61.88788592373526
61.99325666272748
62.0985105785835
62.20364751976938
62.308667335132725
62.4135698739027
62.51835498569031
62.623022520488426
62.72756228522333
62.83198166105955
62.93628299269265
63.040466131787625
63.144530930392115
63.24847724093659
63.352304916234445
63.456009142647716
63.55958652635981
63.66304481698037
63.76638386899841
63.869603537286565
63.97270367710112
64.07568414408217
64.17854479425377
64.28127443378771
64.38388240189377
64.48637010602302
64.58873740387851
64.69098415354779
64.79311021350296
64.89511544260073
64.99699571967483
65.0987462339329
65.20037547956164
65.30188331709913
65.40326960746857
65.50453421197835
65.60567699232209
65.70669781057879
65.80758787769781
65.9083517045654
66.00899314227432
66.10951205458692
66.20990830565125
66.31018176000114
66.41033228255613
66.51035973862172
66.61025157465981
66.71001982349632
66.80966458947762
66.90918573959391
67.00858314122144
67.10785666212256
67.20700617044595
67.30602896218744
67.40491738361503
67.50368138550685
67.60232083769668
67.7008356104047
67.79922557423738
67.89749060018767
67.99563055963489
68.09364092385427
68.19151769439766
68.28926900218322
68.38689472027545
68.48439472212537
68.58176888157038
68.67901707283451
68.77613917052821
68.87312984542598
68.96998671275632
69.06671710095702
69.16332088632305
69.25979794553578
69.35614815566308
69.45237139415924
69.54846753886497
69.64443152537999
69.74026045870454
69.83596192336287
69.93153579887883
70.02698196516248
70.12230030251018
70.21749069160457
70.31255301351443
70.40748357427995
70.50227676409976
70.5969415225261
70.6914777323089
70.78588527658394
70.88016403887303
70.97431390308377
71.06833475350962
71.1622254116861
71.25597526946345
71.34959575989316
71.44308676894697
71.53644818298227
71.6296798887418
71.72278177335377
71.81575372433157
71.90859562957401
72.00129742005626
72.09386630121827
72.18630479499294
72.2786127909536
72.3707901790585
72.46283684965059
72.55475269345746
72.64653760159135
72.7381864612206
72.82969661181981
72.92107549568264
73.01232300559187
73.1034390347144
73.19442347660103
73.28527622518648
73.37599717478923
73.46658622011144
73.55703195112054
73.6473443497435
73.73752452485967
73.82757237283658
73.91748779042489
74.0072706747581
74.09692092335268
74.18643843410769
74.27581936648596
74.36505862314978
74.45416483326065
74.54313789637767
74.63197771244211
74.72068418177699
74.80925720508709
74.89769668345885
74.98600251836021
75.0741673621927
75.16219319482836
75.25008508702365
75.33784294189996
75.42546666295934
75.51295615408435
75.60031131953797
75.68753206396343
75.77461829238408
75.86156064544672
75.94836519743495
76.03503494813495
76.12156980421624
76.20796967272737
76.2942344610961
76.38036407712896
76.46635842901124
76.55221742530676
76.63793124283615
76.72350696208548
76.8089470520891
76.89425142304894
76.9794199855445
77.06445265053264
77.14934932934744
77.23410993370001
77.31873437567826
77.40321396717005
77.4875536045529
77.57175681745981
77.6558235196081
77.73975362509088
77.8235470483768
77.90720370430992
77.99072350810947
78.0741063753697
78.15734640120334
78.24044300886285
78.32340242936662
78.40622457992895
78.48890937813783
78.57145674195498
78.65386658971548
78.73613884012761
78.81827341227265
78.90026888016854
78.98211580969917
79.06382482175484
79.1453958370268
79.22682877657805
79.30812356184312
79.3892801146278
79.47029835710896
79.55117821183434
79.6319196017223
79.71251537365494
79.79296765852465
79.87328125190491
79.95345607831229
80.03349206263259
80.11338913012071
80.19314720640035
80.27276621746371
80.35224608967144
80.43158674975214
80.51077731354489
80.58982749345027
80.66873824702776
80.74750950259173
80.82614118882321
80.90463323476962
80.98298556984452
81.06119812382735
81.13927082686322
81.21720284958681
81.29498391725339
81.37262493090451
81.45012582225897
81.52748652339974
81.60470696677363
81.68178708519109
81.75872681182588
81.83552608021482
81.91218482425757
81.9887025433888
82.06506844028591
82.14129362200384
82.21737802400217
82.29332158210156
82.36912423248361
82.4447859116907
82.52030655662544
82.59568610455058
82.67092449308865
82.74602166022173
82.82096813859226
82.89577121472986
82.97043289193005
83.04495310971886
83.11933180798016
83.1935689269554
83.26766440724327
83.3416181897994
83.41543021593611
83.48910042732203
83.5626242291343
83.63599931432707
83.7092324192132
83.78232348699015
83.85527246120996
83.92807928577899
84.00074390495757
84.07326626335976
84.14564630595294
84.21788397805757
84.2899792253469
84.36192344199512
84.43372251105015
84.50537900273933
84.57689286424736
84.64826404310976
84.71949248721279
84.79057814479295
84.86152096443662
84.93232089507994
85.00297788600824
85.07349188685588
85.14385294157233
85.21406981062616
85.28414354989076
85.35407411049394
85.42386144391058
85.49350550196232
85.56300623681717
85.63236360098928
85.70157754733847
85.77064802906997
85.83957499973407
85.90834988435239
85.97697886672225
86.0454642109889
86.11380587217745
86.18200380565602
86.25005796713556
86.31796831266931
86.38573479865263
86.45335738182253
86.52083601925733
86.58817066837639
86.65535693270313
86.72239283261969
86.78928462968271
86.8560322827671
86.92263575108657
86.98909499419355
87.05540997197862
87.12158064467022
87.18760697283432
87.25348891737407
87.31922643952936
87.38481950087645
87.45026028658056
87.5155538681044
87.58070288769957
87.6457073083763
87.71056709347907
87.77528220668631
87.83985261200999
87.90427827379533
87.96855915672037
88.03269522579549
88.09668644636318
88.16053278409774
88.22422632973012
88.2877725670417
88.35117383359841
88.41443009648614
88.47754132312016
88.54050748124496
88.60332853893377
88.66600446458816
88.72853522693771
88.79092079503961
88.85316113827821
88.9152562263647
88.97720145600705
89.03899593105683
89.1006450760073
89.1621488619584
89.22350726033473
89.28472024288496
89.34578778168165
89.4067098491207
89.4674864179211
89.52811746112438
89.5886029520943
89.6489428645165
89.7091371723979
89.76917826429458
89.8290715162193
89.88881910244467
89.94842099834109
90.00787717959815
90.06718762222414
90.12635230254565
90.18537119720719
90.2442442831708
90.30297153771559
90.36155293843734
90.41998846324817
90.47827809037597
90.53641522193652
90.59440347188382
90.65224577650407
90.70994211536275
90.76749246833883
90.82489681562447
90.88215513772442
90.93926741545576
90.99623362994743
91.05305376263979
91.10972779528424
91.1662557099428
91.22263748898766
91.27887165113829
91.33495185074534
91.39088588032948
91.44667372357395
91.50231536446978
91.55781078731539
91.6131599767161
91.66836291758382
91.72341959513652
91.77832999489783
91.83309410269659
91.88771190466655
91.94218338724569
91.99650853717614
92.05068617841904
92.10470965464131
92.1585867777356
92.21231753572596
92.26590191693802
92.31933990999849
92.37263150383471
92.42577668767423
92.47877545104437
92.53162778377185
92.58433367598225
92.63689311809962
92.68930610084601
92.74157261524118
92.79369265260192
92.84566147929178
92.89747988186184
92.94915180146938
93.0006772306818
93.05205616236111
93.10328858966363
93.1543745060395
93.20531390523207
93.25610678127772
93.30675312850525
93.35725294153545
93.40760621528071
93.4578129449445
93.50787312602101
93.55778675429464
93.6075510537892
93.65716323283266
93.70662886730847
93.7559479542195
93.80512049085637
93.854146474797
93.90302590390607
93.95175877633471
94.00034509051983
94.04878484518389
94.0970780393343
94.14522467226307
94.19322474354628
94.24107825304368
94.28878520089818
94.33634558753542
94.38375620041901
94.43101548722345
94.47812823571921
94.525094447516
94.57191412450356
94.61858726885146
94.66511388300846
94.7114939697022
94.75772753193863
94.80381457300166
94.84975509645254
94.8955491061296
94.94119660614759
94.98669760089741
95.03205209504551
95.07726009353357
95.12232160157777
95.16723173268296
95.21199267889739
95.2566071726737
95.30107522037498
95.34539682863652
95.38957200436519
95.43360075473898
95.47748308720668
95.52121900948723
95.56480852956938
95.60825165571124
95.65154839643974
95.69469876055015
95.73770275710571
95.78056039543715
95.82327168514207
95.86583663608471
95.90825525839531
95.95052100770582
95.99263981930011
96.03461235569667
96.07643862813302
96.11811864811006
96.15965242739173
96.20103997800447
96.24228131223671
96.28337644263851
96.32432538202103
96.36512814345605
96.40578474027555
96.44629518607113
96.48665949469371
96.5268776802529
96.56694975711665
96.60687573991072
96.64665564351822
96.68628939208597
96.72577041996571
96.76510543694562
96.8042944589761
96.84333750226233
96.8822345832637
96.9209857186934
96.95959092551786
96.99805022095646
97.03636362248082
97.07453114781451
97.11255281493254
97.15042864206083
97.18815864767575
97.22574285050374
97.26318126952067
97.30047392395156
97.3376208332699
97.3746220171974
97.41147749570331
97.44818728900415
97.48474706385483
97.52115928271081
97.5574259012542
97.59354694072229
97.62952242259676
97.66535236860332
97.7010368007114
97.73657574113331
97.77196921232411
97.80721723698105
97.84231983804291
97.87727703868975
97.91208886234242
97.94675533266187
97.98127647354892
98.01565230914363
98.04988286382496
98.08396816221017
98.11790822915437
98.15170308975009
98.18535276932677
98.21885729345031
98.25221339032649
98.28542194499175
98.31848544565634
98.35140391885807
98.3841773913685
98.41680589019253
98.44928944256802
98.48162807596508
98.51382181808572
98.54587069686346
98.57777474046267
98.60953397727832
98.64114843593524
98.6726181452879
98.70394313441972
98.73512343264281
98.7661590694972
98.79705007475079
98.8277964783984
98.85839831066158
98.88885560198818
98.91916838305167
98.94933668475075
98.979360538209
99.0092395517292
99.038969450964
99.06855502050703
99.09799629240064
99.12729329890925
99.15644607251892
99.18545464593694
99.21431905209135
99.24303932413035
99.27161549542191
99.30004759955332
99.32833567033063
99.35647974177832
99.38447984813865
99.41233602387125
99.44004830365276
99.46761672237616
99.49504131515053
99.52232211730026
99.54945916436492
99.57645249209853
99.60330213646927
99.63000813365878
99.65657052006199
99.68298933228638
99.70926460715162
99.73539638168913
99.76138469314151
99.78722840603837
99.81292543842775
99.83847914496965
99.86388956376402
99.88915673311962
99.91428069155315
99.9392614777891
99.9640991307592
99.98879368960182
100.01334519366164
100.03775368248915
100.06201919584014
100.0861417736752
100.11012145615932
100.13395828366146
100.15765229675398
100.18120353621217
100.20461204301384
100.22787785833883
100.2510010235686
100.27398158028556
100.2968195702729
100.31951503551383
100.3420680181913
100.36447856068744
100.38674670558319
100.40887249565773
100.43085597388801
100.45269718344836
100.47439616771001
100.49595297024055
100.51736763480349
100.53864020535786
100.55976974922515
100.58075461145114
100.6015975372203
100.62229857127784
100.64285775856185
100.6632751442028
100.6835507735232
100.70368469203696
100.72367694544911
100.74352757965524
100.76323664074101
100.78280417498178
100.802230228842
100.82151484897491
100.84065808222198
100.85965997561252
100.87852057636303
100.897239931877
100.9158180897443
100.93425509774073
100.9525510038275
100.97070585615096
100.98871970304194
101.00659259301538
101.02432457476985
101.04191569718711
101.0593660093316
101.07667556045004
101.09384439997092
101.11087257750415
101.1277601428404
101.1445071459508
101.16111363698649
101.17757966627806
101.19390528433512
101.21009054184593
101.22613548967684
101.24204017887192
101.25780466065231
101.27342898641614
101.28891320773768
101.30425737636702
101.3194615442298
101.33452459947539
101.3494463249298
101.3642282309413
101.37887037013115
101.39337279529366
101.40773555939546
101.42195871557516
101.43604231714292
101.44998641758005
101.46379107053839
101.47745632984007
101.49098224947682
101.50436888360973
101.5176162865687
101.53072451285195
101.54369361712577
101.55652365422372
101.5692146791466
101.58176674706166
101.5941799133023
101.60645423336763
101.61858976292196
101.63058655779443
101.64244467397847
101.65416416763149
101.66574509507427
101.6771875127906
101.68849147742687
101.69965704579153
101.71068427485477
101.72157322174797
101.73232394376319
101.742936498353
101.75341094312981
101.7637473358654
101.77394573449062
101.78400619709488
101.79392878192577
101.80371354738838
101.81336055204531
101.82286985461575
101.83224151397533
101.84147558915565
101.85057213934368
101.85953122388153
101.86835290226591
101.87703723414764
101.88558427933133
101.89399409777484
101.9022667495889
101.9104022950367
101.9184007945334
101.92626230864565
101.93398689809129
101.94157462373877
101.94902554660686
101.95633972786413
101.96351722882847
101.9705581109667
101.9774624358943
101.98423026537466
101.99086166131895
101.99735668578545
102.00371540097927
102.00993786925193
102.0160241531008
102.02197431516879
102.02778841824389
102.0334665252586
102.03900869928981
102.04441500355816
102.04968550142753
102.05482025640487
102.05981933213945
102.06468279242283
102.0694107011881
102.07400312250957
102.07846012060243
102.08278175982214
102.08696810466424
102.09101921976364
102.09493516989454
102.09871601996969
102.1023616892063
102.10587192781057
102.10924728540334
102.11248782742905
102.11559361946851
102.11856472723854
102.12140121659148
102.12410315351474
102.12667060413057
102.12910363469538
102.13140231159957
102.13356670136695
102.1355968706543
102.13749288625122
102.13925481507937
102.1408827241922
102.14237668077467
102.14373675214264
102.14496300574251
102.14605550915088
102.14701433007406
102.14783953634773
102.1485311959364
102.14908937693315
102.1495141475591
102.14980557616315
102.14996373122142
102.14998868133686
102.14988049523893
102.14963924178315
102.14926498995062
102.14875780884776
102.1481177677058
102.1473449358804
102.14643938285121
102.14540117822152
102.14423039171785
102.14292709318951
102.14149135260826
102.13992324006776
102.13822282578346
102.13639018009184
102.13442537345026
102.13232847643648
102.13009955974826
102.12773869420293
102.12524595073711
102.12262140040613
102.1198651143838
102.11697716396192
102.11395762054985
102.11080655567429
102.10752404097866
102.10411014822287
102.10056478607186
102.09688772351129
102.0930794766755
102.08914011781494
102.08506971929475
102.08086835359424
102.07653609330671
102.0720730111388
102.06747917991015
102.06275467255328
102.05789956211291
102.05291392174558
102.04779782471942
102.04255134441374
102.03717455431847
102.03166752803392
102.02603033927039
102.02026306184783
102.01436576969519
102.00833853685043
102.0021814374598
101.99589454577766
101.98947793616597
101.98293168309405
101.97625586113803
101.96945054498059
101.96251580941052
101.95545172932239
101.94825837971615
101.94093583569668
101.93348417247354
101.92590346536048
101.91819378977516
101.91035522123863
101.90238783537515
101.89429170791165
101.88606691467746
101.87771353160375
101.86923163472352
101.86062130017082
101.85188260418062
101.8430156230884
101.83402043332973
101.8248971114399
101.81564573405365
101.80626637790462
101.79675911982517
101.78712403674587
101.7773612056952
101.76747070379918
101.757452608281
101.74730699646062
101.73703394575443
101.72663353367491
101.71610583783021
101.70545093592378
101.69466890575413
101.68375982521428
101.67272377229159
101.66156082506724
101.6502710617159
101.63885456050551
101.62731139979668
101.61564165804256
101.60384541378833
101.5919227456709
101.57987373241852
101.5676984528505
101.55539698587677
101.54296941049756
101.53041580580299
101.51773625097286
101.50493082527609
101.49199960807059
101.47894267880264
101.46576011700684
101.45245200230555
101.43901841440854
101.42545943311275
101.41177513830186
101.397965609946
101.38403092810137
101.36997117290977
101.35578642459853
101.34147676347989
101.32704213662383
101.31248045256638
101.2977940778071
101.28298309303669
101.26804757902948
101.25298761664271
101.23780328681643
101.22249467057307
101.20706184901715
101.19150490333482
101.17582391479368
101.16001896474226
101.14409013460994
101.12803750590629
101.11186116022097
101.09556117922327
101.07913764466187
101.06259063836438
101.04592024223716
101.02912653826479
101.01220960850989
100.99516953511278
100.978006400291
100.96072028633913
100.94331127562845
100.92577945060648
100.9081248937968
100.89034768779858
100.87244791528633
100.85442565900965
100.8362810017927
100.81801402653403
100.79962481620619
100.78111345385541
100.76248002260132
100.74372460563649
100.72484728622631
100.70584814770848
100.68672727349272
100.66748474706066
100.64812065196506
100.62863507183005
100.60902809035034
100.58929979129113
100.56945025848776
100.5494788036585
100.52938374048291
100.50916767799691
100.4888307003607
100.46837289180307
100.44779433662129
100.4270951191805
100.40627532391359
100.38533503532076
100.36427433796939
100.34309331649347
100.32179205559356
100.30037064003619
100.27882915465385
100.25716768434438
100.2353863140709
100.21348512886135
100.1914642138083
100.16932365406848
100.14706353486258
100.12468394147503
100.10218495925346
100.07956667360855
100.05682917001373
100.03397253400479
100.01099685117967
99.98790220719806
99.96468868778123
99.9413563787115
99.91790536583215
99.8943357350471
99.87064757232042
99.8468409636763
99.8229159951985
99.79887275303027
99.77471038415314
99.75042690090366
99.7260253868264
99.7015059283504
99.67686861196283
99.65211352420856
99.62724075168973
99.60225038106567
99.5771424990526
99.55191719242308
99.52657454800595
99.50111465268603
99.4755375934038
99.44984345715491
99.42403233099026
99.39810430201543
99.3720594573904
99.34589788432947
99.31961967010072
99.29322490202591
99.26671366748006
99.24008605389125
99.21334214874031
99.18648203956053
99.15950581393739
99.13241355950821
99.1052053639619
99.07788131503884
99.05044150053025
99.02288600827828
98.99521306315037
98.96742201281648
98.93951553407283
98.91149371501592
98.88335664379191
98.85510440859608
98.82673709767246
98.7982547993138
98.76965760186123
98.74094559370383
98.7121188632785
98.68317749906973
98.6541215896091
98.62495122347525
98.59566648929352
98.5662674757356
98.53675427151934
98.5071269654085
98.47738564621238
98.4475304027857
98.41756132402816
98.38747849888428
98.35728201634309
98.3269719654379
98.29654843524608
98.26601151488856
98.2353612935298
98.20459332874796
98.17371187160708
98.1427173680623
98.11160990750594
98.08038957937242
98.04905647313821
98.01761067832146
97.98605228448174
97.95438138121978
97.92259805817721
97.89070240503631
97.85869451151979
97.82657446739047
97.79434236245098
97.76199828654366
97.7295423295502
97.69697458139129
97.66429513202664
97.63150407145443
97.59860148971114
97.56558747687153
97.53246212304799
97.49922551839062
97.46587775308683
97.43241467344639
97.39883958965092
97.36515360406416
97.33135680707878
97.29744928912356
97.2634311406632
97.22930245219806
97.19506331426388
97.16071381743158
97.12625405230699
97.0916841095306
97.0570040797773
97.02221405375626
96.98731412221045
96.95230437591658
96.91718490568492
96.88195580235877
96.84661715681452
96.81116905996126
96.77561160274053
96.73994487612616
96.704168971124
96.66828126453926
96.63228168953316
96.59617319856736
96.55995588283324
96.52362983355312
96.4871951419799
96.45065189939697
96.41400019711784
96.37724012648599
96.34037177887458
96.30339524568633
96.2663106183531
96.22911798833584
96.19181744712427
96.15440908623663
96.11689299721957
96.07926927164775
96.04153800112375
96.00369927727776
95.9657531917674
95.92769983627751
95.88953584052423
95.85126234762258
95.81288185029885
95.77439444040549
95.7358002098211
95.69709925045015
95.65829165422272
95.61937751309449
95.5803569190462
95.54122996408368
95.50199674023753
95.46265733956292
95.42321185413932
95.38366037607041
95.34400299748364
95.30423981053029
95.2643709073851
95.22439638024593
95.18431632133382
95.14413082289262
95.1038347277991
95.06343249777372
95.02292509651363
94.98231261641403
94.94159514989194
94.90077278938588
94.85984562735591
94.81881375628306
94.77767726866949
94.73643625703805
94.69509081393203
94.65364103191524
94.61208700357139
94.57042882150432
94.52866657833745
94.48680036671377
94.44483027929547
94.40275640876393
94.36057822556795
94.31829071520067
94.27589969228652
94.23340524964416
94.19080748011051
94.14810647654019
94.10530233180573
94.06239513879707
94.01938499042149
93.97627197960328
93.9330561992838
93.88973774242103
93.84631670198945
93.8027931709799
93.7591672423993
93.71543900927051
93.67160856463212
93.62767600153829
93.58364031307657
93.539497233623
93.4952523083751
93.450905630511
93.40645729322338
93.36190738971929
93.31725601322006
93.27250325696095
93.22764921419115
93.18269397817338
93.13763764218395
93.09248029951233
93.04722204346109
93.00186296734572
92.95640316449439
92.91084272824779
92.86518175195893
92.81942032899296
92.77355211195064
92.72758332590013
92.6815143677585
92.63534533100204
92.58907630911824
92.54270739560573
92.49623868397398
92.44967026774319
92.4030022404441
92.35623469561774
92.3093677268154
92.26240142759828
92.21533589153739
92.16817121221347
92.12090748321658
92.07354479814614
92.02608068969185
91.97851345755568
91.93084754551201
91.8830830472604
91.83522005650886
91.78725866697371
91.7391989723793
91.69104106645791
91.6427850429495
91.59443099560164
91.5459790181693
91.49742920441463
91.44878164810686
91.40003644302206
91.35119368294312
91.30225346165929
91.25321345609238
91.20407152453771
91.15483240940095
91.10549620456118
91.05606300390322
91.00653290131743
90.95690599069961
90.90718236595075
90.85736212097692
90.80744534968912
90.75743214600304
90.70732260383903
90.65711681712176
90.60681487978025
90.55641688574758
90.50592292896073
90.45532726524253
90.40463445455316
90.35384596007049
90.30296187581129
90.25198229579547
90.20090731404586
90.14973702458818
90.09847152145085
90.04711089866483
89.99565525026338
89.94410467028212
89.89245925275856
89.8407190917323
89.78888428124458
89.73695491533832
89.68492577316695
89.63280024206712
89.58058043566464
89.52826644807317
89.47585837340718
89.42335630578182
89.3707603393128
89.31807056811628
89.26528708630872
89.21240998800663
89.15943936732651
89.10637531838478
89.05321793529737
88.99996731217993
88.94662321736885
88.89317894602002
88.83964171575286
88.78601162074553
88.7322887551751
88.67847321321727
88.62456508904627
88.57056447683472
88.5164714707535
88.46228616497162
88.40800865365607
88.35363903097164
88.2991773910808
88.2446238281437
88.18997843631774
88.13523578486505
88.08039946219685
88.02547159272444
87.97045227065969
87.91534159021107
87.86013964558381
87.80484653097953
87.74946234059617
87.69398716862787
87.6384211092649
87.58276425669331
87.52701670509516
87.47117854864801
87.4152498815251
87.35922501323292
87.30310795747357
87.24690067395551
87.19060325689884
87.13421580051856
87.07773839902435
87.02117114662062
86.9645141375062
86.90776746587436
86.85093122591253
86.79400551180235
86.73699041771941
86.6798860378332
86.62269175995023
86.56540135531236
86.50802194849996
86.45055363372282
86.39299650518399
86.33535065707963
86.27761618359892
86.2197931789239
86.16188173722936
86.10388195268278
86.04579391944412
85.98761773166574
85.92935348349226
85.87100126906053
85.81255561170859
85.75401993564697
85.69539657764777
85.6366856318813
85.57788719250942
85.51900135368545
85.46002820955408
85.40096785425115
85.34182038190367
85.28258588662965
85.22326446253784
85.16385620372796
85.10436120429029
85.04477482624998
84.9850987473967
84.92533621282253
84.86548731664516
84.80555215297234
84.74553081590187
84.68542339952138
84.62522999790824
84.56495070512948
84.50458561524164
84.44413482229074
84.38359842031208
84.32297650333021
84.262263328971
84.20146272286533
84.1405768871927
84.07960591599921
84.01854990331972
83.9574089431776
83.89618312958476
83.83487255654134
83.77347731803584
83.71199750804493
83.65043322053326
83.58878454945348
83.52705079267868
83.46522563843772
83.40331638651085
83.34132313086722
83.27924596546333
83.21708498424304
83.1548402811375
83.09251195006497
83.0301000849307
82.96760477962692
82.90502612803274
82.842364224014
82.77961916142314
82.71678556277598
82.65386642156386
82.59086440808791
82.52777961621172
82.46461213978505
82.40136207264372
82.33802950860955
82.27461454149024
82.21111726507927
82.14753777315579
82.08387615948456
82.02013251781594
81.95630320029345
81.89238769837957
81.82839045513094
81.76431156430421
81.70015111964116
81.63590921486848
81.57158594369771
81.50718139982523
81.442695676932
81.37812886868375
81.3134810687306
81.24875237070717
81.1839393319605
81.11904099751766
81.05406205198014
80.98900258898445
80.92386270215108
80.85864248508435
80.79334203137245
80.7279614345873
80.66250078828448
80.59696018600314
80.53133972126591
80.46563948757885
80.39985479168045
80.33398715053221
80.26804002768293
80.20201351663619
80.13590771087863
80.0697227038797
80.00345858909175
79.93711545994982
79.87069340987168
79.80419253225763
79.73761292049058
79.6709546679358
79.60421044364584
79.53738701741342
79.47048523787694
79.40350519839515
79.3364469923088
79.26931071294058
79.2020964535951
79.13480430755885
79.06743436809994
78.99998672846823
78.93246148189522
78.86485553705825
78.7971671606592
78.72940146499235
78.661558543279
78.5936384887216
78.52564139450371
78.45756735379004
78.3894164597263
78.3211888054391
78.25288448403592
78.1845035886051
78.11604604519003
78.04750406739339
77.97888580340295
77.9101913462933
77.84142078911957
77.77257422491716
77.70365174670181
77.63465344746952
77.56557942019646
77.49642975783891
77.42720455333324
77.35790389959577
77.28852134229957
77.2190618521025
77.14952720064221
77.0799174808178
77.01023278550795
76.9404732075709
76.87063883984447
76.80072977514591
76.73074610627187
76.6606879259984
76.59055532708076
76.52034257252052
76.45005319145724
76.37968967982037
76.30925213034475
76.23874063574415
76.16815528871125
76.09749618191768
76.02676340801378
75.95595705962862
75.88507722936994
75.8141240098242
75.74309131592724
75.67198337152459
75.60080232598109
75.52954827185968
75.45822130170161
75.38682150802642
75.3153489833318
75.24380382009365
75.1721861107659
75.10049594778069
75.02873342354805
74.95689108989971
74.88497590088238
74.81298863881452
74.74092939607984
74.66879826503978
74.59659533803347
74.52432070737758
74.4519744653665
74.37955670427205
74.30706751634345
74.23450534665614
74.16186536061095
74.08915423596129
74.01637206492772
73.94351893970791
73.87059495247671
73.79760019538602
73.72453476056492
73.6513987401194
73.57819222613249
73.50491531066412
73.43156318149528
73.35813753280613
73.28464177087082
73.21107598771786
73.13744027535249
73.06373472575656
72.98995943088852
72.91611448268333
72.8421999730525
72.76821599388401
72.69416180456439
72.62003096297073
72.54583094006826
72.47156182771134
72.39722371773045
72.32281670193242
72.24834087210003
72.17379631999239
72.09918313734453
72.02450141586752
71.94975124724851
71.8749269184149
71.80003195646289
71.72506883556204
71.6500376473635
71.57493848349421
71.49977143555685
71.42453659512972
71.34923405376688
71.27386390299803
71.19842623432841
71.12291774391515
71.0473371562867
70.97168933890838
70.89597438324745
70.82019238074665
70.744343422824
70.66842760087286
70.59244500626195
70.5163957303352
70.44027986441182
70.36409573179536
70.28783882281833
70.2115156119372
70.13512619043132
70.05867064955501
69.98214908053762
69.90556157458349
69.82890822287195
69.75218911655716
69.67540434676836
69.59855311690558
69.52162918138774
69.44463987041478
69.3675852750742
69.29046548642822
69.21328059551361
69.13603069334191
69.05871587089938
68.98133621914673
68.90389182901943
68.82638207184476
68.7488003946247
68.67115426696078
68.59344377974506
68.515669023844
68.43783009009837
68.35992706932348
68.28196005230888
68.20392912981855
68.12583439259075
68.0476747024233
67.96944455794667
67.8911508865614
67.81279377896072
67.73437332581214
67.65588961775723
67.57734274541164
67.49873279936529
67.42005987018207
67.3413240484
67.26252304336131
67.18365369528189
67.10472174231722
67.02572727495877
66.94667038367197
66.86755115889622
66.78836969104476
66.70912607050481
66.62982038763732
66.55045273277725
66.47101905421877
66.39151975502384
66.31195877142204
66.23233619370035
66.15265211211954
66.07290661691397
65.99309979829184
65.91323174643493
65.83330255149876
65.75331230361257
65.67325461555355
65.59313460621308
65.5129538313686
65.43271238110006
65.35241034546098
65.27204781447843
65.19162487815296
65.11114162645875
65.03059814934338
64.94999307756076
64.86932152530272
64.78859003494244
64.70779869637721
64.62694759947772
64.54603683408806
64.46506649002578
64.38403665708174
64.3029474250202
64.22179888357887
64.14058622756522
64.05931149538401
63.97797774098119
63.896585054042944
63.815133524228756
63.73362324117127
63.65205429447663
63.57042677372405
63.48874076846609
63.40699536283189
63.325184854418346
63.243316148512584
63.161389334614675
63.07940450219797
62.99736174070897
62.91526113956729
62.833102788165775
62.75088677587048
62.668613192020516
62.58627670270792
62.50388050132934
62.42142701522991
62.33891633369539
62.25634854598475
62.17372374132998
62.09104200893617
62.008303437981596
61.92550811761751
61.84265357813287
61.75973732883972
61.676764616809805
61.593735531140254
61.510650160901235
61.42750859513604
61.344310922860885
61.26105723306513
61.17774761471117
61.09438196417534
61.0109531058988
60.92746860556874
60.84392855209268
60.760333034351035
60.67668214119732
60.59297596145805
60.509214583932746
60.42539809739395
60.341526590587264
60.25759425130779
60.17360539152542
60.089561797776696
60.005463558751615
59.92131076311311
59.837103499497125
59.75284185651266
59.66852592274165
59.58415578673909
59.49972712641337
59.41524132711407
59.33070161170355
59.24610806868055
59.16146078651692
59.076759853657435
58.992005358519876
58.907197389495025
58.82233603494676
58.737418033805895
58.65244270589433
58.56741427839274
58.48233283960822
58.39719847782092
58.31201128128397
58.226771338223585
58.14147873683899
58.05613356530239
57.9707332161148
57.88527576135799
57.7997660221904
57.71420408672715
57.628590043056406
57.542923979239376
57.45720598331034
57.371436143276725
57.28561454711898
57.19973885489901
57.11380666583054
57.027823006181976
56.941787963876195
56.85570162680928
56.76956408285028
56.683375419841525
56.597135725598406
56.5108450879095
56.424501069630864
56.33810152946623
56.25165133119822
56.1651505625574
56.07859931124766
55.99199766494603
55.905345711302786
55.818643537941384
55.731891232458594
55.64508591677222
55.558226399334885
55.47131703491263
55.384357911044
55.29734911524076
55.210290734988035
55.12318285774424
55.03602557094112
54.948818961983704
54.86155938894045
54.77424725859837
54.68688609102878
54.59947597357838
54.51201699356723
54.42450923828875
54.33695279500979
54.24934775097067
54.16169419338513
54.07398741416282
53.98623002577544
53.8984244085553
53.81057064965756
53.72266883621094
53.634719055317625
53.54672139405341
53.458675939467554
53.37058277858303
53.282435855217926
53.19424055409342
53.10599783116763
53.01770777340478
52.929370467742736
52.84098600109306
52.752554460341
52.66407593234548
52.57554968426719
52.48697050906212
52.398344630924505
52.30967213665446
52.22095311302596
52.13218764678682
52.04337582465855
51.95451773333662
51.86561345949032
51.77666033693829
51.68765710633916
51.598607977305164
51.50951303644692
51.42037237034887
51.33118606556947
51.241954208641175
51.152676886070466
51.06335418433788
50.973981279110546
50.884561310972074
50.795096247537785
50.70558617522953
50.61603118044321
50.526431349548886
50.4367867688909
50.34709752478771
50.25736313496688
50.16757811728677
50.07774871983513
49.98787502887179
49.89795713063091
49.80799511132092
49.71798905712461
49.62793905419928
49.53784518867648
49.4477043396803
49.35751639066741
49.26728486250397
49.17700984126306
49.086691412992316
48.99632966371392
48.90592467942457
48.815476546095624
48.72498534967301
48.63444516097961
48.54386157096884
48.4532352010833
48.362566137210685
48.27185446521338
48.18110027092855
48.090303640168145
47.999464658719006
47.90858089519213
47.81765101258758
47.72667906231717
47.63566513010955
47.54460930166837
47.45351166267224
47.36237229877474
47.27119129560445
47.17996873876518
47.08869900905855
46.99738724057529
46.906034201216215
46.81463997652722
46.723204652029466
46.63172831321924
46.540211045568064
46.448652934522855
46.35705134539008
46.26540551479087
46.17371912339367
46.08199225658774
45.9902249997379
45.8984174381843
45.806569657242626
45.7146817422041
45.6227537698663
45.53077962718999
45.43876563281533
45.34671187197632
45.254618429882555
45.16248539171936
45.07031284264772
44.97810086780447
44.885849552302204
44.79355528329465
44.7012194289726
44.60884451615973
44.51643062991184
44.4239778552607
44.33148627721401
44.23895598075546
44.14638705084482
44.05377815195801
43.961126174713925
43.868435845988635
43.77570725068542
43.682940473683836
43.590135599839655
43.49729271398498
43.40441190092811
43.31149324545377
43.21853149631555
43.12553148177223
43.03249390655281
42.93941885538607
42.84630641297734
42.75315666400848
42.65996969313793
42.56674558500074
42.47348098358252
42.38017700738363
42.28683617546291
42.19345857240006
42.10004428275147
42.006593391050316
41.913105981806645
41.819582139507446
41.72602018997986
41.632417970394684
41.538779599103016
41.4451051605369
41.351394739105395
41.257648419194695
41.16386628516814
41.070048421366195
40.976194632793174
40.88229988224076
40.78836968306706
40.694404119558136
40.6004032759774
40.50636723656572
40.4122960855414
40.31818990710019
40.22404878541543
40.12986821841374
40.03565189705264
39.941400913376604
39.84711535150516
39.752795295535506
39.65844082954272
39.564052037579565
39.46962900367668
39.37516841868295
39.28067167508585
39.186140970285074
39.09157638825807
38.99697801296032
38.90234592832533
38.80768021826476
38.712980966668425
38.61824588734433
38.523474415773755
38.42866968321223
38.33383177349701
38.23896077044365
38.14405675784609
38.04911981947673
37.95415003908646
37.85914599349552
37.76410548258327
37.66903241000519
37.57392685946024
37.47878891462602
37.383618659158884
37.2884161766939
37.19318155084495
37.097914071337925
37.00261020414656
36.90727447373829
36.81190696367576
36.71650775750061
36.62107693873354
36.52561459087438
36.430120797402125
36.33459542050406
36.23903387459194
36.1434411630474
36.04781736929891
35.952162576754176
35.856476868800314
35.76076032880402
35.66501304011136
35.569235086047996
35.473421753899544
35.37757773248903
35.28170332547482
35.185798616132885
35.08986368771893
34.99389862346849
34.89790350659691
34.801878420299545
34.70581906828186
34.60972940292386
34.513610047725216
34.41746108583229
34.32128260037148
34.22507467444946
34.1288373911531
34.032570833549485
33.93627101058764
33.839941361924055
33.74358271835878
33.64719516291079
33.55077877857949
33.45433364834484
33.35785985516748
33.26135748198855
33.164822740729385
33.06825876420358
32.97166648690454
32.87504599172614
32.77839736154305
32.68172067921091
32.585016027566326
32.48828348942687
32.391519386133304
32.294726732071325
32.197906470568064
32.101058684394594
32.004183456303195
31.907280869027538
31.810351005282527
31.7133939477645
31.616406042211388
31.51939035590607
31.42234775470921
31.32527832127156
31.228182138225375
31.131059288184638
31.03390985374508
30.93673391748417
30.839527772855178
30.742294694653026
30.645035393341672
30.54774995145388
30.450438451504375
30.353100975989932
30.255737607389506
30.158348428164146
30.06092961095022
29.963484776341158
29.866014409652923
29.768518593302737
29.67099740969023
29.573450941197486
29.47587927018919
29.37828247901251
29.280656558911296
29.183005598621023
29.085329796544663
28.98762923498646
28.889903996233524
28.79215416255576
28.69437981620604
28.596580814727282
28.49875358923708
28.400902129322084
28.30302651719296
28.205126835043593
28.107203165051054
28.009255589375666
27.911284190161243
27.813288437689657
27.71526564508431
27.61721930702936
27.51914950562731
27.421056322964215
27.322939841109765
27.224800142117374
27.12663730802425
27.028450382876787
26.93023764086071
26.832002041679004
26.73374366732861
26.63546259979043
26.537158921029537
26.438832712995033
26.3404840576202
26.2421115409444
26.14371446283586
26.045295215171258
25.94685387984464
25.84839053873452
25.749905273703835
25.651398166600117
25.552869299255548
25.454316774934277
25.355740969770125
25.257143682002003
25.158524993423793
25.05988498581428
24.9612237409372
24.862541340541227
24.763837866360095
24.66511092091798
24.566361993560186
24.467592269910327
24.36880183166496
24.269990760505934
24.171159138100474
24.0723070461012
23.97343456614619
23.874538788656803
23.775622339901254
23.676685780543053
23.5777291921842
23.478752656412432
23.379756254801258
23.28074006891007
23.181704028548516
23.082645162278133
22.983566788965692
22.884468990135368
22.785351847297438
22.68621544194832
22.58705985557078
22.487885169633756
22.38869068338293
22.289474800966858
22.190240096096367
22.090986650206275
21.991714544718004
21.892423861039575
21.79311468056574
21.693787084678025
21.594439748391398
21.49507243967253
21.395686992515746
21.29628348826949
21.19686200826934
21.0974226338378
20.997965446284578
20.89849052690662
20.798995938637756
20.699482789829982
20.599952186048544
20.500404208558404
20.40083893861204
20.30125645744947
20.201656846298324
20.102040186373916
20.002403946288105
19.902750540095102
19.803080361859088
19.70339349276457
19.603690013983993
19.503970006677804
19.40423355199451
19.304480354876823
19.204708441357617
19.104920357092947
19.005116183201498
18.905296000790276
18.8054598909547
18.705607934778673
18.60574021333453
18.5058557700118
18.405954072470195
18.306036886179193
18.206104292182534
18.10615637151276
18.00619320519129
17.906214874228464
17.806221459623643
17.706211375815467
17.606185467630883
17.506144752214293
17.40608931053758
17.306019223561847
17.20593457223751
17.10583543750454
17.005721900292247
16.90559178349715
16.805447235009744
16.705288560348798
16.605115840417337
16.504929156108147
16.404728588303843
16.304514217876907
16.20428568006202
16.104041585100504
16.00378396373764
15.903512896820565
15.803228465186681
15.702930749663494
15.602619831068871
15.502295790211015
15.401957637766376
15.301605354308258
15.201240224712297
15.100862329762531
15.00047175023371
14.90006856689129
14.799652860491445
14.699224711781309
14.598782556824265
14.498327647257994
14.397860571415434
14.297381410020726
14.196890243789174
14.096387153427266
13.995872219632725
13.895345387558447
13.794804979198842
13.694253003367171
13.593689540739245
13.493114671982486
13.392528477755906
13.291931038710207
13.191322435487827
13.090702027206447
12.990069430836709
12.889425946168048
12.78877165382228
12.68810663441325
12.587430968546895
12.486744736821308
12.38604801982681
12.285339651399578
12.184620422510076
12.083890984151417
11.983151416894577
11.882401801303006
11.781642217932704
11.680872747332494
11.580093455350386
11.47930275875531
11.378502450667915
11.277692611618537
11.176873322130493
11.076044662720099
10.975206713896728
10.874359556162933
10.773502737047634
10.672635834292327
10.571759998295095
10.470875309541363
10.369981848510083
10.269079695673627
10.168168931497991
10.067249636442769
9.966320909537592
9.865383350295673
9.76443753577842
9.663483546429637
9.562521462687085
9.46155136498249
9.36057333374164
9.259587444882467
9.158592435027249
9.057589767189516
8.956579521780434
8.855561779205402
8.754536619864272
8.653504124151379
8.552464372455646
8.451417014308065
8.350361764604138
8.249299534415949
8.148230404119001
8.047154454083591
7.94607176467496
7.844982416253371
7.74388648917413
7.642783283712509
7.5416733391209405
7.440557091320084
7.339434620653096
7.238306007458473
7.137171332070148
7.036030674817564
6.9348840754472585
6.833730685993368
6.732571590085048
6.631406868040647
6.5302366001742636
6.4290608667958695
6.327879748211352
6.226693324722753
6.125501320828411
6.024303645458686
5.9231009405536446
5.8218932864054445
5.720680763302505
5.619463451529611
5.518241431368001
5.4170147830954125
5.315782998640419
5.214546578725853
5.113305806033213
5.012060760831743
4.910811523387435
4.809558173963266
4.708300792819054
4.6070393873722235
4.5057735197052455
4.404503895624739
4.303230595383111
4.201953699230046
4.100673287412518
3.999389440174875
3.898102237758961
3.7968114976440486
3.695517288823489
3.5942200001045244
3.4929197117229243
3.3916165039120827
3.290310456903256
3.189001650925606
3.087690166206256
2.9863757167402225
2.8850587056835906
2.78373929114368
2.6824175533428023
2.5810935725014814
2.479767428838584
2.3784392025714194
2.277108908345566
2.1757764407400115
2.0744421657744407
1.9731061636624463
1.871768514616221
1.770429298846762
1.6690885965639515
1.56774648797653
1.466402932219314
1.3650580622957749
1.2637120612998658
1.1623650094378972
1.0610169869154125
0.9596680739372185
0.8583183507074064
0.7569678974296408
0.6556167061806017
0.5542649715489902
0.4529127820947073
0.35156021802021764
0.2502073595276999
0.1488542868191162
0.0475010800962799
-0.05385217791054413
-0.15520538103589784
-0.2565584429520397
-0.35791128345715756
-0.459263822349293
-0.5606159794263135
-0.6619676744856848
-0.7633188273246345
-0.8646692722453264
-0.966018941512992
-1.0673677933342316
-1.1687157475048588
-1.2700627238201052
-1.3714086420744727
-1.4727534220616096
-1.57409697781886
-1.675438989275115
-1.7767795872319923
-1.8781186914808001
-1.9794562218116487
-2.0807920980136076
-2.1821262398744805
-2.28345856718077
-2.384788861406589
-2.4861169401799037
-2.5874429291544168
-2.6887667481129065
-2.790088316836532
-2.8914075551047866
-2.9927243826954286
-3.0940387193843755
-3.1953501262205375
-3.2966587343437252
-3.397964576303872
-3.4992675718719175
-3.6005676408166627
-3.7018647029047353
-3.8031586779005044
-3.9044494180154175
-4.005736379412677
-4.107019978437867
-4.2083001348492095
-4.30957676840243
-4.410849798850625
-4.512119145944185
-4.613384729430783
-4.714646134877653
-4.81590322464813
-4.91715627550529
-5.018405207189362
-5.119649939437532
-5.220890391983853
-5.322126484559172
-5.423358136891087
-5.52458458275467
-5.625806261191456
-5.727023224046886
-5.828235391039811
-5.929442681885529
-6.03064501629578
-6.131842313978479
-6.2330343178728205
-6.33422035648223
-6.435401082995453
-6.536576417110691
-6.63774627852214
-6.7389105869199195
-6.840069261990015
-6.941222223414216
-7.042368822784521
-7.143509044816079
-7.2446432777921626
-7.345771441383451
-7.446893455256164
-7.548009239071851
-7.649118712487569
-7.7502217951556105
-7.851317366661965
-7.952406229526703
-8.053488426188164
-8.154563876286224
-8.255632499455798
-8.356694215326725
-8.457748943523653
-8.558796301671228
-8.659835524670331
-8.760867484497242
-8.86189210076305
-8.962909293073608
-9.063918981029214
-9.16492108422459
-9.265915522248878
-9.366901411108051
-9.467878863329394
-9.56884837482618
-9.669809865172741
-9.770763253937501
-9.871708460682889
-9.972645404965263
-10.073574006334857
-10.174492804778657
-10.275402939619923
-10.376304455934841
-10.477197273257639
-10.578081311116085
-10.678956489031442
-10.779822726518459
-10.880679545633757
-10.981526030913031
-11.082363300095842
-11.18319127267983
-11.284009868155811
-11.384819006007671
-11.485618605712316
-11.586408586739534
-11.687187878721668
-11.787956626569223
-11.888715480002123
-11.989464358471894
-12.090203181422703
-12.190931868291301
-12.291650338506972
-12.392358511491421
-12.493054658071213
-12.593740116755988
-12.694415002398362
-12.795079234400456
-12.895732732156599
-12.996375415053105
-13.097007202468472
-13.197627610749851
-13.298235397835782
-13.398832013563228
-13.499417377289994
-13.59999140836561
-13.700554026131307
-13.801105149919934
-13.90164469905585
-14.002171531130124
-14.102685598520623
-14.203187815298364
-14.303678100765929
-14.40415637421697
-14.504622554936493
-14.605076562200605
-14.705518315276425
-14.805945956386843
-14.906360746127117
-15.006763005631644
-15.107152654144501
-15.207529610900501
-15.307893795125164
-15.408245126034705
-15.508583278479342
-15.608906359611723
-15.709216311304097
-15.809513052748589
-15.909796503127621
-16.01006658161391
-16.11032320737042
-16.210566299550315
-16.31079483736523
-16.411008197835514
-16.511207748508433
-16.611393408511795
-16.71156509696329
-16.811722732970427
-16.91186623563047
-17.011995524030358
-17.112108836637248
-17.21220691119668
-17.312290495174793
-17.412359507631983
-17.51241386761814
-17.61245349417246
-17.712478306323373
-17.812488223088533
-17.912480701531614
-18.01245792211892
-18.112419970894436
-18.21236676684813
-18.31229822895895
-18.4122142761946
-18.5121148275117
-18.611999270834467
-18.711865838885245
-18.81171663449953
-18.911551576605184
-19.01137058411869
-19.11117357594499
-19.210960470977408
-19.31073118809757
-19.410484385215216
-19.510219636333066
-19.60993843290771
-19.70964069379106
-19.809326337822945
-19.90899528383131
-20.008647450632008
-20.108282757028736
-20.207899104085584
-20.30749746151621
-20.40707868179468
-20.50664268369374
-20.606189385973753
-20.705718707382644
-20.805230566655762
-20.904724882515897
-21.004198777606256
-21.10365466130179
-21.203092724714722
-21.30251288653568
-21.4019150654425
-21.501299180100112
-21.60066514916047
-21.700012485447097
-21.79933873451725
-21.898646561014893
-21.997935883558934
-22.09720662075504
-22.19645869119555
-22.29569201345943
-22.394906506112303
-22.494100992363165
-22.593274281380786
-22.692428463683157
-22.791563457801697
-22.890679182254136
-22.98977555554443
-23.088852496162716
-23.18790992258531
-23.286945962946856
-23.385960701836954
-23.484955649294204
-23.58393072375965
-23.682885843660237
-23.781820927408596
-23.880735893403205
-23.979630660028146
-24.078502660935946
-24.177353255873392
-24.27618337406725
-24.374992933865336
-24.473781853600872
-24.572550051592472
-24.671297446144038
-24.770023955544723
-24.868726325813554
-24.96740717910874
-25.066066869738464
-25.164705315954407
-25.263322435993402
-25.361918148077116
-25.460492370412073
-25.559044894733347
-25.65757217210449
-25.756077682090982
-25.85456134286116
-25.953023072567962
-26.051462789348893
-26.14988041132596
-26.248275856605556
-26.346648373281383
-26.444995388686458
-26.543319949610776
-26.64162197412158
-26.739901380270222
-26.838158086092207
-26.936392009607133
-27.034603068818573
-27.132789993966007
-27.230951138117092
-27.329089140030554
-27.427203917669726
-27.525295388981675
-27.62336347189725
-27.72140808433094
-27.81942914418069
-27.917424896652314
-28.015394555977387
-28.113340384630163
-28.211262300467418
-28.309160221329307
-28.407034065039312
-28.504883749404122
-28.602709192213553
-28.700508193692308
-28.798280750231193
-28.8960287869687
-28.99375222165244
-29.09145097201307
-29.189124955764008
-29.286774090601604
-29.384398294204857
-29.481994969300025
-29.579564800602785
-29.677109422264348
-29.77462875192068
-29.872122707190226
-29.96959120567392
-30.067034164955125
-30.16445150259953
-30.26184027894377
-30.35920175797149
-30.456537336791584
-30.553846932925744
-30.651130463877745
-30.748387847133458
-30.845619000160774
-30.942823840409556
-31.03999914875721
-31.13714664378528
-31.234267547297037
-31.331361776697417
-31.428429249373018
-31.525469882692168
-31.622483594004805
-31.7194703006424
-31.816426574968855
-31.91335444949295
-32.0102550404345
-32.10712826507921
-32.20397404069408
-32.30079228452742
-32.39758291380882
-32.49434584574895
-32.59107752335118
-32.6877801359957
-32.78445477221898
-32.881101349185066
-32.97771978403902
-33.074309993906674
-33.170871895894905
-33.2674054070913
-33.36390692868983
-33.460378633119156
-33.556821667501474
-33.653235948876876
-33.749621394266065
-33.84597792067024
-33.94230544507109
-34.038603884430756
-34.13486969427286
-34.23110483910533
-34.32731061946387
-34.42348695226225
-34.51963375439454
-34.61575094273496
-34.71183843413784
-34.80789614543758
-34.90392069140163
-34.99991362012642
-35.09587648913535
-35.19180921521368
-35.28771171512658
-35.383583905619055
-35.479425703415814
-35.575237025221334
-35.671014758922695
-35.766759809819774
-35.86247410493063
-35.958157560909854
-36.053810094391594
-36.14943162198941
-36.24502206029626
-36.34058132588444
-36.436106702782524
-36.53159820884534
-36.62705826221027
-36.72248677939906
-36.81788367691263
-36.913248871231055
-37.008582278813364
-37.103883816097685
-37.19915129560471
-37.294383584466246
-37.3895837228643
-37.484751627185716
-37.57988721379614
-37.67499039904001
-37.770061099240486
-37.86509923069937
-37.96010327629032
-38.05507067015225
-38.15000521491905
-38.24490682684065
-38.339775422145365
-38.43461091704008
-38.52941322771001
-38.62418227031869
-38.718917349642766
-38.813614165207724
-38.908277432168234
-39.00290706663523
-39.09750298469789
-39.19206510242348
-39.28659333585734
-39.381087601022834
-39.47554781392136
-39.56996873442407
-39.66435503382872
-39.758707000200744
-39.8530245494882
-39.94730759761689
-40.04155606049041
-40.135769853990034
-40.22994889397475
-40.32408900775698
-40.418192644221406
-40.512261246212525
-40.606294729535385
-40.70029300997259
-40.79425600328419
-40.8881836252075
-40.982075791457355
-41.07592958003035
-41.1697448524784
-41.26352438810064
-41.35726810255744
-41.45097591148633
-41.544647730501985
-41.63828347519622
-41.73188306113791
-41.825445010665504
-41.91896621227596
-42.012450973786635
-42.10589921071135
-42.19931083854095
-42.29268577274315
-42.386023928762434
-42.47932522202008
-42.57258956791411
-42.66581124159526
-42.758995515447594
-42.85214256036109
-42.94525229167821
-43.038324624718065
-43.131359474776254
-43.22435675712485
-43.31731638701247
-43.41023442251016
-43.503112489308194
-43.59595262187334
-43.68875473539823
-43.78151874505174
-43.87424456597904
-43.966932113301546
-44.05958130211684
-44.15219020100367
-44.24475633546052
-44.33728382944125
-44.429772597987025
-44.522222556115096
-44.614633618818786
-44.70700570106727
-44.79933871780574
-44.891632583955214
-44.98388145771363
-45.07609058093776
-45.16826027137397
-45.26039044388645
-45.352481013315185
-45.44453189447585
-45.53654300215984
-45.628514251134135
-45.720442223471956
-45.8123272377982
-45.904172111018255
-45.99597675784193
-46.087741092954545
-46.179465031016946
-46.27114848666542
-46.362791374511644
-46.45439296364442
-46.54594812493344
-46.63746243582622
-46.728935810876976
-46.82036816461515
-46.91175941154545
-47.00310946614783
-47.09441824287749
-47.18568565616462
-47.27690753067379
-47.36808552809958
-47.45922187925884
-47.55031649852398
-47.64136930024247
-47.73238019873678
-47.823349108304356
-47.9142759432176
-48.00515970674448
-48.09599563351493
-48.18678920261035
-48.277540328245
-48.368248924607954
-48.458914905863196
-48.54953818614939
-48.64011867958003
-48.730656300243155
-48.82114696113612
-48.911591983926584
-49.00199385069992
-49.09235247548593
-49.182667772288994
-49.27293965508804
-49.363168037836644
-49.45335283446276
-49.54349368345896
-49.63358438962423
-49.72363122622241
-49.81363410712302
-49.90359294617001
-49.99350765718171
-50.0833781539508
-50.17320435024433
-50.2629861598036
-50.35272054962444
-50.44240657864522
-50.5320479372604
-50.621644539152655
-50.71119629797894
-50.80070312737025
-50.89016494093188
-50.97958165224314
-51.06895317485757
-51.1582739954226
-51.24754804726069
-51.33677662650547
-51.42595964665159
-51.51509702116787
-51.60418866349703
-51.69323448705579
-51.7822344052349
-51.87118752778689
-51.96008848226947
-52.04894324728523
-52.13775173616609
-52.22651386221787
-52.31522953872023
-52.40389867892662
-52.492521196064345
-52.5810970033345
-52.669623251412744
-52.758098404539574
-52.846526563490485
-52.93490764140772
-53.023241551407324
-53.11152820657907
-53.19976751998625
-53.287959404665976
-53.37610377362891
-53.46419606554588
-53.55223808983841
-53.640232313887026
-53.72817865064367
-53.81607701303389
-53.90392731395676
-53.9917294662849
-54.07948338286447
-54.16718897651501
-54.25484024094993
-54.34244179935351
-54.429994750085
-54.517499005905485
-54.60495447954935
-54.692361083724535
-54.779718731112325
-54.86702733436742
-54.954286806117835
-55.04148998237716
-55.128643728286875
-55.215748057736036
-55.30280288329429
-55.38980811750457
-55.47676367288314
-55.5636694619196
-55.65052539707672
-55.73733071276307
-55.824079429072654
-55.91077800636923
-55.997426357057435
-56.084024393515165
-56.170572028093545
-56.25706917311693
-56.34351574088291
-56.42991164366221
-56.51625566194086
-56.60254265536257
-56.688778698458165
-56.774963703440356
-56.86109758249516
-56.94718024778177
-57.03321161143247
-57.1191915855527
-57.205120082220986
-57.29099577444096
-57.37681367132808
-57.46257980522216
-57.54829408814412
-57.633956432088056
-57.719566749021105
-57.80512495088355
-57.89063094958871
-57.976084657022895
-58.061485006210496
-58.14682642356571
-58.232115263911766
-58.31735143907787
-58.402534860866304
-58.48766544105238
-58.57274309138442
-58.6577677235838
-58.742739249344936
-58.82765725048577
-58.91251479603693
-58.997318949219476
-59.08206962167105
-59.16676672500239
-59.251410170797286
-59.33599987061245
-59.42053573597764
-59.505017678395625
-59.58944560934213
-59.673812611008174
-59.758124674230544
-59.842382439835085
-59.926585819241346
-60.01073472384196
-60.09482906500256
-60.17886875406178
-60.262853702331185
-60.34678382109537
-60.430653630082475
-60.51446619146613
-60.59822363701761
-60.68192587796598
-60.76557282551332
-60.849164390834744
-60.93270048507837
-61.016181019365305
-61.09960590478973
-61.18297155532557
-61.26627719402006
-61.349526897350586
-61.43272057635637
-61.51585814204976
-61.59893950541613
-61.68196457741388
-61.76493326897449
-61.84784549100247
-61.93070003048709
-62.01349131679187
-62.09622584689461
-62.178903531645716
-62.261524281868645
-62.344088008359975
-62.426594621889436
-62.50904403319974
-62.59143615300675
-62.67377089199949
-62.756042137817055
-62.83825405498114
-62.92040830447419
-63.00250479693185
-63.08454344296307
-63.166524153149865
-63.24844683804751
-63.33031140818446
-63.41211777406224
-63.493863179696476
-63.57554503565363
-63.657168400342016
-63.73873318421083
-63.8202392976826
-63.90168665115307
-63.98307515499126
-64.06440471953952
-64.14567525511342
-64.22688667200183
-64.30803224921017
-64.3891172711643
-64.47014288725356
-64.55110900771551
-64.63201554276111
-64.71286240257459
-64.79364949731371
-64.87437673710956
-64.95504403206664
-65.03564910384925
-65.11618831692913
-65.19666729785503
-65.27708595668123
-65.3574442034354
-65.43774194811888
-65.51797910070644
-65.5981555711464
-65.6782712693607
-65.75832610524479
-65.83831488746003
-65.91823975783231
-65.99810347840935
-66.0779059590375
-66.15764710953687
-66.23732683970115
-66.31694505929791
-66.39650167806826
-66.47599660572715
-66.55542975196329
-66.634793560907
-66.71409485883504
-66.79333408773678
-66.87251115725309
-66.95162597699876
-67.0306784565625
-67.10966850550689
-67.18859603336844
-67.2674609496576
-67.34626195469627
-67.42499333800299
-67.5036618220277
-67.58226731623435
-67.660809730061
-67.73928897291985
-67.81770495419713
-67.89605758325331
-67.97434676942292
-68.05257242201466
-68.13073211218207
-68.20882235085784
-68.286848768131
-68.36481127326529
-68.44270977549883
-68.52054418404404
-68.59831440808775
-68.67602035679114
-68.75366193928984
-68.83123906469392
-68.90874882186858
-68.98618865353112
-69.06356374017231
-69.14087399085882
-69.21811931463193
-69.29529962050756
-69.37241481747628
-69.4494648145033
-69.52644952052859
-69.60336884446681
-69.68022007432957
-69.75700022590887
-69.83371470738633
-69.91036342763496
-69.98694629550269
-70.0634632198123
-70.13991410936165
-70.2162988729235
-70.29261741924566
-70.368869657051
-70.44505378966747
-70.52116497780864
-70.59720956934476
-70.67318747295883
-70.74909859730913
-70.8249428510291
-70.90072014272761
-70.97643038098882
-71.05207347437221
-71.1276493314127
-71.20315782182598
-71.27859075331689
-71.35395616031849
-71.42925395132772
-71.50448403481722
-71.57964631923514
-71.65474071300538
-71.72976712452754
-71.80472546217696
-71.87961563430477
-71.95443754923794
-72.02918533536271
-72.10386225387676
-72.17847062699576
-72.25301036301087
-72.32748137018933
-72.40188355677444
-72.47621683098562
-72.55048110101849
-72.62467627504478
-72.69880226121249
-72.77285645053212
-72.84683556772724
-72.9207452088396
-72.99458528198357
-73.06835569525006
-73.14205635670638
-73.21568717439646
-73.28924805634085
-73.36273891053668
-73.4361596449578
-73.50951016755478
-73.58278376880088
-73.65598535546991
-73.72911644207619
-73.80217693653915
-73.87516674675516
-73.94808578059761
-74.02093394591702
-74.09371115054093
-74.16641730227413
-74.23905230889852
-74.31161447858582
-74.38409868059172
-74.45651144926408
-74.52885269235608
-74.60112231759835
-74.67332023269908
-74.74544634534404
-74.81750056319657
-74.8894827938977
-74.96139294506625
-75.03323092429875
-75.10499275861898
-75.17667787079887
-75.24829052284676
-75.31983062233317
-75.39129807680659
-75.4626927937937
-75.53401468079934
-75.60526364530654
-75.67643959477661
-75.74754243664916
-75.81857207834221
-75.88952324110772
-75.96039795593073
-76.03119918243131
-76.10192682800432
-76.17258080002325
-76.24316100584036
-76.31366735278674
-76.38409974817229
-76.4544580992858
-76.52474231339505
-76.59495229774686
-76.66508249349096
-76.73513549395716
-76.8051139766012
-76.8750178486498
-76.94484701730892
-77.01460138976392
-77.08428087317976
-77.15388537470083
-77.22341480145116
-77.29286906053434
-77.36224805903382
-77.43154703405295
-77.50076699464506
-77.56991140669324
-77.63898017726389
-77.70797321340346
-77.77689042213852
-77.84573171047585
-77.9144969854024
-77.9831861538855
-78.05179912287288
-78.12033579929269
-78.18879334270778
-78.25716893039078
-78.32546793767794
-78.39369027148375
-78.4618358387035
-78.52990454621334
-78.59789630087047
-78.66581100951296
-78.73364857896009
-78.80140891601224
-78.86909192745092
-78.93669752003913
-79.00421774755775
-79.07166000954638
-79.13902456502515
-79.20631132074712
-79.27352018344695
-79.34065105984111
-79.4077038566279
-79.47467848048748
-79.54157483808201
-79.60839283605573
-79.67513238103481
-79.74178987832784
-79.80836404921129
-79.87485947963377
-79.94127607621522
-80.00761374555839
-80.07387239424835
-80.14005192885313
-80.20615225592336
-80.27217328199241
-80.33811491357683
-80.4039770571759
-80.46975961927218
-80.53545648293091
-80.60107143755951
-80.66660652345689
-80.73206164710359
-80.7974367149634
-80.86273163348383
-80.92794630909597
-80.99308064821477
-81.05813455723883
-81.12310794255073
-81.1880007105172
-81.2528127674888
-81.31753687456316
-81.38217909554743
-81.44674031858528
-81.51122045002958
-81.57561939621785
-81.63993706347206
-81.70417335809917
-81.76832818639059
-81.83240145462287
-81.89639306905741
-81.96030293594059
-82.02413096150407
-82.08787025388764
-82.15152622010466
-82.21510005836683
-82.27859167491276
-82.34200097596633
-82.40532786773736
-82.46857225642125
-82.53173404819957
-82.59481314923956
-82.65780946569484
-82.72072290370488
-82.78355336939569
-82.84629585556286
-82.90895204402668
-82.97152497389449
-83.03401455130354
-83.09642068237815
-83.15874327322925
-83.22098222995501
-83.28313745864037
-83.34520886535763
-83.40719635616608
-83.46909983711264
-83.53091921423147
-83.59265297100627
-83.65429585882546
-83.71585435694138
-83.77732837140482
-83.83871780825442
-83.90002257351694
-83.96124257320719
-84.02237771332847
-84.08342789987225
-84.14439303881862
-84.20527303613605
-84.2660677977819
-84.32677722970215
-84.38739703856197
-84.44792758388186
-84.50837251407968
-84.5687317351236
-84.62900515297102
-84.68919267356891
-84.74929420285363
-84.80930964675143
-84.86923891117804
-84.92908190203931
-84.9888385252309
-85.04850868663863
-85.10809229213847
-85.16758414061164
-85.22698646986068
-85.28630195833924
-85.34553051195132
-85.40467203659153
-85.4637264381456
-85.52269362248997
-85.58157349549242
-85.64036596301187
-85.69907093089864
-85.75768830499435
-85.81621799113239
-85.87465989513773
-85.93300986697605
-85.99126811319661
-86.04943829301297
-86.10752031228407
-86.16551407686111
-86.22341949258794
-86.28123646530064
-86.33896490082822
-86.39660470499226
-86.45415578360729
-86.51161804248083
-86.56899138741365
-86.62627572419957
-86.68347000208253
-86.74056830814823
-86.79757732244578
-86.8544969508095
-86.91132709906748
-86.96806767304196
-87.02471857854917
-87.08127972139971
-87.13775100739848
-87.19413234234494
-87.2504236320331
-87.30662478225197
-87.36273569878512
-87.41875628741141
-87.47468308905094
-87.5305150944295
-87.58625648904365
-87.64190717871958
-87.69746706927938
-87.7529360665406
-87.80831407631699
-87.86360100441823
-87.91879675665038
-87.97390123881561
-88.0289143567128
-88.08383601613721
-88.13866612288109
-88.19340458273328
-88.24804794436287
-88.30259527963466
-88.35705068599566
-88.4114140692897
-88.46568533535829
-88.51986439004062
-88.57395113917369
-88.62794548859263
-88.68184734413039
-88.73565661161852
-88.78937319688673
-88.84299700576346
-88.89652794407564
-88.94996591764927
-89.0033100124603
-89.05655433198629
-89.10970540567007
-89.16276313940011
-89.21572743906462
-89.26859821055125
-89.32137535974766
-89.3740587925414
-89.42664841482022
-89.4791441324721
-89.53154585138549
-89.5838534774493
-89.63606691655336
-89.68818607458812
-89.74021085744538
-89.79213820383832
-89.84396662974031
-89.8957004004269
-89.94733942186096
-89.99888360000723
-90.05033284083225
-90.10168705030486
-90.1529461343959
-90.20410999907878
-90.25517855032925
-90.30615169412604
-90.35702933645041
-90.40781138328695
-90.45849774062309
-90.50908831444988
-90.55958090207218
-90.60997243135044
-90.6602678982435
-90.71046720882252
-90.76057026916297
-90.81057698534445
-90.86048726345112
-90.91030100957153
-90.96001812979915
-91.00963853023231
-91.05916211697443
-91.10858879613417
-91.15791847382556
-91.20715105616829
-91.25628644928759
-91.30532455931487
-91.35426013206623
-91.40309634244085
-91.4518349921934
-91.50047598754568
-91.54901923472598
-91.59746463996971
-91.64581210951914
-91.69406154962388
-91.74221286654088
-91.79026596653476
-91.83822075587778
-91.88607714085018
-91.93383502774023
-91.9814943228445
-92.02905493246793
-92.07651676292417
-92.12387509791135
-92.17113219326293
-92.21829023338212
-92.26534912468351
-92.3123087735911
-92.35916908653839
-92.40592996996897
-92.45259133033622
-92.4991530741037
-92.54561510774548
-92.591977337746
-92.63823967060056
-92.68440201281523
-92.73046427090728
-92.77642635140509
-92.82228816084864
-92.86804928036243
-92.91370354010681
-92.95925725432014
-93.00471032965426
-93.05006267277325
-93.09531419035376
-93.14046478908514
-93.18551437566956
-93.2304628568225
-93.27531013927239
-93.32005612976148
-93.36470073504537
-93.40924386189374
-93.45368541709006
-93.49802530743227
-93.54226343973255
-93.58639972081775
-93.6304340575295
-93.67436116858907
-93.71818480403226
-93.76190622255987
-93.80552533113831
-93.84904203674965
-93.89245624639197
-93.9357678670794
-93.97897680584252
-94.02208296972823
-94.06508626580037
-94.10798660113954
-94.1507838828436
-94.19347801802753
-94.2360689138241
-94.27855647738349
-94.32094061587408
-94.36322123648223
-94.40539824641255
-94.44746639512007
-94.48942958212336
-94.53128888801189
-94.57304422012838
-94.61469548583524
-94.65624259251399
-94.69768544756616
-94.73902395841303
-94.78025803249616
-94.82138757727732
-94.86241250023895
-94.90333270888411
-94.9441481107369
-94.98485861334268
-95.02546412426801
-95.06596455110127
-95.10635980145241
-95.14664978295369
-95.18683440325934
-95.22690747882996
-95.26687501058464
-95.30673691311924
-95.34649309424111
-95.38614346178097
-95.42568792359287
-95.46512638755468
-95.5044587615681
-95.54368495355902
-95.58280487147775
-95.62181842329902
-95.66072551702246
-95.69952606067265
-95.7382199622995
-95.7768071299783
-95.81528747181
-95.85366089592151
-95.89192731046589
-95.93008662362244
-95.9681375782122
-96.0060765750916
-96.04390820517803
-96.08163237681946
-96.11924899839113
-96.15675797829613
-96.19415922496525
-96.23145264685746
-96.26863815246008
-96.30571565028902
-96.34268504888888
-96.37954625683341
-96.4162991827256
-96.45294373519778
-96.48947982291223
-96.52590735456106
-96.56222623886656
-96.59843638458145
-96.6345377004892
-96.67053009540399
-96.70641347817141
-96.7421865218722
-96.77784605834607
-96.81339632041033
-96.84883721709687
-96.8841686574699
-96.91939055062608
-96.95450280569483
-96.98950533183859
-97.02439803825294
-97.05918083416695
-97.0938536288435
-97.12841633157925
-97.16286885170518
-97.19721109858659
-97.23144298162362
-97.2655644102511
-97.29957529393927
-97.33347554219367
-97.36726506455554
-97.40094377060198
-97.43451156994624
-97.46796837223813
-97.50131408716388
-97.53454443593668
-97.56766249061215
-97.60066919941677
-97.63356447224399
-97.66634821902522
-97.69902034972989
-97.73158077436585
-97.76402940297949
-97.79636614565615
-97.82859091252016
-97.86070361373531
-97.89270415950507
-97.92459246007263
-97.95636842572148
-97.98803196677545
-98.01958299359902
-98.05102141659759
-98.08234714621778
-98.11356009294764
-98.14466016731684
-98.17564727989713
-98.20652134130245
-98.23728226218917
-98.26792995325643
-98.298461642041
-98.32887776222131
-98.35918039836879
-98.38936946141239
-98.41944486232504
-98.44940651212403
-98.47925432187114
-98.50898820267292
-98.53860806568106
-98.5681138220925
-98.59750538314991
-98.62678266014174
-98.65594556440273
-98.68499400731386
-98.71392790030293
-98.74274715484475
-98.77145168246122
-98.8000413947219
-98.82851620324413
-98.85687601969329
-98.88512075578303
-98.9132503232758
-98.94126463398283
-98.96916359976453
-98.9969471325308
-99.02461514424128
-99.05216754690562
-99.07960033549327
-99.10691685307108
-99.13411751269263
-99.16120222662423
-99.1881709071835
-99.21502346673972
-99.24175981771398
-99.26837987257967
-99.2948835438626
-99.32127074414132
-99.34754138604745
-99.37369538226594
-99.39973264553535
-99.42565308864809
-99.45145662445094
-99.47714316584492
-99.50271262578602
-99.52816491728518
-99.55349995340879
-99.57871764727875
-99.60381791207307
-99.62880066102585
-99.65366580742779
-99.67841326462633
-99.70304294602614
-99.72755476508922
-99.75194863533537
-99.77622447034219
-99.80038218374577
-99.82442168924078
-99.84833974017334
-99.87213868738189
-99.89581918428912
-99.91938114487789
-99.94282448319092
-99.96614911333137
-99.98935494946286
-100.0124419058101
-100.03540989665873
-100.05825883635616
-100.08098863931143
-100.10359921999574
-100.12609049294278
-100.14846237274885
-100.17071477407342
-100.19284761163914
-100.21486080023246
-100.23675425470364
-100.25852788996735
-100.2801816210027
-100.30171536285377
-100.32312903062981
-100.34442253950559
-100.36559580472165
-100.38664874158471
-100.40758126546794
-100.4283932918112
-100.44908473612156
-100.4696555139733
-100.49010554100855
-100.51043473293734
-100.5306430055382
-100.55073027465812
-100.57069645621323
-100.59054146618884
-100.61026396075651
-100.6298631357131
-100.64934090518378
-100.66869718548125
-100.68793189298876
-100.70704494416094
-100.72603625552352
-100.74490574367425
-100.76365332528277
-100.78227891709125
-100.80078243591444
-100.81916379864023
-100.83742292222986
-100.8555597237183
-100.87357412021444
-100.89146602890165
-100.90923536703792
-100.92688205195624
-100.94440600106495
-100.96180713184805
-100.97908536186566
-100.99624060875401
-101.01327279022622
-101.03018182407229
-101.04696762815956
-101.06363012043306
-101.08016921891581
-101.09658484170919
-101.11287690699325
-101.129045333027
-101.14509003814885
-101.16101094077692
-101.17680795940926
-101.19248101262434
-101.20803001908135
-101.2234548975205
-101.23875556676339
-101.2539319457133
-101.26898395335562
-101.28391150875817
-101.29871453107145
-101.31339293952911
-101.32794665344824
-101.34237559222967
-101.35667967535841
-101.3708588224039
-101.38491151156951
-101.39883820800802
-101.41263974716057
-101.4263160489789
-101.43986703350095
-101.45329262085093
-101.46659273123988
-101.47976728496603
-101.49281620241507
-101.50573940406042
-101.51853681046379
-101.53120834227539
-101.54375392023428
-101.55617346516883
-101.56846689799696
-101.58063413972654
-101.59267511145578
-101.60458973437352
-101.61637792975961
-101.62803961898535
-101.63957472351365
-101.65098316489966
-101.66226486479083
-101.67341974492757
-101.68444772714341
-101.69534873336528
-101.70612268561422
-101.7167695060054
-101.7272891167487
-101.73768144014882
-101.74794639860595
-101.75808391461598
-101.76809391077083
-101.77797630975886
-101.78773103436525
-101.79735800747241
-101.80685715206019
-101.81622839120647
-101.82547164808723
-101.83458684597728
-101.84357390825039
-101.85243275837968
-101.86116331993799
-101.86976551659842
-101.87823927213446
-101.88658451042053
-101.89480115543223
-101.90288913124687
-101.91084836204365
-101.91867877210424
-101.926380285813
-101.93395282765736
-101.94139632222837
-101.94871069422085
-101.9558958684339
-101.96295176977122
-101.96987832324159
-101.97667545395907
-101.98334308714362
-101.98988114812119
-101.99628956232434
-102.0025682552926
-102.00871715267263
-102.01473618021893
-102.02062526379387
-102.02638432936847
-102.03201330302238
-102.03751211094459
-102.04288067943361
-102.0481189348979
-102.0532268038564
-102.0582042129387
-102.0630510888856
-102.06776735854933
-102.07235294889412
-102.07680778699643
-102.08113180004554
-102.08532491534359
-102.0893870603065
-102.09331816246377
-102.0971181494593
-102.10078694905164
-102.10432448911428
-102.10773069763627
-102.11100550272246
-102.11414883259383
-102.11716061558808
-102.12004078015988
-102.12278925488133
-102.12540596844232
-102.12789084965094
-102.13024382743393
-102.13246483083688
-102.13455378902493
-102.136510631283
-102.13833528701616
-102.14002768575003
-102.14158775713133
-102.14301543092813
-102.1443106370303
-102.14547330544991
-102.14650336632161
-102.14740074990308
-102.14816538657547
-102.14879720684365
-102.14929614133673
-102.1496621208085
-102.14989507613771
-102.1499949383286
-102.14996163851124
-102.14979510794197
-102.14949527800368
-102.1490620802065
-102.14849544618795
-102.14779530771342
-102.14696159667659
-102.14599424509987
-102.14489318513483
-102.14365834906253
-102.14228966929386
-102.1407870783703
-102.13915050896387
-102.13737989387792
-102.13547516604727
-102.13343625853886
-102.13126310455198
-102.12895563741878
-102.12651379060465
-102.12393749770864
-102.12122669246394
-102.11838130873814
-102.1154012805339
-102.11228654198904
-102.10903702737727
-102.10565267110846
-102.10213340772896
-102.09847917192229
-102.09468989850932
-102.09076552244876
-102.0867059788377
-102.08251120291176
-102.07818113004589
-102.07371569575437
-102.06911483569158
-102.0643784856523
-102.05950658157207
-102.05449905952767
-102.04935585573759
-102.04407690656234
-102.03866214850505
-102.03311151821171
-102.0274249524717
-102.02160238821818
-102.01564376252861
-102.009549012625
-102.00331807587452
-101.99695088978977
-101.99044739202941
-101.9838075203984
-101.97703121284842
-101.97011840747858
-101.96306904253545
-101.95588305641385
-101.94856038765703
-101.94110097495721
-101.93350475715604
-101.92577167324498
-101.91790166236575
-101.90989466381077
-101.90175061702357
-101.89346946159924
-101.88505113728493
-101.87649558398013
-101.86780274173728
-101.85897255076205
-101.85000495141396
-101.84089988420666
-101.83165728980836
-101.82227710904243
-101.8127592828877
-101.80310375247889
-101.79331045910718
-101.78337934422052
-101.77331034942412
-101.7631034164809
-101.7527584873119
-101.74227550399672
-101.73165440877409
-101.72089514404205
-101.70999765235868
-101.69896187644234
-101.68778775917224
-101.67647524358873
-101.66502427289393
-101.65343479045205
-101.64170673978991
-101.62984006459732
-101.61783470872754
-101.60569061619772
-101.59340773118947
-101.58098599804904
-101.5684253612881
-101.55572576558393
-101.54288715577994
-101.52990947688616
-101.51679267407962
-101.50353669270498
-101.49014147827468
-101.4766069764696
-101.46293313313949
-101.44911989430335
-101.43516720614998
-101.42107501503833
-101.40684326749796
-101.39247191022962
-101.3779608901055
-101.36330788980491
-101.3485148106603
-101.33358188582221
-101.31850906285258
-101.30329628948738
-101.28794351363717
-101.27245068338729
-101.25681774699872
-101.24104465290807
-101.22513134972849
-101.20907778624968
-101.19288391143874
-101.17654967444034
-101.1600750245774
-101.14345991135133
-101.12670428444271
-101.10980809371154
-101.09277128919783
-101.07559382112206
-101.05827563988551
-101.04081669607089
-101.02321694044271
-101.0054763239477
-100.98759479771536
-100.96957231305835
-100.95140882147302
-100.93310427463982
-100.91465862442371
-100.8960718228747
-100.87734382222837
-100.85847457490624
-100.83946403351608
-100.82031215085274
-100.80101887989835
-100.78158417382278
-100.76200798598424
-100.7422902699297
-100.72243097939511
-100.7024300683064
-100.6822874907794
-100.66200320112054
-100.64157715382736
-100.62100930358889
-100.60029919802352
-100.57944397700103
-100.55844679375906
-100.5373076037666
-100.51602636268663
-100.49460302637675
-100.47303755088956
-100.45132989247315
-100.42948000757156
-100.40748785282521
-100.3853533850715
-100.36307656134508
-100.34065733887847
-100.31809567510251
-100.29539152764679
-100.27254485434001
-100.24955561321073
-100.22642376248757
-100.20314926059987
-100.17973206617796
-100.15617213805385
-100.1324694352615
-100.10862391703745
-100.08463554282116
-100.06050427225566
-100.03623006518771
-100.01181288166863
-99.98725268195453
-99.96254942650683
-99.93770307599286
-99.91271359128608
-99.88758093346681
-99.86230506382249
-99.83688594384836
-99.811320470709
-99.78561026907568
-99.75975667863136
-99.73375966172445
-99.70761918091361
-99.68133519896828
-99.65490767886917
-99.6283365838087
-99.60162187719152
-99.57476352263484
-99.54776148396914
-99.52061572523843
-99.49332621070084
-99.46589290482903
-99.43831577231072
-99.41059477804912
-99.38272988716342
-99.35472106498935
-99.32656827707939
-99.2982714892036
-99.26983066734982
-99.24124577772423
-99.2125167867519
-99.18364366107718
-99.15462636756415
-99.12546487329718
-99.09615914558134
-99.06670915194292
-99.03711171240101
-99.00736793787415
-98.9774797775379
-98.94744719983308
-98.91727017342436
-98.88694866720073
-98.85648265027588
-98.82587209198883
-98.79511696190433
-98.76421722981326
-98.73317286573338
-98.70198383990933
-98.67065012281367
-98.63917168514682
-98.60754849783794
-98.57578053204523
-98.54386775915637
-98.51181015078917
-98.47960767879175
-98.4472603152434
-98.41476803245462
-98.38213080296805
-98.34934859955851
-98.31642139523386
-98.28334916323514
-98.25012644291547
-98.21675831655216
-98.18324506037749
-98.14958664860234
-98.11578305567363
-98.08183425627473
-98.0477402253259
-98.01350093798492
-97.97911636964731
-97.94458649594705
-97.90991129275687
-97.875090736189
-97.84012480259514
-97.8050134685676
-97.7697567109391
-97.73435450678383
-97.69880683341754
-97.66311366839813
-97.62727498952619
-97.59129077484535
-97.5551610026429
-97.51888565145012
-97.48246032131081
-97.4458874604359
-97.40916893495627
-97.37230472442175
-97.33529480862911
-97.2981391676221
-97.26083778169217
-97.2233906313789
-97.18579769747048
-97.14805896100421
-97.11017440326677
-97.07214400579497
-97.0339677503761
-96.99564561904836
-96.95717759410141
-96.91856365807686
-96.87980379376859
-96.84089798422335
-96.80184621274128
-96.76264846287629
-96.72330284538833
-96.68380632780693
-96.64416376198984
-96.60437513255394
-96.5644404243728
-96.52435962257653
-96.48413271255285
-96.44375967994715
-96.4032405106633
-96.36257519086371
-96.32176370697024
-96.28080604566435
-96.23970219388775
-96.19845213884267
-96.15705586799263
-96.11551336906254
-96.07382463003961
-96.03198963917335
-95.99000838497636
-95.94787869448795
-95.90559767458294
-95.86317033712548
-95.82059667173331
-95.77787666828979
-95.73501031694428
-95.69199760811281
-95.64883853247827
-95.60553308099111
-95.5620812448696
-95.51848301560057
-95.47473838493963
-95.43084734491165
-95.38680988781141
-95.34262600620386
-95.2982956929247
-95.2538189410808
-95.20919574405069
-95.16442228603567
-95.1194985624399
-95.07442835483467
-95.02921165774335
-94.98384846596342
-94.93833877456714
-94.89268257890194
-94.84687987459071
-94.80093065753256
-94.75483492390303
-94.70859267015481
-94.66220389301786
-94.61566858950017
-94.56898675688797
-94.52215839274646
-94.47518349492003
-94.42806206153291
-94.38078862166073
-94.33336611414006
-94.28579704730423
-94.23808142045935
-94.1902192331939
-94.14221048537885
-94.09405517716857
-94.045753309001
-93.99730488159825
-93.94870989596694
-93.89996835339879
-93.8510802554708
-93.80204560404617
-93.75286440127421
-93.70353664959123
-93.65406235172065
-93.60443562212635
-93.55465989140329
-93.50473760538543
-93.45466876801291
-93.40445338351535
-93.35409145641287
-93.30358299151625
-93.25292799392733
-93.20212646903953
-93.15117842253836
-93.1000838604017
-93.04884278890046
-92.99745521459874
-92.94592114435468
-92.89424058532047
-92.84240963401936
-92.79042744755387
-92.73829877732985
-92.68602363174813
-92.63360201950621
-92.58103394959895
-92.52831943131844
-92.4754584742552
-92.42245108829798
-92.36929728363457
-92.31599707075199
-92.26255046043723
-92.20895746377738
-92.15521809216013
-92.10133235727443
-92.04729282611783
-91.99310541559252
-91.93877166135738
-91.88429157638154
-91.82966517393736
-91.77489246760148
-91.71997347125463
-91.66490819908259
-91.60969666557627
-91.55433888553229
-91.49883487405339
-91.44318464654876
-91.38738821873474
-91.33144560663476
-91.2753497121785
-91.21910550979881
-91.16271515659973
-91.10617866991393
-91.04949606738407
-90.99266736696268
-90.93569258691315
-90.8785717458097
-90.82130486253828
-90.76389195629642
-90.70633304659405
-90.64862815325395
-90.59077729641172
-90.53277852528582
-90.47462627194284
-90.41632810177887
-90.35788403626532
-90.29929409718912
-90.24055830665284
-90.18167668707572
-90.12264926119335
-90.06347605205855
-90.00415708304169
-89.944692377831
-89.88508196043317
-89.8253258551734
-89.76542315841247
-89.7053659691998
-89.64516315230105
-89.58481473340308
-89.52432073851385
-89.46368119396266
-89.40289612640078
-89.34196556280149
-89.28088953046091
-89.21966805699802
-89.15830117035534
-89.096788898799
-89.0351312709196
-88.97332441143034
-88.9113661336481
-88.84926257348774
-88.78701376092657
-88.72461972626851
-88.66208050014417
-88.59939611351153
-88.53656659765605
-88.47359198419123
-88.4104723050589
-88.34720759252973
-88.2837978792034
-88.2202426323033
-88.15653277333334
-88.0926780004681
-88.02867834771722
-87.9645338494216
-87.90024454025396
-87.83581045521892
-87.77123162965377
-87.70650809922834
-87.64163989994597
-87.57662706814332
-87.51146964049121
-87.44616702886808
-87.3807100676578
-87.31510861068156
-87.24936269604206
-87.18347236217838
-87.11743764786583
-87.05125859221657
-86.98493523467982
-86.91846761504247
-86.85185577342912
-86.78509975030278
-86.71819958646486
-86.65115131709771
-86.58395234165278
-86.51660933898037
-86.44912235133592
-86.38149142131536
-86.31371659185577
-86.24579790623537
-86.17773540807423
-86.10952914133435
-86.04117915032037
-85.97268547967928
-85.90404817440152
-85.83525665442832
-85.7663213713481
-85.69724258072841
-85.62802032903454
-85.55865466307657
-85.48914563001006
-85.41949327733641
-85.34969765290293
-85.27975880490351
-85.20967678187858
-85.13945163271592
-85.06907402879776
-84.99855175888828
-84.9278865026114
-84.85707831034821
-84.78612723282883
-84.71503332113276
-84.64379662668892
-84.57241720127642
-84.50089509702451
-84.42923036641308
-84.35742306227303
-84.28546238702832
-84.21335891625873
-84.14111302457302
-84.06872476631364
-83.99619419617557
-83.92352136920707
-83.85070634080952
-83.77774916673829
-83.70464990310242
-83.63140860636554
-83.55802168640558
-83.48448516801284
-83.41080678096455
-83.33698658325143
-83.26302463322057
-83.18892098957514
-83.11467571137527
-83.0402888580377
-82.96576048933673
-82.891090665404
-82.81627944672917
-82.74131669593248
-82.66621139894181
-82.5909648848039
-82.51557721555234
-82.44004845358036
-82.36437866164067
-82.28856790284641
-82.21261624067087
-82.13652373894814
-82.06029046187308
-81.98390882225402
-81.90738258613432
-81.83071576436066
-81.75390842268646
-81.67696062722787
-81.59987244446368
-81.52264394123586
-81.44527518474972
-81.36776624257398
-81.2901171826415
-81.21232079597048
-81.13437998080359
-81.0562992498029
-80.97807867247376
-80.89971831868667
-80.82121825867796
-80.74257856304975
-80.66379930277039
-80.58488054917454
-80.50582237396364
-80.4266158337611
-80.3472671926076
-80.26777934410289
-80.188152361534
-80.10838631855614
-80.02848128919267
-79.94843734783582
-79.86825456924635
-79.78793302855432
-79.70747194014142
-79.62686115919566
-79.5461118416345
-79.46522406418495
-79.38419790394457
-79.3030334383812
-79.22173074533389
-79.14028990301244
-79.05871098999829
-78.97699408524409
-78.89513273094691
-78.81312804014219
-78.73098559563135
-78.64870547797597
-78.56628776811068
-78.4837325473429
-78.40103989735343
-78.31820990019622
-78.23524263829911
-78.15213618437728
-78.06888251199348
-77.9854918243042
-77.90196420535608
-77.81829973957079
-77.73449851174479
-77.65056060704991
-77.56648611103319
-77.48227510961745
-77.39792768910102
-77.31343254753145
-77.22880033864043
-77.14403197281365
-77.05912753797904
-76.97408712244113
-76.88891081488187
-76.80359870436001
-76.71815088031198
-76.63256743255153
-76.54683817466335
-76.46097146655156
-76.3749694084497
-76.28883209180957
-76.20255960846181
-76.11615205061551
-76.02960951085893
-75.9429320821592
-75.85611985786257
-75.76916217732055
-75.6820682937605
-75.59483989995022
-75.50747709088206
-75.41997996192879
-75.33234860884308
-75.24458312775823
-75.15668361518783
-75.06864980881367
-74.9804701127538
-74.89215668096965
-74.80370961162743
-74.7151290032752
-74.6264149548423
-74.53756756563966
-74.44858693536013
-74.35947316407814
-74.27022254192836
-74.18083032762898
-74.09130527982632
-74.00164750025436
-73.91185709102984
-73.82193415465208
-73.73187879400338
-73.64169111234865
-73.55137121333627
-73.46091050005893
-73.37031397288925
-73.27958554765125
-73.18872532965837
-73.09773342460804
-73.00660993858115
-72.91535497804279
-72.82396864984163
-72.73244863382975
-72.64078734450085
-72.54899501734958
-72.4570717608947
-72.36501768403998
-72.27283289607347
-72.18051750666777
-72.08807162588063
-71.99549536415417
-71.90277883195026
-71.80992956558198
-71.7169502599893
-71.62384102728907
-71.53060197998363
-71.43723323096036
-71.34373489349232
-71.25010708123773
-71.1563436627851
-71.06244463950215
-70.96841649376555
-70.87425934091188
-70.77997329666314
-70.68555847712744
-70.59101499879864
-70.49634297855668
-70.40153886077381
-70.30659748306252
-70.21152792641453
-70.11633030939055
-70.02100475093717
-69.92555137038762
-69.82997028746104
-69.73426162226288
-69.6384232511614
-69.54244714218541
-69.44634382457943
-69.35011342013175
-69.2537560510174
-69.15727183979752
-69.06066090941992
-68.96392338321871
-68.86705746520535
-68.770054469211
-68.67292526171657
-68.57566996774044
-68.47828871268769
-68.38078162234997
-68.28314882290518
-68.18539044091794
-68.08750394397616
-67.98948212660999
-67.89133512171927
-67.79306305755382
-67.69466606274969
-67.59614426632943
-67.49749779770194
-67.39872678666266
-67.29982694141108
-67.20079458994593
-67.10163810178986
-67.00235760842317
-66.90295324171286
-66.80342513391176
-66.7037734176592
-66.60399822598013
-66.50409252660523
-66.40405815007587
-66.3039007145476
-66.20362035473002
-66.10321720571906
-66.00269140299613
-65.90204308242856
-65.80127238026945
-65.70036858532956
-65.59934091457424
-65.49819128936001
-65.39691984762338
-65.29552672768577
-65.19401206825422
-65.0923760084207
-64.99061586928991
-64.88872482076266
-64.78671280836991
-64.68457997288516
-64.5823264554671
-64.47995239765864
-64.37745794138749
-64.27484322896592
-64.17210012434039
-64.0692327534232
-63.96624557358339
-63.8631387288122
-63.7599123634846
-63.6565666223595
-63.55310165057921
-63.44951559528504
-63.34580004481053
-63.24196572029379
-63.13801276855321
-63.03394133679056
-62.92975157259052
-62.82544362392024
-62.72101763912998
-62.61646468079607
-62.51179056138308
-62.40699887312363
-62.30208976603994
-62.1970633905358
-62.091919897397155
-61.986659437791204
-61.88127773657624
-61.775771321915144
-61.6701484174114
-61.56440917590044
-61.45855375059813
-61.35258229510134
-61.24649496338712
-61.14029136284634
-61.03396030216378
-60.92751385121859
-60.82095216565084
-60.714275401480634
-60.60748371510702
-60.50057726330846
-60.39355620324211
-60.286410875729786
-60.17914869732358
-60.071772407189016
-59.96428216414056
-59.85667812737039
-59.74896045644855
-59.64112931132249
-59.533177487256495
-59.42510754914326
-59.31692464263905
-59.20862892934214
-59.1002205712277
-58.991699730646744
-58.883066570326456
-58.77431564974211
-58.66544606798969
-58.55646468155295
-58.447371654803305
-58.33816715248713
-58.22885133972498
-58.119424382011935
-58.00988194144451
-57.90022097991947
-57.79044939770526
-57.68056736193437
-57.570575040111706
-57.46047260011518
-57.35026021019475
-57.23993400237522
-57.12949007217198
-57.01893672547506
-56.90827413216431
-56.79750246249007
-56.68662188707377
-56.57563257690684
-56.464530530379974
-56.35331218919434
-56.24198565581465
-56.13055110285351
-56.01900870329267
-55.907358630482086
-55.79560105814021
-55.68373127680355
-55.57174722824939
-55.459656231801134
-55.34745846278892
-55.23515409691022
-55.12274331022826
-55.010226279172635
-54.89759704173594
-54.784856134605405
-54.67200954376936
-54.559057447259974
-54.446000023473204
-54.332837451169524
-54.2195699094724
-54.106189668837786
-53.99270089630389
-53.87910772402346
-53.76541033271268
-53.65160890344921
-53.537703617672406
-53.423694657182395
-53.30957203974333
-53.19534453850635
-53.081013941125434
-52.966580430982034
-52.85204419181712
-52.73740540773018
-52.62266305995898
-52.50780806803904
-52.39285111741524
-52.27779239375886
-52.16263208309764
-52.047370371816065
-51.93200744665431
-51.81653905301077
-51.70096269281716
-51.585285713769615
-51.469508304167675
-51.35363065266519
-51.23765294826916
-51.12157538033993
-51.00539005792424
-50.88910187180207
-50.77271442591399
-50.65622791116702
-50.53964251881927
-50.422958440478936
-50.30617515933598
-50.18928290406245
-50.0722925740493
-49.95520436244014
-49.83801846272728
-49.720735068750315
-49.60335437469636
-49.48587139861602
-49.36828542552457
-49.25060277221641
-49.13282363440015
-49.01494820812937
-48.89697668980206
-48.77890927616018
-48.66073620476325
-48.542466453046714
-48.42410143440629
-48.305641347091395
-48.187086389692425
-48.068436761141186
-47.94968867971464
-47.83083926032682
-47.71189580547373
-47.59285851558112
-47.473727591413436
-47.35450323407277
-47.235185644998865
-47.115765588144825
-46.99625122830876
-46.876644280804065
-46.75694494854926
-46.637153434797206
-46.51726994313539
-46.39729036494757
-46.277212717235436
-46.1570437428375
-46.036783646805816
-45.91643263452403
-45.79599091170646
-45.67545868439815
-45.55482581565661
-45.43410253006362
-45.31328939941605
-45.192386631207135
-45.07139443325711
-44.95031301371348
-44.82913659133603
-44.70786679442378
-44.58650844236615
-44.46506174474355
-44.34352691146076
-44.22190415274568
-44.100191631502476
-43.978383206495636
-43.85648752944457
-43.73450481199492
-43.61243526611318
-43.490279104085246
-43.36803653851684
-43.24569895039144
-43.12327392711353
-43.000763181630866
-42.878166927948406
-42.755485380387256
-42.63271875358368
-42.50986171848123
-42.386915409203894
-42.26388470879683
-42.14076983327932
-42.0175709989835
-41.89428842255265
-41.77091970593936
-41.647460251435206
-41.52391774960612
-41.40029241846172
-41.276584476320366
-41.152794141808066
-41.02892160511582
-40.9049572257591
-40.780911155457034
-40.65678361418486
-40.532574822221804
-40.408285000151125
-40.28391436885882
-40.15945559453043
-40.03491426717668
-39.910292839587804
-39.78559153397849
-39.66081057286311
-39.535950179055
-39.41100510450531
-39.28597690899148
-39.16086999620371
-39.0356845902657
-38.910420915596276
-38.78507919690929
-38.6596559806669
-38.534149382327364
-38.40856546173306
-38.28290444488953
-38.15716655809305
-38.03135202793061
-37.90545891988167
-37.77948245943867
-37.65343008364626
-37.52730202036367
-37.40109849773717
-37.27481974419863
-37.148465084386245
-37.022027376869865
-36.89551517261898
-36.76892870131847
-36.64226819293587
-36.51553387771982
-36.38872598620001
-36.261835828748396
-36.13487249579935
-36.007836327742204
-35.880727556336176
-35.75354641361784
-35.62629313189956
-35.4989599599132
-35.37155426991131
-35.244077188058384
-35.11652894787633
-34.988909783159606
-34.861219927973494
-34.73345235887904
-34.605613154192476
-34.47770401203924
-34.349725167673924
-34.22167685661797
-34.09355931466002
-33.96536605063834
-33.837102243172005
-33.70876996355821
-33.580369448753146
-33.451900935974905
-33.323364662703796
-33.1947544893039
-33.066075059287584
-32.9373286331818
-32.808515449612585
-32.67963574746368
-32.55068976587503
-32.421671550591995
-32.292585545345
-32.16343403060516
-32.03421724663654
-31.904935433956062
-31.775588833331657
-31.646171524150567
-31.516688056821884
-31.387140576931806
-31.257529326349996
-31.127854547193788
-30.99811648182672
-30.868309105733005
-30.738437354017563
-30.608503096799524
-30.478506577521593
-30.34844803986801
-30.21832772776482
-30.088139389220686
-29.957888594052207
-29.82757681035696
-29.697204283116463
-29.566771257548645
-29.43627797910779
-29.305717858495782
-29.17509732271705
-29.044417325089825
-28.913678112100012
-28.782879930465313
-28.65202302713344
-28.521100379167343
-28.390119466177907
-28.259080627502534
-28.127984111097113
-27.996830165144043
-27.865618428342465
-27.734343190154004
-27.603011322535217
-27.471623074656023
-27.340178695907554
-27.2086784359012
-27.077121160635052
-26.945502895124257
-26.813829553242826
-26.682101385565154
-26.550318642881734
-26.418481576197472
-26.28658821874419
-26.15463645379853
-26.022631174388557
-25.890572632457506
-25.758461080158824
-25.62629676985462
-25.49407685444825
-25.36180117311456
-25.229473547839223
-25.0970942318979
-24.964663478769843
-24.83218154213834
-24.699644659232185
-24.567054698260822
-24.434414372253336
-24.301723935780387
-24.16898364361056
-24.03619375071029
-23.903349555210138
-23.77045500357891
-23.63751167396351
-23.504519822191575
-23.37147970428368
-23.23839157645142
-23.10524978592082
-22.972060383340228
-22.83882379773351
-22.705540286147816
-22.572210105817295
-22.4388325331494
-22.30540390699897
-22.171929442397015
-22.03840939739088
-21.90484403020905
-21.77123359926027
-21.63757623717656
-21.503870776725346
-21.370121086715173
-21.236327426341234
-21.102490054974457
-20.968609232159686
-20.834681965674356
-20.700709546459795
-20.56669451378823
-20.43263712796404
-20.29853764946092
-20.16439633892095
-20.030209108583055
-19.895979650958502
-19.761709202938206
-19.627398025896362
-19.493046381369695
-19.358654240604558
-19.224217331030392
-19.08974079858249
-18.95522490550661
-18.82066991420666
-18.68607608724269
-18.551442177847544
-18.41676656344741
-18.28205296139691
-18.147301634937843
-18.01251284746268
-17.87768686251489
-17.74282127180104
-17.607916991581284
-17.47297636516881
-17.33799965676016
-17.202987130696457
-17.067939051463313
-16.9328519147916
-16.797729046407397
-16.662571479262564
-16.52737947846734
-16.392153309270693
-16.256892766252182
-16.121594735831046
-15.986263393944093
-15.850899006441146
-15.715501839304878
-15.58007215865014
-15.444608602022033
-15.309110590353967
-15.1735809249756
-15.038019872574274
-14.902427699963297
-14.766804674082008
-14.631148364312033
-14.495460549863324
-14.359742744684306
-14.223995216257343
-14.088218232185234
-13.952412060189152
-13.816573297991882
-13.680705891492742
-13.544810162199596
-13.40888637834805
-13.272934808287582
-13.136954682973457
-13.000944844733713
-12.86490808748432
-12.728844680064011
-12.592754891419474
-12.45663899060385
-12.320495227615718
-12.184324632426174
-12.048128794591161
-11.911907983623912
-11.775662469139162
-11.639392520851644
-11.503095523525223
-11.366774464513
-11.230429843404682
-11.094061930345305
-10.957670995574825
-10.821256569007367
-10.684817513274776
-10.548356309261607
-10.411873227612887
-10.275368539062608
-10.138842514432035
-10.002293840695792
-9.865723295199519
-9.729132288966694
-9.59252109319417
-9.455889979161213
-9.319239218227532
-9.182566786213396
-9.045875112547668
-8.909164669090778
-8.772435727548409
-8.635688559701034
-8.49892283375397
-8.36213776207454
-8.22533534257251
-8.088515847348487
-7.951679548572585
-7.814826718483182
-7.677956362285867
-7.541069249597156
-7.404166485571224
-7.2672483427365036
-7.130315093683365
-6.9933670110645165
-6.856402581681563
-6.719423843900072
-6.582431153874211
-6.445424784515848
-6.308405008792115
-6.171371581306219
-6.034324174092889
-5.897264242853273
-5.760192060788267
-5.623107901148977
-5.4860120372351036
-5.348903773369989
-5.2117839151112335
-5.074653235987065
-4.937512009500465
-4.800360509197273
-4.663198979787025
-4.526026516027647
-4.388844662645864
-4.251653693364862
-4.114453881945098
-3.977245502182826
-3.840028426282999
-3.7028027277027658
-3.5655693457681847
-3.4283285544224515
-3.2910806276385394
-3.1538258394190413
-3.016563847848328
-2.8792953885905694
-2.7420209535283098
-2.6047408167802084
-2.4674552524875764
-2.330164464863733
-2.1928682679020453
-2.0555675294523206
-1.9182625237457351
-1.780953525031192
-1.6436408075741933
-1.5063244492939947
-1.3690047510029322
-1.2316822203906768
-1.094357131781817
-0.9570297595108666
-0.8197003779222721
-0.682369100931391
-0.5450363916108941
-0.40770255960841995
-0.27036787929661726
-0.13303262505114027
