0.01042584354150769
-0.0825749611783894
-0.17557559412621426
-0.26857589044133345
-0.36157569109066984
-0.45457475618775883
-0.547572946281206
-0.640570116745251
-0.7335660110508843
-0.8265604690564785
-0.9195533835651291
-1.0125445042396368
-1.105533604608379
-1.198520637757262
-1.2915053822886862
-1.384487499926748
-1.4774670268153633
-1.5704437931291122
-1.6634173035358748
-1.7563876999056067
-1.8493548235170891
-1.9423181658794633
-2.0352778082511573
-2.128233654979328
-2.2211852397061502
-2.314132505517812
-2.407075453156648
-2.5000136804535145
-2.592946948197854
-2.6858753756443203
-2.7787986466327466
-2.871716295994445
-2.964628583385738
-3.057535300211952
-3.150435712204525
-3.243330241055129
-3.336218728833684
-3.429100364101757
-3.5219755174403056
-3.6148441092852552
-3.7077054233188473
-3.800559585823872
-3.8934066670279934
-3.9862460662281745
-4.079077624365004
-4.171901582055219
-4.264717474322538
-4.357524816478916
-4.450324039752184
-4.543114834594842
-4.635896351216003
-4.728669231274924
-4.82143331810659
-4.9141874236403185
-5.006932353927715
-5.099667974402587
-5.192393235206466
-5.285108611539969
-5.377814162344
-5.470508994135716
-5.56319321484183
-5.655867095217198
-5.748529915790317
-5.8411813818383385
-5.93382199371652
-6.026451223047637
-6.119068338182424
-6.211674086317559
-6.304268146672033
-6.396849317546611
-6.489418609647714
-6.581975868418112
-6.6745195619936055
-6.767050808856478
-6.859569512108515
-6.952074322344554
-7.044565937983199
-7.137044500895119
-7.229508858546476
-7.3219592603239345
-7.414396101469021
-7.506818440038194
-7.5992260487966465
-7.691619590272599
-7.783998346114153
-7.876361586304197
-7.968710253862986
-8.061043866286305
-8.15336116609629
-8.245663389272494
-8.337950300645213
-8.430220092129016
-8.522474304367934
-8.6147127860445
-8.706933679423125
-8.799138318207651
-8.89132672576099
-8.983497254419515
-9.075650761397073
-9.16778753796996
-9.259906155333749
-9.352006976441983
-9.44409056951136
-9.536155732507652
-9.62820231809911
-9.72023117960092
-9.812241348759322
-9.90423215372596
-9.996204740178806
-10.088158379730839
-10.180091863627368
-10.272006636255442
-10.3639022142337
-10.455776841399885
-10.547632266255603
-10.639468254591938
-10.731282494274467
-10.823077042359717
-10.914851752210009
-11.006604243456387
-11.098336390842721
-11.190048213134197
-11.281737524462873
-11.373405752411209
-11.465053170258276
-11.556677787457733
-11.648280582537497
-11.73986208440373
-11.831420497584547
-11.922956351790802
-12.014470431606995
-12.10596113529651
-12.19742854616685
-12.288873703446951
-12.380295196683823
-12.471692667414203
-12.563067407370774
-12.654418193798094
-12.7457442333578
-12.837047067016421
-12.928325654974905
-13.019578778220085
-13.110808222532807
-13.20201312515284
-13.293191852939144
-13.384346430896825
-13.475476166189676
-13.566579025484195
-13.657657266227783
-13.748710357176165
-13.839735881167979
-13.930736320098681
-14.021711294746794
-14.112658022956165
-14.203579201844642
-14.29447459338722
-14.385341071774441
-14.47618153886867
-14.566995857566125
-14.657780666811389
-14.748538976943594
-14.83927067984092
-14.929972465819542
-15.020647180511888
-15.1112948315054
-15.201912145412116
-15.2925018329815
-15.383064002798202
-15.473595401358146
-15.56409863701937
-15.654573903319672
-15.745017948872633
-15.835433314840579
-15.925820262320585
-16.016175522904625
-16.106501608495606
-16.19679882898751
-16.287063878422135
-16.37729928015326
-16.467505372724382
-16.557678790692762
-16.647822112380723
-16.737935683431832
-16.82801605556183
-16.9180659084201
-17.008085571782583
-17.098071489726703
-17.18802649246179
-17.277950869492607
-17.36784093100809
-17.45769970991411
-17.5475274295905
-17.6373202386173
-17.727081427669603
-17.816811126682126
-17.90650529342038
-17.99616753436772
-18.08579783705894
-18.175391998198833
-18.26495394065434
-18.354483334246545
-18.44397627790661
-18.533436579437065
-18.622863690962422
-18.712254079923227
-18.801611406137617
-18.890934869162482
-18.98022137430361
-19.06947439894003
-19.15869285363813
-19.247874154024593
-19.337021559035637
-19.426133652260116
-19.515208435226963
-19.604248910863856
-19.693253296218675
-19.78222025745402
-19.871152502349805
-19.960047840260152
-20.048905683887213
-20.13772840513775
-20.226513362918816
-20.315260801576944
-20.403972714821105
-20.492645966746608
-20.581281721669868
-20.669881551168313
-20.758441778538003
-20.846964579632868
-20.935451058345215
-21.023896949550455
-21.112305535472842
-21.200677405133376
-21.289007655722827
-21.37730077395243
-21.46555630803591
-21.553770097888318
-21.641946504802135
-21.73008427252463
-21.818180501984298
-21.90623896292877
-21.994257678972772
-22.08223511925764
-22.17017440861953
-22.25807279505303
-22.345930226466958
-22.433749127742278
-22.521525914079202
-22.609262126080605
-22.69695943194194
-22.784613355201664
-22.872227146469648
-22.95980165883336
-23.047331463598873
-23.134821642098828
-23.22227131737103
-23.30967661066437
-23.397041993712136
-23.48436550556581
-23.57164519419056
-23.65888460851448
-23.746080721704132
-23.833233638547966
-23.920345920349835
-24.007413407396903
-24.094438394860646
-24.18142238987521
-24.268360031121283
-24.35525594117749
-24.442109796014158
-24.52891708838965
-24.615682782639585
-24.702404805608698
-24.78908110191435
-24.875715451643657
-24.96230444391063
-25.048848621768368
-25.135350508000865
-25.221805278736795
-25.30821622554191
-25.39458441588195
-25.48090390552204
-25.567180518495086
-25.653412548645818
-25.73959694746936
-25.825738133706437
-25.911832834132348
-25.997881055696297
-26.083885732217308
-26.16984194155912
-26.25575290937627
-26.34161981163372
-26.427436568291345
-26.513209215876326
-26.598935736817175
-26.68461343997731
-26.770246710891264
-26.855831710881837
-26.941369310678915
-27.026862158573078
-27.112304506312665
-27.197700962999093
-27.28305134564382
-27.368350924217516
-27.45360520820494
-27.538811097725016
-27.623967794447942
-27.709078886346163
-27.79413917356076
-27.879151975715324
-27.96411841363213
-28.049032450573613
-28.133900355702995
-28.21871938674131
-28.30348783523081
-28.388209851174473
-28.47288038853604
-28.55750226315017
-28.64207710416685
-28.726598373533356
-28.81107269920126
-28.89549727868297
-28.979870325568488
-29.064196137603183
-29.148469391376587
-29.232693257889437
-29.31686900583695
-29.400990474565617
-29.48506421324779
-29.56908690472568
-29.65305759013097
-29.736980263985302
-29.82084885766875
-29.904667829600513
-29.98843714592063
-30.072151975416737
-30.155818314229386
-30.23943183944098
-30.32299339850013
-30.406506195076467
-30.489962910906147
-30.57337029730305
-30.656726002521303
-30.740027550058024
-30.82327987213266
-30.906477112420525
-30.989622976607595
-31.07271814858915
-31.155757133604837
-31.238746440297938
-31.32168151536083
-31.40456333529294
-31.487395220963734
-31.570169218562228
-31.652893016833882
-31.73556327555025
-31.81817857708295
-31.90074350776061
-31.983251095239346
-32.06570694003126
-32.148109770001426
-32.23045612702639
-32.31275168678058
-32.39499027555421
-32.47717576991466
-32.559308597609515
-32.641383632172484
-32.723407453243745
-32.80537449368156
-32.88728728887341
-32.96914757977066
-33.050948962173635
-33.13269872507129
-33.214391706626245
-33.296029502218644
-33.377614760927514
-33.45914020981383
-33.54061364339763
-33.62203009472374
-33.70339063866761
-33.78469840904157
-33.86594569146461
-33.94714057301019
-34.028278062067926
-34.10935915075453
-34.1903870159925
-34.27135394746883
-34.352268102716536
-34.433124236866824
-34.513923715170975
-34.59466929790646
-34.675353742452124
-34.755985045640486
-34.836557471726955
-34.91707323303373
-34.997534195412875
-35.07793406556424
-35.158280439447005
-35.2385668438665
-35.318796830082626
-35.39897087383054
-35.479084130649355
-35.559143546497005
-35.639141655259316
-35.71908385680851
-35.79896872328403
-35.87879337634698
-35.95856385393299
-36.03827143270863
-36.1179238885116
-36.19751735875129
-36.27705146612392
-36.35653049259491
-36.43594592785266
-36.51530672529216
-36.59460662004276
-36.67384828823852
-36.75303289430114
-36.83215511710234
-36.91122239197249
-36.99022657171275
-37.06917395563685
-37.14806201715906
-37.226889201512094
-37.305660823790845
-37.38436750290459
-37.463018805783086
-37.541608238378046
-37.620138606584206
-37.69861079175257
-37.77701992712973
-37.85537340042398
-37.933662159445646
-38.01189398200817
-38.09006470080917
-38.16817458198171
-38.24622695374628
-38.32421460581702
-38.40214620133564
-38.480013464231014
-38.557822428786366
-38.63557057318283
-38.713256626540186
-38.790885353870735
-38.86844821873281
-38.945954652188846
-39.02339663473416
-39.10077949381868
-39.17810130914405
-39.25536032401178
-39.33256168178915
-39.409696585522525
-39.48677470251273
-39.56378772632521
-39.64074136222488
-39.71763319961011
-39.79446209492413
-39.87123246377878
-39.94793636192841
-40.02458313740532
-40.101163629759554
-40.17768505396229
-40.254143370137875
-40.33053919387706
-40.40687505997768
-40.48314503696724
-40.55935757464173
-40.6355020682353
-40.711588420814955
-40.78760977786301
-40.86356970641408
-40.93946766120544
-41.01530092968345
-41.091075218785726
-41.16678159403065
-41.24243014296388
-41.31801120802065
-41.39353254547714
-41.4689892853694
-41.54438318548938
-41.61971534493695
-41.69498158472932
-41.770188910721096
-41.84532727005856
-41.92040744745448
-41.99541977346446
-42.070371772101595
-42.14525863205312
-42.22008223904618
-42.294843388041606
-42.369538393351476
-42.444173588750644
-42.51873978517894
-42.59324747508362
-42.66768596978067
-42.74206457226187
-42.81637650749124
-42.890625822528975
-42.96481096371936
-43.038930794114926
-43.11298890893988
-43.186979060310136
-43.26090991868466
-43.33477019945631
-43.4085716124256
-43.4823037949382
-43.55597508263542
-43.62957943517414
-43.703120413119876
-43.77659671360721
-43.85000720011029
-43.92335522869544
-43.99663504484689
-44.06985458390275
-44.143003553569834
-44.2160933393605
-44.28911233750863
-44.36207104569847
-44.43496101287281
-44.507788474330326
-44.580549200841574
-44.653245249187904
-44.725876527553694
-44.79844099915597
-44.8709426240971
-44.94337535806148
-45.01574712649814
-45.08804796466337
-45.16028929763009
-45.23245846264144
-45.304567696082614
-45.37660650058566
-45.4485834832235
-45.520491731984805
-45.59233631524834
-45.66411381521562
-45.73582585323355
-45.80747241353109
-45.87905176312438
-45.950567195049054
-46.02201371572373
-46.09339783274062
-46.16471138668029
-46.23596400441813
-46.30714445647633
-46.378265066266636
-46.44931261041633
-46.52029994962854
-46.59121553861395
-46.66206947881781
-46.73285293598073
-46.80357335138775
-46.87422450221274
-46.94481126966852
-47.01532994177858
-47.08578294075501
-47.15616896390659
-47.22648807649337
-47.29674128257174
-47.36692639346879
-47.43704661648307
-47.5070976129918
-47.57708468907018
-47.647001461085836
-47.71685522847046
-47.78663766847318
-47.8563579675153
-47.92600597056213
-47.99559264371699
-48.06510610743333
-48.13455899925499
-48.20393782382578
-48.27325646125953
-48.34250086912366
-48.41168475237407
-48.48079499734178
-48.549844033016115
-48.61881996711223
-48.68773406434589
-48.75657554166969
-48.82535461211751
-48.89406148883744
-48.96270544666478
-49.031277581013036
-49.0997863428868
-49.16822359515382
-49.236597080233466
-49.3048993127622
-49.37313744269056
-49.441304519871146
-49.50940721876539
-49.57743900702948
-49.64540620147169
-49.713302569286625
-49.78113418831464
-49.84889500617787
-49.916590981276116
-49.98421612170928
-50.05177638679916
-50.1192657243424
-50.18669021577299
-50.254043626979005
-50.321332283517364
-50.38854964694548
-50.455702409767426
-50.52278360597786
-50.58980041865807
-50.656745330205624
-50.72362613870798
-50.79043465013633
-50.85717940280442
-50.92385140063979
-50.99046004818697
-51.05699542093217
-51.12346791643188
-51.18986655456002
-51.25620285343585
-51.32246464938419
-51.3886647094
-51.454789557563906
-51.52085333881378
-51.58684113554022
-51.65276789860617
-51.71861924401988
-51.78440880206101
-51.85012374795899
-51.91577600202611
-51.981354516546304
-52.04686936962048
-52.11231142318703
-52.17768878017306
-52.2429943454858
-52.30823411320583
-52.37340316523033
-52.43850525241733
-52.50353776837436
-52.56850208566546
-52.63339804502086
-52.69822450495097
-52.762983889405206
-52.827672406400396
-52.89229519987799
-52.95684569024873
-53.02133187888819
-53.085744260822736
-53.15009383296578
-53.214368026523346
-53.27858059778312
-53.342716899808934
-53.40679116272569
-53.47079079717743
-53.534726676320766
-53.598589639149424
-53.66238706093709
-53.72611335025036
-53.789772242941496
-53.85336185899331
-53.91688215268149
-53.98033509786126
-54.043716724467714
-54.10703300328939
-54.17027589655605
-54.23345551564777
-54.29655961113018
-54.3596017541589
-54.42256781428374
-54.485471061545695
-54.548300456002394
-54.61106474742578
-54.673757490146066
-54.73638276744914
-54.798938874430995
-54.86142508111501
-54.92384457041183
-54.986191651753686
-55.04847454346336
-55.11068244650894
-55.172828181482686
-55.23489743631936
-55.296903911320726
-55.358836595900755
-55.42070376224026
-55.48249990372747
-55.54422771446014
-55.60588734201443
-55.66747575193256
-55.728998896698855
-55.79044786232486
-55.85183450156951
-55.913144037000784
-55.974391163730424
-56.03556427100262
-56.09667184591157
-56.15770856303229
-56.218676548520335
-56.27957691543319
-56.34040527559828
-56.40116933417165
-56.461858034802276
-56.52248427227269
-56.58303483738651
-56.64352136026048
-56.70393569818339
-56.764282476327246
-56.82456063558516
-56.88476764053107
-56.944909671525224
-57.00497687646365
-57.06498152194165
-57.124910211231786
-57.184775012155086
-57.244567675438574
-57.304292608997734
-57.3639493031646
-57.42353434818327
-57.48305513194954
-57.54250026887682
-57.601882763813
-57.66119041367587
-57.72043296628968
-57.779604828591616
-57.838707423253766
-57.89774356303007
-57.95670618571151
-58.015606111344326
-58.074429308037466
-58.133189235305636
-58.191876847955214
-58.25049676669052
-58.30904886651943
-58.3675287681279
-58.42594542809587
-58.48428530555058
-58.542562427240156
-58.60076644817637
-58.65890352928753
-58.71697226848923
-58.77496930577587
-58.83290284221981
-58.89075983397734
-58.94855403302465
-59.0062751943841
-59.06392933904735
-59.12151547068975
-59.1790295629835
-59.23648074977007
-59.29385479322414
-59.35116601473165
-59.40840512131574
-59.46557629257667
-59.5226806419415
-59.57971177014278
-59.63668005963679
-59.69357254671965
-59.75040079694835
-59.807158724687326
-59.86384694645144
-59.92047040949752
-59.977018615068296
-60.033503965585496
-60.08991591276638
-60.14626125812354
-60.20253895253815
-60.25874430855806
-60.31488680175348
-60.3709532343327
-60.42695575427761
-60.482888155871194
-60.53875072189511
-60.59454919655764
-60.65027182941628
-60.705931595656274
-60.76151920458513
-60.81703906077573
-60.87249297806048
-60.92787294840171
-60.983190053105105
-61.03843339348842
-61.09361064036359
-61.14872053385848
-61.203757950505825
-61.25873250604963
-61.31363212558567
-61.3684668837665
-61.42323331047997
-61.47792830225399
-61.53256044097151
-61.587116910555125
-61.64160932051311
-61.69603286049042
-61.75038557595644
-61.804675449884826
-61.858889363224144
-61.91303958502827
-61.96712084096957
-62.02113144818473
-62.07507922881125
-62.128951202045556
-62.18275941510989
-62.23649901198765
-62.2901676982478
-62.34377357625772
-62.39730424757538
-62.45077065040539
-62.50416923508266
-62.557496206669654
-62.61076039169245
-62.663950420949874
-62.717075230889705
-62.770133471739705
-62.82311895366777
-62.876041674024485
-62.928891742365515
-62.981675195344835
-63.034393781870094
-63.08703801763359
-63.13961952008373
-63.19213032955939
-63.244572679840715
-63.29695231387936
-63.3492555736142
-63.401496123103
-63.45366839629327
-63.50576991621912
-63.55780875325352
-63.60977389179723
-63.661673771203276
-63.71350825083849
-63.76526923057883
-63.81696756393828
-63.86859533599816
-63.92015484588058
-63.971651731236406
-64.0230730417655
-64.07443118231306
-64.12572236215024
-64.17694182049732
-64.22809869575326
-64.27918385986297
-64.33020213574439
-64.38115751679871
-64.43203725877598
-64.48285446215012
-64.53360428468983
-64.58428304108189
-64.63489928534979
-64.68544381329721
-64.73592169989303
-64.78633700429852
-64.83667660315852
-64.88695373913995
-64.93716422400237
-64.98730316555763
-65.03737967347091
-65.08738561329535
-65.13732402242434
-65.1872000281513
-65.23700170133719
-65.28673970623319
-65.3364129478108
-65.3860130277608
-65.43555075990399
-65.4850202335538
-65.53442014257254
-65.58375773670116
-65.63302373097034
-65.68222360605193
-65.73136120013393
-65.78042400730408
-65.82942398865202
-65.87835918965672
-65.92722163990092
-65.97602187089949
-66.02475440616405
-66.07341721610955
-66.12201784329557
-66.17054801481834
-66.21901133318201
-66.26741250621676
-66.3157406195719
-66.3640045981748
-66.4122059627663
-66.460332834111
-66.50839762784997
-66.55639747727739
-66.6043252817569
-66.65219104857653
-66.69998969770388
-66.74771859536753
-66.79538549623209
-66.84298326334257
-66.89051341723928
-66.93798161610471
-66.98537882285868
-67.03271039900893
-67.07998006279489
-67.12717703418804
-67.17431020155607
-67.22138150011799
-67.26837856443964
-67.31531349490544
-67.36218543070963
-67.40898408979837
-67.45572095812987
-67.50239356677483
-67.5489942954277
-67.59553327925335
-67.64200689755748
-67.68840987537332
-67.73475115515413
-67.78102612307596
-67.82723153246646
-67.87337529146853
-67.91945195206542
-67.9654599782275
-68.01140640249459
-68.05728510188187
-68.1030959327704
-68.14884521109653
-68.19452629840649
-68.24014012470685
-68.28569244860873
-68.33117627595033
-68.37659329105104
-68.42194885474072
-68.46723577715882
-68.51245617712439
-68.55761517748253
-68.60270555291729
-68.64772953646104
-68.69269217300929
-68.73758636225637
-68.78241413071353
-68.82718060558756
-68.87187897225769
-68.91651072955796
-68.96108124748073
-69.00558415796012
-69.05002011060111
-69.09439487885584
-69.13870270226607
-69.18294305928643
-69.22712228768955
-69.27123539584846
-69.31528036880096
-69.35926426967578
-69.40318303705745
-69.44703283998254
-69.49082162813225
-69.5345464318281
-69.57820128122721
-69.62179517390871
-69.66532639358827
-69.7087865083974
-69.75218572529434
-69.79552374316636
-69.83878934472943
-69.8819941079264
-69.92513804874008
-69.96821062074288
-70.01122115469872
-70.05417092676754
-70.09705117414887
-70.13986770567054
-70.18262353652503
-70.2253118497596
-70.26793460797607
-70.31049672746153
-70.35299349939771
-70.39542271573416
-70.43779135598444
-70.4800969818066
-70.52233288995828
-70.56450828537007
-70.60662316256048
-70.64866599846687
-70.69064838567388
-70.7325703414975
-70.77442291579428
-70.81621253364163
-70.85794178503744
-70.89960452310211
-70.94120161262049
-70.98273840129684
-71.02421170809009
-71.06561651247057
-71.10696108228896
-71.14824536490896
-71.18945812947749
-71.23061072642682
-71.27170317393664
-71.31272736626399
-71.35368823843577
-71.39458902896298
-71.4354251317034
-71.47619452926634
-71.51690391362649
-71.5575523408326
-71.59813051600749
-71.63864874706121
-71.67910705281099
-71.71949712180044
-71.75982445442848
-71.80009193165628
-71.84029527575275
-71.88043196683105
-71.9205088730366
-71.9605259128528
-72.00047222122791
-72.04035881587447
-72.08018571622574
-72.11994616034914
-72.15964270483884
-72.1992796269701
-72.23885473261123
-72.27836149026082
-72.31780869808964
-72.35719637594772
-72.39651612804947
-72.43577388737654
-72.47497219004286
-72.51410757960822
-72.55317615809327
-72.5921853538127
-72.63113518702326
-72.67001647888921
-72.70883683773447
-72.74759790871835
-72.78629582371813
-72.82492761756608
-72.86350019876961
-72.90201358798222
-72.94045867426343
-72.97884303990627
-73.01716828950757
-73.05543099389897
-73.09362741995044
-73.13176480646393
-73.1698431744798
-73.20785433173575
-73.24580413340414
-73.28369499379112
-73.32152477302641
-73.35928726978838
-73.39699090302403
-73.43463569415093
-73.47221521990397
-73.50973190813151
-73.54718983269868
-73.58458899278536
-73.62191901979085
-73.659190362108
-73.69640304152179
-73.73355325332412
-73.77063829931387
-73.80766476204639
-73.84463266350997
-73.88153466579452
-73.91837519986726
-73.95515725298043
-73.99188048749288
-74.0285353824881
-74.06513187733351
-74.1016699943699
-74.13814634177704
-74.17455756996897
-74.210910501806
-74.24720515982392
-74.28343536855115
-74.31960340879785
-74.35571325731347
-74.39176493682552
-74.42774975867812
-74.46367509325819
-74.4995423415461
-74.53535059886886
-74.5710917165319
-74.60677483108348
-74.64239996558389
-74.6779641800001
-74.71346345972655
-74.74890484318732
-74.78428835362647
-74.81960928565873
-74.85486721884739
-74.89006736339451
-74.925209742725
-74.96028815594093
-74.9953052371838
-75.03026463817454
-75.06516638251618
-75.10000304344119
-75.13477977046429
-75.16949892637686
-75.20416053495734
-75.23875621298833
-75.27329308659309
-75.30777249896812
-75.34219447406436
-75.37654994138403
-75.41084746538854
-75.4450876387708
-75.47927048565106
-75.51338651714264
-75.54744519832425
-75.58144664020446
-75.61539074050302
-75.64926824023343
-75.68308858827072
-75.71685180902841
-75.7505578552637
-75.78419742182435
-75.81777994924025
-75.8513054620866
-75.88477398497585
-75.9181763840281
-75.95152160613293
-75.98480992705413
-76.01804137156265
-76.05120745964956
-76.0843158944849
-76.11736754218585
-76.15036242767923
-76.18329299193582
-76.21616516021854
-76.24898065606706
-76.28173950456139
-76.31443533432758
-76.34707175939425
-76.3796516273658
-76.41217496347241
-76.444636850213
-76.47703805796486
-76.5093828245871
-76.54167117545775
-76.57389991268273
-76.60606643153103
-76.63817662582971
-76.67023052110186
-76.70222690428784
-76.73415926509955
-76.76603541854402
-76.79785539028684
-76.82961920602654
-76.86131895284275
-76.89296159929235
-76.92454818195313
-76.95607872666292
-76.98754789786057
-77.01895757351113
-77.05031130386195
-77.08160911488744
-77.11284851194415
-77.14402575527517
-77.1751471723599
-77.20621278930685
-77.2372226322556
-77.26816856706344
-77.29905821214544
-77.32989217682744
-77.36067048738013
-77.39138843952725
-77.42204685603737
-77.45264971242396
-77.48319703508629
-77.51368781126017
-77.54411554474504
-77.57448783891017
-77.60480472028088
-77.63506621541154
-77.66526672664084
-77.69540900671187
-77.72549599543163
-77.75552771947756
-77.78550285753458
-77.81541567364128
-77.84527332034222
-77.87507582443519
-77.90482321274628
-77.93451030467398
-77.96413916192935
-77.99371299913139
-78.02323184322361
-78.05269537172741
-78.08209599400195
-78.11144171925537
-78.14073257454615
-78.1699685869599
-78.19914629704195
-78.2282644671202
-78.25732789084731
-78.28633659542089
-78.315290608065
-78.34418373144615
-78.37302028261874
-78.40180223881238
-78.43052962736043
-78.4592020071459
-78.48781224649622
-78.51636801548258
-78.54486934154501
-78.57331625214873
-78.60170628504753
-78.63003642966369
-78.65831225650496
-78.68653379314048
-78.71470106716417
-78.74280999126182
-78.77086088375297
-78.79885761170588
-78.82680020281566
-78.85468868480099
-78.88251774022092
-78.91029022632598
-78.9380087017582
-78.96567319433484
-78.9932837318964
-79.0208341606488
-79.0483290891325
-79.07577016141849
-79.103157405443
-79.13049084916486
-79.15776389499683
-79.18498211754671
-79.2121466389653
-79.23925748730433
-79.2663146906376
-79.29331159888562
-79.32025397001036
-79.34714279564284
-79.3739781039472
-79.4007599231089
-79.42748194055288
-79.45414931748128
-79.48076330511118
-79.50732393171559
-79.53383122558841
-79.56027960030754
-79.58667284288927
-79.61301285290259
-79.63929965872629
-79.66553328875956
-79.6917092699902
-79.71782924059677
-79.74389613588376
-79.76990998433254
-79.79587081444417
-79.82177565243916
-79.84762321586683
-79.87341786172473
-79.89915961859359
-79.92484851507321
-79.95048346096334
-79.97605948433652
-80.00158274837318
-80.0270532817504
-80.0524711131636
-80.07783627132685
-80.10314277149662
-80.12839552353566
-80.15359570370786
-80.17874334080125
-80.20383846362188
-80.22887781217764
-80.25386092416406
-80.2787916235223
-80.30366993913
-80.32849589988204
-80.35326935004147
-80.37798369594877
-80.40264578889587
-80.42725565784674
-80.45181333178223
-80.4763188396999
-80.50076859281785
-80.5251629556764
-80.54950525470264
-80.57379551896022
-80.59803377752915
-80.62222005950542
-80.64634788736372
-80.67042349501025
-80.69444722852496
-80.71841911706724
-80.742339189812
-80.76620535462155
-80.79001515115667
-80.8137732345707
-80.83747963409938
-80.86113437899357
-80.88473749851917
-80.90828500212278
-80.93177831769714
-80.95522011082815
-80.97861041083979
-81.0019492470704
-81.02523664887265
-81.04846726453579
-81.07164533540107
-81.0947720749982
-81.11784751273518
-81.14087167803397
-81.16384460033025
-81.18676010144353
-81.20962416650869
-81.23243709195236
-81.25519890726281
-81.27790964194156
-81.3005692075979
-81.32317148534335
-81.34572278600827
-81.36822313914459
-81.39067257431682
-81.41307112110223
-81.43541880909059
-81.45770940058435
-81.4799491805764
-81.50213820555355
-81.52427650515301
-81.54636410902386
-81.56840104682736
-81.59038184232062
-81.6123113475328
-81.63419029064025
-81.65601870134871
-81.67779660937563
-81.69952404444967
-81.72119681547957
-81.74281729381164
-81.76438740332094
-81.7859071737783
-81.80737663496541
-81.828795816675
-81.85016233374586
-81.87147503494745
-81.892737560956
-81.91394994160372
-81.93511220673318
-81.95622438619715
-81.97728641856048
-81.99829259407652
-82.0192487883534
-82.04015503128102
-82.0610113527591
-82.0818177826972
-82.10257435101437
-82.1232780009538
-82.14392911678769
-82.1645304755811
-82.18508210728736
-82.20558404186905
-82.22603630929787
-82.24643893955454
-82.26678658303423
-82.28708431262638
-82.30733250976444
-82.32753120446054
-82.34768042673547
-82.36778020661842
-82.3878292284182
-82.40782458494203
-82.42777060389292
-82.44766731532914
-82.46751474931698
-82.48731293593085
-82.50706190525294
-82.52675933852218
-82.54640443669987
-82.56600042251259
-82.58554732606888
-82.60504517748475
-82.62449400688361
-82.64389384439622
-82.66324205762021
-82.68253857631464
-82.70178620814177
-82.72098498325595
-82.74013493181843
-82.75923608399734
-82.77828846996742
-82.79728982840501
-82.81623944791299
-82.83514040630796
-82.85399273378569
-82.87279646054832
-82.8915516168043
-82.91025823276814
-82.92891509810349
-82.94751949991092
-82.9660754665837
-82.98458302835482
-83.00304221546298
-83.02145305815263
-83.03981558667381
-83.05812983128203
-83.0763911832169
-83.0946038407943
-83.11276831967352
-83.13088465012564
-83.14895286242695
-83.16697298685875
-83.18494505370727
-83.20286694946843
-83.2207379812584
-83.23856106071034
-83.2563362181236
-83.27406348380211
-83.29174288805436
-83.30937446119313
-83.32695823353572
-83.34449033906202
-83.3619737029706
-83.37940937135076
-83.39679737453007
-83.41413774284001
-83.43143050661607
-83.44867569619744
-83.46587334192724
-83.48301869480714
-83.50011655832277
-83.51716698325914
-83.5341699999669
-83.55112563880006
-83.568033930116
-83.58489490427526
-83.60170847976354
-83.61847022252441
-83.63518475338587
-83.65185210271383
-83.66847230087697
-83.68504537824685
-83.70157136519771
-83.71805029210643
-83.73448218935253
-83.75086312143875
-83.76719648727526
-83.78348292867838
-83.79972247603007
-83.8159151597144
-83.8320610101176
-83.84816005762809
-83.86421233263624
-83.88021558118105
-83.89616994915968
-83.91207764981836
-83.92793871354723
-83.94375317073825
-83.95952105178488
-83.97524238708216
-83.99091720702656
-84.00654554201596
-84.0221233153365
-84.0376544415838
-84.0531391879911
-84.0685775849534
-84.08396966286672
-84.09931545212805
-84.11461498313534
-84.12986828628739
-84.14507474637159
-84.16023146335705
-84.17534205752098
-84.1904065592568
-84.20542499895848
-84.22039740702046
-84.23532381383754
-84.25020424980491
-84.26503874531792
-84.2798268556648
-84.29456546111236
-84.30925823103426
-84.32390519581799
-84.33850638585096
-84.35306183152034
-84.36757156321312
-84.38203561131616
-84.39645400621588
-84.41082677829837
-84.42515071545114
-84.43942836666355
-84.45366049985323
-84.46784714539544
-84.48198833366476
-84.49608409503493
-84.510134459879
-84.52413945856897
-84.53809912147605
-84.55201259953418
-84.56587783477079
-84.57969783887434
-84.59347264220268
-84.60720227511237
-84.62088676795861
-84.63452615109532
-84.64812045487488
-84.66166970964821
-84.67517394576475
-84.68863196700491
-84.7020425412041
-84.71540820121936
-84.72872897738407
-84.74200490002973
-84.75523599948589
-84.76842230608014
-84.7815638501381
-84.79466066198323
-84.80771277193688
-84.82071989157158
-84.83367910333583
-84.84659371748296
-84.85946376431575
-84.8722892741344
-84.8850702772367
-84.8978068039178
-84.91049888447031
-84.92314654918415
-84.93574982834653
-84.94830875224193
-84.96082172363057
-84.97328858465444
-84.98571119444787
-84.9980895832739
-85.01042378139238
-85.02271381906014
-85.03495972653084
-85.04716153405487
-85.05931927187939
-85.07143297024817
-85.08350265940169
-85.09552692603113
-85.10750538488497
-85.11943993829802
-85.13133061648651
-85.14317744966306
-85.15498046803653
-85.16673970181206
-85.17845518119094
-85.19012693637062
-85.20175499754458
-85.21333939490238
-85.22488015862953
-85.23637436840507
-85.24782480477006
-85.25923171097048
-85.27059511716482
-85.2819150535073
-85.29319155014778
-85.30442463723172
-85.3156143449001
-85.3267607032895
-85.33786374253185
-85.34892349275455
-85.35993998408031
-85.37091052889903
-85.38183759215704
-85.39272149964899
-85.40356228146793
-85.41435996770184
-85.42511458843389
-85.43582617374219
-85.44649475369977
-85.45712035837458
-85.46770301782945
-85.47824276212197
-85.4887396213045
-85.49919285402089
-85.50960118055781
-85.51996672475462
-85.53028951663126
-85.54056958620222
-85.55080696347642
-85.56100167845717
-85.57115376114213
-85.58126324152333
-85.59133014958704
-85.60135451531374
-85.61133636867807
-85.62127573964887
-85.63117265818902
-85.64102461563346
-85.65083403766488
-85.6606011095913
-85.67032586134026
-85.68000832283313
-85.68964852398506
-85.69924649470498
-85.70880226489547
-85.7183158644529
-85.7277873232671
-85.73721667122155
-85.7466039381933
-85.75594915405284
-85.7652523486641
-85.7745115311803
-85.78372825971672
-85.79290306885423
-85.80203598841857
-85.81112704822868
-85.82017627809674
-85.82918370782798
-85.8381493672207
-85.84707328606632
-85.85595549414916
-85.86479602124653
-85.87359489712873
-85.88235215155875
-85.89106781429258
-85.8997419150789
-85.90837287681282
-85.91696160753258
-85.92550887761357
-85.93401471676336
-85.94247915468223
-85.95090222106286
-85.95928394559043
-85.96762435794261
-85.97592348778939
-85.98418136479319
-85.9923980186087
-86.00057347888293
-86.00870777525503
-86.01680093735648
-86.02485299481079
-86.03286397723369
-86.04083309920759
-86.04875987150483
-86.05664566946939
-86.06449052267295
-86.07229446067915
-86.08005751304343
-86.08777970931304
-86.0954610790271
-86.10310165171643
-86.11070145690357
-86.11826052410268
-86.12577888281963
-86.13325656255186
-86.14069359278837
-86.14809000300963
-86.15544582268765
-86.1627610812859
-86.17003580825919
-86.17726893082099
-86.18446074025204
-86.19161211803443
-86.19872309357592
-86.20579369627546
-86.2128239555232
-86.21981390070037
-86.22676356117931
-86.23367296632343
-86.24054214548717
-86.24737112801594
-86.25415994324608
-86.26090862050486
-86.26761718911051
-86.27428567837195
-86.28091411758903
-86.28750253605233
-86.2940509630431
-86.30055942783339
-86.30702795968594
-86.31345526833053
-86.3198423039371
-86.32618950573571
-86.33249690293869
-86.33876452474891
-86.34499240035962
-86.35118055895448
-86.35732902970759
-86.3634378417833
-86.36950702433636
-86.3755366065117
-86.38152661744458
-86.38747708626033
-86.39338804207465
-86.39925951399317
-86.40509153111176
-86.41088412251631
-86.41663731728278
-86.42235114447703
-86.42802563315503
-86.4336608123626
-86.43925671113557
-86.44481311764157
-86.45032906553789
-86.45580583114743
-86.46124344345237
-86.46664193142462
-86.47200132402567
-86.47732165020678
-86.48260293890883
-86.4878452190623
-86.49304851958722
-86.49821286939314
-86.50333829737924
-86.508424832434
-86.51347250343548
-86.51848133925111
-86.5234513687377
-86.52838262074141
-86.53327512409773
-86.53812890763145
-86.54294400015664
-86.54772043047652
-86.55245822738361
-86.55715741965955
-86.56181803607507
-86.56644010539014
-86.5710236563537
-86.57556871770376
-86.58007510540233
-86.58454208458777
-86.58897067104131
-86.59336089344364
-86.59771278046439
-86.60202636076204
-86.60630166298382
-86.61053871576594
-86.61473754773323
-86.61889818749928
-86.6230206636665
-86.62710500482589
-86.63115123955713
-86.6351593964286
-86.6391295039972
-86.64306159080843
-86.64695568539635
-86.65081181628354
-86.65463001198106
-86.6584103009884
-86.66215271179357
-86.66585727287294
-86.66952401269127
-86.67315295970164
-86.67674414234548
-86.68029758905256
-86.68381332824084
-86.68729138831658
-86.69073179767425
-86.69413458469651
-86.69749977775415
-86.70082740520616
-86.7041174953996
-86.7073700766696
-86.7105851773394
-86.71376282572021
-86.71690245215791
-86.72000446197903
-86.72306911460967
-86.7260964382994
-86.7290864612856
-86.7320392117937
-86.73495471803682
-86.73783300821597
-86.74067411051992
-86.74347805312522
-86.74624486419613
-86.74897457188467
-86.75166720433056
-86.7543227896611
-86.75694135599134
-86.75952293142387
-86.7620675440489
-86.76457522194418
-86.76704599317509
-86.7694798857944
-86.77187692784244
-86.77423714734707
-86.77656057232345
-86.7788472307743
-86.78109715068965
-86.78331036004695
-86.785486886811
-86.7876267589339
-86.78973000435504
-86.79179665100114
-86.79382672678611
-86.79582025961119
-86.79777727736479
-86.79969780792239
-86.80158187914682
-86.80342951888791
-86.80524075498268
-86.80701561525522
-86.80875412751669
-86.81045631956535
-86.81212221918638
-86.81375185415207
-86.81534525222163
-86.81690244114128
-86.8184234486441
-86.81990830245017
-86.82135703026644
-86.82276965978667
-86.82414621869158
-86.8254867346486
-86.82679123531209
-86.82805974832308
-86.82929230130944
-86.83048892188577
-86.83164963765336
-86.8327744762002
-86.83386346510099
-86.83491663191712
-86.83593400419655
-86.83691560947386
-86.83786147527027
-86.83877162909351
-86.83964609843798
-86.84048491078447
-86.84128809360035
-86.84205567433958
-86.84278768044236
-86.84348413933557
-86.84414507843238
-86.84477052513243
-86.8453605068218
-86.84591505087286
-86.84643418464434
-86.84691793548134
-86.84736633071525
-86.84777939766376
-86.84815716363084
-86.8484996559067
-86.84880690176783
-86.84907892847687
-86.84931576328269
-86.84951743342035
-86.84968396611106
-86.84981538856216
-86.84991172796711
-86.84997301150551
-86.84999926634296
-86.8499905196313
-86.84994679850817
-86.84986813009745
-86.84975454150891
-86.84960605983838
-86.84942271216761
-86.84920452556435
-86.84895152708226
-86.84866374376095
-86.84834120262589
-86.84798393068846
-86.84759195494593
-86.84716530238134
-86.84670399996367
-86.84620807464765
-86.84567755337378
-86.84511246306842
-86.84451283064362
-86.84387868299721
-86.84321004701276
-86.84250694955949
-86.84176941749239
-86.84099747765208
-86.84019115686488
-86.8393504819427
-86.83847547968311
-86.83756617686929
-86.83662260027003
-86.83564477663963
-86.834632732718
-86.83358649523069
-86.8325060908886
-86.83139154638823
-86.83024288841159
-86.82906014362615
-86.82784333868486
-86.8265925002261
-86.8253076548737
-86.82398882923688
-86.82263604991032
-86.82124934347404
-86.8198287364934
-86.81837425551923
-86.81688592708755
-86.81536377771987
-86.81380783392288
-86.81221812218857
-86.81059466899431
-86.80893750080268
-86.80724664406148
-86.80552212520377
-86.80376397064785
-86.8019722067972
-86.80014686004054
-86.79828795675168
-86.79639552328965
-86.79446958599867
-86.79251017120797
-86.79051730523204
-86.78849101437042
-86.7864313249077
-86.78433826311358
-86.78221185524285
-86.78005212753533
-86.77785910621583
-86.77563281749428
-86.77337328756555
-86.77108054260952
-86.76875460879106
-86.76639551226
-86.76400327915111
-86.76157793558416
-86.75911950766374
-86.75662802147953
-86.75410350310591
-86.75154597860225
-86.74895547401286
-86.7463320153668
-86.743675628678
-86.74098633994535
-86.73826417515237
-86.73550916026753
-86.73272132124409
-86.72990068402002
-86.72704727451816
-86.72416111864602
-86.72124224229596
-86.718290671345
-86.7153064316549
-86.71228895643635
-86.70923868770366
-86.7061558199505
-86.70304037899164
-86.69989239062656
-86.69671188063926
-86.69349887479848
-86.69025339885765
-86.68697547855463
-86.68366513961203
-86.68032240773707
-86.67694730862148
-86.67353986794159
-86.67010011135832
-86.66662806451707
-86.6631237530479
-86.65958720256526
-86.65601843866821
-86.6524174869403
-86.64878437294954
-86.64511912224849
-86.64142176037412
-86.63769231284789
-86.63393080517572
-86.63013726284795
-86.62631171133938
-86.62245417610923
-86.61856468260109
-86.61464325624303
-86.61068992244739
-86.60670470661101
-86.60268763411506
-86.59863873032499
-86.59455802059075
-86.59044553024651
-86.5863012846108
-86.58212530898652
-86.57791728950224
-86.57367687171273
-86.56940479248661
-86.56510107707808
-86.56076575072566
-86.5563988386521
-86.55200036606439
-86.54757035815383
-86.54310884009585
-86.5386158370502
-86.53409137416081
-86.52953547655578
-86.52494816934744
-86.52032947763229
-86.51567942649103
-86.51099804098851
-86.50628534617377
-86.50154136707997
-86.49676612872439
-86.49195965610852
-86.4871219742179
-86.48225310802223
-86.47735308247529
-86.47242192251498
-86.46745965306327
-86.46246629902627
-86.45744188529405
-86.45238643674091
-86.44729997822503
-86.44218210599058
-86.43703242808914
-86.43185180784
-86.42664027005182
-86.42139783951708
-86.41612454101246
-86.41082039929849
-86.40548543911972
-86.40011968520476
-86.39472316226615
-86.3892958950004
-86.38383790808794
-86.37834922619322
-86.37282987396465
-86.3672798760345
-86.36169925701901
-86.35608804151838
-86.35044625411666
-86.34477391938188
-86.33907106186592
-86.33333770610461
-86.32757387661756
-86.32177959790842
-86.3159548944646
-86.31009979075739
-86.30421324554958
-86.29829596195701
-86.29234834489502
-86.28637041878441
-86.28036220802986
-86.27432373701981
-86.26825503012654
-86.26215611170618
-86.25602700609863
-86.24986773762761
-86.2436783306006
-86.23745880930892
-86.23120919802761
-86.2249295210156
-86.21861980251538
-86.21228006675342
-86.20591033793987
-86.19951064026857
-86.19308099791715
-86.18662143504702
-86.1801319758033
-86.1736126443148
-86.1670619696273
-86.16048136137762
-86.15387094694636
-86.14723075041128
-86.14056079583384
-86.13386110725908
-86.1271317087159
-86.1203726242167
-86.11358387775768
-86.10676549331865
-86.09991749486315
-86.09303990633825
-86.08613275167484
-86.07919605478732
-86.07222983957385
-86.06523412991615
-86.05820894967955
-86.05115432271313
-86.04407027284947
-86.03695661268904
-86.0298120561412
-86.02263814212459
-86.01543489442028
-86.00820233679295
-86.00094049299081
-85.99364938674573
-85.98632904177312
-85.978979481772
-85.971600730425
-85.96419281139819
-85.95675574834132
-85.94928956488769
-85.94179428465416
-85.93426993124112
-85.92671652823249
-85.91913409919579
-85.91152266768205
-85.90388225722589
-85.896211383492
-85.88851123025287
-85.88078216285854
-85.87302420479156
-85.86523737951806
-85.85742171048771
-85.84957722113361
-85.84170393487241
-85.83380187510426
-85.82587106521282
-85.81791152856516
-85.80992328851198
-85.80190636838736
-85.79386079150892
-85.78578658117769
-85.77768376067829
-85.76955235327871
-85.761391012448
-85.75320053800745
-85.7449815408786
-85.73673404427709
-85.7284580714022
-85.72015364543655
-85.71182078954622
-85.70345952688075
-85.69506988057312
-85.68665187373978
-85.67820552948058
-85.6697308708788
-85.66122792100117
-85.65269670289784
-85.64413723960244
-85.63554955413194
-85.62693252233915
-85.61828639989488
-85.60961211894383
-85.60090970245051
-85.59217917336272
-85.58342055461176
-85.57463386911228
-85.56581913976238
-85.5569763894435
-85.54810564102053
-85.53920691734176
-85.5302802412388
-85.52132563552672
-85.51234312300396
-85.50333272645236
-85.49429397368715
-85.48522572539039
-85.47612965622254
-85.46700578891264
-85.4578541461731
-85.44867475069977
-85.43946762517177
-85.43023279225167
-85.42097027458536
-85.41168009480212
-85.4023622755146
-85.39301683931876
-85.38364380879396
-85.37424320650295
-85.36481505499177
-85.35535804001589
-85.34587261807964
-85.33635970956792
-85.32681933697381
-85.3172515227738
-85.30765628942774
-85.29803365937875
-85.28838365505331
-85.27870629886134
-85.26900161319594
-85.25926962043368
-85.24951034293444
-85.23972380304144
-85.22991002308115
-85.22006771168215
-85.21019719882473
-85.20029950806585
-85.19037466167897
-85.18042268192087
-85.17044359103167
-85.16043741123475
-85.15040416473693
-85.14034387372826
-85.13025656038218
-85.12014224685538
-85.11000095528797
-85.09983270780336
-85.08963737317842
-85.07941288728945
-85.06916150720502
-85.05888325499527
-85.04857815271372
-85.03824622239718
-85.02788748606582
-85.01750196572306
-85.00708968335567
-84.99665066093377
-84.98618492041072
-84.97569248372328
-84.96517337279147
-84.95462753898728
-84.94405268120917
-84.93345121046315
-84.9228231486159
-84.91216851751751
-84.90148733900136
-84.8907796348841
-84.88004542696574
-84.86928473702959
-84.85849758684226
-84.84768399815374
-84.8368439926972
-84.82597759218926
-84.81508377770287
-84.80416211895836
-84.79321412599238
-84.78223982046818
-84.77123922403226
-84.76021235831445
-84.74915924492787
-84.738079905469
-84.72697436151759
-84.71584263463676
-84.70468474637286
-84.69350071825568
-84.68229012905987
-84.6710512894488
-84.65978637040374
-84.64849539340105
-84.63717837990026
-84.62583535134436
-84.61446632915961
-84.60307133475557
-84.59165038952513
-84.58020351484453
-84.56873073207336
-84.5572320625544
-84.54570680565183
-84.53415376887914
-84.5225749053667
-84.51097023640395
-84.49933978326361
-84.4876835672018
-84.47600160945782
-84.46429393125449
-84.45256055379784
-84.44080149827725
-84.42901678586549
-84.41720643771865
-84.40536861556313
-84.39350434189211
-84.38161449208206
-84.3696990872356
-84.35775814843866
-84.34579169676049
-84.3337997532537
-84.32178233895429
-84.3097394748815
-84.29767118203804
-84.28557748140992
-84.2734573295734
-84.26131010438192
-84.24913753062636
-84.2369396292393
-84.22471642113655
-84.21246792721735
-84.20019416836428
-84.18789516544331
-84.17557093930375
-84.16322151077826
-84.15084690068294
-84.13844614937038
-84.12601841358065
-84.11356555506592
-84.10108759458868
-84.08858455289491
-84.07605645071389
-84.06350330875836
-84.05092514772434
-84.03832198829129
-84.02569385112207
-84.01304075686289
-84.00036113269316
-83.98765530951238
-83.97492458771055
-83.96216898788032
-83.94938853059787
-83.93658323642279
-83.92375312589799
-83.9108982195498
-83.89801853788802
-83.88511410140578
-83.87218493057969
-83.85922815653561
-83.84624665146087
-83.833240470135
-83.82020963298115
-83.80715416040583
-83.79407407279906
-83.7809693905342
-83.7678401339681
-83.754686323441
-83.74150797927665
-83.72830324045219
-83.71507291716264
-83.70181811798926
-83.68853886320233
-83.67523517305554
-83.66190706778613
-83.64855456761464
-83.63517769274517
-83.6217764633653
-83.60835089964601
-83.59489958595626
-83.5814223965229
-83.56792093016432
-83.55439520699807
-83.54084524712529
-83.52727107063049
-83.5136726975818
-83.50005014803064
-83.48640344201209
-83.47273259954466
-83.45903609815761
-83.44531398167317
-83.43156778581478
-83.41779753054765
-83.40400323582038
-83.39018492156521
-83.37634260769782
-83.36247631411737
-83.34858606070661
-83.33467186733175
-83.32073156264005
-83.30676644522966
-83.29277744459105
-83.27876458053724
-83.26472787286465
-83.25066734135333
-83.23658300576686
-83.22247488585236
-83.20834300134047
-83.19418714254104
-83.18000464553884
-83.165798440373
-83.15156854672097
-83.1373149842438
-83.12303777258603
-83.10873693137577
-83.09441248022479
-83.08006443872841
-83.06569282646541
-83.05129577165653
-83.03687389363739
-83.02242850094673
-83.0079596131103
-82.99346724963743
-82.97895143002106
-82.96441217373768
-82.9498495002475
-82.93526342899426
-82.92065313317056
-82.90601710481128
-82.89135773448233
-82.87667504157434
-82.86196904546162
-82.84723976550215
-82.8324872210375
-82.81771143139295
-82.80291241587734
-82.78808996440668
-82.7732412990705
-82.75836946335511
-82.74347447651647
-82.72855635779405
-82.71361512641114
-82.69865080157459
-82.68366340247496
-82.66865294828656
-82.65361942450264
-82.63855962641422
-82.62347682842771
-82.60837104966444
-82.59324230922941
-82.57809062621139
-82.56291601968283
-82.5477185086999
-82.53249811230248
-82.51725459749014
-82.50198516174862
-82.48669289548243
-82.47137781767861
-82.45603994730806
-82.44067930332518
-82.42529590466835
-82.4098897702596
-82.39446091900477
-82.3790084923862
-82.3635309049786
-82.34803065531422
-82.33250776224605
-82.31696224461096
-82.3013941212296
-82.28580341090638
-82.27019013242949
-82.25455430457099
-82.23889404329242
-82.22320978110851
-82.20750302383212
-82.19177379018264
-82.17602209886324
-82.16024796856087
-82.14445141794644
-82.12863246567463
-82.11279113038393
-82.09692410950248
-82.08103464035034
-82.0651228421688
-82.04918873354377
-82.03323233304513
-82.01725365922658
-82.00125273062568
-81.98522956576389
-81.96918251046097
-81.9531114756179
-81.93701825824049
-81.92090287679771
-81.90476534974252
-81.88860569551166
-81.87242393252589
-81.85622007918984
-81.83999380953188
-81.82374234904476
-81.80746885167135
-81.79117333576392
-81.77485581965865
-81.75851632167574
-81.7421548601193
-81.72577145327743
-81.70936611942216
-81.69293603569668
-81.67648339140109
-81.66000887325758
-81.64351249948601
-81.62699428829016
-81.61045425785784
-81.59389242636074
-81.57730881195471
-81.56070126636196
-81.54407060210255
-81.527418207838
-81.51074410167193
-81.49404830169206
-81.47733082597
-81.46059169256158
-81.44383091950655
-81.42704672762125
-81.41023916425235
-81.39341001387932
-81.37655929448992
-81.35968702405599
-81.34279322053341
-81.3258779018622
-81.30894108596638
-81.29198106192129
-81.27499771420456
-81.25799292164486
-81.24096670211436
-81.22391907346932
-81.20685005355014
-81.18975966018132
-81.17264791117145
-81.15551286765124
-81.13835484426791
-81.1211755173648
-81.10397490469873
-81.0867530240107
-81.06950989302581
-81.05224552945346
-81.03495995098714
-81.01765069922288
-81.0003191027862
-80.98296634331678
-80.96559243845647
-80.9481974058313
-80.93078126305146
-80.91334402771142
-80.8958857173898
-80.87840306715356
-80.86089899422153
-80.84337389790983
-80.82582779574548
-80.80826070523985
-80.79067264388857
-80.77306362917147
-80.75543299507613
-80.7377784381522
-80.72010297924113
-80.70240663577127
-80.6846894251553
-80.66695136479026
-80.64919247205736
-80.63141276432228
-80.61361023172873
-80.5957852352087
-80.57793947480658
-80.56007296783667
-80.54218573159757
-80.52427778337218
-80.50634914042782
-80.48839982001611
-80.47042619449968
-80.45243183768565
-80.4344168542665
-80.41638126144271
-80.39832507639906
-80.3802483163048
-80.36215099831352
-80.34403136177225
-80.32588922522119
-80.3077265814135
-80.2895434474517
-80.27133984042268
-80.25311577739788
-80.23487127543312
-80.21660621769907
-80.19831711424825
-80.18000762227635
-80.16167775878827
-80.1433275407733
-80.12495698520519
-80.10656610904228
-80.08815492922727
-80.06972095766878
-80.05126542592873
-80.03278964069919
-80.01429361887203
-79.99577737732369
-79.97724093291517
-79.95868430249202
-79.94010618449752
-79.92150541756516
-79.90288451456016
-79.88424349227728
-79.86558236749588
-79.84690115697991
-79.82819987747794
-79.80947819990915
-79.79073299854834
-79.7719677779234
-79.75318255473223
-79.73437734565738
-79.715552167366
-79.69670703650986
-79.67784196972528
-79.65895354645738
-79.64004480456606
-79.62111617621353
-79.60216767798579
-79.58319932645347
-79.56421113817179
-79.5452031296807
-79.52617241513724
-79.50712094453965
-79.48804970298085
-79.46895870695045
-79.44984797292281
-79.43071751735698
-79.41156735669668
-79.39239493474898
-79.37320152422075
-79.3539884576277
-79.33475575136336
-79.31550342180611
-79.29623148531904
-79.27693995824994
-79.25762641182128
-79.23829184636243
-79.21893773913308
-79.19956410643108
-79.180170964539
-79.16075832972422
-79.14132621823894
-79.12187212930291
-79.10239719014693
-79.0829028229144
-79.06338904380763
-79.0438558690137
-79.02430331470467
-79.00473139703723
-78.98513734661613
-78.9655228112393
-78.94588896088104
-78.92623581164834
-78.90656337963317
-78.88687168091239
-78.8671607315477
-78.84742729971106
-78.82767394184184
-78.80790138148905
-78.78810963466475
-78.76829871736598
-78.7484686455747
-78.72861943525783
-78.70874720112108
-78.68885579074967
-78.66894528979692
-78.64901571418031
-78.62906707980221
-78.60909940255002
-78.58911194152037
-78.56910224001916
-78.5490735434071
-78.52902586752208
-78.50895922818715
-78.48887364121039
-78.46876912238488
-78.44864391828429
-78.42849758227493
-78.40833236196498
-78.38814827309825
-78.36794533140365
-78.34772355259518
-78.32748295237195
-78.30722058160556
-78.28693837051281
-78.26663738533898
-78.24631764173398
-78.2259791553329
-78.20562194175596
-78.18524570505261
-78.16484705462285
-78.14442972417106
-78.12399372926858
-78.1035390854717
-78.08306580832203
-78.06257391334637
-78.04206156422921
-78.02152843733813
-78.00097673956142
-77.98040648637699
-77.95981769324791
-77.93921037562257
-77.91858454893452
-77.8979366610897
-77.8772698066774
-77.85658448992987
-77.83588072623202
-77.81515853095394
-77.79441791945108
-77.77365752020549
-77.75287605321651
-77.73207621655173
-77.71125802551802
-77.69042149540755
-77.66956664149774
-77.64869347905143
-77.62779859033864
-77.6068847752288
-77.5859526979196
-77.56500237362538
-77.54403381754594
-77.5230470448663
-77.50204051778859
-77.48101326353725
-77.45996783884537
-77.43890425884969
-77.41782253867243
-77.39672269342122
-77.37560473818904
-77.35446476766853
-77.3333065323244
-77.31213023294816
-77.29093588458468
-77.26972350226433
-77.2484931010029
-77.22724236245486
-77.20597185103178
-77.18468336643974
-77.16337692364661
-77.1420525376056
-77.12071022325549
-77.0993491113951
-77.07796685631442
-77.05656671852059
-77.03514871290452
-77.01371285434267
-76.99225915769694
-76.97078763781492
-76.94929459821735
-76.92778333709018
-76.90625429811348
-76.88470749608712
-76.86314294579651
-76.84156066201264
-76.81995811551015
-76.79833625877785
-76.77669671376378
-76.75503949519134
-76.73336461776955
-76.71167209619318
-76.68996043571357
-76.6682285089696
-76.64647898310767
-76.62471187277492
-76.6029271926043
-76.58112495721439
-76.55930457512648
-76.53746310183499
-76.51560411818645
-76.49372763875209
-76.47183367808887
-76.44992225073952
-76.4279933712325
-76.40604304035449
-76.38407511985787
-76.36208979185888
-76.34008707083882
-76.31806697126467
-76.29602950758935
-76.27397131634667
-76.25189497782341
-76.22980131968076
-76.20769035632458
-76.1855621021465
-76.16341657152395
-76.14125091049652
-76.11906667065627
-76.09686519868042
-76.07464650889952
-76.05241061562998
-76.03015753317419
-76.00788479238268
-75.98559316582919
-75.96328439422571
-75.9409584918278
-75.91861547287684
-75.89625535160022
-75.87387592050615
-75.85147741974289
-75.82906186061821
-75.80662925731284
-75.78417962399351
-75.76171297481284
-75.73922724231852
-75.71672237775432
-75.69420054112132
-75.67166174652577
-75.64910600805986
-75.62653333980185
-75.6039416942507
-75.58133097420536
-75.55870336798928
-75.53605888963428
-75.51339755315826
-75.49071937256518
-75.46802220174152
-75.4453061324519
-75.42257326249593
-75.39982360583137
-75.37705717640203
-75.3542739881379
-75.33147167926712
-75.3086507648927
-75.28581313496397
-75.26295880336477
-75.24008778396514
-75.2172000906212
-75.19429303037
-75.1713677729989
-75.14842588479425
-75.12546737956622
-75.1024922711113
-75.0795005732121
-75.05648914768862
-75.03346004734334
-75.01041440049518
-74.98735222088104
-74.96427352222386
-74.94117831823306
-74.91806291298693
-74.89493046763037
-74.87178155971277
-74.84861620289777
-74.82543441083536
-74.80223609903172
-74.7790171971844
-74.75578190272579
-74.73253022926022
-74.7092621903785
-74.68597779965765
-74.6626762007142
-74.63935486038596
-74.6160172106868
-74.59266326514839
-74.5692930372887
-74.54590654061215
-74.5225020385161
-74.49907875191239
-74.47563923879255
-74.45218351261576
-74.42871158682762
-74.40522347486004
-74.38171645304104
-74.35819171033047
-74.33465082357426
-74.31109380615929
-74.2875206714589
-74.26393143283299
-74.24032227416357
-74.21669656348396
-74.19305479084608
-74.16939696956474
-74.14572311294135
-74.12203252008553
-74.09832232105953
-74.0745961285241
-74.05085395573585
-74.0270958159378
-74.00332172235952
-73.9795296804205
-73.9557194022371
-73.93189321194068
-73.90805112271605
-73.88419314773479
-73.86031930015508
-73.83642619044679
-73.81251631556815
-73.78859060959304
-73.76464908563504
-73.74069175679432
-73.71671806704305
-73.69272483943821
-73.66871584831915
-73.64469110674167
-73.62065062774825
-73.59659442436802
-73.57252035181196
-73.54842840608858
-73.52432077718275
-73.50019747807926
-73.47605852174974
-73.45190392115254
-73.4277298455501
-73.40353965854322
-73.37933386830927
-73.35511248776253
-73.33087552980383
-73.30662172481749
-73.28234930787582
-73.25806135443057
-73.23375787733865
-73.20943888944386
-73.18510440357679
-73.1607512777115
-73.13638148791621
-73.11199624089414
-73.08759554943207
-73.06317942630348
-73.03874711607006
-73.01429581573088
-72.98982912433908
-72.96534705462452
-72.94084961930395
-72.91633683108103
-72.89180588034147
-72.86725806908842
-72.84269494538509
-72.81811652189143
-72.79352281125446
-72.7689132197281
-72.744284612073
-72.7196407575958
-72.69498166889997
-72.67030735857604
-72.64561783920148
-72.62091028575004
-72.59618602266798
-72.57144659069557
-72.54669200236698
-72.5219222702034
-72.49713661811427
-72.47233226755304
-72.44751281318702
-72.42267826749409
-72.39782864293939
-72.37296395197505
-72.3480810147534
-72.32318185783669
-72.29826767438051
-72.27333847679392
-72.24839427747314
-72.22343378233344
-72.19845524167172
-72.1734617390166
-72.14845328672142
-72.12342989712653
-72.0983915825596
-72.07333447729478
-72.04826197297128
-72.02317458325743
-71.99807232043811
-71.97295519678545
-71.94782107289544
-71.92266988340268
-71.89750387252964
-71.87232305250576
-71.84712743554752
-71.82191653226089
-71.79668697306965
-71.771442656269
-71.74618359403303
-71.72090979852308
-71.6956212818879
-71.67031474034258
-71.64499243182077
-71.6196554413409
-71.5943037810092
-71.56893746291937
-71.54355467921474
-71.51815469215579
-71.49274008637836
-71.46731087393385
-71.441867066861
-71.41640827931346
-71.3909309258817
-71.36543901673416
-71.33993256386741
-71.3144115792654
-71.28887607489959
-71.26332261725427
-71.23775371564773
-71.21217033303368
-71.18657248134156
-71.16096017248834
-71.13533124618843
-71.10968566202055
-71.08402565932145
-71.05835124996608
-71.03266244581701
-71.00695828826987
-70.98123633042762
-70.95550001629549
-70.9297493576943
-70.9039843664325
-70.8782050543059
-70.85240719112855
-70.82659487320825
-70.80076827277216
-70.77492740157453
-70.74907227135732
-70.72319971007929
-70.69731169501108
-70.671409459147
-70.64549301418747
-70.61956237182066
-70.59361534894327
-70.56765194236576
-70.54167437647969
-70.51568266293174
-70.48967681335635
-70.46365556510312
-70.43761707165588
-70.41156448015539
-70.38549780219488
-70.35941704935532
-70.33332181167192
-70.30720853499835
-70.28108122129565
-70.25493988210371
-70.22878452895003
-70.20261517334997
-70.17642778025504
-70.15022604676963
-70.12401034853525
-70.09778069702628
-70.07153710370503
-70.04527625104413
-70.01900039920565
-69.9927106431288
-69.96640699423489
-69.94008946393322
-69.91375538675194
-69.88740571700299
-69.86104220329713
-69.83466485700289
-69.80827368947675
-69.78186662254441
-69.75544343434325
-69.72900646223832
-69.70255571754552
-69.67609121156859
-69.6496113893786
-69.62311498120224
-69.59660484894749
-69.57008100387776
-69.54354345724437
-69.51699111401474
-69.49042178336138
-69.46383878822812
-69.437242139826
-69.410631849354
-69.38400721902742
-69.3573652624197
-69.33070970070423
-69.30404054503975
-69.2773578065732
-69.25066112281786
-69.2239468358054
-69.19721900283167
-69.17047763500345
-69.14372274341565
-69.1169542396251
-69.09016791678756
-69.06336810691025
-69.0365548210481
-69.00972807024421
-68.98288786552982
-68.95602991448797
-68.92915842109514
-68.90227351036307
-68.87537519328326
-68.84846348083528
-68.82153423389296
-68.79459134940905
-68.76763510600811
-68.74066551463011
-68.71368258620322
-68.6866822758652
-68.65966829175379
-68.63264100692483
-68.60560043226698
-68.5785465786572
-68.55147543715537
-68.52439064392216
-68.49729260794886
-68.47018134007294
-68.44305685112023
-68.41591511041443
-68.38875979760995
-68.36159129982144
-68.3344096278355
-68.30721479242699
-68.28000268420513
-68.25277714042764
-68.22553846920164
-68.19828668126291
-68.17102178733546
-68.14373954301396
-68.1164440559125
-68.08913549867802
-68.06181388199568
-68.03447918730346
-68.0071270672633
-67.9797619235403
-67.95238376678063
-67.92499260761892
-67.89758818115394
-67.87016663332307
-67.84273211873749
-67.815284647993
-67.78782423167382
-67.76035030410833
-67.73285961352306
-67.70535601289309
-67.67783951276405
-67.65031012367012
-67.62276692540645
-67.59520737616445
-67.5676349733705
-67.54004972752023
-67.51245164909768
-67.4848394102688
-67.45721128553222
-67.42957036351983
-67.40191665467722
-67.3742501694388
-67.34656911990879
-67.31887270190705
-67.29116354268956
-67.26344165265236
-67.2357070421802
-67.20795741154448
-67.18019298157714
-67.15241586623894
-67.12462607587638
-67.09682362082468
-67.06900563841089
-67.04117347685059
-67.01332868554972
-66.9854712748055
-66.95760125490389
-66.92971514977195
-66.90181553606726
-66.87390334803851
-66.84597859593376
-66.81804128998971
-66.79008729093243
-66.76212050361094
-66.73414119716873
-66.70614938180475
-66.67814461228838
-66.65012340325045
-66.62208971992138
-66.59404357246251
-66.56598497102394
-66.53791270732836
-66.5098248241491
-66.48172452150652
-66.45361180951326
-66.42548669827069
-66.39734716845669
-66.36919288712895
-66.3410262409545
-66.31284723999738
-66.2846558943105
-66.25644932617355
-66.22822892178002
-66.19999620694585
-66.17175119168675
-66.1434938860072
-66.11522050707768
-66.08693425379381
-66.05863574426563
-66.03032498846045
-66.00200165059448
-65.97366203387895
-65.94531020497591
-65.91694617381566
-65.88856995031749
-65.86018019920172
-65.8317752254101
-65.80335809325759
-65.7749288126266
-65.74648739338849
-65.71803145582763
-65.6895613966391
-65.66107923270846
-65.63258497387021
-65.60407862994809
-65.57555673248402
-65.54702185868152
-65.51847493354836
-65.48991596687162
-65.46134474799017
-65.43275733733927
-65.40415791881234
-65.37554650215984
-65.34692309712125
-65.31828631415343
-65.28963457473081
-65.26097088047868
-65.23229524110015
-65.20360766628754
-65.1749055450545
-65.1461897451771
-65.11746204331146
-65.08872244911363
-65.05997097222875
-65.03120373829057
-65.00242414539015
-64.97363270313825
-64.94482942114384
-64.91601350054388
-64.88718218766155
-64.8583390682876
-64.82948415199498
-64.80061744834595
-64.77173680914449
-64.74284218318232
-64.71393580300494
-64.68501767813864
-64.65608781809891
-64.62714268514071
-64.59818501109505
-64.56921563490796
-64.5402345660591
-64.51124121018195
-64.48223241188857
-64.45321195388152
-64.42417984560483
-64.39513609649185
-64.36607863971342
-64.33700726899265
-64.3079242902751
-64.2788297129585
-64.24972354643003
-64.22060221288386
-64.191468532319
-64.16232329527351
-64.13316651109896
-64.10399741690969
-64.0748132026988
-64.04561747400703
-64.01641024015069
-63.98719151043562
-63.95795893109286
-63.928712878446476
-63.89945536248182
-63.87018639246946
-63.840905977669465
-63.81161013659963
-63.782302505710334
-63.75298346246669
-63.723653016093486
-63.6943098751979
-63.66495229617891
-63.63558334638137
-63.606203034995204
-63.57681137119992
-63.54740535895765
-63.51798666889626
-63.488556658670106
-63.459115337423796
-63.429662317847644
-63.40019405342591
-63.37071451014656
-63.34122369711941
-63.31172162344383
-63.282206122119845
-63.252677211188995
-63.22313707166626
-63.19358571261645
-63.1640231430941
-63.134445382300626
-63.104856081183854
-63.075255601545436
-63.04564395240533
-63.01601964272725
-62.98638134453489
-62.95673190871082
-62.927071344240495
-62.89739966009908
-62.86771347932856
-62.83801525134022
-62.8083059354458
-62.778585540586235
-62.74885310192359
-62.719106245411666
-62.689348341619095
-62.65957939945251
-62.62979942780851
-62.60000550565695
-62.570199177112805
-62.540381850671416
-62.51055353519515
-62.48071364556481
-62.45085905503738
-62.42099350697533
-62.391117010206855
-62.36122957355033
-62.33132858726414
-62.30141497985851
-62.2714904639613
-62.24155504835696
-62.21160838442873
-62.18164687958055
-62.1516745063423
-62.12169127346454
-62.09169718968786
-62.06168981516937
-62.03166974600306
-62.001638857151875
-61.97159715732264
-61.9415443944244
-61.911476790369264
-61.88139840647121
-61.851309251403435
-61.821209333829394
-61.79109624564238
-61.76097052725153
-61.730834077387065
-61.7006869046789
-61.67052871680251
-61.64035582410162
-61.610172239511215
-61.57997797162786
-61.54977302903822
-61.51955490041333
-61.48932434079762
-61.45908313732812
-61.4288312985582
-61.39856835836471
-61.3682909830552
-61.33800300321975
-61.30770442737869
-61.27739526404254
-61.24707276688321
-61.21673816953427
-61.186393015363635
-61.156037312848824
-61.12567029167447
-61.09528923529765
-61.06489766117248
-61.0344955777436
-61.00408299344581
-60.97365679833357
-60.94321896226348
-60.912770655819926
-60.882311887405
-60.851841455266666
-60.82135751489662
-60.790863142973606
-60.76035834786704
-60.72984313793671
-60.699313914137086
-60.66877363390658
-60.638222969170926
-60.6076619282573
-60.57708875385827
-60.546502722130086
-60.515906344466046
-60.48529962916074
-60.45468258449935
-60.42405099996769
-60.39340906571495
-60.36275683224903
-60.332094307822814
-60.301419058558594
-60.270731723696954
-60.24003412794191
-60.20932627951396
-60.178607487860845
-60.147874908011175
-60.11713210547977
-60.08637908845496
-60.05561586511557
-60.02483920707969
-59.99405135292711
-59.96325332235293
-59.932445123503896
-59.901625208150676
-59.870792457175526
-59.83994956774314
-59.80909654796842
-59.7782334059569
-59.74735600394692
-59.71646840999222
-59.68557072352074
-59.6546629526062
-59.62374257779673
-59.59281043330128
-59.56186823400798
-59.53091598795874
-59.49995276211722
-59.46897622070922
-59.43798966211597
-59.40699309434767
-59.37598652540536
-59.344966354095774
-59.31393558937239
-59.282894852948964
-59.25184415279499
-59.2207814141848
-59.18970659615006
-59.15862184378469
-59.127527165026734
-59.09642198054736
-59.065303261670046
-59.034174645726196
-59.003036140622584
-58.97188775425667
-58.94072616400492
-58.909553836497295
-58.87837165695775
-58.847179633252594
-58.81597588008181
-58.784759992677465
-58.75353429026438
-58.72229878067783
-58.69105298568573
-58.65979368970487
-58.628524615634205
-58.597245771278054
-58.56595716443161
-58.53465550187987
-58.503343207022134
-58.472021178662985
-58.440689424566706
-58.409346002367926
-58.37799063724919
-58.346625575309574
-58.31525082428247
-58.28386576320302
-58.252467478005855
-58.221059532565036
-58.18964193458325
-58.15821469175435
-58.126774299855114
-58.09532362065025
-58.06386332534814
-58.032393421611985
-58.000911672235745
-57.969418408662904
-57.93791556533391
-57.90640314988156
-57.874880163465605
-57.84334446458058
-57.81179922217831
-57.780244443861164
-57.74868013722253
-57.717102355264004
-57.6855148624032
-57.65391786973409
-57.62231138481992
-57.590692646460205
-57.55906305141773
-57.52742399257203
-57.4957754774562
-57.46411590280593
-57.432444353521674
-57.400763376338105
-57.36907297875822
-57.33737268783028
-57.30565933190843
-57.27393658389017
-57.2422044512486
-57.210462941447865
-57.17870854866832
-57.146944176983965
-57.11517045634871
-57.08338739419686
-57.0515925647917
-57.01978671627626
-56.98797155438204
-56.95614708651375
-56.92431194017229
-56.892464761328064
-56.8606083045774
-56.828742577295294
-56.79686723361024
-56.76497887060792
-56.733081265071924
-56.701174424347634
-56.66925835577189
-56.63732960149502
-56.605390992914536
-56.57344318438973
-56.541486183227846
-56.50951751028225
-56.47753804406879
-56.44554941305603
-56.41355162452187
-56.381543152179646
-56.349522973416406
-56.31749366490022
-56.28545523387985
-56.25340708131735
-56.22134633476007
-56.189276493398054
-56.15719756445084
-56.1251095551295
-56.09300868082711
-56.060898450950674
-56.028779168310166
-55.99665084008765
-55.96451056327223
-55.932360088887805
-55.90020059646287
-55.868032093150404
-55.83585253268089
-55.80366195747081
-55.77146239884649
-55.73925386393199
-55.707035138572536
-55.6748046058961
-55.642565124334574
-55.61031670098344
-55.57805892940374
-55.545788582298
-55.5135093207398
-55.481221151795914
-55.44892408252478
-55.416614433752216
-55.384295534816985
-55.35196776280376
-55.31963112474242
-55.28728270627893
-55.25492431226654
-55.2225570793879
-55.190181014644295
-55.15779394484593
-55.12539619773743
-55.09298964587862
-55.060574296242564
-55.028148693371854
-54.995711734830316
-54.963266005559184
-54.930811512503254
-54.89834749472935
-54.865871466101034
-54.8333867006688
-54.800893205349226
-54.76839089074812
-54.73587593306348
-54.7033522724058
-54.670819915663614
-54.638278869717126
-54.60572567619287
-54.57316326093082
-54.5405921832927
-54.508012450130785
-54.475421234929044
-54.442820205370104
-54.41021054704942
-54.37759226679152
-54.34496314767935
-54.31232364381836
-54.27967554471624
-54.24701885716978
-54.214351951822266
-54.18167411334231
-54.14898771304851
-54.116292757709886
-54.08358818371
-54.0508721499837
-54.01814758777762
-53.98541450383321
-53.95267237867217
-53.91991828876242
-53.88715570361404
-53.85438462994107
-53.82160507101879
-53.78881306367971
-53.75601259425076
-53.72320366941838
-53.690386295861174
-53.657557007721394
-53.624718792366
-53.59187215463632
-53.55901710118366
-53.526150652861
-53.49327482962694
-53.46039061695591
-53.42749802147197
-53.39459453006285
-53.36168123669249
-53.3287595867309
-53.2958295867751
-53.26288916928543
-53.22993854321662
-53.19697959331107
-53.1640123261388
-53.131035099484315
-53.09804727785144
-53.065051165045446
-53.03204676760927
-52.99903284861557
-52.96600796825048
-52.932974829285186
-52.899933438235806
-52.8668829436387
-52.833821141071766
-52.8007511123871
-52.76767286407424
-52.734585910519954
-52.70148732198086
-52.66838053971662
-52.63526557019012
-52.60214227423549
-52.569007035654415
-52.535863635651026
-52.50271208066162
-52.469552377114766
-52.43638080578284
-52.40320092358245
-52.37001291858297
-52.33681679718643
-52.30360915507387
-52.27039292592127
-52.23716860606744
-52.20393620188807
-52.170692605255475
-52.13744016409917
-52.10417966425064
-52.07091111205945
-52.03763167707909
-52.00434315857208
-51.97104661329351
-51.937742047566786
-51.904426890322824
-51.87110242882377
-51.83776997238568
-51.804429527305864
-51.77107876379446
-51.737718493368625
-51.70435025974838
-51.6709740692051
-51.63758781533482
-51.60419186975494
-51.57078799263773
-51.537376190228734
-51.5039545618207
-51.470523074568064
-51.43708368734801
-51.403636406380066
-51.37017951916819
-51.33671262343359
-51.30323785921442
-51.26975523270453
-51.236263202335806
-51.202761031020486
-51.169251022616706
-51.135733183292835
-51.10220612532744
-51.068668811043985
-51.03512369098192
-51.001570771284094
-50.968008801195836
-50.934436476269234
-50.90085637678783
-50.86726850886898
-50.833671742045304
-50.80006453851396
-50.766449591565845
-50.73282690729301
-50.69919545903529
-50.66555350865197
-50.63190384590437
-50.5982464768593
-50.56458046238325
-50.53090389661598
-50.49721964945181
-50.46352772693225
-50.429827261367926
-50.39611621140098
-50.36239751091958
-50.32867116594018
-50.294936364332386
-50.26119096106733
-50.2274379380856
-50.193677301378806
-50.15990827868724
-50.12612865274371
-50.09234143779709
-50.0585466398141
-50.02474351091365
-49.99092979263051
-49.957108515973914
-49.92327968688572
-49.889442566566586
-49.85559488600289
-49.8217396776116
-49.787876947309904
-49.75400595027794
-49.720124437213755
-49.68623542678447
-49.65233892488261
-49.61843416575966
-49.58451894969712
-49.550596266648895
-49.51666612248283
-49.4827277158067
-49.44877892597102
-49.41482269944618
-49.38085904207561
-49.34688710230044
-49.312904867640796
-49.278915226505916
-49.244918184714976
-49.21091282621167
-49.1768972754021
-49.142874348249045
-49.10884405054746
-49.07480538760362
-49.04075664904406
-49.00670056419092
-48.97263713881489
-48.93856528563517
-48.904483487452495
-48.870394372944446
-48.83629794785766
-48.80219301856401
-48.7680782886129
-48.73395627222324
-48.69982697511769
-48.6656890837497
-48.63154154961357
-48.59738675884475
-48.56322471714179
-48.52905397765684
-48.49487376664889
-48.46068632873323
-48.42649166958463
-48.39228819585803
-48.358075435022144
-48.32385547692303
-48.289628327211815
-48.25539223303721
-48.22114704914887
-48.186894697561655
-48.15263518390304
-48.11836658299263
-48.0840891025599
-48.04980448391281
-48.015512732655225
-47.98121173863987
-47.946902087904505
-47.9125853283596
-47.87826146558565
-47.84392819201517
-47.80958649695333
-47.77523772240752
-47.740881873934825
-47.706516434278434
-47.67214282060178
-47.637762156687735
-47.60337444806994
-47.568976955716245
-47.53457154887287
-47.50015912095991
-47.46573967748778
-47.431310245745095
-47.39687317092047
-47.36242910411553
-47.327978050817734
-47.29351679291442
-47.25904817503228
-47.22457259418103
-47.19009005582511
-47.15559708490974
-47.12109704863312
-47.08659007832075
-47.05207602821824
-47.017551608555586
-46.983020278287746
-46.948482042839956
-46.913936468129634
-46.87938084981886
-46.84481834970426
-46.81024897318823
-46.77567198680702
-46.74108529381182
-46.706491747737005
-46.671891353962295
-46.63728306876824
-46.60266542479502
-46.56804095638961
-46.533409668909115
-46.49877019768167
-46.464121726180586
-46.4294664588183
-46.39480440092921
-46.360133856369416
-46.32545468053525
-46.290768737334616
-46.25607603207948
-46.2213745268102
-46.18666476958347
-46.15194827340896
-46.117225043576404
-46.08249269014263
-46.04775247421031
-46.01300554767332
-45.97825191579914
-45.943488826668236
-45.908718274464775
-45.873941039924475
-45.839157128292534
-45.80436341585439
-45.769562649562744
-45.73475522912702
-45.69994115977036
-45.665116936337625
-45.630286077890176
-45.59544859341656
-45.56060409167884
-45.52574986592654
-45.490889037006
-45.456021610102795
-45.42114678438754
-45.386262681604954
-45.35137200364526
-45.31647475567215
-45.281569718087624
-45.24665585953496
-45.211735453722326
-45.17680850579153
-45.14187336836963
-45.106929875059926
-45.07197986233367
-45.03702333531092
-45.002058210007576
-44.96708520270778
-44.93210570376126
-44.89711971826663
-44.862124716961915
-44.8271223161936
-44.79211345147536
-44.75709812788425
-44.722073362382844
-44.687041688423236
-44.65200357813771
-44.61695903191495
-44.58190461861305
-44.54684379149614
-44.51177655560463
-44.47670243135909
-44.441618957190975
-44.40652909670824
-44.37143285492997
-44.336329264266084
-44.30121684885385
-44.26609807455526
-44.23097294636821
-44.195840000815785
-44.16069876354067
-44.125551194735635
-44.09039729937748
-44.05523511039206
-44.02006517039539
-43.984888926153744
-43.9497063826227
-43.914515061585746
-43.879316537769775
-43.84411173692247
-43.808900663978505
-43.77368032219756
-43.73845333322664
-43.70322009436696
-43.66798046722454
-43.63273135924154
-43.59747602354268
-43.56221446502714
-43.526946002489886
-43.491668638947594
-43.45638507471179
-43.421095314660896
-43.38579812784073
-43.350492626764996
-43.315180951947916
-43.27986310824722
-43.24453730818297
-43.20920378736513
-43.17386411968811
-43.13851830998916
-43.103164007647024
-43.0678025846446
-43.032435041595576
-42.99706138331672
-42.96167868959054
-42.92628948172838
-42.89089418056287
-42.855492620819376
-42.820081816601636
-42.78466494097271
-42.749241998714524
-42.713812232249765
-42.67837385050177
-42.642929423968205
-42.607478957410585
-42.57202109492646
-42.53655525234889
-42.501083391542714
-42.46560551724929
-42.430119669376154
-42.39462648244043
-42.35912730376464
-42.3236221380702
-42.28810841536719
-42.252588000316216
-42.217061619945746
-42.18152927895723
-42.145987791912574
-42.11044026476175
-42.074886798644314
-42.03932686338575
-42.003758257272715
-41.96818373381096
-41.932603297667946
-41.89701578205755
-41.861420268958874
-41.825818864749465
-41.79021157407695
-41.75459658841459
-41.718974283735875
-41.68334611411733
-41.647712084186935
-41.612069738702644
-41.576420757625314
-41.54076593771232
-41.50510528357204
-41.469435688425975
-41.43376014590837
-41.398078790592834
-41.36239109017123
-41.32669489235079
-41.290992903128924
-41.2552851270807
-41.21957036044307
-41.18384780450807
-41.14811948309672
-41.11238540076453
-41.07664367788608
-41.04089487819654
-41.00514033888997
-40.96938006450257
-40.9336114952896
-40.8978365659858
-40.862055922858744
-40.826269517114596
-40.7904742647158
-40.75467331971912
-40.718866686627926
-40.683053617574046
-40.64723243750292
-40.61140559051673
-40.57557308109997
-40.539733458460205
-40.503886464267836
-40.46803382877865
-40.43217555645811
-40.39630948988839
-40.36043679490943
-40.324558484187556
-40.28867456216926
-40.25278216125779
-40.216883878611554
-40.18098000571213
-40.14507010942178
-40.109151921254636
-40.0732281638458
-40.037298841609626
-40.00136279347474
-39.96541921785507
-39.92947009837469
-39.893515439429336
-39.857553348858765
-39.821584498328264
-39.785610129254636
-39.749630246015016
-39.713642222351
-39.677648209239244
-39.641648702838886
-39.60564345115867
-39.56962986002653
-39.533610796451924
-39.497586264780345
-39.461555262095914
-39.42551670726155
-39.38947270513222
-39.35342326003491
-39.31736661551161
-39.2813032087361
-39.24523437975074
-39.20916013286418
-39.17307795560161
-39.13698980843737
-39.10089626408616
-39.06479712557591
-39.02868972587072
-38.99257694966221
-38.95645880122792
-38.920334311665314
-38.88420236913581
-38.84806507502053
-38.81192243357912
-38.77577270188952
-38.73961632752851
-38.70345462643809
-38.66728760285987
-38.6311127379037
-38.59493204249861
-38.55874604515944
-38.52255448513824
-38.48635486068284
-38.45014995481674
-38.413939771751004
-38.37772325975374
-38.34149951052504
-38.30527050457738
-38.26903624610399
-38.23279489081918
-38.19654712705429
-38.160294131201795
-38.12403590743723
-38.08776981748965
-38.05149814922356
-38.01522127344112
-37.97893875403398
-37.94264847825092
-37.90635301531752
-37.87005236937928
-37.83374529620909
-37.79743131092292
-37.76111216295579
-37.72478785643574
-37.68845633795796
-37.65211875266223
-37.61577602909568
-37.579428171368704
-37.54307231597588
-37.50671123996547
-37.47034505003518
-37.43397303021932
-37.39759366629996
-37.361209208671895
-37.324819661416015
-37.2884234851999
-37.2520208243121
-37.2156130939664
-37.179200298226505
-37.14278007383588
-37.10635422474204
-37.069923330382686
-37.03348713397046
-36.99704323040311
-36.960594301670156
-36.924140351806074
-36.887680287457826
-36.85121338853027
-36.814741488530544
-36.77826459147634
-36.74178076725293
-36.70529098120154
-36.6687962181139
-36.63229648199078
-36.59578900589182
-36.55927644075992
-36.522758922570404
-36.486235738523845
-36.449705435271035
-36.413170198909995
-36.37663003341282
-36.340083377354205
-36.30353048665091
-36.26697268672078
-36.23040998151921
-36.19383996128569
-36.157264590658315
-36.120684334628834
-36.08409879815839
-36.04750592050435
-36.01090817728955
-35.974305572441
-35.93769685139015
-35.9010816845678
-35.86446167591336
-35.8278368293375
-35.79120503138292
-35.75456768240803
-35.7179255152739
-35.68127839250777
-35.64462376663346
-35.60796434233449
-35.57130012349354
-35.53463010315224
-35.497953485017874
-35.46127209203689
-35.424585928075764
-35.38789311767732
-35.35119461379465
-35.31449135858826
-35.27778335590834
-35.241067862911756
-35.2043475796075
-35.167622568447534
-35.13089201338933
-35.09415476507148
-35.05741280848847
-35.02066614746297
-34.98391308877456
-34.94715424976265
-34.91039072586045
-34.873622520874704
-34.83684706585899
-34.80006674198464
-34.76328175654055
-34.726491430223966
-34.68969436921955
-34.65289266613255
-34.6160863247426
-34.57927378080803
-34.54245542283137
-34.50563244600083
-34.468804854080446
-34.43197019967653
-34.39513065007027
-34.35828650478548
-34.32143716956732
-34.284581109788604
-34.247720473716214
-34.21085526508743
-34.17398399785364
-34.137106933509195
-34.100225315955775
-34.063339148915176
-34.02644605666206
-33.98954809261219
-33.95264559838532
-33.91573801553362
-33.878823767354845
-33.841905008283064
-33.80498174201369
-33.76805251234397
-33.731117550708184
-33.69417810112193
-33.657234167265244
-33.620283397623176
-33.58332782691478
-33.546367791146366
-33.509402720853814
-33.47243109115805
-33.43545501558688
-33.39847449779434
-33.36148806548139
-33.32449601215687
-33.28749953575914
-33.25049863992717
-33.213490952290805
-33.17647857925225
-33.13946180589136
-33.10244000728833
-33.065411799514166
-33.02837921050419
-32.99134224387174
-32.954299367651004
-32.9172510248129
-32.88019832340284
-32.843141267019284
-32.80607741973115
-32.76900904528065
-32.73193633487144
-32.69485856603932
-32.657774580227205
-32.62068627744608
-32.583593661269084
-32.54649509883213
-32.50939126527476
-32.47228313727585
-32.43517071839375
-32.39805146875728
-32.36092789044937
-32.32380004017743
-32.286667058161996
-32.249528091000556
-32.212384870769405
-32.17523740100193
-32.13808390900954
-32.10092538019263
-32.06376262069888
-32.026595514426326
-31.98942173834004
-31.952243750411863
-31.91506155415044
-31.877874114975
-31.840680959847496
-31.80348361518712
-31.766282084488196
-31.72907441858365
-31.691861986678582
-31.654645387500814
-31.617424296069522
-31.580196838017848
-31.54296523143524
-31.50572947979167
-31.468488338470394
-31.431241785500887
-31.39399110617793
-31.356736303957543
-31.319475218779967
-31.282209672716
-31.244940022428167
-31.207665700228205
-31.170385348306127
-31.133100910809887
-31.095812391171506
-31.058518301722593
-31.021219137821888
-30.98391591039516
-30.946608622860424
-30.90929487205802
-30.871976997568346
-30.83465508155335
-30.797328281987404
-30.75999582110548
-30.722659337257426
-30.68531883383763
-30.64797254929679
-30.61062155820862
-30.573266566074793
-30.535907350308896
-30.49854191251938
-30.461172492187007
-30.423799092682735
-30.386420568179055
-30.3490367801098
-30.31164903133862
-30.274257325222926
-30.236859597656434
-30.19945756000331
-30.16205158344292
-30.124641112518162
-30.08722484631476
-30.049804659618506
-30.012380555763734
-29.974951057789696
-29.937516721213193
-29.900078485860192
-29.862636355051652
-29.825187935570142
-29.787735628899085
-29.750279445122395
-29.712818469912392
-29.675352152050802
-29.637881975410874
-29.600407943290854
-29.56292822236637
-29.525444112916
-29.487956166281002
-29.450464006777842
-29.41296602451768
-29.375464223345972
-29.337958606538457
-29.300447876977586
-29.262932281195745
-29.225412888019658
-29.187889700711885
-29.15036050642253
-29.112827396730694
-29.075290511117487
-29.037749065501423
-29.000202299095427
-28.96265177495625
-28.925097496324298
-28.887537761421108
-28.849973658484522
-28.812405819212394
-28.774833949898948
-28.737256327842772
-28.6996749875864
-28.6620899323483
-28.624499949056034
-28.58690516742091
-28.54930668890875
-28.511704516725324
-28.47409652457575
-28.436484682323126
-28.39886916447325
-28.36124922479648
-28.32362407828704
-28.285995274232995
-28.248362815818524
-28.21072504238246
-28.173083011536722
-28.13543734435286
-28.097787740078118
-28.060132541803668
-28.022473725192256
-27.984811293406672
-27.94714403034068
-27.90947212359427
-27.87179661964477
-27.834117521642753
-27.796432704704564
-27.75874418781376
-27.721052094811718
-27.683355633557678
-27.64565416289937
-27.60794913405023
-27.570240550139815
-27.532526709776427
-27.494808804184764
-27.45708736142271
-27.41936199320969
-27.381631269931773
-27.343897027353727
-27.30615926858431
-27.268416695898104
-27.23066971249184
-27.19291923073521
-27.155165246581525
-27.11740558128694
-27.07964243546261
-27.0418758121967
-27.00410479808052
-26.966329047060633
-26.928549836390847
-26.890767169147416
-26.852979229715523
-26.81518749044644
-26.777392312366736
-26.739593147506064
-26.7017889383954
-26.66398130821694
-26.62617026002672
-26.588354344162884
-26.550534320576578
-26.51271089669301
-26.474883871567858
-26.437051513218133
-26.39921577226569
-26.36137665174654
-26.323533049808542
-26.285685050365558
-26.247833689022386
-26.20997896880338
-26.172118894508404
-26.134255350853866
-26.096388465962068
-26.058517468105528
-26.02064180060663
-25.982762809489472
-25.944880497758703
-25.90699320154247
-25.869102162601987
-25.83120782063931
-25.79330971681987
-25.75540668841291
-25.717500374555772
-25.679590778233678
-25.64167654993271
-25.603758322473723
-25.56583683009451
-25.527911910069705
-25.489981827256774
-25.45204849704917
-25.414111922412857
-25.3761710516669
-25.338225941815235
-25.300277605033425
-25.26232604427635
-25.22436932700929
-25.18640928620317
-25.148446038893464
-25.110478815147502
-25.07250712839435
-25.03453225259048
-24.996554190671887
-24.958571293979215
-24.920584847696063
-24.882595232724498
-25.1338859191088
-25.09471289583034
-25.055539872551876
-25.01636684927341
-24.977193825994956
-24.938020802716494
-24.89884777943803
-24.859674756159563
-24.820501732881105
-24.78132870960264
-24.742155686324182
-24.702982663045717
-24.663809639767262
-24.624636616488793
-24.585463593210335
-24.546290569931877
-24.50711754665341
-24.467944523374946
-24.428771500096488
-24.389598476818023
-24.350425453539568
-24.3112524302611
-24.272079406982645
-24.232906383704183
-24.19373336042572
-24.154560337147252
-24.115387313868794
-24.07621429059033
-24.03704126731187
-23.99786824403341
-23.958695220754944
-23.919522197476482
-23.880349174198027
-23.84117615091956
-23.8020031276411
-23.76283010436264
-23.723657081084177
-23.68448405780571
-23.64531103452725
-23.606138011248788
-23.56696498797033
-23.527791964691865
-23.488618941413407
-23.449445918134945
-23.410272894856483
-23.37109987157802
-23.33192684829956
-23.292753825021094
-23.253580801742636
-23.21440777846417
-23.175234755185713
-23.136061731907247
-23.09688870862879
-23.057715685350328
-23.018542662071866
-22.979369638793408
-22.940196615514942
-22.901023592236477
-22.86185056895802
-22.822677545679557
-22.783504522401095
-22.74433149912263
-22.705158475844176
-22.665985452565707
-22.62681242928725
-22.587639406008783
-22.548466382730325
-22.509293359451863
-22.4701203361734
-22.430947312894936
-22.391774289616478
-22.352601266338013
-22.313428243059555
-22.27425521978109
-22.23508219650263
-22.195909173224166
-22.156736149945708
-22.117563126667246
-22.078390103388784
-22.03921708011032
-22.000044056831857
-21.960871033553396
-21.921698010274937
-21.882524986996472
-21.843351963718014
-21.804178940439552
-21.76500591716109
-21.725832893882625
-21.686659870604167
-21.647486847325702
-21.608313824047244
-21.569140800768782
-21.529967777490317
-21.49079475421186
-21.451621730933393
-21.41244870765493
-21.37327568437647
-21.334102661098008
-21.29492963781955
-21.255756614541085
-21.216583591262626
-21.177410567984165
-21.138237544705703
-21.099064521427238
-21.05989149814878
-21.020718474870318
-20.981545451591856
-20.94237242831339
-20.903199405034933
-20.86402638175647
-20.824853358478006
-20.785680335199544
-20.746507311921086
-20.70733428864262
-20.668161265364162
-20.6289882420857
-20.58981521880724
-20.550642195528773
-20.51146917225031
-20.472296148971854
-20.43312312569339
-20.393950102414927
-20.35477707913647
-20.315604055858003
-20.276431032579545
-20.23725800930108
-20.198084986022618
-20.158911962744156
-20.119738939465694
-20.080565916187236
-20.041392892908775
-20.00221986963031
-19.963046846351848
-19.923873823073386
-19.884700799794928
-19.845527776516462
-19.806354753238004
-19.76718172995954
-19.72800870668108
-19.688835683402615
-19.649662660124157
-19.610489636845692
-19.571316613567234
-19.532143590288772
-19.49297056701031
-19.453797543731845
-19.414624520453387
-19.37545149717492
-19.33627847389646
-19.297105450617998
-19.25793242733954
-19.21875940406107
-19.179586380782617
-19.14041335750415
-19.10124033422569
-19.062067310947228
-19.022894287668766
-18.983721264390304
-18.944548241111846
-18.90537521783338
-18.866202194554923
-18.827029171276457
-18.787856147998
-18.748683124719534
-18.709510101441072
-18.67033707816261
-18.631164054884152
-18.591991031605687
-18.552818008327225
-18.513644985048764
-18.474471961770302
-18.435298938491844
-18.396125915213375
-18.356952891934917
-18.31777986865646
-18.278606845377993
-18.239433822099535
-18.20026079882107
-18.161087775542608
-18.121914752264143
-18.082741728985685
-18.043568705707223
-18.00439568242876
-17.9652226591503
-17.92604963587184
-17.886876612593376
-17.84770358931491
-17.808530566036453
-17.76935754275799
-17.73018451947953
-17.69101149620107
-17.651838472922606
-17.612665449644144
-17.57349242636568
-17.534319403087224
-17.49514637980876
-17.455973356530297
-17.416800333251835
-17.377627309973377
-17.338454286694912
-17.299281263416447
-17.26010824013799
-17.22093521685953
-17.181762193581065
-17.142589170302607
-17.10341614702414
-17.06424312374568
-17.025070100467214
-16.985897077188756
-16.946724053910295
-16.90755103063183
-16.868378007353368
-16.829204984074913
-16.790031960796448
-16.750858937517982
-16.711685914239524
-16.672512890961062
-16.633339867682597
-16.594166844404135
-16.554993821125677
-16.515820797847216
-16.476647774568754
-16.437474751290296
-16.39830172801183
-16.359128704733365
-16.319955681454907
-16.28078265817645
-16.241609634897983
-16.202436611619525
-16.16326358834106
-16.1240905650626
-16.084917541784133
-16.04574451850567
-16.006571495227213
-15.967398471948751
-15.928225448670291
-15.88905242539183
-15.849879402113366
-15.810706378834901
-15.77153335555644
-15.732360332277981
-15.693187308999516
-15.654014285721054
-15.614841262442598
-15.575668239164134
-15.536495215885669
-15.497322192607207
-15.458149169328749
-15.418976146050287
-15.379803122771822
-15.340630099493364
-15.301457076214902
-15.26228405293644
-15.223111029657979
-15.183938006379517
-15.144764983101055
-15.105591959822593
-15.066418936544132
-15.02724591326567
-14.988072889987205
-14.948899866708746
-14.909726843430285
-14.870553820151823
-14.831380796873358
-14.7922077735949
-14.753034750316438
-14.713861727037976
-14.67468870375951
-14.635515680481053
-14.596342657202591
-14.557169633924126
-14.517996610645667
-14.478823587367202
-14.439650564088744
-14.400477540810282
-14.36130451753182
-14.322131494253359
-14.282958470974897
-14.243785447696432
-14.204612424417975
-14.165439401139512
-14.12626637786105
-14.087093354582585
-14.047920331304123
-14.008747308025661
-13.969574284747203
-13.930401261468738
-13.89122823819028
-13.852055214911815
-13.812882191633356
-13.773709168354895
-13.73453614507643
-13.695363121797971
-13.65619009851951
-13.617017075241048
-13.577844051962582
-13.538671028684124
-13.499498005405659
-13.460324982127197
-13.42115195884874
-13.381978935570277
-13.342805912291816
-13.30363288901335
-13.264459865734889
-13.22528684245643
-13.186113819177969
-13.146940795899507
-13.107767772621042
-13.068594749342584
-13.029421726064118
-12.990248702785657
-12.951075679507195
-12.911902656228737
-12.872729632950271
-12.83355660967181
-12.794383586393348
-12.755210563114886
-12.716037539836428
-12.676864516557963
-12.637691493279501
-12.598518470001043
-12.559345446722581
-12.520172423444116
-12.480999400165654
-12.441826376887196
-12.402653353608734
-12.363480330330269
-12.32430730705181
-12.285134283773345
-12.245961260494884
-12.206788237216422
-12.167615213937964
-12.128442190659499
-12.089269167381037
-12.050096144102575
-12.010923120824113
-11.97175009754565
-11.932577074267193
-11.893404050988728
-11.854231027710268
-11.815058004431803
-11.775884981153343
-11.736711957874883
-11.697538934596421
-11.658365911317956
-11.619192888039496
-11.580019864761036
-11.540846841482573
-11.501673818204113
-11.462500794925651
-11.42332777164719
-11.384154748368728
-11.344981725090266
-11.305808701811802
-11.26663567853334
-11.227462655254875
-11.18828963197642
-11.149116608697955
-11.109943585419495
-11.070770562141032
-11.03159753886257
-10.992424515584107
-10.953251492305649
-10.914078469027185
-10.874905445748725
-10.83573242247026
-10.7965593991918
-10.75738637591334
-10.71821335263488
-10.679040329356416
-10.639867306077953
-10.600694282799491
-10.561521259521028
-10.522348236242566
-10.483175212964106
-10.444002189685644
-10.404829166407183
-10.36565614312872
-10.32648311985026
-10.287310096571796
-10.248137073293336
-10.208964050014876
-10.169791026736412
-10.13061800345795
-10.091444980179487
-10.052271956901027
-10.013098933622564
-9.973925910344102
-9.934752887065642
-9.89557986378718
-9.856406840508718
-9.817233817230255
-9.778060793951795
-9.738887770673331
-9.699714747394871
-9.660541724116406
-9.621368700837948
-9.582195677559488
-9.543022654281023
-9.503849631002565
-9.464676607724098
-9.42550358444564
-9.386330561167176
-9.347157537888714
-9.307984514610256
-9.26881149133179
-9.22963846805333
-9.190465444774867
-9.151292421496407
-9.112119398217942
-9.072946374939482
-9.033773351661024
-8.994600328382559
-8.955427305104099
-8.916254281825633
-8.877081258547175
-8.83790823526871
-8.79873521199025
-8.75956218871179
-8.720389165433327
-8.681216142154867
-8.642043118876401
-8.602870095597943
-8.56369707231948
-8.524524049041018
-8.485351025762558
-8.446178002484093
-8.407004979205634
-8.36783195592717
-8.32865893264871
-8.289485909370251
-8.250312886091786
-8.211139862813326
-8.171966839534862
-8.1327938162564
-8.093620792977937
-8.054447769699477
-8.015274746421015
-7.976101723142554
-7.936928699864094
-7.897755676585629
-7.85858265330717
-7.81940963002871
-7.780236606750245
-7.741063583471783
-7.701890560193321
-7.662717536914862
-7.623544513636397
-7.5843714903579365
-7.545198467079475
-7.506025443801012
-7.466852420522553
-7.427679397244089
-7.388506373965628
-7.349333350687165
-7.3101603274087035
-7.270987304130244
-7.23181428085178
-7.192641257573319
-7.153468234294857
-7.114295211016395
-7.075122187737936
-7.035949164459472
-6.9967761411810105
-6.957603117902548
-6.918430094624087
-6.8792570713456245
-6.840084048067164
-6.800911024788704
-6.761738001510239
-6.7225649782317785
-6.683391954953315
-6.644218931674855
-6.6050459083963915
-6.565872885117931
-6.52669986183947
-6.487526838561007
-6.448353815282546
-6.409180792004083
-6.370007768725623
-6.330834745447163
-6.291661722168699
-6.2524886988902395
-6.213315675611774
-6.174142652333314
-6.134969629054851
-6.09579660577639
-6.056623582497929
-6.0174505592194665
-5.978277535941006
-5.939104512662543
-5.899931489384082
-5.860758466105619
-5.821585442827159
-5.782412419548697
-5.7432393962702335
-5.7040663729917735
-5.66489334971331
-5.62572032643485
-5.586547303156386
-5.547374279877926
-5.508201256599466
-5.469028233321001
-5.4298552100425415
-5.390682186764077
-5.351509163485617
-5.312336140207156
-5.273163116928694
-5.233990093650233
-5.194817070371769
-5.155644047093309
-5.116471023814846
-5.077298000536385
-5.038124977257924
-4.998951953979461
-4.959778930701001
-4.920605907422537
-4.881432884144077
-4.842259860865613
-4.803086837587153
-4.763913814308692
-4.724740791030229
-4.685567767751768
-4.646394744473305
-4.607221721194843
-4.5680486979163835
-4.528875674637921
-4.48970265135946
-4.450529628080996
-4.411356604802536
-4.372183581524073
-4.333010558245611
-4.293837534967151
-4.254664511688688
-4.215491488410228
-4.1763184651317635
-4.137145441853304
-4.097972418574841
-4.058799395296379
-4.019626372017919
-3.9804533487394553
-3.941280325460995
-3.9021073021825314
-3.8629342789040706
-3.823761255625607
-3.7845882323471467
-3.7454152090686863
-3.7062421857902232
-3.667069162511763
-3.6278961392332985
-3.588723115954838
-3.549550092676379
-3.5103770693979146
-3.471204046119454
-3.4320310228409907
-3.3928579995625308
-3.3536849762840664
-3.314511953005606
-3.2753389297271456
-3.2361659064486825
-3.196992883170222
-3.1578198598917577
-3.1186468366132973
-3.0794738133348343
-3.040300790056374
-3.0011277667779135
-2.9619547434994495
-2.922781720220989
-2.883608696942526
-2.8444356736640657
-2.8052626503856053
-2.7660896271071413
-2.7269166038286814
-2.6877435805502174
-2.648570557271757
-2.609397533993293
-2.5702245107148327
-2.5310514874363728
-2.4918784641579093
-2.4527054408794484
-2.413532417600985
-2.3743593943225245
-2.335186371044061
-2.2960133477656006
-2.2568403244871407
-2.217667301208677
-2.1784942779302163
-2.139321254651753
-2.1001482313732924
-2.060975208094832
-2.0218021848163685
-1.982629161537908
-1.9434561382594442
-1.9042831149809842
-1.8651100917025203
-1.82593706842406
-1.7867640451455995
-1.747591021867136
-1.7084179985886758
-1.669244975310212
-1.6300719520317517
-1.590898928753288
-1.5517259054748276
-1.5125528821963672
-1.4733798589179035
-1.434206835639443
-1.3950338123609793
-1.3558607890825192
-1.3166877658040588
-1.2775147425255953
-1.2383417192471349
-1.1991686959686711
-1.1599956726902108
-1.120822649411747
-1.0816496261332866
-1.0424766028548267
-1.0033035795763627
-0.9641305562979026
-0.9249575330194388
-0.8857845097409786
-0.8466114864625147
-0.8074384631840544
-0.768265439905594
-0.7290924166271304
-0.68991939334867
-0.6507463700702064
-0.611573346791746
-0.5724003235132823
-0.533227300234822
-0.4940542769563618
-0.454881253677898
-0.4157082303994377
-0.37653520712097394
-0.3373621838425137
-0.29818916056405337
-0.25901613728558964
-0.21984311400712936
-0.1806700907286656
-0.1414970674502053
-0.10232404417174157
-0.06315102089328128
-0.023977997614820973
0.015195025663642753
0.05436804894210305
0.0935410612227867
0.13271406042532996
0.1718870444693721
0.2110600004587912
0.25023292240456557
0.289405813816175
0.3285786688719549
0.36775146037981327
0.40692420597765455
0.4460969035849337
0.4852695231285611
0.5244420697307588
0.5636145529661655
0.6027869594269405
0.6419592538508629
0.6811314695313708
0.7203036043875407
0.7594756071112916
0.7986475020528802
0.8378193007928406
0.8769909782829375
0.9161624993003752
0.9553339087383088
0.9945052045152383
1.03367631004045
1.0728472769890576
1.1120181148978368
1.151188783036185
1.1903592543065031
1.2295295811573843
1.268699761506555
1.3078696894479096
1.347039452049202
1.3862090527679456
1.4253784311659783
1.4645475763238536
1.5037165442173603
1.542885328208399
1.5820538027266884
1.6212220845977385
1.6603901717378389
1.6995579799974414
1.738725522646221
1.7778928551795448
1.817059956869771
1.856226707093676
1.8953932318163556
1.9345595289528474
1.9737254866642586
2.0128911503693696
2.052056571100612
2.091221710075003
2.130386459552379
2.169550950666739
2.2087151813316668
2.247879008071388
2.2870425163537025
2.3262057487952603
2.365368644624248
2.4045311168556296
2.443693297853271
2.482855185529104
2.52201660085783
2.5611776771870334
2.6003384447989646
2.639498817036351
2.678658735468396
2.717818329785849
2.7569775978987967
2.7961363213593553
2.8352946891473283
2.874452715330718
2.913610283511596
2.9527673715304132
2.991924102542524
3.031080470566034
3.0702362255712012
3.109391608165404
3.148546616255767
3.1877010998944204
3.226855080818973
3.2660086718322674
3.3051618431129883
3.3443143691108395
3.3834664897876827
3.4226182030483168
3.4617693216361722
3.5009199187116247
3.540070092957678
3.5792197869772906
3.61836880718064
3.6575173891388664
3.696665530754241
3.7358130037577695
3.7749599401488867
3.8141064207777204
3.853252356992145
3.892397594530639
3.931542360884677
3.970686653953804
4.0098302008124405
4.048973199596956
4.088115709670394
4.1272576075076515
4.1663987854211975
4.205539459194564
4.244679626724371
4.283818966848438
4.32295775101041
4.362096013495447
4.401233592353663
4.440370433585752
4.47950673770439
4.51864250260307
4.557777355371717
4.596911647794926
4.636045385557107
4.675178364802338
4.714310592193444
4.75344224947913
4.792573310294116
4.831703419308635
4.870832942769923
4.9099618785667145
4.949089977530964
4.988217313811889
5.027344046975548
5.066470115232319
5.105595210968626
5.144719688131293
5.183843544605448
5.2229664825845035
5.2620886503697655
5.301210182004894
5.340330976984204
5.379450782006918
5.418569935414062
5.457688435086964
5.496805931338381
5.535922653119573
5.575038705695569
5.614153946639069
5.653268183387131
5.692381735455031
5.73149460072009
5.770606374461071
5.809717372600215
5.848827668455744
5.887937074563936
5.927045465343985
5.966153138355445
6.005260091471447
6.044365861876793
6.083470858599707
6.122575119936083
6.1616784103662114
6.200780677345952
6.239882193443685
6.278982956528143
6.318082442728148
6.357181160117805
6.396279108992333
6.4353760028563185
6.474471868057861
6.513566949237822
6.552661205816147
6.591754165338736
6.630846325328628
6.669937683647957
6.709027900010328
6.748117085303555
6.7872054534083155
6.826292920097092
6.865379077175822
6.904464401543299
6.943548891056782
6.982632148932572
7.021714376028507
7.0607957527406064
7.099876148534495
7.138955224812902
7.178033435172548
7.217110777465612
7.256186795818298
7.295261786262428
7.334335893097704
7.373408936938983
7.412480653892337
7.451551471689298
7.490621388176765
7.5296898859161985
7.568757361081839
7.607823919382805
7.646889330159281
7.685953409087955
7.725016555591292
7.764078767510734
7.803139463491044
7.842199144572703
7.881257875501886
7.92031537204482
7.9593715340675955
7.9984267303636525
8.037480958768748
8.076533571786259
8.11558517979294
8.154635804326217
8.19368510540825
8.232733071455696
8.271780038441415
8.310825982581893
8.34987025298647
8.388913508735047
8.427955747654977
8.466996571988025
8.506036062795815
8.545074521172088
8.584111876030908
8.623147548180018
8.662182172288578
8.701215746177777
8.740247812411015
8.779278548513282
8.81830821877828
8.857336702978897
8.896363497321573
8.935389210202725
8.974413839437176
9.01343686615489
9.052458567877544
9.091479170320065
9.130498502420261
9.169516139194602
9.208532661048817
9.247548065791188
9.286561771510755
9.325574158964837
9.364585413657627
9.403595312147402
9.442603511373868
9.481610562182837
9.520616462375829
9.559620565545593
9.59862335862059
9.637624985413677
9.676625168713201
9.715623650187936
9.754620949707874
9.793617065067561
9.832611284064795
9.871604202421953
9.910595920935958
9.949586107393491
9.988574590681655
10.027561858436606
10.066547908445738
10.105531961574545
10.144514724640224
10.183496254259708
10.222476162149496
10.26145436657861
10.300431321853813
10.339407025755126
10.378380631244351
10.41735295820331
10.456324018070074
10.495293365590314
10.53426101024354
10.573227372078712
10.612192416529176
10.651155324869476
10.690116934658217
10.729077243664623
10.768035748935326
10.806992552644811
10.845948039827466
10.884902129254064
10.92385407283329
10.962804684133346
11.001753960915622
11.040701341976607
11.079647023316769
11.118591354375537
11.157534206785417
11.196474904069733
11.235414235301
11.27435219823255
11.313288173041325
11.352222450322184
11.391155343520111
11.43008667683727
11.469015846025679
11.507943615339698
11.546869982524406
11.585794268954105
11.624716860214566
11.663638033542412
11.702557565605657
11.741474924623292
11.780390849896568
11.81930533916211
11.858217654999406
11.897128278000567
11.936037449170119
11.974944897730964
12.013850164222376
12.052753963049664
12.091656291940794
12.13055635488384
12.169454727102277
12.208351613539623
12.247246696260234
12.286139587582701
12.325030977270298
12.363920863042129
12.402808390698475
12.441694229319559
12.480578548158405
12.519460982609498
12.558341215826314
12.597219913385349
12.636097072996652
12.674971782881173
12.713844804792334
12.75271627286726
12.791585776526071
12.830453068399818
12.869318790539547
12.908182940646036
12.947044550178852
12.985904471962868
13.02476280580262
13.063619096050761
13.10247316303661
13.14132562615769
13.18017648310531
13.21902470960971
13.257871247537992
13.296716163358777
13.335558957480243
13.374399515719197
13.413238435906951
13.452075715725133
13.490910276425504
13.529743146451345
13.56857436015008
13.607403375329135
13.646230140641347
13.68505523365904
13.723878652053969
13.762699264073733
13.801518181825621
13.84033540897323
13.8791503622923
13.917963050170304
13.956774031452424
13.995583280787379
14.03438968415985
14.0731943649347
14.111997320769348
14.150797929206998
14.189596254808986
14.228392839454497
14.267187630669909
14.305979546409434
14.344769705165847
14.383558104586212
14.422344085015053
14.461127763158132
14.499909665923719
14.538689715849245
14.577466858630281
14.616242209981817
14.655015767540345
14.693786836724978
14.732555581878431
14.771322517171777
14.810087542528208
14.848849626674605
14.887609884883028
14.926368314779193
14.965124189374084
15.00387771565261
15.042629397525632
15.081379114922836
15.12012585440109
15.158870733369604
15.19761374944312
15.236354145990607
15.275092167147566
15.31382830928964
15.352562435224485
15.391293543636955
15.430022756903458
15.468750072627563
15.507474707555705
15.54619693697636
15.58491725270759
15.623635503561879
15.662350694140027
15.701063954870342
15.739775283344997
15.77848387296557
15.817190023660313
15.855894225924743
15.894596317963115
15.933295303560765
15.971992324541874
16.01068737848702
16.049379638993376
16.088069423590962
16.126757224949813
16.165442874317712
16.204125367404256
16.242805861037514
16.281484352786265
16.320160000251324
16.358833130992092
16.39750424361698
16.436173166338556
16.474838878992166
16.513502557286532
16.552164198778424
16.590822949152553
16.629479137881653
16.668133273547802
16.70678518552384
16.745433829424698
16.784080403989933
16.82272490676412
16.861366475873115
16.90000543403371
16.938642304113177
16.977276921119042
17.01590820754254
17.054537389582443
17.093164464770897
17.131788568313866
17.170410006940337
17.209029322395196
17.24764636007874
17.286259999888706
17.32487150019429
17.363480858515032
17.402087212062344
17.440690841773495
17.479292313149053
17.51789148702857
17.556487190670442
17.595080719613154
17.633672071363428
17.67226039035463
17.710845921346895
17.74942925876487
17.788010284227028
17.82658776172105
17.86516302924594
17.903736084295403
17.94230608403718
17.98087322607778
18.019438139229518
18.058000731527244
18.09655969246167
18.135116408080616
18.17367087586453
18.21222227152861
18.250770733948762
18.289316932088393
18.32786080633886
18.366400959863114
18.404938832647943
18.443474422160357
18.482006928781452
18.520536420469558
18.55906361240718
18.59758848358971
18.63610953840758
18.67462827698329
18.7131446967702
18.751658029243924
18.790168258638715
18.828676152733564
18.867181708973796
18.905683400050357
18.94418271258827
18.982679670740794
19.021173543821618
19.05966421890533
19.098152523058964
19.136638453713832
19.175120514181568
19.213600108392473
19.25207731254002
19.290551440839188
19.329022269130714
19.36749069078012
19.40595670320454
19.444418847587773
19.482878430715118
19.521335588018523
19.559789686002
19.598240374550066
19.636688620660866
19.675134421737138
19.713576364413644
19.75201564322667
19.790452460371355
19.82888624235774
19.86731649773402
19.905744274793587
19.94416957092457
19.98259102612356
20.021009706910416
20.059425890099515
20.09783907025799
20.13624859855029
20.174655612560887
20.213060109663104
20.251460791463117
20.28985858002404
20.328253834971562
20.366646127319832
20.40503463412516
20.443420590597086
20.48180399409392
20.520183616420763
20.558560218061178
20.59693424998512
20.635305368387314
20.673672558805062
20.712037162749777
20.75039917756453
20.788757454189227
20.827112573712874
20.865465087328328
20.903814745492987
20.942160324118028
20.98050328004125
21.018843610590295
21.057180255127008
21.095513596829075
21.133844296341362
21.172172207819322
21.210495878735124
21.248816890629968
21.287135240815832
21.325449966719823
21.363761234380032
21.40206982347781
21.44037570166018
21.47867716843192
21.51697593977198
21.55527201297649
21.593564533542004
21.63185343041774
21.670139612266105
21.708423076373883
21.746702136049816
21.78497836978229
21.82325186885963
21.861521897217887
21.899788126037265
21.93805160327082
21.97631232618916
22.01456872145746
22.052822119996204
22.091072747266015
22.12931999638314
22.167563259338106
22.205803734054076
22.24404141778526
22.282274861511986
22.32050512673063
22.35873258397111
22.396956766646042
22.435176765385457
22.473393939136777
22.511608285137577
22.549818490020378
22.5880253232454
22.626229311686362
22.664430140548802
22.702626576171518
22.740820149959866
22.779010859134583
22.81719753770065
22.855380639704435
22.893560860020386
22.93173804752878
22.969910620576695
23.008080294845577
23.04624706753914
23.084409932143114
23.12256900313702
23.160725155440208
23.198878386246335
23.237026824330755
23.275172298958594
23.313314834949598
23.351453597771556
23.389588337398962
23.427720121232444
23.465848946448286
23.503973109974076
23.542094084267212
23.580212082760944
23.618326455804315
23.656436563133692
23.694543677464374
23.73264779595506
23.77074739681867
23.80884356950444
23.846936729125954
23.885026424215468
23.92311159773339
23.961193740945063
23.999272850991396
24.03734760090934
24.0754186701291
24.11348668891625
24.15155141769586
24.189611355300055
24.227668225186438
24.265722024477896
24.30377163498469
24.34181729828684
24.37985987368328
24.417899347614117
24.455933746606483
24.493965040364234
24.531993225992032
24.570017408438133
24.608037362771135
24.646054191619385
24.684067892076808
24.72207667905738
24.760082093279117
24.798084361729167
24.836082827278922
24.87407676898433
24.91206754751872
24.950055159957465
24.98803805665011
25.02601728731742
25.063993334463387
25.101965794092997
25.13993341889845
25.177897842738197
25.2158590626688
25.253815779935827
25.291768522412262
25.329718043508535
25.36766420800396
25.405605211016187
25.443542975158316
25.481477497467942
25.519407745980217
25.557333695004303
25.59525638467899
25.633175812030693
25.671090040331713
25.709000839144114
25.746908358089506
25.78481184832438
25.82271069800255
25.860606250250463
25.898498502075192
25.936385798291475
25.974269325505844
26.01214953470634
26.050025976945577
26.08789742074522
26.125765528920873
26.163630298460042
26.20149037275504
26.239346321459855
26.27719891389031
26.315048018218093
26.352891748960488
26.390732105771022
26.42856908561743
26.466401647955763
26.504229710589257
26.542054378573056
26.579875648863286
26.61769156472717
26.655503862225324
26.693312744316124
26.73111750446155
26.768917372804637
26.8067138080066
26.844506807003455
26.88229474643538
26.920078676012466
26.95785915162213
26.995635819135416
27.033407184304703
27.07117507772407
27.1089394963092
27.14669916874721
27.184454421126027
27.22220618085927
27.25995444485068
27.297697017536905
27.33543605950024
27.373171587881423
27.41090270255733
27.448628967785105
27.486351701569852
27.52407090079459
27.561784741157968
27.59949462131214
27.637200949016137
27.674903214953517
27.712600182394844
27.75029357947507
27.787983403056334
27.825668219994512
27.86334862729953
27.901025443165054
27.938698569177156
27.976365927506905
28.014029676435648
28.05168981280442
28.089345315003435
28.126995937725447
28.16464292989606
28.202286288343892
28.23992406177996
28.277557850412165
28.31518798730007
28.35281388323243
28.390434408936578
28.428051264853586
28.465664447790623
28.503272439940147
28.540875955425598
28.578475779857854
28.616071777780395
28.653661893323708
28.691248299719067
28.728830993751956
28.766408912741422
28.803981841517604
28.84155103980585
28.879116504378874
28.91667623928207
28.95423188217125
28.99178377318888
29.02933132692588
29.06687335471088
29.104411612446114
29.141946096882293
29.17947529117165
29.216999855846524
29.254520629012944
29.292037525184135
29.329548336969502
29.367055339014925
29.404558528048867
29.442056889277495
29.479550060299204
29.517039400046453
29.554524905234626
29.592004626159117
29.629480056642976
29.666951634273097
29.70441886976989
29.741880330961713
29.779337920982705
29.81679163652565
29.854240056007143
29.89168359831565
29.92912324779703
29.966559001130783
30.003988499104793
30.041414022346142
30.07883563105862
30.116252456063066
30.15366379283313
30.19107119667032
30.228474664231197
30.265872391797657
30.303265530452506
30.34065471439455
30.378039651658355
30.415418464770532
30.452793304710433
30.490164168111438
30.527529831868087
30.564890267368966
30.602246707838717
30.63959914989707
30.676945434437986
30.71428739146262
30.751625331550663
30.788958637862443
30.826286050874103
30.863609428400615
30.900928767038195
30.938242517840642
30.975551272160036
31.012855969008697
31.050156604969008
31.08745069441793
31.124740688754
31.162026603586433
31.199307526638698
31.236582757683628
31.273853890585983
31.31112092190429
31.348382007081895
31.38563829719682
31.422890467054977
31.460138268107315
31.497379654522128
31.53461690198356
31.571850007026022
31.60907779353872
31.646300057611164
31.68351816053398
31.720732098827384
31.757939764731915
31.795142804462856
31.832341660799457
31.86953585401237
31.90672376942309
31.94390748265029
31.981086990189738
32.0182608858969
32.05542939480566
32.09259367920293
32.12975373557009
32.166907227562476
32.2040562275274
32.241200980603715
32.27834081108831
32.31547446527381
32.3526038536876
32.3897289727863
32.42684822242278
32.463962184745114
32.501071858834194
32.53817724113203
32.57527580356897
32.61236997113726
32.64945982796088
32.686544539820744
32.723623139299306
32.760697409054856
32.79776734550426
32.83483119279239
32.87188981382796
32.90894408254345
32.945993960956194
32.98303687156165
33.02007541080795
33.057109575086564
33.09413841140449
33.13116115938773
33.168179513328326
33.20519346960282
33.242201157239165
33.27920363896378
33.316201703911275
33.35319523318455
33.39018178075615
33.42716389241409
33.46414156450918
33.50111376733391
33.53807986368043
33.57504150129117
33.61199867650181
33.648949446143945
33.68589498716321
33.722836046572894
33.75977246810243
33.79670185036319
33.83362673177905
33.870547108659544
33.90746191899246
33.944370560161474
33.98127467752291
34.01817426737098
34.055067359624125
34.09195515512705
34.12883840380735
34.16571695793326
34.20258836917753
34.23945521426372
34.27631748945953
34.31317414724154
34.350024526246315
34.386870315987885
34.42371151271837
34.460546167122295
34.49737540883474
34.534200038125704
34.57101996411927
34.60783259516623
34.644640594354755
34.68144395791013
34.718241702008314
34.75503300836971
34.791819659623144
34.82860165197814
34.865377106993854
34.9021469831319
34.93891218085859
34.975672696367624
35.01242575505603
35.04917409525182
35.085917733678784
35.122655801873194
35.15938722157285
35.1961139199255
35.23283589309749
35.26955138609404
35.306261081317245
35.34296603174304
35.37966623352164
35.41635904392008
35.4530469084542
35.48973000468563
35.52640763365618
35.56307834908979
35.599744276537805
35.63640541212277
35.673060179364086
35.709708874728726
35.74635275850835
35.78299182680923
35.81962362476378
35.85625019334661
35.89287192668945
35.92948835200265
35.966097541933024
36.002701876834415
36.039301352785024
36.07589462941673
36.11248150232878
36.14906349646146
36.18564060787649
36.22221062811005
36.258775076784225
36.29533462287243
36.33188907896829
36.3684359184784
36.40497783550605
36.441514826084536
36.478045846120764
36.514570070288855
36.551089348071244
36.587603675484495
36.62411115158352
36.660612652676946
36.69710918342442
36.7336007398257
36.77008456404907
36.80656323414362
36.84303690987468
36.87950490618503
36.91596565157337
36.952421382552366
36.988872095092816
37.025316259494254
37.06175398157287
37.098186665126285
37.1346143061083
37.17103453049895
37.20744912082156
37.24385864844513
37.28026285274143
37.31665928552252
37.353050635448
37.38943689844237
37.42581698242055
37.46219009024102
37.4985580909325
37.53492098040225
37.57127683579508
37.6076265096801
37.643971052104035
37.68031045895685
37.7166419774346
37.75296810821209
37.789289083137405
37.82560431679093
37.861911971253306
37.89821444955301
37.9345117475502
37.97080246359954
38.00708638050713
38.0433650967597
38.079638608199865
38.11590469814746
38.152164767790666
38.188419612226795
38.22466922446546
38.26091058256567
38.2971466950343
38.333377557683804
38.36960236285033
38.40581967831884
38.44203172350123
38.47823849419218
38.514438383619236
38.550631546202425
38.58681941378448
38.62300198214224
38.659176847098465
38.69534574633968
38.73150932580401
38.76766744734153
38.80381731293998
38.839961838178624
38.87610101880365
38.912233934508166
38.948359340118564
38.98447938048922
39.020594051348226
39.056701652316086
39.09280248692875
39.12889793136024
39.164987981320536
39.2010701585831
39.23714631098195
39.27321704819647
39.30928221575178
39.34533901044171
39.381390369203416
39.41743628771563
39.453475849805876
39.48950776433623
39.52553421782924
39.56155520594534
39.597569053427165
39.6335759760198
39.669577412403534
39.70557335822035
39.74156138188437
39.777543200551406
39.813519507775254
39.84949025485611
39.88545238974989
39.92140899229287
39.95736005809532
39.99330479919536
40.02924163089699
40.0651729049059
40.10109861681365
40.13701724254622
40.172928658496794
40.20883449134916
40.244734736676165
40.280627137587686
40.31651302501513
40.35239330387514
40.38826796972173
40.424134036291484
40.45999428220973
40.49584889402729
40.53169734349101
40.56753748991905
40.603371981127175
40.63920081263704
40.67502274507439
40.71083704901865
40.74664567209987
40.78244860982065
40.81824391553044
40.85403226342223
40.889814904743076
40.925591834976466
40.96136040418942
40.997122682242654
41.032879227951966
41.068629911817
41.1043717596601
41.140107853870425
41.17583818989854
41.211561954165816
41.24727752982703
41.2829873259709
41.31869133802865
41.35438807274598
41.39007726184745
41.42576064548122
41.46143821905906
41.497107814205144
41.53277050214828
41.56842735860725
41.6040783789743
41.639720724458606
41.67535679642314
41.71098701082067
41.746611128668
41.78222634868621
41.817835689629284
41.85343914685589
41.88903583140241
41.92462423132946
41.9602067259847
41.99578331070708
42.03135245167612
42.0669139160883
42.10246944896493
42.138019045625114
42.17356053266983
42.209094945918416
42.244623401300274
42.28014589411461
42.315659616817605
42.351166863027856
42.38666812497256
42.42216327673647
42.45764924580405
42.493129208874315
42.528603161212246
42.56407036444812
42.59952896056111
42.63498152416194
42.67042805049541
42.705867194596635
42.74129830126524
42.77672334883838
42.81214233254063
42.84755330682916
42.8829568073342
42.918354222091736
42.95374554630606
42.9891282400322
43.02450401742412
43.059873682347515
43.09523722998631
43.13059153232845
43.165939469426455
43.20128126726568
43.236616580415244
43.27194272107382
43.30726270046496
43.34257651373748
43.37788325063981
43.413181342854486
43.44847324689267
43.48375895788257
43.51903700752298
43.5543069334837
43.58957064428883
43.624828135045895
43.66007738633688
43.69531902799886
43.730554427455864
43.765783579794636
43.80100392157559
43.836217160658464
43.871424130416386
43.906624825915245
43.941816146952185
43.97700086493902
44.01217928641006
44.04735119845138
44.08251359539562
44.11766967353208
44.15281942789071
44.18796213363439
44.22309579904779
44.258223118341064
44.29334408652304
44.328457474538325
44.363562289260436
44.39866073047841
44.43375279317991
44.468836751961724
44.50391259659205
44.53898204026231
44.574045077938926
44.60909949590771
44.64414625080485
44.67918657721382
44.71422047007965
44.74924523558107
44.78426278086181
44.819273870053735
44.85427849808048
44.8892734993852
44.92426171492347
44.95924344669953
44.99421854309742
45.02918381491887
45.06414258034495
45.099094834262374
45.134039980080544
45.16897570897349
45.20390490367292
45.238827559043905
45.27374264235176
45.30864870752973
45.3435482106425
45.37844114653339
45.413326055324404
45.44820233575462
45.48307202617416
45.517935121404484
45.55278974359592
45.5876361179985
45.62247587437076
45.65730900751224
45.69213323094498
45.72694957779182
45.76175927851433
45.796562327890086
45.83135604032826
45.86614223784225
45.9009217610632
45.93569460474657
45.97045769387749
46.00521362003146
46.039962843648745
46.07470535946257
46.10943771289633
46.14416324541216
46.17888204707239
46.21359384756428
46.2482956178572
46.28299063420492
46.31767889130254
46.352359768608636
46.38703092839843
46.42169530579518
46.45635289547152
46.49100273699486
46.52564316332099
46.56027677873012
46.594903577872394
46.62952227093808
46.66413184058547
46.6987345707156
46.73333045595605
46.76791788781079
46.802496477309006
46.8370681986131
46.87163304632794
46.9061891041399
46.940736589762174
46.975277178436556
47.00981086474516
47.044335435603685
47.07885169336595
47.11336102534935
47.147863426113176
47.18235639702861
47.21684130268855
47.25131925366125
47.28579024448299
47.320251502386284
47.35470493144244
47.38915137682517
47.423590833047705
47.45802026479038
47.49244209248115
47.52685690743424
47.561264704139795
47.59566219649348
47.6300522977962
47.66443535721865
47.69881136922773
47.733176808884124
47.76753505851409
47.801886237042524
47.83623024524532
47.87056361248354
47.904889884893024
47.93920905690085
47.973520823380596
48.00782211694265
48.042116286320024
48.076403325916374
48.11068273715013
48.14495183103891
48.17921377130769
48.21346855233657
48.24771549472044
48.28195226267329
48.316181847491116
48.35040424353034
48.38461860337928
48.41882291886711
48.45302002162482
48.487209905985154
48.52139156953273
48.55556330575889
48.589727799579585
48.62388504530376
48.6580338987019
48.69217292860135
48.726304686339425
48.760429166201135
48.79454509551985
48.82865129175824
48.86275018599842
48.89684177250148
48.93092466372863
48.96499789870121
48.9990638017576
49.03312236713484
49.06717210617596
49.101212252006746
49.13524503592189
49.169270452134285
49.2032869248123
49.23729385335301
49.27129338989691
49.30528552863261
49.33926862068756
49.37324220351678
49.40720836418594
49.44116709685932
49.47511669394812
49.50905680237021
49.54298945838667
49.57691465613733
49.610830643833665
49.644737148877944
49.678636171188316
49.71252770488016
49.746409968674044
49.78028274109362
49.814148000368185
49.84800574058848
49.88185416588618
49.915693076157226
49.949524442788885
49.983348259847205
50.01716273197088
50.05096765029153
50.08476499439489
50.11855475832225
50.15233516250981
50.1861059587992
50.21986915020961
50.253624730757444
50.28737095216226
50.32110749605967
50.35483640433225
50.38855767097148
50.42226959466214
50.455971755525844
50.48966624993452
50.523353071854594
50.55703058281476
50.59069822972122
50.62435817925774
50.6580104253656
50.6916534084936
50.725286410236464
50.75891168360948
50.7925292225287
50.82613756263746
50.859735787726535
50.893326253360556
50.92690895343032
50.96048253524698
50.99404585190739
51.02760137794195
51.06114910721601
51.09468781538182
51.12821609155286
51.16173654584142
51.1952491720873
51.22875289115733
51.26224599449166
51.295731244600645
51.32920863529853
51.36267724974136
51.39613504760398
51.429584960811894
51.463026983153725
51.49646037735138
51.52988273681861
51.56329718011501
51.59670370100349
51.63010175925106
51.66348854710958
51.69686738719416
51.730238273241774
51.763600879747244
51.79695196249323
51.83029506577476
51.86363018330282
51.89695722218677
51.93027246602485
51.96357969862025
51.99687891365795
52.03017010481529
52.06344953979563
52.09672076752903
52.12998394581243
52.163239068297024
52.19648266492959
52.22971775333131
52.26294476030236
52.29616367946771
52.32937132158024
52.36257013588583
52.395760836691466
52.42894341759573
52.4621149889276
52.495277394076886
52.528431653567935
52.56157776097294
52.594713145174964
52.627839005811026
52.660956688541376
52.694066186911634
52.72716526754573
52.76025444801401
52.793335418239494
52.82640817174122
52.85947083228032
52.892523196627536
52.925567318305056
52.958603190805206
52.99162931463293
53.02464472660621
53.057651863392735
53.090650718458015
53.12364018886842
53.156618511914274
53.18958852716582
53.22255022806175
53.25550292825918
53.288444025522466
53.32137678229321
53.35430119198307
53.38721700508192
53.42012073940498
53.45301610044616
53.485903081590074
53.51878167621342
53.55164812453613
53.58450595229516
53.617355367249104
53.65019636274744
53.68302565088722
53.71584580750671
53.74865751832153
53.781460776653866
53.814252787423534
53.84703513474024
53.87980900316066
53.91257438597959
53.94532900210095
53.97807340164489
54.01080928910855
54.043536657759255
54.07625376186293
54.1089600748563
54.14165784249276
54.1743470580121
54.20702653263734
54.23969461999359
54.272354128623334
54.30500505173872
54.33764677933311
54.370276501655965
54.402897611789484
54.43551010291807
54.46811396583729
54.50070518341977
54.533287755256495
54.56586167450409
54.59842693431095
54.63098012783516
54.66352402126259
54.696059228422655
54.72858574243584
54.76110079642299
54.79360587101556
54.82610222556833
54.85858985317373
54.89106664967167
54.92353276468987
54.95599012580128
54.988438726070164
55.0208771470339
55.05330416142327
55.085722387943996
55.118131819632126
55.15053174692359
55.18291951931374
55.21529846977823
55.24766859132477
55.280029876952725
55.3123782954162
55.34471782804167
55.37704849756825
55.40937029696692
55.441679945739466
55.47397991842492
55.5062709937347
55.53855316461123
55.57082392524299
55.603084195568215
55.635335534144815
55.66757793388655
55.69980968783359
55.73203011305823
55.76424157206482
55.796444057738384
55.82863668636253
55.860817123425036
55.89298855970325
55.92515098805344
55.957304372622055
55.98944467813871
56.02157594820779
56.053698175656606
56.08581135330398
56.11791222760635
56.15000318766205
56.18208507030779
56.21415786833334
56.2462192211688
56.27826972708243
56.31031112069862
56.342343394778
56.37436510709741
56.40637501441488
56.43837577444933
56.47036737993216
56.502349332591024
56.53431849653177
56.56627847810554
56.59822927001441
56.63017086495182
56.6620996192287
56.69401867713516
56.72592851016462
56.7578291109811
56.78971782722127
56.82159581592508
56.85346454444068
56.885324005402595
56.91717256414191
56.94900933777807
56.9808368158154
57.01265499085877
57.04446327253673
57.07625868490953
57.10804476617318
57.1398215089028
57.17158890566482
57.203343298444366
57.2350878363069
57.26682299999527
57.298548782046005
57.33026261841382
57.36196546591489
57.393658903501176
57.42534292367931
57.45701608375215
57.48867709359742
57.52032865768656
57.55197076849619
57.58360313229359
57.615222156853775
57.64683169971546
57.67843175332514
57.7100223101204
57.74160009207894
57.77316746564662
57.80472531388834
57.83627362921143
57.86781033456048
57.89933539043033
57.93085088479853
57.96235681004207
57.99385231847529
58.02533490790526
58.05680789955584
58.08827128577356
58.11972505889602
58.15116545079528
58.182595790544575
58.2140164884504
58.24542753681975
58.276826450706224
58.308213989030094
58.339591848997046
58.370960022883466
58.40231733812272
58.43366192515546
58.46499679721481
58.496321946546374
58.527637365386695
58.55893902793842
58.59023076177857
58.62151273614022
58.652784943229044
58.68404472526815
58.71529317023369
58.74653181886623
58.77776066334046
58.80897844390204
58.84018344899275
58.871378620791866
58.90256395144301
58.93373943308068
58.9649010233324
58.996052566847666
59.02719423212081
59.058326011255105
59.089445317390144
59.12055308082403
59.15165092881683
59.18273885344049
59.213815754161175
59.24487958536803
59.27593346382971
59.30697738158683
59.33801133067072
59.36903150198026
59.400041258310694
59.43104101649554
59.4620307685347
59.493008251011595
59.52397373226018
59.554929177816426
59.585874579648504
59.616809251660044
59.64773030452485
59.678641284044346
59.70954218215506
59.740432990784186
59.77131039279422
59.80217675251617
59.83303299303817
59.86387910625555
59.89471341359754
59.9255349994075
59.95634642811944
59.9871476915968
60.01793878169359
60.04871543972945
60.079481902054994
60.11023816110874
60.140984208712666
60.1717174873256
60.202438828332404
60.23314992792262
60.263850777886084
60.29454055486863
60.325216619267394
60.3558824039969
60.38653790081475
60.417183101469035
60.4478146860007
60.478435000113976
60.50904498792244
60.53964464114178
60.57023243849492
60.600807125877196
60.63137144845287
60.66192539790517
60.692468965907835
60.722998189707454
60.75351669046636
60.78402477945869
60.81452244832555
60.84500759884014
60.87548012083673
60.90594219231419
60.93639380488098
60.96683475932197
60.99726114524809
61.02767704179293
61.05808244053215
61.08847733303167
61.11885916819161
61.14922873202215
61.17958775904211
61.20993624078453
61.240273592962424
61.27059666593213
61.300909162975955
61.33121107559394
61.36150239527642
61.39178024525284
61.42204605369743
61.452301238457196
61.48254579098929
61.51277887051084
61.54299783136598
61.57320612916618
61.60340375533539
61.6335907012878
61.663763894933325
61.69392514630415
61.72407568652923
61.75421550698941
61.78434364214048
61.81445768724264
61.84456098157254
61.87465351647753
61.90473528329508
61.93480314813818
61.96485903625104
61.99490412516684
62.02493840618947
62.0549609239293
62.08496924513144
62.1149667272519
62.144953361560894
62.174929139318735
62.20489100155809
62.234840715703996
62.26477954200725
62.294707471694366
62.32462369764994
62.354525482267974
62.38441633889899
62.41429625873553
62.444165232960216
62.47402041745907
62.5038631423759
62.53369489020639
62.56351565209911
62.593324910559666
62.623119341344065
62.65290275463629
62.68267514155079
62.71243649319194
62.74218432347257
62.771919239316645
62.80164308822873
62.83135586127895
62.86105747519045
62.89074373029778
62.920418877804224
62.95008290874556
62.97973581414743
63.00937561238575
63.039001894703354
63.06861701963758
63.098220978179576
63.12781376131031
63.15739152210378
63.18695757675135
63.2165124240385
63.24605605491158
63.275587141931595
63.30510396163069
63.334609532885416
63.36410384660741
63.393586893698114
63.4230555545637
63.452511684624824
63.48195651591842
63.511390039311074
63.54081173457958
63.57021825790139
63.59961344110437
63.628997275020176
63.65836975047019
63.687728630096714
63.717073999161
63.746407977435
63.77573055570505
63.805041724747085
63.834337565816874
63.863621521896945
63.8928940363176
63.92215509981963
63.951403515530366
63.98063728247616
64.0098595659895
64.0390703567759
64.06826964553042
64.09745463196832
64.12662651712697
64.15578686763234
64.18493567414411
64.21407292731149
64.24319426085766
64.27230400312588
64.30140215932033
64.33048872005472
64.35956216702755
64.3886211327107
64.41766847012119
64.44670416983713
64.47572822242606
64.50473762455515
64.53373397432202
64.56271864404071
64.591691624243
64.62065284553867
64.64959803840819
64.67853150875646
64.7074532470794
64.73636324386231
64.76526002757201
64.79414212878135
64.8230124553366
64.85187099768706
64.88071774627146
64.9095498676152
64.93836861211773
64.96717552963051
64.99597061055613
65.02475384528645
65.05352107922465
65.0822762010966
65.11101944343962
65.13975079660935
65.16846921715477
65.1971723721838
65.22586360462117
65.2545429047862
65.28321026298748
65.31186340168216
65.34050245249061
65.3691295278063
65.39774461790132
65.42634771303703
65.4549353441251
65.48351002234534
65.51207267196622
65.54062328321254
65.56916163528606
65.59768374376225
65.62619378013831
65.65469173460234
65.68317759733152
65.71165004609621
65.74010729605298
65.76855242043776
65.79698540939094
65.82540625304196
65.85381257202172
65.88220469262525
65.91058463397752
65.93895238617104
65.96730793928744
65.99564790174323
66.0239746212633
66.05228910764477
66.0805913509321
66.10888134115889
66.13715472008839
66.16541576589556
66.19366452446793
66.22190098580188
66.25012427795768
66.27833170801973
66.30652680658231
66.33470956360448
66.3628799690342
66.39103627977437
66.41917754262244
66.44730641950363
66.4754229003286
66.50352697499682
66.53161607659226
66.55969089709217
66.58775327694717
66.61580320601921
66.64384067415915
66.67186233861551
66.69987044072293
66.72786604729596
66.75584914814773
66.78381973308024
66.81177373213751
66.83971483889492
66.8676433950163
66.8955593902659
66.92346249031806
66.95134891952857
66.97922275306233
67.0070839806457
67.0349325919937
67.06276762655094
67.09058655922385
67.11839284074138
67.1461864607806
67.17396740900719
67.2017341490764
67.22948530571126
67.25722375549807
67.2849494880644
67.3126624930265
67.34036070934704
67.36804380951929
67.39571414693606
67.4233717111753
67.45101649180361
67.47864595484705
67.5062607172051
67.53386266068478
67.56145177481429
67.58902804911041
67.61658852907985
67.64413467134219
67.67166793838717
67.69918831969304
67.72669580472656
67.75418707155629
67.78166431050866
67.80912861768778
67.83657998252184
67.8640183944275
67.89144021778256
67.91884826927489
67.94624333222065
67.9736253959977
68.00099444997242
68.02834659924811
68.05568517819182
68.08301071159734
68.11032318879217
68.13762259909217
68.16490484341367
68.19217366377868
68.219429381395
68.24667198553954
68.27390146547746
68.30111357369933
68.32831234851115
68.35549796314423
68.38267040682462
68.40982966876675
68.4369714094725
68.46409985080949
68.4912150743173
68.51831706917108
68.54540582453428
68.57247696603609
68.59953478502638
68.62657932831613
68.65361058502933
68.6806285442783
68.70762885461639
68.73461576143518
68.76158933446034
68.78854956276463
68.81549643540906
68.84242568235136
68.86934138621797
68.89624369797548
68.92313260664525
68.95000810123679
68.97686605227867
69.00371026145366
69.03054101998106
69.05735831683063
69.08416214096015
69.11094856332377
69.13772098510617
69.16447989747873
69.19122528935934
69.21795714965411
69.24467181028822
69.27137215101259
69.29805892334035
69.32473211613758
69.35139171825833
69.37803438383773
69.40466234887127
69.43127668629641
69.45787738492706
69.48446443356512
69.51103487049043
69.53759016423028
69.56413177092405
69.59065967933341
69.61717387820798
69.64367185260505
69.67015417847531
69.69662275763535
69.72307757879437
69.74951863064952
69.77594390836926
69.80235296881824
69.82874822266562
69.85512965856805
69.88149726517001
69.90784961178788
69.9341851082852
69.96050673806171
69.98681448972124
70.01310835185554
70.03938753267123
70.06564916570501
70.09189687167023
70.11813063911774
70.14435045658634
70.17055623662341
70.19674370569754
70.222917187126
70.24907666940669
70.2752221410252
70.30135359045491
70.32746728866184
70.35356624384039
70.37965113901095
70.40572196260584
70.43177870304507
70.45781847076492
70.48384259698969
70.5098526021155
70.5358484745212
70.56183020257336
70.58779580392975
70.61374479750351
70.63967960865588
70.66560022571211
70.69150663698507
70.71739783582409
70.74327139205334
70.76913070430668
70.79497576085552
70.82080654995895
70.84662305986359
70.87242092304092
70.8982044304699
70.92397362035312
70.94972848089563
70.97546900029003
71.0011919285868
71.0268993242637
71.05259234031985
71.07827096490621
71.1039351861612
71.12958294251894
71.15521391851065
71.18083045257242
71.20643253280083
71.23202014727993
71.25759249436115
71.28314674172663
71.30868648461797
71.33421171107723
71.35972240913394
71.38521856680508
71.41069631810922
71.4361589596426
71.46160702190936
71.48704049288436
71.51245936052987
71.53786116752642
71.56324639650009
71.58861698313615
71.61397291535455
71.6393141810627
71.66463980550533
71.68994730970061
71.71524010825004
71.74051818901867
71.76578153985879
71.79103014861002
71.81626020939926
71.84147490638588
71.86667482199049
71.89185994401018
71.91703026022934
71.94218360138518
71.96731988230957
71.99244131801211
72.01754789623455
72.04263960470581
72.06771598706996
72.0927735364069
72.11781617644286
72.142843894864
72.16785667934371
72.19285451754259
72.21783436467241
72.24279789224798
72.26774643383393
72.2926799770479
72.31759850949466
72.34250085869826
72.36738495598775
72.39225400267199
72.41710798631271
72.44194689445877
72.46677071464612
72.49157585380613
72.51636508648684
72.54113919121092
72.56589815547109
72.59064196674713
72.61536906741995
72.64007816595736
72.66477207138269
72.68945077113244
72.71411425263011
72.73876250328621
72.76339171732138
72.78800510202458
72.81260321559742
72.83718604540695
72.8617535788072
72.88630421236502
72.91083675387864
72.93535395856343
72.95985581372977
72.98434230667506
73.00881342468354
73.03326549322153
73.05770146525977
73.08212202177991
73.10652715002252
73.13091683721494
73.15528978185357
73.17964419643683
73.20398312925711
73.228306567498
73.25261449832988
73.27690690891
73.30118060835521
73.32543759136874
73.349679013255
73.37390486112724
73.39811512208551
73.42230915277504
73.44648385881902
73.47064293694123
73.49478637419759
73.51891415763075
73.54302627427013
73.56712037779836
73.59119678368789
73.61525748161229
73.63930245855671
73.66333170149298
73.68734519737963
73.71133899409914
73.73531662291313
73.75927846334207
73.78322450230009
73.80715472668798
73.83106800424137
73.85496223310146
73.87884060592258
73.90270310956095
73.9265497308595
73.95038045664766
73.97419274262785
73.99798731568055
74.02176595158905
74.04552863713812
74.06927535909918
74.09300610423013
74.1167170174344
74.14041145213127
74.16408986819874
74.1877522523499
74.2113985912844
74.2350281314282
74.25863803035774
74.28223184213678
74.30580955341999
74.32937115084857
74.35291662105014
74.37644410085115
74.39995297245778
74.42344567473721
74.44692219427196
74.4703825176311
74.49382663137
74.51725166806719
74.54065902412663
74.56405012829875
74.58742496709377
74.61078352700827
74.63412579452526
74.65744800480039
74.68075335505752
74.70404237048268
74.72731503751345
74.7505713425738
74.77381101534753
74.79703027205134
74.82023312421427
74.84341955821472
74.86658956041751
74.88974311717367
74.9128792721475
74.93599562006668
74.95909547980052
74.98217883765447
75.00524567992022
75.0282959928757
75.05132824516981
75.07434118830854
75.09733755922959
75.1203173441651
75.14328052933347
75.16622710093928
75.18915506511567
75.21206410542445
75.234956489094
75.2578322022831
75.2806912311365
75.30353356178522
75.32635685184752
75.34916148921712
75.37194938513578
75.39472052568841
75.41747489694606
75.44021248496588
75.46293071435915
75.48563044661485
75.50831335221633
75.53097941717456
75.55362862748657
75.57626096913549
75.59887375074601
75.62146807364158
75.64404548428706
75.66660596861917
75.68914951256072
75.71167610202053
75.73418304817575
75.75667145538772
75.77914286435983
75.80159726095442
75.8240346310199
75.84645496039049
75.86885568285892
75.89123766598057
75.91360256447773
75.93595036413808
75.95828105073525
75.98059461002879
76.00288872001985
76.02516376855566
76.04742164568623
76.06966233712433
76.09188582856868
76.1140921057038
76.13627921386782
76.15844681522762
76.18059715800416
76.20273022783513
76.22484601034404
76.24694449114027
76.26902420756836
76.29108384706169
76.31312614039531
76.33515107313164
76.3571586308188
76.37914879899074
76.40112073321497
76.42307189404525
76.44500562073998
76.46692189878593
76.48882071365566
76.51070205080744
76.5325658118006
76.5544079750598
76.57623261580689
76.5980397194529
76.61982927139451
76.64160125701416
76.66335566167996
76.68508909785285
76.70680413122527
76.72850153864233
76.75018130542468
76.7718434168786
76.79348785829609
76.8151122590103
76.83671716145723
76.8583043486914
76.87987380595723
76.90142551848473
76.92295947148948
76.94447444392908
76.96596868977026
76.98744513073721
77.00890375199782
77.03034453870555
77.0517674759994
77.07317254900394
77.09455568821018
77.11592085468972
77.13726811131946
77.15859744317605
77.17990883532173
77.20120227280424
77.22247511757408
77.24372847920478
77.26496384043566
77.28618118626639
77.30738050168218
77.32856177165372
77.34972392738374
77.37086495165761
77.391987884574
77.41309271105541
77.43417941600981
77.45524798433061
77.47629840089658
77.49732720811633
77.5183371776497
77.5393289493043
77.56030250791076
77.58125783828491
77.60219492522802
77.62311217331597
77.64400864223954
77.66488682143071
77.68574669564234
77.7065882496126
77.72741146806507
77.74821633570856
77.76899918955624
77.78976323648283
77.81050888608732
77.83123612303001
77.85194493195644
77.87263529749751
77.89330571942271
77.91395509211411
77.93458597472859
77.95519835184837
77.97579220804079
77.99636752785857
78.01692429583952
78.03745927455802
78.05797484562396
78.07847181794878
78.09895017602153
78.11940990431644
78.13985098729293
78.1602726586031
78.18067237138135
78.20105339175757
78.22141570414223
78.241759292931
78.26208414250462
78.282390237229
78.30267541313427
78.32293993222156
78.34318564916215
78.36341254827285
78.38362061385558
78.40380983019736
78.42398018157024
78.44412828678405
78.46425685633201
78.48436651339924
78.50445724220856
78.52452902696788
78.54458185187019
78.56461529136097
78.58462615937037
78.6046180198303
78.62459085688435
78.64454465466113
78.66447939727425
78.68439506882231
78.70429038043994
78.72416388752569
78.7440182756385
78.76385352882752
78.78366963112686
78.80346656655549
78.82324431911739
78.84300092486127
78.86273630463813
78.88245245342448
78.90214935517467
78.92182699382795
78.94148535330848
78.96112441752535
78.98074173843924
79.00033822079358
79.01991535954399
79.03947313854977
79.05901154165502
79.07853055268885
79.09803015546505
79.11750761163832
79.13696442271842
79.15640177698369
79.17581965819807
79.19521805011036
79.21459693645417
79.2339563009479
79.25329331151694
79.27260967372338
79.29190646530502
79.31118366993019
79.33044127125201
79.34967925290846
79.36889759852215
79.38809358167182
79.40726871364821
79.42642416058912
79.44555990606699
79.46467593363913
79.48377222684745
79.50284876921859
79.52190314218379
79.54093625880739
79.5599495753826
79.57894307538574
79.59791674227789
79.61687055950475
79.63580451049674
79.65471668956403
79.67360700193672
79.69247739864433
79.71132786306676
79.73015837856866
79.74896892849922
79.7677594961923
79.78652889670155
79.80527561214095
79.82400229569322
79.84270893064162
79.86139550025406
79.88006198778304
79.8987083764656
79.9173344128119
79.93593673484243
79.95451890815696
79.97308091594186
79.9916227413681
80.0101443675911
80.0286457777509
80.04712695497199
80.06558499173073
80.08402185392194
80.10243843304919
80.12083471218625
80.13921067439125
80.15756630270695
80.17590158016053
80.19421498071338
80.21250572708402
80.23077607224636
80.24902599917668
80.2672554908357
80.28546453016854
80.3036531001048
80.32182118355847
80.33996509790055
80.35808839996933
80.37619116495263
80.3942733757134
80.41233501509896
80.43037606594112
80.448396511056
80.46639451274346
80.48436995876057
80.50232474822567
80.52025886390373
80.53817228854405
80.55606500488031
80.57393699563056
80.59178824349715
80.60961526722332
80.62742126376033
80.6452064663311
80.66297085758669
80.68071442016247
80.69843713667814
80.71613898973764
80.73381881997716
80.75147520232974
80.7691106699209
80.78672520530321
80.80431879101349
80.82189140957286
80.83944304348664
80.85697367524448
80.87448103067248
80.89196593755645
80.90942979072037
80.92687257260229
80.94429426562448
80.96169485219346
80.97907431469999
80.996432635519
81.01376670803734
81.03107904877388
81.04837019599941
81.0656401320372
81.08288883919468
81.10011629976351
81.11732249601947
81.13450739603867
81.15166739026799
81.168806068137
81.18592341186975
81.20301940367439
81.22009402574326
81.23714726025278
81.2541790893635
81.2711892018365
81.28817457176982
81.30513848399663
81.32208092062565
81.33900186374967
81.35590129544555
81.37277919777422
81.38963555278076
81.40647006543756
81.42327970307072
81.44006774081328
81.45683416065836
81.47357894458298
81.49030207454832
81.50700353249962
81.52368330036607
81.54034136006098
81.55697419073798
81.57358523907442
81.59017452637352
81.60674203449645
81.6232877452884
81.63981164057846
81.65631370217983
81.67279391188966
81.68924939729811
81.70568233521456
81.72209336811207
81.73848247773552
81.75484964581378
81.77119485405974
81.78751808417022
81.80381931782595
81.82009664115978
81.83635034153899
81.85258199207398
81.86879157439314
81.88497907010886
81.90114446081739
81.91728772809897
81.93340885351769
81.94950719654025
81.96558052615029
81.98163166024554
81.99766058033764
82.01366726792217
82.02965170447862
82.04561387147032
82.06155375034447
82.0774713225322
82.09336411287862
82.1092335903299
82.12508070714355
82.14090544469815
82.15670778435603
82.17248770746346
82.18824519535053
82.20398022933111
82.21969228121516
82.23537895568114
82.25104312202629
82.26668476151184
82.2823038553829
82.29790038486837
82.31347433118096
82.32902567551714
82.3445543990572
82.36005888524184
82.37553894778002
82.39099633500766
82.40643102805231
82.42184300802532
82.43723225602179
82.45259875312055
82.46794248038424
82.48326341885922
82.49855926271934
82.51383123734126
82.5290803683596
82.54430663676794
82.55951002354351
82.57469050964737
82.58984807602418
82.60498270360245
82.62009437329434
82.6351804961255
82.65024289774877
82.66528228636997
82.68029864284841
82.69529194802699
82.71026218273235
82.72520932777482
82.74013336394839
82.75503427203078
82.76990959306248
82.78476092749605
82.79958907842163
82.81439402656393
82.82917575263133
82.84393423731579
82.85866946129299
82.8733814052222
82.8880700497464
82.9027334861559
82.91737225008619
82.93198765889335
82.94657969316714
82.96114833348115
82.97569356039244
82.99021535444177
83.00471369615349
83.01918856603552
83.03363903296204
83.04806371394041
83.0624648670693
83.0768424728035
83.09119651158147
83.10552696382516
83.11983380994019
83.1341170303157
83.14837660532442
83.16261251532268
83.17682209231472
83.19100746705692
83.20516912043021
83.21930703273767
83.23342118426595
83.24751155528523
83.2615781260493
83.27562087679544
83.28963978774453
83.30363408322589
83.31760214771383
83.33154631574419
83.3454665674845
83.35936288308585
83.3732352426829
83.38708362639377
83.40090801432015
83.41470838654719
83.42848472314363
83.44223552258342
83.45596066311874
83.46966171102383
83.48333864631405
83.4969914489883
83.51062009902884
83.5242245764016
83.53780486105587
83.55136093292447
83.56489277192367
83.57839869154981
83.59187898317208
83.60533498458618
83.61876667565505
83.63217403622507
83.64555704612604
83.65891568517134
83.6722499331577
83.68555976986534
83.69884517505793
83.71210482831674
83.72533833310209
83.73854734869438
83.75173185480385
83.76489183112417
83.77802725733255
83.79113811308947
83.80422437803904
83.81728603180862
83.83032305400911
83.84333505159348
83.85631981864368
83.86927989610743
83.88221526354216
83.89512590048872
83.90801178647135
83.9208729009977
83.93370922355884
83.94652073362926
83.9593074106668
83.97206923411278
83.98480442597882
83.99751360002286
84.0101978620819
84.02285719154366
84.03549156777942
84.04810097014375
84.06068537797462
84.07324477059339
84.08577912730479
84.09828842739698
84.11077265014146
84.12322931403929
84.13566049102957
84.14806653190266
84.16044741587658
84.1728031221527
84.1851336299158
84.19743891833394
84.2097189665587
84.22197375372487
84.23420325895067
84.24640746133772
84.25858387137183
84.27073462955552
84.2828600257551
84.29496003901868
84.3070346483777
84.3190838328469
84.33110757142447
84.34310584309185
84.35507862681392
84.36702590153881
84.37894764619809
84.39084207287662
84.40270997279055
84.41455228311801
84.42636898273699
84.43816005050888
84.44992546527835
84.46166520587352
84.47337925110571
84.48506757976965
84.49673017064339
84.50836700248833
84.51997771277436
84.531560297244
84.54311706278877
84.55464798811659
84.56615305191869
84.57763223286965
84.58908550962732
84.60051286083296
84.61191426511111
84.62328970106962
84.63463914729968
84.64596258237583
84.65725919880616
84.668527942949
84.67977061563033
84.69098719537124
84.70217766067611
84.7133419900327
84.72448016191203
84.73559215476837
84.74667794703944
84.75773751714624
84.76877084349303
84.77977790446747
84.79075832127187
84.80171024525015
84.81263584313766
84.82353509326862
84.83440797396061
84.84525446351442
84.85607454021425
84.86686818232761
84.87763536810525
84.8883760757813
84.89909028357322
84.90977796968173
84.92043911229085
84.93107217715504
84.94167769489643
84.95225660797334
84.96280889451657
84.97333453264014
84.98383350044143
84.99430577600111
85.0047513373832
85.015170162635
85.02556222978714
85.0359275168536
85.04626600183158
85.05657766270176
85.06686085853633
85.07711640371554
85.0873450631762
85.09754681484566
85.1077216366346
85.11786950643697
85.12799040213015
85.13808430157476
85.14815118261477
85.15819102307748
85.16820380077345
85.17818949349672
85.18814807902446
85.19807888315785
85.2079808592332
85.21785566605803
85.22770328135643
85.23752368283587
85.2473168481872
85.2570827550845
85.26682138118535
85.27653270413052
85.28621670154416
85.29587335103379
85.30550263019023
85.3151045165877
85.32467898778367
85.33422518115825
85.34374250616113
85.35323235342821
85.36269470046398
85.37212952475635
85.38153680377656
85.39091651497915
85.40026863580218
85.40959314366685
85.41889001597792
85.42815923012338
85.43740076347461
85.44661459338643
85.45580069719689
85.46495905222753
85.47408772350826
85.48318835186738
85.49226116839876
85.501306150371
85.51032327503619
85.51931251962976
85.52827386137055
85.53720727746077
85.546112745086
85.55499024141525
85.56383974360091
85.57266122877871
85.58145467406781
85.59022005657084
85.5989573533737
85.60766504551455
85.61634403125281
85.6249948677318
85.63361753198495
85.642212001029
85.65077825186415
85.659316261474
85.66782600682562
85.67630746486947
85.68476061253942
85.6931854267528
85.70158188441037
85.70994996239637
85.71828963757834
85.7266008868074
85.7348836869181
85.74313648475237
85.75136034461832
85.75955569126262
85.7677225014674
85.77586075199834
85.78397041960451
85.79205148101849
85.80010391295629
85.80812769211747
85.81612279518498
85.82408919882533
85.83202687968853
85.83993581440791
85.84781597960054
85.85566735186677
85.86348990779062
85.87128362393949
85.87904680644934
85.88678090754794
85.89448610419207
85.90216237289715
85.90980969016209
85.91742803246937
85.92501737628497
85.93257769805845
85.94010897422285
85.94761118119477
85.95508429537439
85.96252829314547
85.9699431508752
85.97732884491447
85.9846853515977
85.9920126472428
85.99931070815134
86.00657951060849
86.01381749431765
86.02102596041851
86.02820510278147
86.03535489763995
86.04247532121107
86.04956634969545
86.05662795927742
86.06366012612486
86.07066282638925
86.0776360362058
86.08457973169325
86.0914938889541
86.09837848407436
86.10523349312375
86.11205889215566
86.11885465720712
86.1256207642988
86.13235718943506
86.13906390860394
86.14574019069015
86.15238580479074
86.15900164700119
86.16558769325829
86.1721439194826
86.17867030157832
86.18516681543343
86.19163343691956
86.19807014189212
86.20447690619017
86.21085370563664
86.2172005160381
86.22351731318493
86.2298040728512
86.23606077079481
86.24228738275735
86.24848388446429
86.25465025162478
86.26078645993178
86.2668924850621
86.27296830267625
86.27901368929331
86.28502754254504
86.29101112165966
86.29696440224711
86.30288735990109
86.3087799701992
86.31464220870288
86.3204740509574
86.32627547249193
86.33204644881945
86.33778695543685
86.3434969678249
86.34917646144828
86.35482541175548
86.36044379417898
86.36603158413516
86.37158875702418
86.37711528823039
86.3826111531218
86.38807632705053
86.39351078535253
86.39891450334778
86.40428745634023
86.40962961961772
86.4149406282845
86.42021983256718
86.42546817972367
86.43068564499184
86.4358722035937
86.4410278307353
86.4461525016066
86.4512461913817
86.45630887521864
86.46134052825956
86.46634112563069
86.47131064244225
86.47624905378864
86.48115633474816
86.48603246038337
86.4908774057409
86.49569114585138
86.50047365572965
86.50522491037466
86.50994488476947
86.51463355388128
86.5192908926615
86.52391687604558
86.52851147895322
86.53307467628831
86.53760644293882
86.54210675377706
86.54657558365945
86.55101238758434
86.55541708182449
86.55979022678872
86.56413179728459
86.56844176810387
86.57272011402259
86.57696680980105
86.58118183018381
86.58536514989979
86.58951674366213
86.59363658616833
86.59772465210013
86.60178091612369
86.60580535288948
86.60979793703227
86.61375864317127
86.61768744590997
86.6215843198363
86.62544923952257
86.62928217952543
86.63308311438603
86.63685201862987
86.64058886676688
86.64429363329148
86.6479662926825
86.65160681940328
86.65521518790155
86.65879137260956
86.66233534794407
86.66584708830638
86.66932656808223
86.67277376164185
86.67618864334018
86.6795711875165
86.68292136849483
86.68623866968281
86.68952321991762
86.69277533752312
86.69599499677577
86.69918217193676
86.70233683725174
86.70545896695116
86.70854853525
86.71160551634802
86.71462988442956
86.71762161366367
86.72058067820412
86.72350705218936
86.72640070974262
86.72926162497183
86.73208977196961
86.73488512481346
86.73764765756555
86.7403773442729
86.74307415896729
86.74573807566534
86.74836906836845
86.75096711106289
86.75353217771978
86.75606424229504
86.75856327872955
86.76102926094907
86.76346216286416
86.76586195837041
86.76822862134824
86.77056212566313
86.77286244516534
86.7751295536903
86.77736342505825
86.77956403307448
86.78173135152932
86.78386535419808
86.78596601484112
86.78803330720386
86.79006720501671
86.79206768199528
86.79403471184014
86.79596826823705
86.79786832485689
86.79973485535558
86.80156783337429
86.80336723253926
86.80513302646202
86.80686518873917
86.80856369295259
86.81022851266934
86.81185962144171
86.81345699280732
86.81502060028889
86.81655041739455
86.81804641761775
86.81950857443712
86.820936532508
86.82233056619154
86.82369068530386
86.82501686327917
86.82630907353715
86.82756728948276
86.82879148450637
86.8299816319839
86.83113770527655
86.83225967773112
86.83334752267977
86.83440121344027
86.83542072331586
86.8364060255952
86.83735709355264
86.83827390044796
86.83915641952662
86.8400046240196
86.84081848714352
86.84159798210055
86.84234308207863
86.84305376025122
86.84372998977756
86.84437174380247
86.84497899545653
86.8455517178561
86.84608988410321
86.84659346728563
86.84706244047696
86.84749677673655
86.84789644910956
86.84826143062699
86.84859169430572
86.8488872131484
86.84914796014365
86.84937390826592
86.84956503047555
86.84972129971894
86.8498426889283
86.8499291710219
86.84998071890395
86.84999730546464
86.8499789035803
86.84992548611312
86.84983702591148
86.84971349580985
86.84955486862869
86.84936111717462
86.84913221424046
86.84886813260509
86.84856884503363
86.8482343242773
86.84786454307365
86.84745947414635
86.84701909020541
86.846543363947
86.84603226805369
86.84548577519426
86.8449038580239
86.84428648918406
86.84363364130259
86.84294528699377
86.8422213988582
86.84146194948298
86.84066691144163
86.83983625729408
86.83896995958683
86.8380679908528
86.83713032361155
86.83615693036907
86.83514778361797
86.83410285583741
86.83302211949326
86.8319055470379
86.83075311091038
86.82956478353647
86.8283405373286
86.82708034468594
86.82578417799432
86.82445200962644
86.82308381194166
86.82167955728623
86.82023921799312
86.818762534337
86.81724954734057
86.81570038297929
86.81411501351978
86.81249341121577
86.8108355483078
86.80914139702344
86.80741092957732
86.80564411817095
86.80384093499305
86.80200135221929
86.80012534201249
86.79821287652258
86.7962639278866
86.79427846822874
86.79225646966043
86.79019790428026
86.7881027441741
86.78597096141493
86.78380252806319
86.78159741616653
86.77935559775995
86.7770770448657
86.77476172949356
86.77240962364058
86.77002069929127
86.76759492841762
86.76513228297898
86.76263273492229
86.76009625618198
86.75752281867997
86.75491239432581
86.75226495501661
86.74958047263712
86.74685891905968
86.74410026614424
86.74130448573861
86.73847154967817
86.73560142978604
86.73269409787318
86.7297495257383
86.7267676851679
86.72374854793631
86.72069208580581
86.71759827052645
86.7144670738363
86.71129846746132
86.7080924231154
86.70484891250052
86.70156790730658
86.69824937921157
86.6948932998816
86.69149964097078
86.68806837412139
86.6845994709639
86.68109205704978
86.67754685739501
86.67396392584018
86.67034323395524
86.6666847532983
86.66298845541584
86.65925431184276
86.6554822941023
86.65167237370608
86.64782452215414
86.64393871093505
86.64001491152575
86.63605309539184
86.63205323398738
86.62801529875497
86.62393926112591
86.61982509252002
86.61567276434585
86.61148224800058
86.60725351487017
86.60298653632927
86.59868128374133
86.59433772845857
86.58995584182207
86.58553559516176
86.58107695979643
86.57657990703382
86.5720444081706
86.5674704344924
86.56285795727392
86.5582069477788
86.55351737725981
86.54878918034171
86.54402113006205
86.53921442159901
86.53436902614882
86.52948491489693
86.524562059018
86.51960042967602
86.5145999980243
86.50956073520547
86.50448261235152
86.49936560058393
86.49420967101356
86.48901479474074
86.48378094285535
86.47850808643675
86.47319619655391
86.46784524426542
86.4624552006194
86.45702603665373
86.45155772339592
86.4460502318633
86.44050353306284
86.43491759799137
86.42929239763558
86.42362790297193
86.41792408496677
86.41218054356568
86.40639644059796
86.40057291592252
86.39470994045286
86.38880748509246
86.38286552073498
86.37688401826415
86.37086294855395
86.36480228246845
86.35870199086204
86.35256204457932
86.34638241445523
86.34016307131503
86.33390398597442
86.3276051292393
86.32126647190626
86.31488798476218
86.30846963858451
86.30201140414128
86.29551325219103
86.28897515348295
86.28239707875687
86.27577834589589
86.26911843704677
86.26241845284389
86.25567836397752
86.24889814112876
86.24207775496959
86.23521717616283
86.22831637536233
86.22137532321291
86.21439399035036
86.20737234740156
86.20031036498447
86.19320801370819
86.18606526417298
86.17888208697028
86.17165845268276
86.16439433188444
86.15708969514054
86.1497445130077
86.14235862586628
86.13493025570335
86.12746124001924
86.11995154932416
86.11240115411977
86.10481002489941
86.09717813214802
86.08950544634214
86.0817919379502
86.07403757743216
86.06624233523985
86.05840618181698
86.05052908759903
86.04261102301338
86.03465195847947
86.02665186440855
86.01861071120398
86.01052846926116
86.00240373217295
85.99423700733998
85.98602909292336
85.97777995927522
85.96948957673986
85.96115791565398
85.95278494634658
85.94437063913907
85.93591496434526
85.92741789227149
85.9188793932166
85.91029943747193
85.90167799532153
85.89301503704195
85.8843105329025
85.87556445316523
85.86677531463044
85.85794359012351
85.84907018857211
85.84015508019795
85.83119823521557
85.8221996238326
85.81315921624967
85.80407698266046
85.79495289325183
85.78578691820371
85.7765790276893
85.767329191875
85.75803738092058
85.74870356497902
85.73932771419679
85.72990793043303
85.72044533713898
85.71094060702563
85.701393710202
85.69180461677063
85.68217329682781
85.67249972046352
85.6627838577614
85.65302567879897
85.64322515364755
85.63338225237236
85.6234969450325
85.61356920168112
85.60359899236528
85.59358415105253
85.58352616724835
85.57342561503333
85.56328246441996
85.5530966854151
85.5428682480198
85.53259712222957
85.52228327803428
85.5119266854182
85.50152731436017
85.49108513483357
85.4806001168063
85.47007223024093
85.4594996545373
85.4488830287042
85.43822343147774
85.42752083278867
85.41677520256269
85.4059865107204
85.3951547271774
85.38427982184429
85.37336176462681
85.3624005254258
85.35139607413734
85.34034838065266
85.32925702739888
85.31811969831232
85.30693902381914
85.29571497378146
85.28444751805691
85.27313662649867
85.26178226895553
85.25038441527187
85.23894303528786
85.22745809883935
85.215929575758
85.2043574358713
85.19274094307265
85.18107826742988
85.16937187144228
85.15762172491101
85.1458277976333
85.13399005940263
85.12210848000868
85.11018302923736
85.09821367687096
85.08620039268817
85.07414314646405
85.06204190797017
85.04989387496681
85.03770119697381
85.02546442286955
85.01318352240206
85.00085846531624
84.98848922135377
84.97607576025317
84.96361805174996
84.95111606557664
84.93856977146268
84.92597913913468
84.91334103255626
84.90065812745881
84.88793078004974
84.87515896003482
84.86234263711731
84.84948178099788
84.83657636137467
84.82362634794337
84.81063171039736
84.79759241842756
84.7845071378992
84.77137481119487
84.75819772575349
84.7449758512478
84.73170915734855
84.71839761372453
84.70504119004259
84.69163985596768
84.67819358116297
84.6647023352899
84.65116534221059
84.63758029748477
84.62395017718262
84.61027495094996
84.59655458843122
84.58278905926943
84.56897833310634
84.55512237958234
84.5412211683367
84.52727466900748
84.51328140446391
84.49924034016684
84.48515388310517
84.47102200290416
84.45684466918821
84.44262185158098
84.4283535197054
84.41403964318374
84.39968019163771
84.38527513468847
84.3708210204033
84.35632063053521
84.3417745304321
84.32718268970508
84.31254507796507
84.29786166482285
84.28313241988907
84.26835731277444
84.25353631308965
84.2386668574195
84.223749829758
84.20878680457425
84.19377775147153
84.17872264005344
84.1636214399241
84.14847412068809
84.13328065195057
84.1180410033173
84.10275245455213
84.08741608158527
84.07203342366951
84.05660445040584
84.04112913139623
84.02560743624367
84.01003933455232
83.9944247959274
83.97876378997549
83.96305238355102
83.94729395573899
83.93148895546535
83.9156373523346
83.89973911595277
83.88379421592751
83.8678026218683
83.85176430338622
83.83567755340198
83.81954118930378
83.80335799558846
83.78712794186765
83.7708509977551
83.7545271328668
83.73815631682098
83.72173851923826
83.7052734169513
83.68875694920419
83.67219339468271
83.6555827230103
83.63892490381332
83.62221990672082
83.60546770136474
83.58866825737988
83.5718215444041
83.55492304633373
83.53797696305084
83.52098350551574
83.50394264337213
83.4868543462671
83.46971858385115
83.45253532577829
83.4353044598511
83.41802128054053
83.4006905003001
83.38331208879211
83.36588601568266
83.34841225064184
83.33089076334379
83.31332152346675
83.29570323102914
83.27803344359484
83.26031579831714
83.2425502648852
83.22473681299275
83.20687541233801
83.18896603262384
83.17100864355784
83.15299988554635
83.13494132222262
83.11683464430922
83.09867982152747
83.08047682360379
83.06222562026979
83.04392618126234
83.02557737266723
83.00717620737532
82.98872670120618
82.97022882391292
82.95168254525429
82.93308783499475
82.9144446629046
82.89575299876006
82.87700799891772
82.85821398133345
82.83937136655254
82.82048012437025
82.80154022458814
82.78255163701422
82.7635143314629
82.74442424198529
82.7252840306757
82.70609499631193
82.68685710873011
82.66757033777321
82.64823465329113
82.62885002514096
82.60941248345668
82.58992439719938
82.5703872622778
82.5508010485732
82.53116572597438
82.51148126437757
82.49174763368677
82.47196027373704
82.45212263264057
82.43223571755
82.41229949839622
82.39231394511825
82.37227902766314
82.35219457383718
82.33205516857493
82.31186629432614
82.29162792106729
82.27134001878335
82.25100255746807
82.23061550712389
82.21017682108413
82.18968473091292
82.16914294702894
82.1485514394668
82.12791017827021
82.1072191334922
82.08647827519522
82.06568298262678
82.0448365327724
82.02394016485695
82.00299384897775
81.98199755524197
81.96095125376661
81.9398530090208
81.91870063917196
81.89749815717241
81.87624553317659
81.8549427373493
81.83358973986581
81.81218651091197
81.79072723243371
81.76921738411282
81.7476572000832
81.72604665057094
81.70438570581314
81.68267433605803
81.66090828505901
81.63908981982456
81.6172208255127
81.59530127241445
81.5733311308324
81.55131037108089
81.52923577682284
81.50710744588163
81.484928392862
81.46269858812367
81.4404180020385
81.41808660499059
81.39570169576785
81.37326225228168
81.35077189410814
81.32823059167941
81.30563831544046
81.28299503584896
81.26029803921327
81.2375462384573
81.21474333082186
81.19188928681538
81.16898407695962
81.14602767178974
81.12301681477922
81.09995141430286
81.07683471519675
81.05366668804939
81.03044730346329
81.00717653205498
80.98385004142656
80.96046980121655
80.93703807109357
80.91355482173032
80.89002002381395
80.86643364804621
80.84278975051237
80.81909343315797
80.79534543510043
80.77154572710043
80.7476942799338
80.72378977418845
80.69982798686078
80.67581435772169
80.65174885760828
80.6276314573733
80.60346212788532
80.57923695084038
80.55495680984953
80.53062463722597
80.50624040390235
80.48180408082766
80.45731555022914
80.43276801832144
80.40816829451244
80.38351634981757
80.35881215526922
80.33405568191662
80.30924321703782
80.28437506517886
80.25945453265746
80.23448159059234
80.2094562101197
80.18437764744868
80.15924019257658
80.13405019769127
80.1088076340009
80.08351247273157
80.05816468512766
80.03275892819079
80.00729859841387
79.98178554101622
79.95621972731713
79.93060112865444
79.90492653214044
79.87919499704668
79.85341057597934
79.82757324035387
79.80168296160488
79.77573827368414
79.74973466504458
79.72367801255871
79.69756828774116
79.67140546212647
79.64518943173198
79.61891288360898
79.59258313426434
79.56620015531519
79.5397639183991
79.51327439517416
79.48672494420688
79.4601212349682
79.43346413937047
79.4067536291575
79.37998967609428
79.35316614909625
79.32628761943036
79.29935554718702
79.27236990421964
79.24533066240325
79.2182318118571
79.19107760383142
79.16386969756408
79.13660806502136
79.1092926781916
79.08191725792916
79.0544865163111
79.02700192135963
78.99946344515708
78.97187105980862
78.94421782515563
78.91650969751302
78.88874756203616
78.86093139092675
78.83306109350335
78.80512886433267
78.77714250113556
78.74910197621273
78.72100726188876
78.69285689762704
78.66464573976558
78.63638029448882
78.60806053422317
78.57968643141945
78.55125476044348
78.52276382983091
78.49421845905803
78.46561862068032
78.4369642872783
78.40825007177452
78.37947852754489
78.35065239107291
78.32177163504656
78.2928362321797
78.26383823655038
78.23478524113793
78.20567750208338
78.1765149922108
78.14729508886661
78.11801467538935
78.08867939463536
78.05928921954137
78.02984412307106
78.00033820452738
77.97077482518378
77.94115642844456
77.91148298738898
77.88175334565301
77.85196131265954
77.82211413969209
77.79221179994803
77.7622542666528
77.73223638266013
77.70215988077172
77.67202809013719
77.641840984103
77.6115975676689
77.58129118610665
77.55092939433071
77.52051216581104
77.4900394740469
77.45950559727684
77.42891325610994
77.39826535737089
77.36756187468548
77.33680066324239
77.30597722648696
77.275098111858
77.24416329311029
77.21317274402928
77.18211886413046
77.15100799005555
77.1198412922305
77.08861874457287
77.05733573559303
77.02599256068238
76.99459344294267
76.96313835642613
76.93162541554126
76.90004940062303
76.86841732436113
76.83672916094486
76.80498488459598
76.7731760951599
76.74131052405045
76.70938874798766
76.6774107413336
76.64537023820674
76.61327063825978
76.58111471615072
76.54890244638463
76.51662943254499
76.48429527215907
76.45190467300444
76.4194576097319
76.38695129006125
76.35438204007725
76.32175623533223
76.28907385062516
76.2563334319872
76.22352856574255
76.19066702937083
76.15774879782194
76.12477348914118
76.09173248252452
76.05863469105311
76.0254800898306
75.99226865399652
75.95899143367805
75.92565686625241
75.89226537515509
75.85881693568263
75.82530307258946
75.79173121102892
75.75810231254192
75.72441635258467
75.69066506302437
75.65685539187805
75.6229885712288
75.5890645766952
75.55507507937764
75.52102708598085
75.48692183119543
75.45275929080502
75.41853080692506
75.384243981456
75.3498997834159
75.31549818875659
75.28102994207713
75.24650377761394
75.21192013011361
75.17727863102604
75.14257019263474
75.10780418521318
75.07298058501725
75.03809795117373
75.00314927804656
74.96814292671793
74.93307887361951
74.89795433615856
74.86276492966874
74.8275177365582
74.7922127334372
74.75684552638569
74.72141489102604
74.68592636139138
74.65037991427343
74.6147692746332
74.57909691807525
74.543366560366
74.50757817848168
74.47172334631688
74.43580877947024
74.39983610538737
74.36380459285802
74.32770551975675
74.29154825682899
74.25533278138471
74.21905573340699
74.18271358644547
74.14631314500264
74.10985438658084
74.0733310519844
74.0367453513191
74.000101252346
73.96339873276297
73.92662836377514
73.88979863302896
73.85291040099045
73.815961150096
73.77894549789228
73.74187126421589
73.70473842711831
73.66754082058263
73.63028029765248
73.59296109178617
73.55558318123902
73.51813648099807
73.48063062085345
73.44306597718928
73.40543879851366
73.36774600019997
73.32999434005328
73.2921837966974
73.25430622037044
73.2163672620244
73.17836934285125
73.14031027665393
73.10218374006348
73.0639981655684
73.02575353217082
72.98744277597869
72.949069268359
72.91063662547425
72.87214337650613
72.83358165968427
72.79496073179061
72.75628057221519
72.71753435303766
72.67872486636911
72.63985607294676
72.60092636702605
72.561928049596
72.52287035091122
72.48375325075966
72.44456930707653
72.40532243352412
72.3660160847586
72.32664766971742
72.28721135352612
72.24771548896223
72.20816005622143
72.168536149066
72.12885050338453
72.08910521714132
72.04929586378398
72.009420173555
71.96948477098198
71.9294895468951
71.88942355060246
71.84929777079307
71.80911218826583
71.76885969133924
71.72854327533203
71.68816698623803
71.64772765834581
71.60722034914903
71.56665309712216
71.52602588349652
71.4853280626721
71.44456959334772
71.40375109350558
71.36286549229243
71.32191555333236
71.28090551557712
71.2398317204503
71.19869006156779
71.15748823626139
71.11622583572147
71.07489220870623
71.03349834829416
70.99204423655428
70.95052109164723
70.90893495068373
70.86728849228298
70.82557581362468
70.78379714879813
70.74195810109705
70.70005548429475
70.65808405445293
70.61605217697874
70.57395921982335
70.53179478599904
70.4895698404712
70.44728436618321
70.40492846841144
70.36251021876727
70.32003137719484
70.27748423337789
70.23487244579813
70.19220000382545
70.14946121938797
70.10665566232292
70.06378938911075
70.02085857182308
69.97785901601813
69.93479868302992
69.89167544304583
69.84848166156769
69.8052270425957
69.76191099249067
69.71852276075353
69.67507363194467
69.63156359035688
69.5879814825461
69.5443376224283
69.50063279091596
69.45685700319564
69.41301819270414
69.36911835295238
69.32514850632349
69.28111452882744
69.2370194649624
69.19285518301419
69.14862582434274
69.10433532295848
69.05997623190727
69.01555128037646
68.97106513056131
68.92651085928998
68.88189010572927
68.83720809909255
68.79245827919011
68.74764151696917
68.7027634476679
68.65781771346899
68.61280473852449
68.56773040329054
68.5225883919151
68.47737900277774
68.43210820094436
68.38676955233787
68.34136355015933
68.29589608368826
68.25036044066184
68.20475762924167
68.15909330275065
68.11336031102097
68.067560496834
68.02169911762341
67.97576842585346
67.929771418077
67.88371279615731
67.83758405599693
67.79138966653787
67.74513361465705
67.69880648078346
67.65241452430584
67.60596085797674
67.5594349881355
67.51284528208797
67.46619381961567
67.41946887466162
67.37268123930492
67.32583135173451
67.27890744575298
67.23192170418743
67.18487215768451
67.1377500156794
67.09056599387276
67.04331645773792
66.99599590768656
66.94861343450161
66.90116358129791
66.85364445409265
66.80606336131511
66.7584128669098
66.71069499638598
66.66291511875222
66.61506366235866
66.56714688532224
66.51916806054732
66.47111532476671
66.42299948102246
66.37482017167203
66.32656722069143
66.27825215307098
66.22987101706508
66.18141872622397
66.13290428061374
66.08432100975789
66.03566922708737
65.9869552524568
65.93816954210095
65.88931811873526
65.84040446716494
65.79141601624582
65.74236480645077
65.69324869350191
65.64405984424464
65.59480870544576
65.54548933215288
65.49610044814887
65.44664924095996
65.39712631600582
65.34753726010936
65.29788584836047
65.24815908417325
65.19836972247549
65.1485144731629
65.09858708603787
65.04859728789526
64.99853770228633
64.94840978135242
64.89821941941538
64.84795522011565
64.79762664033996
64.74723337286787
64.69676650410167
64.64623714379434
64.59563878270978
64.5449710423378
64.49424078318042
64.44343706158396
64.39256833366056
64.34163497915566
64.29062771575015
64.23955788775045
64.18841871049791
64.13721026238426
64.0859392252328
64.0345939691477
63.98318422967938
63.93170879487364
63.8801602909177
63.82854915694709
63.77686719930642
63.72511722281145
63.67330459471867
63.62141586929364
63.56946432312487
63.51744489270798
63.46535437094779
63.413201161547704
63.36097453812795
63.30868228184799
63.256324627043746
63.20389326935124
63.151399191141564
63.098833930125735
63.04620068353958
62.99350407272294
62.940731606254445
62.88789638959767
62.83499177159124
62.78201727247422
62.728980008275286
62.675867164371496
62.62269055774748
62.56944588394071
62.51612988829109
62.462751103056675
62.40929782241233
62.355779592670814
62.30219418521801
62.24853646750982
62.1948159390266
62.141021556599604
62.087161489213145
62.03323469161243
61.97923504504844
61.92517256987303
61.87103644218778
61.816834341504794
61.76256551897876
61.70822375574342
61.65381914945558
61.59934065498384
61.54479634448168
61.49018488435891
61.43550083587154
61.380753933326886
61.32593247286971
61.271045795407616
61.216091107504575
61.161064624672235
61.10597528025557
61.050810277325255
60.99558109539734
60.94028261240078
60.88491356587131
60.829481491781564
60.77397255495214
60.718400750940255
60.662757928789986
60.607046209204704
60.5512695564297
60.49541789899783
60.43950337542395
60.38351569369618
60.32746121194222
60.27133946961699
60.21514501087913
60.158887690657814
60.10255465294816
60.04615734041077
59.98969002184916
59.93315270170544
59.87655100428775
59.819873662702435
59.76313347151667
59.70632011459483
59.64943989380041
59.59249195162712
59.53547169096483
59.47838859426665
59.421228761806276
59.364005622222486
59.306711008218535
59.24934781910977
59.19191833521177
59.13441509143837
59.07684903628316
59.019207348861286
58.96150124339806
58.90372450419396
58.84587834696508
58.787966473433045
58.72998026450645
58.67193127649165
58.613806916752495
58.555617888893295
58.4973582276608
58.439029163769035
58.38063412443476
58.322165029873815
58.26363319627306
58.20502541923547
58.14635357443706
58.087610267173375
58.02879842034633
57.96991951231777
57.91096767420824
57.85195309662849
57.79286127956733
57.733706786264136
57.67447918332433
57.615184740562626
57.55582133575501
57.49638695975072
57.43688769052915
57.37731339910849
57.31767648971094
57.257964017336214
57.19818722991041
57.138338776573505
57.07842213289151
57.01843764241778
56.95838116588745
56.898260583943376
56.838064299615624
56.77780548405711
56.717471508296434
56.65707293270606
56.59660276967179
56.53606446312476
56.47545806502432
56.41478005826388
56.35403737919527
56.29321970464059
56.23233959944528
56.17138339235705
56.11036367770889
56.04927111511892
55.98811182753852
55.92688287025413
55.8655840479628
55.80421865873107
55.74278034165803
55.68127848517722
55.61970071496708
55.55806065625933
55.49634517791743
55.43456573764847
55.37271374423986
55.31079496824967
55.24880643138668
55.18674836725488
55.124623260549626
55.062425957603054
55.000164256678744
54.93782776599841
54.87542915060351
54.81295382292845
54.75041610490138
54.68780416268211
54.62512739739172
54.56237882336812
54.49956306796136
54.436677846932554
54.37372316034204
54.31070127917721
54.24760772212788
54.18444916977733
54.12121680479367
54.05792157229969
53.99455046371275
53.93111748981522
53.867608758174356
53.804037144754474
53.74039175140197
53.67668156720239
53.61289951057043
53.549050826163864
53.48513210682418
53.42114499462009
53.357089615294015
53.29296414954578
53.2287721151155
53.16450837192701
53.10017968944577
53.03577774677834
52.97131242548116
52.90677236316012
52.84217041447462
52.77749231419614
52.71275273883025
52.647937697090484
52.58306021269559
52.51810861314499
52.45309330598106
52.38800516777594
52.32285212599649
52.257627470531546
52.19233678419003
52.12697563510855
52.06154739616497
51.996049779369066
51.930484081696655
51.864850025357754
51.79914696474913
51.73337649931803
51.66753617349201
51.60162933170922
51.535651840316895
51.46960865722258
51.40349410185402
51.337314614798345
51.271063098988705
51.204747347641714
51.13835897687753
51.07190700323912
51.005381884964976
50.938793733374894
50.87213197699917
50.80540769414695
50.73860941104841
50.67174904598332
50.6048143495168
50.53781795365748
50.47074695916045
50.4036145863049
50.336407411103366
50.269139117438485
50.20179588085287
50.134391724964075
50.06691254831567
49.99937259119665
49.93175759781292
49.864081902875135
49.79633121809627
49.72851985117845
49.66063360236273
49.59268663174038
49.524664948270114
49.45658244466482
49.38842545795251
49.32020749454131
49.25191533803468
49.18356199045934
49.115134799647706
49.046646146023946
48.978084058443415
48.90946017937
48.84076333460937
48.77200431317736
48.70317285288323
48.63427877468486
48.56531284256753
48.49628379570542
48.42718353754416
48.35801961263989
48.28878517628836
48.219486466491546
48.150118001883435
48.080684602880396
48.01118226203404
47.941614272056725
47.87197820908112
47.802275728915475
47.732506100014874
47.662669233009645
47.59276619648911
47.522795048564326
47.452758764834535
47.38265344448989
47.312484076072366
47.242244694395644
47.17194240592772
47.10156907660301
47.031134034842694
46.96062687415877
46.89005924798972
46.81941837484809
46.748717544310075
46.67794387120733
46.60710948230678
46.536203660537126
46.46523583881607
46.39419804491452
46.323096918556836
46.25192733120599
46.18069303104531
46.10939183107966
46.038024490606844
45.966591861017434
45.89509161638834
45.82352774232728
45.751894732370346
45.68019980115506
45.6084341673789
45.53660836849658
45.46471025509719
45.39275252252094
45.32072333407727
45.24863331474296
45.17647374775157
45.10425159268892
45.03196184444403
44.95960770739667
44.88718797738146
44.814702014813804
44.74215250470428
44.66953487580879
44.596855789478056
44.5241066561818
44.45129819970334
44.378417726674805
44.30547798654755
44.23246846298295
44.15939760739475
44.086259245764126
44.01305744635655
43.939790460649554
43.86645789182957
43.79306249825355
43.71959933719996
43.6460757541837
43.57248218085348
43.49882964338416
43.425106826184624
43.35132412417066
43.277473681606494
43.203561002072306
43.129583160559704
43.055540693329775
42.9814356815219
42.907263619226974
42.833031668016254
42.758730206098875
42.68437012800084
42.60994088534088
42.53545167913211
42.46089609341712
42.38627796169431
42.31159627186851
42.23684942006078
42.16204186732142
42.08716650369503
42.01223283742941
41.9372296671593
41.862167780281496
41.78703937012152
41.71184947811777
41.63659607736368
41.561278398576285
41.48590025878856
41.410455014420485
41.334951811882036
41.25937980354683
41.18374934651223
41.1080532489916
41.03229576594384
40.95647583893752
40.880591561237345
40.804648066720404
40.72863722861026
40.65256880805451
40.57643326944395
40.50023861960848
40.423980190289235
40.34765955275108
40.27127850287248
40.19483212210556
40.118328466695566
40.04175684748012
39.96512779569637
39.888434253873335
39.81168005756285
39.73486487147905
39.65798578539941
39.5810492356916
39.50404551751454
39.426984956719885
39.349859797424955
39.27267497169211
39.19542917386035
39.11812034827767
39.04075420076764
38.96332164334915
38.88583259524481
38.808279419003355
38.73066702212958
38.652994242564574
38.57525877238224
38.497466686588766
38.419608421494644
38.341694037143675
38.26371655019557
38.18567976997291
38.107583744454004
38.02942485422914
37.951210114061695
37.87292988406883
37.79459344442612
37.716195458895804
37.637737613136814
37.55922218336354
37.48064322779728
37.40200882737997
37.32331090126437
37.24455581763539
37.16574125165011
37.08686578862704
37.007934902322866
36.928939366679046
36.84988881102072
36.770777183375046
36.691606997802936
36.612379875558176
36.533090374369095
36.45374616079331
36.374339585783474
36.29487651087058
36.2153552823718
36.13577366795056
36.05613765892029
35.97643829058363
35.896684207913
35.816871042582086
35.73699921563788
35.65707259302039
35.577083354132995
35.49704019372232
35.41693730069754
35.336777210389634
35.25656173789062
35.17628505755841
35.09595479790464
35.01556442601065
34.93511806998738
34.85461601178534
34.774053906808476
34.69343857491783
34.612763012624974
34.53203243704726
34.45124609694591
34.3704006326388
34.289502304040845
34.20854387941268
34.12753117896258
34.046462900334845
33.965336190527985
33.88415698927456
33.80291806990447
33.721625387777834
33.64027755349752
33.55887176052449
33.47741385917273
33.39589685210909
33.314326379992586
33.23270141235506
33.15101874702312
33.06928436660312
32.987491718262355
32.90564569629448
32.82374605692584
32.74178877847097
32.659780188436656
32.57771438450546
32.49559510122165
32.413423290975814
32.331193707001276
32.248913225165815
32.166576790491185
32.08418658275258
32.00174514159718
31.919245607996018
31.836695600450298
31.754091098917826
31.671432351823565
31.58872337909891
31.50595677957476
31.42313966058984
31.340269694990354
31.25734484177358
31.174370203149515
31.091339742010916
31.008257973923936
30.925125185807858
30.841936707714876
30.758698894588367
30.67540723707377
30.592063330156734
30.50867035242785
30.42522082582979
30.341722377448257
30.25817222729677
30.174568739609136
30.090916647696446
30.007210292592735
29.923453795896066
29.83964789517023
29.755787432393866
29.671878842057055
29.58791842391775
29.503906513362857
29.41984675526948
29.33573285751711
29.251570431921387
29.16735875422951
29.083094111598527
28.998782114171625
28.9144186819035
28.83000513141699
28.745544515813965
28.661030389650577
28.576468891766993
28.49185878934567
28.407196871319435
28.32248839689362
28.237729362766533
28.152921150146977
28.068066680399262
27.983159797908115
27.898206278661938
27.813205261220283
27.728153166181535
27.643055338585746
27.557908271745127
27.472712568120873
27.387471440728277
27.302179430251336
27.2168411332771
27.131456866377956
27.04602188498204
26.960542020107415
26.87501464490301
26.789438813010577
26.70381841586017
26.618149060274728
26.532433420123276
26.446673536456572
26.36086333676387
26.27500894069791
26.1891091348768
26.103160727149998
26.017168637578347
25.931129872438653
25.845044512593525
25.75891580194559
25.672739235532124
25.58651800250362
25.50025375318377
25.41394055173574
25.327584534402185
25.241184445944
25.15473717664861
25.068247473783536
24.981712683613207
24.89513249374724
24.80851021397021
24.721841909670644
24.635129914239066
24.548376175964542
24.461575553143554
24.374732876911615
24.287848153655766
24.200917070537685
24.11394484797715
24.02692978704767
23.939869945679703
23.85276932091361
23.7656251387966
23.678437689555153
23.59120981630178
23.50393773732477
23.416623840143068
23.32926988165815
23.241871137937046
23.154431962246242
23.066952765804658
22.979428922648452
22.891865647317516
22.804261826000335
22.716614700008176
22.628928513281718
22.54120131943589
22.453432104918924
22.36562420435392
22.277774897913368
22.189884798452738
22.10195639085436
22.013986239281742
21.925976467662714
21.837928769017445
21.74983904724572
21.661710825390614
21.573545060798935
21.48533705117122
21.397091610070724
21.308808548073443
21.22048400588627
21.13212258552951
21.043723356625097
20.955283691478428
20.866807540781608
20.77829344651353
20.68973991308868
20.60115028982178
20.512522638916607
20.423856500699955
20.33515467141281
20.246414779715856
20.157637308923636
20.068824548869955
19.97997373927894
19.89108621678076
19.802163809840906
19.713203412239352
19.624207127480243
19.535176366082844
19.44610771727227
19.357003968192657
19.26786615323435
19.178690596865493
19.089480689820817
19.000237130585084
18.910956017087855
18.821641266766182
18.7322932808405
18.642907967353164
18.55348969669157
18.46403840192246
18.374550460180888
18.285030000280344
18.195476746901008
18.105887530952625
18.016266220991593
17.926612383442194
17.836923237664937
17.747202424812137
17.657449383975674
17.567661660679356
17.477842700004107
17.387991843131264
17.29810690246785
17.208191156850063
17.118243877482882
17.028263087354855
16.938251927393196
16.848209625288213
16.758134361256065
16.668029165175273
16.577893246224896
16.487724891413848
16.39752704496998
16.307298921123817
16.217038866128313
16.1267497625136
16.036430851698597
15.946080494485882
15.855701534231912
15.765293260271239
15.674854006083965
15.584386596963444
15.493890389495004
15.403363650752603
15.312809207679923
15.22222650207379
15.131613698271853
15.040973643203001
14.950305880477842
14.85960843808709
14.768884199917741
14.678132826656427
14.587352179020545
14.49654519348291
14.40571166174744
14.314849248979085
14.223960958537965
14.133046725783789
14.042103994659534
13.951135848407358
13.860142377395887
13.769120781250496
13.678074234800555
13.587002877188306
13.495903992131668
13.404780507510377
13.31363267955405
13.222458028568663
13.131259074107383
13.040036246327873
12.948787309406342
12.857514359631535
12.766218008706083
12.674896270758877
12.58355080628084
12.492182414931698
12.400789365696038
12.309372873097214
12.217933929979694
12.126471063927102
12.034985035649559
11.943477035238157
11.85194585148265
11.76039178571343
11.668816228187996
11.577218230392646
11.485597630948893
11.393956022078848
11.302292718361706
11.210607094575012
11.118900945603203
11.027173848442448
10.935424715041702
10.843655542567054
10.751866168706051
10.660055045699208
10.568224371558282
10.476374241909546
10.384502654464999
10.29261200561309
10.200702442964507
10.108772123488249
10.01682303187879
9.92485551853596
9.83286804881107
9.740862051275155
9.64883812575627
9.556795040028891
9.464733678152971
9.372654883688732
9.280557719946867
9.188442539950152
9.096310424360667
9.004160724235142
8.911993276846122
8.819809392417147
8.727608701081191
8.63539054141319
8.543156444771506
8.450906310840587
8.358638998266496
8.266356250254313
8.174058218413899
8.08174332371169
7.989413489260368
7.897068874423138
7.804708205390064
7.712332853393539
7.619943225817957
7.5275383419223925
7.435119045109257
7.342685978843309
7.250238442550649
7.15777677735561
7.0653018501086144
6.9728132267776495
6.8803107732129085
6.787795566225567
6.695267424004932
6.6027257655303355
6.510171863445274
6.417605773169255
6.325026496561905
6.232435487293328
6.139832900145244
6.047217717600451
5.954591192202597
5.861953601331294
5.769304188610181
5.6766437411458135
5.583972741642279
5.491290677857244
5.39859790526531
5.30589509505015
5.213181961539125
5.120458463502373
5.027725443192696
4.934982823413009
4.842230202224279
4.749468575000495
4.6566980544221686
4.563917914850826
4.47112928632274
4.378332325666481
4.285526401479361
4.192712379551523
4.099890543629738
4.007060468508128
3.9142226632454733
3.821377562851973
3.7285249282593025
3.6356649517517603
3.5427981996577094
3.4499245986005995
3.3570440648276114
3.2641572756456165
3.171264302565828
3.078364827260404
2.9854596173087358
2.892548830752389
2.7996320684870355
2.706710055653449
2.6137829876898158
2.5208506222127722
2.427913425817657
2.334971696239344
2.2420253260286076
2.1490745666882423
2.0561197965355524
1.963161021029116
1.870198320518373
1.7772321319419042
1.6842625514278793
1.591289532543387
1.4983135486665167
1.4053347585768081
1.3123530505967618
1.2193688953785724
1.12638245738461
1.033393724725115
0.9404030228223598
0.8474105617938361
0.7544164068038584
0.6614207834329157
0.5684239247508541
0.47542595015082867
0.38242703095003494
0.28942740036865955
0.1964272091412354
0.10342662003291288
